[
    {
        "subject": "http://dbpedia.org/resource/Adriana_Garroni",
        "predicate": "http://dbpedia.org/ontology/wikiPageWikiLink",
        "object": "http://dbpedia.org/resource/Calculus_of_variations"
    },
    {
        "subject": "http://dbpedia.org/resource/Adriana_Garroni",
        "predicate": "http://dbpedia.org/ontology/wikiPageWikiLink",
        "object": "http://dbpedia.org/resource/Applied_mathematics"
    },
    {
        "subject": "http://dbpedia.org/resource/Adriana_Garroni",
        "predicate": "http://dbpedia.org/ontology/wikiPageWikiLink",
        "object": "http://dbpedia.org/resource/Category:1954_births"
    },
    {
        "subject": "http://dbpedia.org/resource/Adriana_Garroni",
        "predicate": "http://dbpedia.org/ontology/wikiPageWikiLink",
        "object": "http://dbpedia.org/resource/Category:Living_people"
    },
    {
        "subject": "http://dbpedia.org/resource/Adriana_Garroni",
        "predicate": "http://dbpedia.org/ontology/wikiPageWikiLink",
        "object": "http://dbpedia.org/resource/Mathematics"
    },
    {
        "subject": "http://dbpedia.org/resource/Adriana_Garroni",
        "predicate": "http://dbpedia.org/ontology/wikiPageWikiLink",
        "object": "http://dbpedia.org/resource/Caccioppoli_Prize"
    },
    {
        "subject": "http://dbpedia.org/resource/Adriana_Garroni",
        "predicate": "http://dbpedia.org/ontology/wikiPageWikiLink",
        "object": "http://dbpedia.org/resource/Mathematician"
    },
    {
        "subject": "http://dbpedia.org/resource/Adriana_Garroni",
        "predicate": "http://dbpedia.org/ontology/wikiPageWikiLink",
        "object": "http://dbpedia.org/resource/Trieste"
    },
    {
        "subject": "http://dbpedia.org/resource/Adriana_Garroni",
        "predicate": "http://dbpedia.org/ontology/wikiPageWikiLink",
        "object": "http://dbpedia.org/resource/\u0393-convergence"
    },
    {
        "subject": "http://dbpedia.org/resource/Adriana_Garroni",
        "predicate": "http://dbpedia.org/ontology/wikiPageWikiLink",
        "object": "http://dbpedia.org/resource/European_Congress_of_Mathematics"
    },
    {
        "subject": "http://dbpedia.org/resource/Adriana_Garroni",
        "predicate": "http://dbpedia.org/ontology/wikiPageWikiLink",
        "object": "http://dbpedia.org/resource/European_Research_Council"
    },
    {
        "subject": "http://dbpedia.org/resource/Adriana_Garroni",
        "predicate": "http://dbpedia.org/ontology/wikiPageWikiLink",
        "object": "http://dbpedia.org/resource/Partial_differential_equation"
    },
    {
        "subject": "http://dbpedia.org/resource/Adriana_Garroni",
        "predicate": "http://dbpedia.org/ontology/wikiPageWikiLink",
        "object": "http://dbpedia.org/resource/Ennio_De_Giorgi"
    },
    {
        "subject": "http://dbpedia.org/resource/Adriana_Garroni",
        "predicate": "http://dbpedia.org/ontology/wikiPageWikiLink",
        "object": "http://dbpedia.org/resource/Accademia_dei_Lincei"
    },
    {
        "subject": "http://dbpedia.org/resource/Adriana_Garroni",
        "predicate": "http://dbpedia.org/ontology/wikiPageWikiLink",
        "object": "http://dbpedia.org/resource/Accademia_nazionale_delle_scienze"
    },
    {
        "subject": "http://dbpedia.org/resource/Adriana_Garroni",
        "predicate": "http://dbpedia.org/ontology/wikiPageWikiLink",
        "object": "http://dbpedia.org/resource/Category:European_Research_Council_grantees"
    },
    {
        "subject": "http://dbpedia.org/resource/Adriana_Garroni",
        "predicate": "http://dbpedia.org/ontology/wikiPageWikiLink",
        "object": "http://dbpedia.org/resource/Adriana_Garroni"
    },
    {
        "subject": "http://dbpedia.org/resource/Adriana_Garroni",
        "predicate": "http://dbpedia.org/ontology/wikiPageWikiLink",
        "object": "http://dbpedia.org/resource/Category:PDE_theorists"
    },
    {
        "subject": "http://dbpedia.org/resource/Adriana_Garroni",
        "predicate": "http://dbpedia.org/ontology/wikiPageWikiLink",
        "object": "http://dbpedia.org/resource/Category:21st-century_Italian_mathematicians"
    },
    {
        "subject": "http://dbpedia.org/resource/Adriana_Garroni",
        "predicate": "http://dbpedia.org/ontology/wikiPageWikiLink",
        "object": "http://dbpedia.org/resource/Scuola_Normale_Superiore_di_Pisa"
    },
    {
        "subject": "http://dbpedia.org/resource/Adriana_Garroni",
        "predicate": "http://dbpedia.org/ontology/wikiPageWikiLink",
        "object": "http://dbpedia.org/resource/Scuola_Internazionale_Superiore_di_Studi_Avanzati"
    },
    {
        "subject": "http://dbpedia.org/resource/Adriana_Garroni",
        "predicate": "http://dbpedia.org/ontology/wikiPageWikiLink",
        "object": "http://dbpedia.org/resource/Vicenza,_Italy"
    },
    {
        "subject": "http://dbpedia.org/resource/Adriana_Garroni",
        "predicate": "http://dbpedia.org/ontology/wikiPageWikiLink",
        "object": "http://dbpedia.org/resource/Persian_language"
    },
    {
        "subject": "http://dbpedia.org/resource/Adriana_Garroni",
        "predicate": "http://dbpedia.org/ontology/wikiPageWikiLink",
        "object": "http://dbpedia.org/resource/Ukrainian_language"
    },
    {
        "subject": "http://dbpedia.org/resource/Adriana_Garroni",
        "predicate": "http://dbpedia.org/ontology/wikiPageWikiLink",
        "object": "http://dbpedia.org/resource/Adriana_Johanna_Taylor"
    },
    {
        "subject": "http://dbpedia.org/resource/Adriana_Garroni",
        "predicate": "http://dbpedia.org/ontology/wikiPageWikiLink",
        "object": "http://dbpedia.org/resource/Adriana_Smits"
    },
    {
        "subject": "http://dbpedia.org/resource/Adriana_Garroni",
        "predicate": "http://dbpedia.org/ontology/wikiPageWikiLink",
        "object": "http://dbpedia.org/resource/Adriana_van_der_Plaats"
    },
    {
        "subject": "http://dbpedia.org/resource/Adriana_Garroni",
        "predicate": "http://dbpedia.org/ontology/wikiPageWikiLink",
        "object": "http://dbpedia.org/resource/Russian_language"
    },
    {
        "subject": "http://dbpedia.org/resource/Adriana_Garroni",
        "predicate": "http://dbpedia.org/ontology/wikiPageWikiLink",
        "object": "http://dbpedia.org/resource/Greek_language"
    },
    {
        "subject": "http://dbpedia.org/resource/Adriana_Garroni",
        "predicate": "http://dbpedia.org/ontology/wikiPageWikiLink",
        "object": "http://dbpedia.org/resource/The_Noose_(TV_series)"
    },
    {
        "subject": "http://dbpedia.org/resource/Adriana_Garroni",
        "predicate": "http://dbpedia.org/ontology/wikiPageWikiLink",
        "object": "http://dbpedia.org/resource/The_Sopranos"
    },
    {
        "subject": "http://dbpedia.org/resource/Adriana_Garroni",
        "predicate": "http://dbpedia.org/ontology/wikiPageWikiLink",
        "object": "http://dbpedia.org/resource/Arabic_language"
    },
    {
        "subject": "http://dbpedia.org/resource/Adriana_Garroni",
        "predicate": "http://dbpedia.org/ontology/wikiPageWikiLink",
        "object": "http://dbpedia.org/resource/Beverly_Hills,_90210_franchise"
    },
    {
        "subject": "http://dbpedia.org/resource/Adriana_Garroni",
        "predicate": "http://dbpedia.org/ontology/wikiPageWikiLink",
        "object": "http://dbpedia.org/resource/Bulgarian_language"
    },
    {
        "subject": "http://dbpedia.org/resource/Adriana_Garroni",
        "predicate": "http://dbpedia.org/ontology/wikiPageWikiLink",
        "object": "http://dbpedia.org/resource/B\u00e8to_Adriana"
    },
    {
        "subject": "http://dbpedia.org/resource/Adriana_Garroni",
        "predicate": "http://dbpedia.org/ontology/wikiPageWikiLink",
        "object": "http://dbpedia.org/resource/Category:Dutch_feminine_given_names"
    },
    {
        "subject": "http://dbpedia.org/resource/Adriana_Garroni",
        "predicate": "http://dbpedia.org/ontology/wikiPageWikiLink",
        "object": "http://dbpedia.org/resource/Category:Italian_feminine_given_names"
    },
    {
        "subject": "http://dbpedia.org/resource/Adriana_Garroni",
        "predicate": "http://dbpedia.org/ontology/wikiPageWikiLink",
        "object": "http://dbpedia.org/resource/Category:Portuguese_feminine_given_names"
    },
    {
        "subject": "http://dbpedia.org/resource/Adriana_Garroni",
        "predicate": "http://dbpedia.org/ontology/wikiPageWikiLink",
        "object": "http://dbpedia.org/resource/Category:Romanian_feminine_given_names"
    },
    {
        "subject": "http://dbpedia.org/resource/Adriana_Garroni",
        "predicate": "http://dbpedia.org/ontology/wikiPageWikiLink",
        "object": "http://dbpedia.org/resource/90210_(TV_series)"
    },
    {
        "subject": "http://dbpedia.org/resource/Adriana_Garroni",
        "predicate": "http://dbpedia.org/ontology/wikiPageWikiLink",
        "object": "http://dbpedia.org/resource/Adrian"
    },
    {
        "subject": "http://dbpedia.org/resource/Adriana_Garroni",
        "predicate": "http://dbpedia.org/ontology/wikiPageWikiLink",
        "object": "http://dbpedia.org/resource/Adriana_(footballer,_born_1968)"
    },
    {
        "subject": "http://dbpedia.org/resource/Adriana_Garroni",
        "predicate": "http://dbpedia.org/ontology/wikiPageWikiLink",
        "object": "http://dbpedia.org/resource/Adriana_(footballer,_born_1996)"
    },
    {
        "subject": "http://dbpedia.org/resource/Adriana_Garroni",
        "predicate": "http://dbpedia.org/ontology/wikiPageWikiLink",
        "object": "http://dbpedia.org/resource/Adriana_Abascal"
    },
    {
        "subject": "http://dbpedia.org/resource/Adriana_Garroni",
        "predicate": "http://dbpedia.org/ontology/wikiPageWikiLink",
        "object": "http://dbpedia.org/resource/Adriana_Abenia"
    },
    {
        "subject": "http://dbpedia.org/resource/Adriana_Garroni",
        "predicate": "http://dbpedia.org/ontology/wikiPageWikiLink",
        "object": "http://dbpedia.org/resource/Adriana_Achci\u0144ska"
    },
    {
        "subject": "http://dbpedia.org/resource/Adriana_Garroni",
        "predicate": "http://dbpedia.org/ontology/wikiPageWikiLink",
        "object": "http://dbpedia.org/resource/Adriana_Admiraal-Meijerink"
    },
    {
        "subject": "http://dbpedia.org/resource/Adriana_Garroni",
        "predicate": "http://dbpedia.org/ontology/wikiPageWikiLink",
        "object": "http://dbpedia.org/resource/Adriana_Aguirre"
    },
    {
        "subject": "http://dbpedia.org/resource/Adriana_Garroni",
        "predicate": "http://dbpedia.org/ontology/wikiPageWikiLink",
        "object": "http://dbpedia.org/resource/Adriana_Ailinc\u0103i"
    },
    {
        "subject": "http://dbpedia.org/resource/Adriana_Garroni",
        "predicate": "http://dbpedia.org/ontology/wikiPageWikiLink",
        "object": "http://dbpedia.org/resource/Adriana_Albini"
    },
    {
        "subject": "http://dbpedia.org/resource/Adriana_Garroni",
        "predicate": "http://dbpedia.org/ontology/wikiPageWikiLink",
        "object": "http://dbpedia.org/resource/Adriana_Altaras"
    },
    {
        "subject": "http://dbpedia.org/resource/Adriana_Garroni",
        "predicate": "http://dbpedia.org/ontology/wikiPageWikiLink",
        "object": "http://dbpedia.org/resource/Adriana_Alves"
    },
    {
        "subject": "http://dbpedia.org/resource/Adriana_Garroni",
        "predicate": "http://dbpedia.org/ontology/wikiPageWikiLink",
        "object": "http://dbpedia.org/resource/Adriana_Angeles"
    },
    {
        "subject": "http://dbpedia.org/resource/Adriana_Garroni",
        "predicate": "http://dbpedia.org/ontology/wikiPageWikiLink",
        "object": "http://dbpedia.org/resource/Adriana_Aparecida_Costa"
    },
    {
        "subject": "http://dbpedia.org/resource/Adriana_Garroni",
        "predicate": "http://dbpedia.org/ontology/wikiPageWikiLink",
        "object": "http://dbpedia.org/resource/Adriana_Aparecida_da_Silva"
    },
    {
        "subject": "http://dbpedia.org/resource/Adriana_Garroni",
        "predicate": "http://dbpedia.org/ontology/wikiPageWikiLink",
        "object": "http://dbpedia.org/resource/Adriana_Ara\u00fajo"
    },
    {
        "subject": "http://dbpedia.org/resource/Adriana_Garroni",
        "predicate": "http://dbpedia.org/ontology/wikiPageWikiLink",
        "object": "http://dbpedia.org/resource/Adriana_Arboleda"
    },
    {
        "subject": "http://dbpedia.org/resource/Adriana_Garroni",
        "predicate": "http://dbpedia.org/ontology/wikiPageWikiLink",
        "object": "http://dbpedia.org/resource/Adriana_Arydes"
    },
    {
        "subject": "http://dbpedia.org/resource/Adriana_Garroni",
        "predicate": "http://dbpedia.org/ontology/wikiPageWikiLink",
        "object": "http://dbpedia.org/resource/Adriana_Asti"
    },
    {
        "subject": "http://dbpedia.org/resource/Adriana_Garroni",
        "predicate": "http://dbpedia.org/ontology/wikiPageWikiLink",
        "object": "http://dbpedia.org/resource/Adriana_Barna"
    },
    {
        "subject": "http://dbpedia.org/resource/Adriana_Garroni",
        "predicate": "http://dbpedia.org/ontology/wikiPageWikiLink",
        "object": "http://dbpedia.org/resource/Adriana_Barraza"
    },
    {
        "subject": "http://dbpedia.org/resource/Adriana_Garroni",
        "predicate": "http://dbpedia.org/ontology/wikiPageWikiLink",
        "object": "http://dbpedia.org/resource/Adriana_Barrientos"
    },
    {
        "subject": "http://dbpedia.org/resource/Adriana_Garroni",
        "predicate": "http://dbpedia.org/ontology/wikiPageWikiLink",
        "object": "http://dbpedia.org/resource/Adriana_Barr\u00e9"
    },
    {
        "subject": "http://dbpedia.org/resource/Adriana_Garroni",
        "predicate": "http://dbpedia.org/ontology/wikiPageWikiLink",
        "object": "http://dbpedia.org/resource/Adriana_Basari\u0107"
    },
    {
        "subject": "http://dbpedia.org/resource/Adriana_Garroni",
        "predicate": "http://dbpedia.org/ontology/wikiPageWikiLink",
        "object": "http://dbpedia.org/resource/Adriana_Bazon"
    },
    {
        "subject": "http://dbpedia.org/resource/Adriana_Garroni",
        "predicate": "http://dbpedia.org/ontology/wikiPageWikiLink",
        "object": "http://dbpedia.org/resource/Adriana_Behar"
    },
    {
        "subject": "http://dbpedia.org/resource/Adriana_Garroni",
        "predicate": "http://dbpedia.org/ontology/wikiPageWikiLink",
        "object": "http://dbpedia.org/resource/Adriana_Benetti"
    },
    {
        "subject": "http://dbpedia.org/resource/Adriana_Garroni",
        "predicate": "http://dbpedia.org/ontology/wikiPageWikiLink",
        "object": "http://dbpedia.org/resource/Adriana_Benitez"
    },
    {
        "subject": "http://dbpedia.org/resource/Adriana_Garroni",
        "predicate": "http://dbpedia.org/ontology/wikiPageWikiLink",
        "object": "http://dbpedia.org/resource/Adriana_Betancur"
    },
    {
        "subject": "http://dbpedia.org/resource/Adriana_Garroni",
        "predicate": "http://dbpedia.org/ontology/wikiPageWikiLink",
        "object": "http://dbpedia.org/resource/Adriana_Biagiotti"
    },
    {
        "subject": "http://dbpedia.org/resource/Adriana_Garroni",
        "predicate": "http://dbpedia.org/ontology/wikiPageWikiLink",
        "object": "http://dbpedia.org/resource/Adriana_Birolli"
    },
    {
        "subject": "http://dbpedia.org/resource/Adriana_Garroni",
        "predicate": "http://dbpedia.org/ontology/wikiPageWikiLink",
        "object": "http://dbpedia.org/resource/Adriana_Bisi_Fabbri"
    },
    {
        "subject": "http://dbpedia.org/resource/Adriana_Garroni",
        "predicate": "http://dbpedia.org/ontology/wikiPageWikiLink",
        "object": "http://dbpedia.org/resource/Adriana_Bittel"
    },
    {
        "subject": "http://dbpedia.org/resource/Adriana_Garroni",
        "predicate": "http://dbpedia.org/ontology/wikiPageWikiLink",
        "object": "http://dbpedia.org/resource/Adriana_Bortolozzi"
    },
    {
        "subject": "http://dbpedia.org/resource/Adriana_Garroni",
        "predicate": "http://dbpedia.org/ontology/wikiPageWikiLink",
        "object": "http://dbpedia.org/resource/Adriana_Briscoe"
    },
    {
        "subject": "http://dbpedia.org/resource/Adriana_Garroni",
        "predicate": "http://dbpedia.org/ontology/wikiPageWikiLink",
        "object": "http://dbpedia.org/resource/Adriana_Brodsky"
    },
    {
        "subject": "http://dbpedia.org/resource/Adriana_Garroni",
        "predicate": "http://dbpedia.org/ontology/wikiPageWikiLink",
        "object": "http://dbpedia.org/resource/Adriana_Cabrera"
    },
    {
        "subject": "http://dbpedia.org/resource/Adriana_Garroni",
        "predicate": "http://dbpedia.org/ontology/wikiPageWikiLink",
        "object": "http://dbpedia.org/resource/Adriana_Calcanhotto"
    },
    {
        "subject": "http://dbpedia.org/resource/Adriana_Garroni",
        "predicate": "http://dbpedia.org/ontology/wikiPageWikiLink",
        "object": "http://dbpedia.org/resource/Adriana_Calder\u00f3n"
    },
    {
        "subject": "http://dbpedia.org/resource/Adriana_Garroni",
        "predicate": "http://dbpedia.org/ontology/wikiPageWikiLink",
        "object": "http://dbpedia.org/resource/Adriana_Calvo"
    },
    {
        "subject": "http://dbpedia.org/resource/Adriana_Garroni",
        "predicate": "http://dbpedia.org/ontology/wikiPageWikiLink",
        "object": "http://dbpedia.org/resource/Adriana_Camelli"
    },
    {
        "subject": "http://dbpedia.org/resource/Adriana_Garroni",
        "predicate": "http://dbpedia.org/ontology/wikiPageWikiLink",
        "object": "http://dbpedia.org/resource/Adriana_Campos"
    },
    {
        "subject": "http://dbpedia.org/resource/Adriana_Garroni",
        "predicate": "http://dbpedia.org/ontology/wikiPageWikiLink",
        "object": "http://dbpedia.org/resource/Adriana_Cancino"
    },
    {
        "subject": "http://dbpedia.org/resource/Adriana_Garroni",
        "predicate": "http://dbpedia.org/ontology/wikiPageWikiLink",
        "object": "http://dbpedia.org/resource/Adriana_Cardoso_de_Castro"
    },
    {
        "subject": "http://dbpedia.org/resource/Adriana_Garroni",
        "predicate": "http://dbpedia.org/ontology/wikiPageWikiLink",
        "object": "http://dbpedia.org/resource/Adriana_Carmona"
    },
    {
        "subject": "http://dbpedia.org/resource/Adriana_Garroni",
        "predicate": "http://dbpedia.org/ontology/wikiPageWikiLink",
        "object": "http://dbpedia.org/resource/Adriana_Caselotti"
    },
    {
        "subject": "http://dbpedia.org/resource/Adriana_Garroni",
        "predicate": "http://dbpedia.org/ontology/wikiPageWikiLink",
        "object": "http://dbpedia.org/resource/Adriana_Castel\u00e1n_Mac\u00edas"
    },
    {
        "subject": "http://dbpedia.org/resource/Adriana_Garroni",
        "predicate": "http://dbpedia.org/ontology/wikiPageWikiLink",
        "object": "http://dbpedia.org/resource/Adriana_Castillo"
    },
    {
        "subject": "http://dbpedia.org/resource/Adriana_Garroni",
        "predicate": "http://dbpedia.org/ontology/wikiPageWikiLink",
        "object": "http://dbpedia.org/resource/Adriana_Cavarero"
    },
    {
        "subject": "http://dbpedia.org/resource/Adriana_Garroni",
        "predicate": "http://dbpedia.org/ontology/wikiPageWikiLink",
        "object": "http://dbpedia.org/resource/Adriana_Cerezo"
    },
    {
        "subject": "http://dbpedia.org/resource/Adriana_Garroni",
        "predicate": "http://dbpedia.org/ontology/wikiPageWikiLink",
        "object": "http://dbpedia.org/resource/Adriana_Chamajov\u00e1"
    },
    {
        "subject": "http://dbpedia.org/resource/Adriana_Garroni",
        "predicate": "http://dbpedia.org/ontology/wikiPageWikiLink",
        "object": "http://dbpedia.org/resource/Adriana_Chechik"
    },
    {
        "subject": "http://dbpedia.org/resource/Adriana_Garroni",
        "predicate": "http://dbpedia.org/ontology/wikiPageWikiLink",
        "object": "http://dbpedia.org/resource/Adriana_Cisneros"
    },
    {
        "subject": "http://dbpedia.org/resource/Adriana_Garroni",
        "predicate": "http://dbpedia.org/ontology/wikiPageWikiLink",
        "object": "http://dbpedia.org/resource/Adriana_Comolli"
    },
    {
        "subject": "http://dbpedia.org/resource/Adriana_Garroni",
        "predicate": "http://dbpedia.org/ontology/wikiPageWikiLink",
        "object": "http://dbpedia.org/resource/Adriana_Corona"
    },
    {
        "subject": "http://dbpedia.org/resource/Adriana_Garroni",
        "predicate": "http://dbpedia.org/ontology/wikiPageWikiLink",
        "object": "http://dbpedia.org/resource/Adriana_Corral"
    },
    {
        "subject": "http://dbpedia.org/resource/Adriana_Garroni",
        "predicate": "http://dbpedia.org/ontology/wikiPageWikiLink",
        "object": "http://dbpedia.org/resource/Adriana_Cramer"
    },
    {
        "subject": "http://dbpedia.org/resource/Adriana_Garroni",
        "predicate": "http://dbpedia.org/ontology/wikiPageWikiLink",
        "object": "http://dbpedia.org/resource/Adriana_Crisci"
    },
    {
        "subject": "http://dbpedia.org/resource/Adriana_Garroni",
        "predicate": "http://dbpedia.org/ontology/wikiPageWikiLink",
        "object": "http://dbpedia.org/resource/Adriana_Cristina_Serquis"
    },
    {
        "subject": "http://dbpedia.org/resource/Adriana_Garroni",
        "predicate": "http://dbpedia.org/ontology/wikiPageWikiLink",
        "object": "http://dbpedia.org/resource/Adriana_Cr\u0103ciun"
    }
]