[
    {
        "subject": "http://dbpedia.org/resource/Alvany_Rocha",
        "predicate": "http://dbpedia.org/ontology/wikiPageWikiLink",
        "object": "http://dbpedia.org/resource/Carlos_Eduardo_Rocha"
    },
    {
        "subject": "http://dbpedia.org/resource/Alvany_Rocha",
        "predicate": "http://dbpedia.org/ontology/wikiPageWikiLink",
        "object": "http://dbpedia.org/resource/Roberto_Carlos_(footballer)"
    },
    {
        "subject": "http://dbpedia.org/resource/Alvany_Rocha",
        "predicate": "http://dbpedia.org/ontology/wikiPageWikiLink",
        "object": "http://dbpedia.org/resource/Alicia_de_Larrocha"
    },
    {
        "subject": "http://dbpedia.org/resource/Alvany_Rocha",
        "predicate": "http://dbpedia.org/ontology/wikiPageWikiLink",
        "object": "http://dbpedia.org/resource/John_Rocha"
    },
    {
        "subject": "http://dbpedia.org/resource/Alvany_Rocha",
        "predicate": "http://dbpedia.org/ontology/wikiPageWikiLink",
        "object": "http://dbpedia.org/resource/Vagner_Rocha"
    },
    {
        "subject": "http://dbpedia.org/resource/Alvany_Rocha",
        "predicate": "http://dbpedia.org/ontology/wikiPageWikiLink",
        "object": "http://dbpedia.org/resource/Paulo_Rocha_(disambiguation)"
    },
    {
        "subject": "http://dbpedia.org/resource/Alvany_Rocha",
        "predicate": "http://dbpedia.org/ontology/wikiPageWikiLink",
        "object": "http://dbpedia.org/resource/Coco_Rocha"
    },
    {
        "subject": "http://dbpedia.org/resource/Alvany_Rocha",
        "predicate": "http://dbpedia.org/ontology/wikiPageWikiLink",
        "object": "http://dbpedia.org/resource/Geraldo_Rocha_Pereira"
    },
    {
        "subject": "http://dbpedia.org/resource/Alvany_Rocha",
        "predicate": "http://dbpedia.org/ontology/wikiPageWikiLink",
        "object": "http://dbpedia.org/resource/Glauber_Rocha"
    },
    {
        "subject": "http://dbpedia.org/resource/Alvany_Rocha",
        "predicate": "http://dbpedia.org/ontology/wikiPageWikiLink",
        "object": "http://dbpedia.org/resource/Boulder"
    },
    {
        "subject": "http://dbpedia.org/resource/Alvany_Rocha",
        "predicate": "http://dbpedia.org/ontology/wikiPageWikiLink",
        "object": "http://dbpedia.org/resource/Ant\u00f4nio_Cavilhas_Rocha"
    },
    {
        "subject": "http://dbpedia.org/resource/Alvany_Rocha",
        "predicate": "http://dbpedia.org/ontology/wikiPageWikiLink",
        "object": "http://dbpedia.org/resource/Luis_M._Rocha"
    },
    {
        "subject": "http://dbpedia.org/resource/Alvany_Rocha",
        "predicate": "http://dbpedia.org/ontology/wikiPageWikiLink",
        "object": "http://dbpedia.org/resource/Simone_Rocha"
    },
    {
        "subject": "http://dbpedia.org/resource/Alvany_Rocha",
        "predicate": "http://dbpedia.org/ontology/wikiPageWikiLink",
        "object": "http://dbpedia.org/resource/Zack_de_la_Rocha"
    },
    {
        "subject": "http://dbpedia.org/resource/Alvany_Rocha",
        "predicate": "http://dbpedia.org/ontology/wikiPageWikiLink",
        "object": "http://dbpedia.org/resource/Dardo_Rocha"
    },
    {
        "subject": "http://dbpedia.org/resource/Alvany_Rocha",
        "predicate": "http://dbpedia.org/ontology/wikiPageWikiLink",
        "object": "http://dbpedia.org/resource/Alvany_Rocha"
    },
    {
        "subject": "http://dbpedia.org/resource/Alvany_Rocha",
        "predicate": "http://dbpedia.org/ontology/wikiPageWikiLink",
        "object": "http://dbpedia.org/resource/Chuck_Rocha"
    },
    {
        "subject": "http://dbpedia.org/resource/Alvany_Rocha",
        "predicate": "http://dbpedia.org/ontology/wikiPageWikiLink",
        "object": "http://dbpedia.org/resource/Category:Portuguese-language_surnames"
    },
    {
        "subject": "http://dbpedia.org/resource/Alvany_Rocha",
        "predicate": "http://dbpedia.org/ontology/wikiPageWikiLink",
        "object": "http://dbpedia.org/resource/Kali_Rocha"
    },
    {
        "subject": "http://dbpedia.org/resource/Alvany_Rocha",
        "predicate": "http://dbpedia.org/ontology/wikiPageWikiLink",
        "object": "http://dbpedia.org/resource/Diogo_Rocha_(tennis)"
    },
    {
        "subject": "http://dbpedia.org/resource/Alvany_Rocha",
        "predicate": "http://dbpedia.org/ontology/wikiPageWikiLink",
        "object": "http://dbpedia.org/resource/Martha_Rocha"
    },
    {
        "subject": "http://dbpedia.org/resource/Alvany_Rocha",
        "predicate": "http://dbpedia.org/ontology/wikiPageWikiLink",
        "object": "http://dbpedia.org/resource/Portugal"
    },
    {
        "subject": "http://dbpedia.org/resource/Alvany_Rocha",
        "predicate": "http://dbpedia.org/ontology/wikiPageWikiLink",
        "object": "http://dbpedia.org/resource/Portuguese_language"
    },
    {
        "subject": "http://dbpedia.org/resource/Alvany_Rocha",
        "predicate": "http://dbpedia.org/ontology/wikiPageWikiLink",
        "object": "http://dbpedia.org/resource/Spanish_and_Portuguese_Jews"
    },
    {
        "subject": "http://dbpedia.org/resource/Alvany_Rocha",
        "predicate": "http://dbpedia.org/ontology/wikiPageWikiLink",
        "object": "http://dbpedia.org/resource/Rage_Against_the_Machine"
    },
    {
        "subject": "http://dbpedia.org/resource/Alvany_Rocha",
        "predicate": "http://dbpedia.org/ontology/wikiPageWikiLink",
        "object": "http://dbpedia.org/resource/Red_Rocha"
    },
    {
        "subject": "http://dbpedia.org/resource/Alvany_Rocha",
        "predicate": "http://dbpedia.org/ontology/wikiPageWikiLink",
        "object": "http://dbpedia.org/resource/Sephardi_Jews"
    },
    {
        "subject": "http://dbpedia.org/resource/Alvany_Rocha",
        "predicate": "http://dbpedia.org/ontology/wikiPageWikiLink",
        "object": "http://dbpedia.org/resource/Rock_(geology)"
    },
    {
        "subject": "http://dbpedia.org/resource/Alvany_Rocha",
        "predicate": "http://dbpedia.org/ontology/wikiPageWikiLink",
        "object": "http://dbpedia.org/resource/Juan_Ramon_Rocha"
    },
    {
        "subject": "http://dbpedia.org/resource/Alvany_Rocha",
        "predicate": "http://dbpedia.org/ontology/wikiPageWikiLink",
        "object": "http://dbpedia.org/resource/Toponymic_surname"
    },
    {
        "subject": "http://dbpedia.org/resource/Alvany_Rocha",
        "predicate": "http://dbpedia.org/ontology/wikiPageWikiLink",
        "object": "http://dbpedia.org/resource/Evaristo_Rocha"
    },
    {
        "subject": "http://dbpedia.org/resource/Alvany_Rocha",
        "predicate": "http://dbpedia.org/ontology/wikiPageWikiLink",
        "object": "http://dbpedia.org/resource/Ricardo_Rocha_(disambiguation)"
    },
    {
        "subject": "http://dbpedia.org/resource/Alvany_Rocha",
        "predicate": "http://dbpedia.org/ontology/wikiPageWikiLink",
        "object": "http://dbpedia.org/resource/Category:Physics_conferences"
    },
    {
        "subject": "http://dbpedia.org/resource/Alvany_Rocha",
        "predicate": "http://dbpedia.org/ontology/wikiPageWikiLink",
        "object": "http://dbpedia.org/resource/C.N._Yang"
    },
    {
        "subject": "http://dbpedia.org/resource/Alvany_Rocha",
        "predicate": "http://dbpedia.org/ontology/wikiPageWikiLink",
        "object": "http://dbpedia.org/resource/University_of_California,_Davis"
    },
    {
        "subject": "http://dbpedia.org/resource/Alvany_Rocha",
        "predicate": "http://dbpedia.org/ontology/wikiPageWikiLink",
        "object": "http://dbpedia.org/resource/Como"
    },
    {
        "subject": "http://dbpedia.org/resource/Alvany_Rocha",
        "predicate": "http://dbpedia.org/ontology/wikiPageWikiLink",
        "object": "http://dbpedia.org/resource/Salamanca"
    },
    {
        "subject": "http://dbpedia.org/resource/Alvany_Rocha",
        "predicate": "http://dbpedia.org/ontology/wikiPageWikiLink",
        "object": "http://dbpedia.org/resource/Clausthal-Zellerfeld"
    },
    {
        "subject": "http://dbpedia.org/resource/Alvany_Rocha",
        "predicate": "http://dbpedia.org/ontology/wikiPageWikiLink",
        "object": "http://dbpedia.org/resource/Germany"
    },
    {
        "subject": "http://dbpedia.org/resource/Alvany_Rocha",
        "predicate": "http://dbpedia.org/ontology/wikiPageWikiLink",
        "object": "http://dbpedia.org/resource/Congress"
    },
    {
        "subject": "http://dbpedia.org/resource/Alvany_Rocha",
        "predicate": "http://dbpedia.org/ontology/wikiPageWikiLink",
        "object": "http://dbpedia.org/resource/Shumen"
    },
    {
        "subject": "http://dbpedia.org/resource/Alvany_Rocha",
        "predicate": "http://dbpedia.org/ontology/wikiPageWikiLink",
        "object": "http://dbpedia.org/resource/Theoretical_physics"
    },
    {
        "subject": "http://dbpedia.org/resource/Alvany_Rocha",
        "predicate": "http://dbpedia.org/ontology/wikiPageWikiLink",
        "object": "http://dbpedia.org/resource/Bulgaria"
    },
    {
        "subject": "http://dbpedia.org/resource/Alvany_Rocha",
        "predicate": "http://dbpedia.org/ontology/wikiPageWikiLink",
        "object": "http://dbpedia.org/resource/Tianjin"
    },
    {
        "subject": "http://dbpedia.org/resource/Alvany_Rocha",
        "predicate": "http://dbpedia.org/ontology/wikiPageWikiLink",
        "object": "http://dbpedia.org/resource/Werner_Nahm"
    },
    {
        "subject": "http://dbpedia.org/resource/Alvany_Rocha",
        "predicate": "http://dbpedia.org/ontology/wikiPageWikiLink",
        "object": "http://dbpedia.org/resource/Alvany_Rocha"
    },
    {
        "subject": "http://dbpedia.org/resource/Alvany_Rocha",
        "predicate": "http://dbpedia.org/ontology/wikiPageWikiLink",
        "object": "http://dbpedia.org/resource/Italy"
    },
    {
        "subject": "http://dbpedia.org/resource/Alvany_Rocha",
        "predicate": "http://dbpedia.org/ontology/wikiPageWikiLink",
        "object": "http://dbpedia.org/resource/China"
    },
    {
        "subject": "http://dbpedia.org/resource/Alvany_Rocha",
        "predicate": "http://dbpedia.org/ontology/wikiPageWikiLink",
        "object": "http://dbpedia.org/resource/Category:Mathematics_conferences"
    },
    {
        "subject": "http://dbpedia.org/resource/Alvany_Rocha",
        "predicate": "http://dbpedia.org/ontology/wikiPageWikiLink",
        "object": "http://dbpedia.org/resource/Differential_geometry"
    },
    {
        "subject": "http://dbpedia.org/resource/Alvany_Rocha",
        "predicate": "http://dbpedia.org/ontology/wikiPageWikiLink",
        "object": "http://dbpedia.org/resource/Spain"
    },
    {
        "subject": "http://dbpedia.org/resource/Alvany_Rocha",
        "predicate": "http://dbpedia.org/ontology/wikiPageWikiLink",
        "object": "http://dbpedia.org/resource/Rapallo"
    },
    {
        "subject": "http://dbpedia.org/resource/Alvany_Rocha",
        "predicate": "http://dbpedia.org/ontology/wikiPageWikiLink",
        "object": "http://dbpedia.org/resource/K._Bleuler"
    },
    {
        "subject": "http://dbpedia.org/resource/Alvany_Rocha",
        "predicate": "http://dbpedia.org/ontology/wikiPageWikiLink",
        "object": "http://dbpedia.org/resource/A._P\u00e9rez-Rend\u00f3n"
    },
    {
        "subject": "http://dbpedia.org/resource/Alvany_Rocha",
        "predicate": "http://dbpedia.org/ontology/wikiPageWikiLink",
        "object": "http://dbpedia.org/resource/Allan_I._Solomon"
    },
    {
        "subject": "http://dbpedia.org/resource/Alvany_Rocha",
        "predicate": "http://dbpedia.org/ontology/wikiPageWikiLink",
        "object": "http://dbpedia.org/resource/Claudio_Bartocci"
    },
    {
        "subject": "http://dbpedia.org/resource/Alvany_Rocha",
        "predicate": "http://dbpedia.org/ontology/wikiPageWikiLink",
        "object": "http://dbpedia.org/resource/G._Denardo"
    },
    {
        "subject": "http://dbpedia.org/resource/Alvany_Rocha",
        "predicate": "http://dbpedia.org/ontology/wikiPageWikiLink",
        "object": "http://dbpedia.org/resource/H.D._Doebner"
    },
    {
        "subject": "http://dbpedia.org/resource/Alvany_Rocha",
        "predicate": "http://dbpedia.org/ontology/wikiPageWikiLink",
        "object": "http://dbpedia.org/resource/H._D._Doebner"
    },
    {
        "subject": "http://dbpedia.org/resource/Alvany_Rocha",
        "predicate": "http://dbpedia.org/ontology/wikiPageWikiLink",
        "object": "http://dbpedia.org/resource/Hsing-wei_Chou"
    },
    {
        "subject": "http://dbpedia.org/resource/Alvany_Rocha",
        "predicate": "http://dbpedia.org/ontology/wikiPageWikiLink",
        "object": "http://dbpedia.org/resource/J.D._Hennig"
    },
    {
        "subject": "http://dbpedia.org/resource/Alvany_Rocha",
        "predicate": "http://dbpedia.org/ontology/wikiPageWikiLink",
        "object": "http://dbpedia.org/resource/J._Keller"
    },
    {
        "subject": "http://dbpedia.org/resource/Alvany_Rocha",
        "predicate": "http://dbpedia.org/ontology/wikiPageWikiLink",
        "object": "http://dbpedia.org/resource/Ling-Lie_Chau"
    },
    {
        "subject": "http://dbpedia.org/resource/Alvany_Rocha",
        "predicate": "http://dbpedia.org/ontology/wikiPageWikiLink",
        "object": "http://dbpedia.org/resource/M.L._Ge"
    },
    {
        "subject": "http://dbpedia.org/resource/Alvany_Rocha",
        "predicate": "http://dbpedia.org/ontology/wikiPageWikiLink",
        "object": "http://dbpedia.org/resource/M._Werner"
    },
    {
        "subject": "http://dbpedia.org/resource/Alvany_Rocha",
        "predicate": "http://dbpedia.org/ontology/wikiPageWikiLink",
        "object": "http://dbpedia.org/resource/Mo-Lin_Ge"
    },
    {
        "subject": "http://dbpedia.org/resource/Alvany_Rocha",
        "predicate": "http://dbpedia.org/ontology/wikiPageWikiLink",
        "object": "http://dbpedia.org/resource/Pedro_Luis_Garc\u00eda_P\u00e9rez"
    },
    {
        "subject": "http://dbpedia.org/resource/Alvany_Rocha",
        "predicate": "http://dbpedia.org/ontology/wikiPageWikiLink",
        "object": "http://dbpedia.org/resource/Roberto_Cianci"
    },
    {
        "subject": "http://dbpedia.org/resource/Alvany_Rocha",
        "predicate": "http://dbpedia.org/ontology/wikiPageWikiLink",
        "object": "http://dbpedia.org/resource/T.D._Palev"
    },
    {
        "subject": "http://dbpedia.org/resource/Alvany_Rocha",
        "predicate": "http://dbpedia.org/ontology/wikiPageWikiLink",
        "object": "http://dbpedia.org/resource/Ugo_Bruzzo"
    },
    {
        "subject": "http://dbpedia.org/resource/Alvany_Rocha",
        "predicate": "http://dbpedia.org/ontology/wikiPageWikiLink",
        "object": "http://dbpedia.org/resource/Weiping_Zhang"
    },
    {
        "subject": "http://dbpedia.org/resource/Alvany_Rocha",
        "predicate": "http://dbpedia.org/ontology/wikiPageWikiLink",
        "object": "http://dbpedia.org/resource/X.W._Zhou"
    },
    {
        "subject": "http://dbpedia.org/resource/Alvany_Rocha",
        "predicate": "http://dbpedia.org/ontology/wikiPageWikiLink",
        "object": "http://dbpedia.org/resource/Zbigniew_Oziewicz"
    },
    {
        "subject": "http://dbpedia.org/resource/Alvany_Rocha",
        "predicate": "http://dbpedia.org/ontology/wikiPageWikiLink",
        "object": "http://dbpedia.org/resource/Sultan_Catto"
    },
    {
        "subject": "http://dbpedia.org/resource/Alvany_Rocha",
        "predicate": "http://dbpedia.org/ontology/wikiPageWikiLink",
        "object": "http://dbpedia.org/resource/Cabiria_Andreian_Cazacu"
    },
    {
        "subject": "http://dbpedia.org/resource/Alvany_Rocha",
        "predicate": "http://dbpedia.org/ontology/wikiPageWikiLink",
        "object": "http://dbpedia.org/resource/Camille_McKayle"
    },
    {
        "subject": "http://dbpedia.org/resource/Alvany_Rocha",
        "predicate": "http://dbpedia.org/ontology/wikiPageWikiLink",
        "object": "http://dbpedia.org/resource/Carina_Curto"
    },
    {
        "subject": "http://dbpedia.org/resource/Alvany_Rocha",
        "predicate": "http://dbpedia.org/ontology/wikiPageWikiLink",
        "object": "http://dbpedia.org/resource/Carol_Jane_Anger_Rieke"
    },
    {
        "subject": "http://dbpedia.org/resource/Alvany_Rocha",
        "predicate": "http://dbpedia.org/ontology/wikiPageWikiLink",
        "object": "http://dbpedia.org/resource/Carol_Wood"
    },
    {
        "subject": "http://dbpedia.org/resource/Alvany_Rocha",
        "predicate": "http://dbpedia.org/ontology/wikiPageWikiLink",
        "object": "http://dbpedia.org/resource/Carola-Bibiane_Sch\u00f6nlieb"
    },
    {
        "subject": "http://dbpedia.org/resource/Alvany_Rocha",
        "predicate": "http://dbpedia.org/ontology/wikiPageWikiLink",
        "object": "http://dbpedia.org/resource/Carole_Lacampagne"
    },
    {
        "subject": "http://dbpedia.org/resource/Alvany_Rocha",
        "predicate": "http://dbpedia.org/ontology/wikiPageWikiLink",
        "object": "http://dbpedia.org/resource/Carolina_Araujo_(mathematician)"
    },
    {
        "subject": "http://dbpedia.org/resource/Alvany_Rocha",
        "predicate": "http://dbpedia.org/ontology/wikiPageWikiLink",
        "object": "http://dbpedia.org/resource/Caroline_Series"
    },
    {
        "subject": "http://dbpedia.org/resource/Alvany_Rocha",
        "predicate": "http://dbpedia.org/ontology/wikiPageWikiLink",
        "object": "http://dbpedia.org/resource/Carolyn_A._Maher"
    },
    {
        "subject": "http://dbpedia.org/resource/Alvany_Rocha",
        "predicate": "http://dbpedia.org/ontology/wikiPageWikiLink",
        "object": "http://dbpedia.org/resource/Carolyn_Eisele"
    },
    {
        "subject": "http://dbpedia.org/resource/Alvany_Rocha",
        "predicate": "http://dbpedia.org/ontology/wikiPageWikiLink",
        "object": "http://dbpedia.org/resource/Carolyn_S._Gordon"
    },
    {
        "subject": "http://dbpedia.org/resource/Alvany_Rocha",
        "predicate": "http://dbpedia.org/ontology/wikiPageWikiLink",
        "object": "http://dbpedia.org/resource/Caryn_Navy"
    },
    {
        "subject": "http://dbpedia.org/resource/Alvany_Rocha",
        "predicate": "http://dbpedia.org/ontology/wikiPageWikiLink",
        "object": "http://dbpedia.org/resource/Ami_Radunskaya"
    },
    {
        "subject": "http://dbpedia.org/resource/Alvany_Rocha",
        "predicate": "http://dbpedia.org/ontology/wikiPageWikiLink",
        "object": "http://dbpedia.org/resource/Amy_C._King"
    },
    {
        "subject": "http://dbpedia.org/resource/Alvany_Rocha",
        "predicate": "http://dbpedia.org/ontology/wikiPageWikiLink",
        "object": "http://dbpedia.org/resource/Amy_Cohen-Corwin"
    },
    {
        "subject": "http://dbpedia.org/resource/Alvany_Rocha",
        "predicate": "http://dbpedia.org/ontology/wikiPageWikiLink",
        "object": "http://dbpedia.org/resource/Amy_Dahan"
    },
    {
        "subject": "http://dbpedia.org/resource/Alvany_Rocha",
        "predicate": "http://dbpedia.org/ontology/wikiPageWikiLink",
        "object": "http://dbpedia.org/resource/Beatrice_Meini"
    },
    {
        "subject": "http://dbpedia.org/resource/Alvany_Rocha",
        "predicate": "http://dbpedia.org/ontology/wikiPageWikiLink",
        "object": "http://dbpedia.org/resource/Beatrice_Pelloni"
    },
    {
        "subject": "http://dbpedia.org/resource/Alvany_Rocha",
        "predicate": "http://dbpedia.org/ontology/wikiPageWikiLink",
        "object": "http://dbpedia.org/resource/Beatrice_Rivi\u00e8re"
    },
    {
        "subject": "http://dbpedia.org/resource/Alvany_Rocha",
        "predicate": "http://dbpedia.org/ontology/wikiPageWikiLink",
        "object": "http://dbpedia.org/resource/Bego\u00f1a_Fern\u00e1ndez_(mathematician)"
    },
    {
        "subject": "http://dbpedia.org/resource/Alvany_Rocha",
        "predicate": "http://dbpedia.org/ontology/wikiPageWikiLink",
        "object": "http://dbpedia.org/resource/Priyanshi_Somani"
    },
    {
        "subject": "http://dbpedia.org/resource/Alvany_Rocha",
        "predicate": "http://dbpedia.org/ontology/wikiPageWikiLink",
        "object": "http://dbpedia.org/resource/Rosa_M._Morris"
    },
    {
        "subject": "http://dbpedia.org/resource/Alvany_Rocha",
        "predicate": "http://dbpedia.org/ontology/wikiPageWikiLink",
        "object": "http://dbpedia.org/resource/Rosalind_Tanner"
    },
    {
        "subject": "http://dbpedia.org/resource/Alvany_Rocha",
        "predicate": "http://dbpedia.org/ontology/wikiPageWikiLink",
        "object": "http://dbpedia.org/resource/Rose_Peltesohn"
    },
    {
        "subject": "http://dbpedia.org/resource/Alvany_Rocha",
        "predicate": "http://dbpedia.org/ontology/wikiPageWikiLink",
        "object": "http://dbpedia.org/resource/Rose_Whelan_Sedgewick"
    }
]