[
    {
        "subject": "http://dbpedia.org/resource/Amel_Ben_Abda",
        "predicate": "http://dbpedia.org/ontology/wikiPageWikiLink",
        "object": "http://dbpedia.org/resource/Amel_Ben_Abda"
    },
    {
        "subject": "http://dbpedia.org/resource/Amel_Ben_Abda",
        "predicate": "http://dbpedia.org/ontology/wikiPageWikiLink",
        "object": "http://dbpedia.org/resource/Tunisian_National_Road_Championships"
    },
    {
        "subject": "http://dbpedia.org/resource/Amel_Ben_Abda",
        "predicate": "http://dbpedia.org/ontology/wikiPageDisambiguates",
        "object": "http://dbpedia.org/resource/Amel_Ben_Abda"
    },
    {
        "subject": "http://dbpedia.org/resource/Amel_Ben_Abda",
        "predicate": "http://xmlns.com/foaf/0.1/primaryTopic",
        "object": "http://dbpedia.org/resource/Amel_Ben_Abda"
    },
    {
        "subject": "http://dbpedia.org/resource/Amel_Ben_Abda",
        "predicate": "http://dbpedia.org/ontology/wikiPageWikiLink",
        "object": "http://dbpedia.org/resource/Ben_Abda"
    },
    {
        "subject": "http://dbpedia.org/resource/Amel_Ben_Abda",
        "predicate": "http://dbpedia.org/ontology/wikiPageDisambiguates",
        "object": "http://dbpedia.org/resource/Ben_Abda"
    }
]