[
    {
        "subject": "http://dbpedia.org/resource/Aparna_Higgins",
        "predicate": "http://dbpedia.org/ontology/wikiPageWikiLink",
        "object": "http://dbpedia.org/resource/Calgary_Stampeders"
    },
    {
        "subject": "http://dbpedia.org/resource/Aparna_Higgins",
        "predicate": "http://dbpedia.org/ontology/wikiPageWikiLink",
        "object": "http://dbpedia.org/resource/California"
    },
    {
        "subject": "http://dbpedia.org/resource/Aparna_Higgins",
        "predicate": "http://dbpedia.org/ontology/wikiPageWikiLink",
        "object": "http://dbpedia.org/resource/California_Collegiate_League"
    },
    {
        "subject": "http://dbpedia.org/resource/Aparna_Higgins",
        "predicate": "http://dbpedia.org/ontology/wikiPageWikiLink",
        "object": "http://dbpedia.org/resource/Campanile"
    },
    {
        "subject": "http://dbpedia.org/resource/Aparna_Higgins",
        "predicate": "http://dbpedia.org/ontology/wikiPageWikiLink",
        "object": "http://dbpedia.org/resource/Canadian_Football_League"
    },
    {
        "subject": "http://dbpedia.org/resource/Aparna_Higgins",
        "predicate": "http://dbpedia.org/ontology/wikiPageWikiLink",
        "object": "http://dbpedia.org/resource/Carly_Schroeder"
    },
    {
        "subject": "http://dbpedia.org/resource/Aparna_Higgins",
        "predicate": "http://dbpedia.org/ontology/wikiPageWikiLink",
        "object": "http://dbpedia.org/resource/Carnegie_Hall"
    },
    {
        "subject": "http://dbpedia.org/resource/Aparna_Higgins",
        "predicate": "http://dbpedia.org/ontology/wikiPageWikiLink",
        "object": "http://dbpedia.org/resource/Carol_Heyer"
    },
    {
        "subject": "http://dbpedia.org/resource/Aparna_Higgins",
        "predicate": "http://dbpedia.org/ontology/wikiPageWikiLink",
        "object": "http://dbpedia.org/resource/American_Baseball_Coaches_Association"
    },
    {
        "subject": "http://dbpedia.org/resource/Aparna_Higgins",
        "predicate": "http://dbpedia.org/ontology/wikiPageWikiLink",
        "object": "http://dbpedia.org/resource/American_football_in_the_United_Kingdom"
    },
    {
        "subject": "http://dbpedia.org/resource/Aparna_Higgins",
        "predicate": "http://dbpedia.org/ontology/wikiPageWikiLink",
        "object": "http://dbpedia.org/resource/Ben_McEnroe"
    },
    {
        "subject": "http://dbpedia.org/resource/Aparna_Higgins",
        "predicate": "http://dbpedia.org/ontology/wikiPageWikiLink",
        "object": "http://dbpedia.org/resource/Potomac_River"
    },
    {
        "subject": "http://dbpedia.org/resource/Aparna_Higgins",
        "predicate": "http://dbpedia.org/ontology/wikiPageWikiLink",
        "object": "http://dbpedia.org/resource/Professional_Golfers'_Association_of_America"
    },
    {
        "subject": "http://dbpedia.org/resource/Aparna_Higgins",
        "predicate": "http://dbpedia.org/ontology/wikiPageWikiLink",
        "object": "http://dbpedia.org/resource/QS_World_University_Rankings"
    },
    {
        "subject": "http://dbpedia.org/resource/Aparna_Higgins",
        "predicate": "http://dbpedia.org/ontology/wikiPageWikiLink",
        "object": "http://dbpedia.org/resource/Rod_Marinelli"
    },
    {
        "subject": "http://dbpedia.org/resource/Aparna_Higgins",
        "predicate": "http://dbpedia.org/ontology/wikiPageWikiLink",
        "object": "http://dbpedia.org/resource/Roger_Staubach"
    },
    {
        "subject": "http://dbpedia.org/resource/Aparna_Higgins",
        "predicate": "http://dbpedia.org/ontology/wikiPageWikiLink",
        "object": "http://dbpedia.org/resource/Roger_Williams"
    },
    {
        "subject": "http://dbpedia.org/resource/Aparna_Higgins",
        "predicate": "http://dbpedia.org/ontology/wikiPageWikiLink",
        "object": "http://dbpedia.org/resource/Roland_Dille"
    },
    {
        "subject": "http://dbpedia.org/resource/Aparna_Higgins",
        "predicate": "http://dbpedia.org/ontology/wikiPageWikiLink",
        "object": "http://dbpedia.org/resource/Ron_Stillwell"
    },
    {
        "subject": "http://dbpedia.org/resource/Aparna_Higgins",
        "predicate": "http://dbpedia.org/ontology/wikiPageWikiLink",
        "object": "http://dbpedia.org/resource/Ronald_Reagan"
    },
    {
        "subject": "http://dbpedia.org/resource/Aparna_Higgins",
        "predicate": "http://dbpedia.org/ontology/wikiPageWikiLink",
        "object": "http://dbpedia.org/resource/Sami_people"
    },
    {
        "subject": "http://dbpedia.org/resource/Aparna_Higgins",
        "predicate": "http://dbpedia.org/ontology/wikiPageWikiLink",
        "object": "http://dbpedia.org/resource/San_Bernardino_Mountains"
    },
    {
        "subject": "http://dbpedia.org/resource/Aparna_Higgins",
        "predicate": "http://dbpedia.org/ontology/wikiPageWikiLink",
        "object": "http://dbpedia.org/resource/San_Diego_Chargers"
    },
    {
        "subject": "http://dbpedia.org/resource/Aparna_Higgins",
        "predicate": "http://dbpedia.org/ontology/wikiPageWikiLink",
        "object": "http://dbpedia.org/resource/San_Diego_Toreros_baseball"
    },
    {
        "subject": "http://dbpedia.org/resource/Aparna_Higgins",
        "predicate": "http://dbpedia.org/ontology/wikiPageWikiLink",
        "object": "http://dbpedia.org/resource/San_Francisco_49ers"
    },
    {
        "subject": "http://dbpedia.org/resource/Aparna_Higgins",
        "predicate": "http://dbpedia.org/ontology/wikiPageWikiLink",
        "object": "http://dbpedia.org/resource/San_Francisco_Bay_Area"
    },
    {
        "subject": "http://dbpedia.org/resource/Aparna_Higgins",
        "predicate": "http://dbpedia.org/ontology/wikiPageWikiLink",
        "object": "http://dbpedia.org/resource/San_Jose,_Costa_Rica"
    },
    {
        "subject": "http://dbpedia.org/resource/Aparna_Higgins",
        "predicate": "http://dbpedia.org/ontology/wikiPageWikiLink",
        "object": "http://dbpedia.org/resource/San_Luis_Obispo,_California"
    },
    {
        "subject": "http://dbpedia.org/resource/Aparna_Higgins",
        "predicate": "http://dbpedia.org/ontology/wikiPageWikiLink",
        "object": "http://dbpedia.org/resource/Santa_Barbara,_California"
    },
    {
        "subject": "http://dbpedia.org/resource/Aparna_Higgins",
        "predicate": "http://dbpedia.org/ontology/wikiPageWikiLink",
        "object": "http://dbpedia.org/resource/Santa_Barbara_County,_California"
    },
    {
        "subject": "http://dbpedia.org/resource/Aparna_Higgins",
        "predicate": "http://dbpedia.org/ontology/wikiPageWikiLink",
        "object": "http://dbpedia.org/resource/Santa_Maria,_California"
    },
    {
        "subject": "http://dbpedia.org/resource/Aparna_Higgins",
        "predicate": "http://dbpedia.org/ontology/wikiPageWikiLink",
        "object": "http://dbpedia.org/resource/Santa_Rosa,_California"
    },
    {
        "subject": "http://dbpedia.org/resource/Aparna_Higgins",
        "predicate": "http://dbpedia.org/ontology/wikiPageWikiLink",
        "object": "http://dbpedia.org/resource/Scandinavia"
    },
    {
        "subject": "http://dbpedia.org/resource/Aparna_Higgins",
        "predicate": "http://dbpedia.org/ontology/wikiPageWikiLink",
        "object": "http://dbpedia.org/resource/Michael_Pearce_(artist)"
    },
    {
        "subject": "http://dbpedia.org/resource/Aparna_Higgins",
        "predicate": "http://dbpedia.org/ontology/wikiPageWikiLink",
        "object": "http://dbpedia.org/resource/Mountain_lion"
    },
    {
        "subject": "http://dbpedia.org/resource/Aparna_Higgins",
        "predicate": "http://dbpedia.org/ontology/wikiPageWikiLink",
        "object": "http://dbpedia.org/resource/Non-commercial_educational"
    },
    {
        "subject": "http://dbpedia.org/resource/Aparna_Higgins",
        "predicate": "http://dbpedia.org/ontology/wikiPageWikiLink",
        "object": "http://dbpedia.org/resource/Methodists"
    },
    {
        "subject": "http://dbpedia.org/resource/Aparna_Higgins",
        "predicate": "http://dbpedia.org/ontology/wikiPageWikiLink",
        "object": "http://dbpedia.org/resource/Washington_Monthly"
    },
    {
        "subject": "http://dbpedia.org/resource/Aparna_Higgins",
        "predicate": "http://dbpedia.org/ontology/wikiPageWikiLink",
        "object": "http://dbpedia.org/resource/Mountclef_Ridge"
    },
    {
        "subject": "http://dbpedia.org/resource/Aparna_Higgins",
        "predicate": "http://dbpedia.org/ontology/wikiPageWikiLink",
        "object": "http://dbpedia.org/resource/Belgium"
    },
    {
        "subject": "http://dbpedia.org/resource/Aparna_Higgins",
        "predicate": "http://dbpedia.org/ontology/wikiPageWikiLink",
        "object": "http://dbpedia.org/resource/Bergen_Cathedral"
    },
    {
        "subject": "http://dbpedia.org/resource/Aparna_Higgins",
        "predicate": "http://dbpedia.org/ontology/wikiPageWikiLink",
        "object": "http://dbpedia.org/resource/Berkeley,_California"
    },
    {
        "subject": "http://dbpedia.org/resource/Aparna_Higgins",
        "predicate": "http://dbpedia.org/ontology/wikiPageWikiLink",
        "object": "http://dbpedia.org/resource/Bethany_College_(Kansas)"
    },
    {
        "subject": "http://dbpedia.org/resource/Aparna_Higgins",
        "predicate": "http://dbpedia.org/ontology/wikiPageWikiLink",
        "object": "http://dbpedia.org/resource/Bianca_Santos"
    },
    {
        "subject": "http://dbpedia.org/resource/Aparna_Higgins",
        "predicate": "http://dbpedia.org/ontology/wikiPageWikiLink",
        "object": "http://dbpedia.org/resource/Bill_Bates"
    },
    {
        "subject": "http://dbpedia.org/resource/Aparna_Higgins",
        "predicate": "http://dbpedia.org/ontology/wikiPageWikiLink",
        "object": "http://dbpedia.org/resource/Bill_Redell"
    },
    {
        "subject": "http://dbpedia.org/resource/Aparna_Higgins",
        "predicate": "http://dbpedia.org/ontology/wikiPageWikiLink",
        "object": "http://dbpedia.org/resource/Bob_Hope"
    },
    {
        "subject": "http://dbpedia.org/resource/Aparna_Higgins",
        "predicate": "http://dbpedia.org/ontology/wikiPageWikiLink",
        "object": "http://dbpedia.org/resource/Bob_Lilly"
    },
    {
        "subject": "http://dbpedia.org/resource/Aparna_Higgins",
        "predicate": "http://dbpedia.org/ontology/wikiPageWikiLink",
        "object": "http://dbpedia.org/resource/Bob_Shoup"
    },
    {
        "subject": "http://dbpedia.org/resource/Aparna_Higgins",
        "predicate": "http://dbpedia.org/ontology/wikiPageWikiLink",
        "object": "http://dbpedia.org/resource/Bolivia"
    },
    {
        "subject": "http://dbpedia.org/resource/Aparna_Higgins",
        "predicate": "http://dbpedia.org/ontology/wikiPageWikiLink",
        "object": "http://dbpedia.org/resource/Break_Media"
    },
    {
        "subject": "http://dbpedia.org/resource/Aparna_Higgins",
        "predicate": "http://dbpedia.org/ontology/wikiPageWikiLink",
        "object": "http://dbpedia.org/resource/Brian_Kelley_(American_football)"
    },
    {
        "subject": "http://dbpedia.org/resource/Aparna_Higgins",
        "predicate": "http://dbpedia.org/ontology/wikiPageWikiLink",
        "object": "http://dbpedia.org/resource/Dave_Aranda"
    },
    {
        "subject": "http://dbpedia.org/resource/Aparna_Higgins",
        "predicate": "http://dbpedia.org/ontology/wikiPageWikiLink",
        "object": "http://dbpedia.org/resource/Dave_Salzwedel"
    },
    {
        "subject": "http://dbpedia.org/resource/Aparna_Higgins",
        "predicate": "http://dbpedia.org/ontology/wikiPageWikiLink",
        "object": "http://dbpedia.org/resource/David_Hockney"
    },
    {
        "subject": "http://dbpedia.org/resource/Aparna_Higgins",
        "predicate": "http://dbpedia.org/ontology/wikiPageWikiLink",
        "object": "http://dbpedia.org/resource/David_Lang_(composer)"
    },
    {
        "subject": "http://dbpedia.org/resource/Aparna_Higgins",
        "predicate": "http://dbpedia.org/ontology/wikiPageWikiLink",
        "object": "http://dbpedia.org/resource/Death_of_a_Salesman"
    },
    {
        "subject": "http://dbpedia.org/resource/Aparna_Higgins",
        "predicate": "http://dbpedia.org/ontology/wikiPageWikiLink",
        "object": "http://dbpedia.org/resource/Deer"
    },
    {
        "subject": "http://dbpedia.org/resource/Aparna_Higgins",
        "predicate": "http://dbpedia.org/ontology/wikiPageWikiLink",
        "object": "http://dbpedia.org/resource/Denmark"
    },
    {
        "subject": "http://dbpedia.org/resource/Aparna_Higgins",
        "predicate": "http://dbpedia.org/ontology/wikiPageWikiLink",
        "object": "http://dbpedia.org/resource/Denver_Broncos"
    },
    {
        "subject": "http://dbpedia.org/resource/Aparna_Higgins",
        "predicate": "http://dbpedia.org/ontology/wikiPageWikiLink",
        "object": "http://dbpedia.org/resource/Derrick_Clark_(basketball)"
    },
    {
        "subject": "http://dbpedia.org/resource/Aparna_Higgins",
        "predicate": "http://dbpedia.org/ontology/wikiPageWikiLink",
        "object": "http://dbpedia.org/resource/Detroit_Lions"
    },
    {
        "subject": "http://dbpedia.org/resource/Aparna_Higgins",
        "predicate": "http://dbpedia.org/ontology/wikiPageWikiLink",
        "object": "http://dbpedia.org/resource/Category:Finnish-American_culture_in_California"
    },
    {
        "subject": "http://dbpedia.org/resource/Aparna_Higgins",
        "predicate": "http://dbpedia.org/ontology/wikiPageWikiLink",
        "object": "http://dbpedia.org/resource/Aparna_Higgins"
    },
    {
        "subject": "http://dbpedia.org/resource/Aparna_Higgins",
        "predicate": "http://dbpedia.org/ontology/wikiPageWikiLink",
        "object": "http://dbpedia.org/resource/Arboretum"
    },
    {
        "subject": "http://dbpedia.org/resource/Aparna_Higgins",
        "predicate": "http://dbpedia.org/ontology/wikiPageWikiLink",
        "object": "http://dbpedia.org/resource/Hollywood,_Los_Angeles"
    },
    {
        "subject": "http://dbpedia.org/resource/Aparna_Higgins",
        "predicate": "http://dbpedia.org/ontology/wikiPageWikiLink",
        "object": "http://dbpedia.org/resource/Hollywood_Palladium"
    },
    {
        "subject": "http://dbpedia.org/resource/Aparna_Higgins",
        "predicate": "http://dbpedia.org/ontology/wikiPageWikiLink",
        "object": "http://dbpedia.org/resource/Hong_Kong"
    },
    {
        "subject": "http://dbpedia.org/resource/Aparna_Higgins",
        "predicate": "http://dbpedia.org/ontology/wikiPageWikiLink",
        "object": "http://dbpedia.org/resource/Houston_Astros"
    },
    {
        "subject": "http://dbpedia.org/resource/Aparna_Higgins",
        "predicate": "http://dbpedia.org/ontology/wikiPageWikiLink",
        "object": "http://dbpedia.org/resource/Houston_Oilers"
    },
    {
        "subject": "http://dbpedia.org/resource/Aparna_Higgins",
        "predicate": "http://dbpedia.org/ontology/wikiPageWikiLink",
        "object": "http://dbpedia.org/resource/Hughes_Electronics"
    },
    {
        "subject": "http://dbpedia.org/resource/Aparna_Higgins",
        "predicate": "http://dbpedia.org/ontology/wikiPageWikiLink",
        "object": "http://dbpedia.org/resource/John_Warren_(American_football)"
    },
    {
        "subject": "http://dbpedia.org/resource/Aparna_Higgins",
        "predicate": "http://dbpedia.org/ontology/wikiPageWikiLink",
        "object": "http://dbpedia.org/resource/John_Wooden"
    },
    {
        "subject": "http://dbpedia.org/resource/Aparna_Higgins",
        "predicate": "http://dbpedia.org/ontology/wikiPageWikiLink",
        "object": "http://dbpedia.org/resource/Pat_Toomay"
    },
    {
        "subject": "http://dbpedia.org/resource/Aparna_Higgins",
        "predicate": "http://dbpedia.org/ontology/wikiPageWikiLink",
        "object": "http://dbpedia.org/resource/Patty_Kempner"
    },
    {
        "subject": "http://dbpedia.org/resource/Aparna_Higgins",
        "predicate": "http://dbpedia.org/ontology/wikiPageWikiLink",
        "object": "http://dbpedia.org/resource/PayScale"
    },
    {
        "subject": "http://dbpedia.org/resource/Aparna_Higgins",
        "predicate": "http://dbpedia.org/ontology/wikiPageWikiLink",
        "object": "http://dbpedia.org/resource/Pederson_House_and_Water_Tower"
    },
    {
        "subject": "http://dbpedia.org/resource/Aparna_Higgins",
        "predicate": "http://dbpedia.org/ontology/wikiPageWikiLink",
        "object": "http://dbpedia.org/resource/Per_Ivar_Roald"
    },
    {
        "subject": "http://dbpedia.org/resource/Aparna_Higgins",
        "predicate": "http://dbpedia.org/ontology/wikiPageWikiLink",
        "object": "http://dbpedia.org/resource/Peru"
    },
    {
        "subject": "http://dbpedia.org/resource/Aparna_Higgins",
        "predicate": "http://dbpedia.org/ontology/wikiPageWikiLink",
        "object": "http://dbpedia.org/resource/Republican_Party_(United_States)"
    },
    {
        "subject": "http://dbpedia.org/resource/Aparna_Higgins",
        "predicate": "http://dbpedia.org/ontology/wikiPageWikiLink",
        "object": "http://dbpedia.org/resource/Rich_Hill_(baseball_coach)"
    },
    {
        "subject": "http://dbpedia.org/resource/Aparna_Higgins",
        "predicate": "http://dbpedia.org/ontology/wikiPageWikiLink",
        "object": "http://dbpedia.org/resource/Cynthia_Wyels"
    },
    {
        "subject": "http://dbpedia.org/resource/Aparna_Higgins",
        "predicate": "http://dbpedia.org/ontology/wikiPageWikiLink",
        "object": "http://dbpedia.org/resource/United_States_men's_national_water_polo_team"
    },
    {
        "subject": "http://dbpedia.org/resource/Aparna_Higgins",
        "predicate": "http://dbpedia.org/ontology/wikiPageWikiLink",
        "object": "http://dbpedia.org/resource/United_States_women's_national_volleyball_team"
    },
    {
        "subject": "http://dbpedia.org/resource/Aparna_Higgins",
        "predicate": "http://dbpedia.org/ontology/wikiPageWikiLink",
        "object": "http://dbpedia.org/resource/University"
    },
    {
        "subject": "http://dbpedia.org/resource/Aparna_Higgins",
        "predicate": "http://dbpedia.org/ontology/wikiPageWikiLink",
        "object": "http://dbpedia.org/resource/University_of_California,_Berkeley"
    },
    {
        "subject": "http://dbpedia.org/resource/Aparna_Higgins",
        "predicate": "http://dbpedia.org/ontology/wikiPageWikiLink",
        "object": "http://dbpedia.org/resource/University_of_Kansas"
    },
    {
        "subject": "http://dbpedia.org/resource/Aparna_Higgins",
        "predicate": "http://dbpedia.org/ontology/wikiPageWikiLink",
        "object": "http://dbpedia.org/resource/University_of_La_Verne"
    },
    {
        "subject": "http://dbpedia.org/resource/Aparna_Higgins",
        "predicate": "http://dbpedia.org/ontology/wikiPageWikiLink",
        "object": "http://dbpedia.org/resource/Utah"
    },
    {
        "subject": "http://dbpedia.org/resource/Aparna_Higgins",
        "predicate": "http://dbpedia.org/ontology/wikiPageWikiLink",
        "object": "http://dbpedia.org/resource/Utah_State_University"
    },
    {
        "subject": "http://dbpedia.org/resource/Aparna_Higgins",
        "predicate": "http://dbpedia.org/ontology/wikiPageWikiLink",
        "object": "http://dbpedia.org/resource/Valparaiso_Crusaders_men's_basketball"
    },
    {
        "subject": "http://dbpedia.org/resource/Aparna_Higgins",
        "predicate": "http://dbpedia.org/ontology/wikiPageWikiLink",
        "object": "http://dbpedia.org/resource/Ventura_County,_California"
    },
    {
        "subject": "http://dbpedia.org/resource/Aparna_Higgins",
        "predicate": "http://dbpedia.org/ontology/wikiPageWikiLink",
        "object": "http://dbpedia.org/resource/Vice_News_Tonight"
    },
    {
        "subject": "http://dbpedia.org/resource/Aparna_Higgins",
        "predicate": "http://dbpedia.org/ontology/wikiPageWikiLink",
        "object": "http://dbpedia.org/resource/Vietnam_War"
    },
    {
        "subject": "http://dbpedia.org/resource/Aparna_Higgins",
        "predicate": "http://dbpedia.org/ontology/wikiPageWikiLink",
        "object": "http://dbpedia.org/resource/California_State_University_Long_Beach"
    },
    {
        "subject": "http://dbpedia.org/resource/Aparna_Higgins",
        "predicate": "http://dbpedia.org/ontology/wikiPageWikiLink",
        "object": "http://dbpedia.org/resource/Del_Rey_Hills,_Los_Angeles"
    },
    {
        "subject": "http://dbpedia.org/resource/Aparna_Higgins",
        "predicate": "http://dbpedia.org/ontology/wikiPageWikiLink",
        "object": "http://dbpedia.org/resource/Don_Green_(coach)"
    },
    {
        "subject": "http://dbpedia.org/resource/Aparna_Higgins",
        "predicate": "http://dbpedia.org/ontology/wikiPageWikiLink",
        "object": "http://dbpedia.org/resource/Dormitory"
    },
    {
        "subject": "http://dbpedia.org/resource/Aparna_Higgins",
        "predicate": "http://dbpedia.org/ontology/wikiPageWikiLink",
        "object": "http://dbpedia.org/resource/International_student"
    },
    {
        "subject": "http://dbpedia.org/resource/Aparna_Higgins",
        "predicate": "http://dbpedia.org/ontology/wikiPageWikiLink",
        "object": "http://dbpedia.org/resource/Intramural_sports"
    }
]