[
    {
        "subject": "http://dbpedia.org/resource/Auguste_Dick",
        "predicate": "http://dbpedia.org/ontology/wikiPageWikiLink",
        "object": "http://dbpedia.org/resource/Projective_space"
    },
    {
        "subject": "http://dbpedia.org/resource/Auguste_Dick",
        "predicate": "http://dbpedia.org/ontology/wikiPageWikiLink",
        "object": "http://dbpedia.org/resource/Noether's_formula"
    },
    {
        "subject": "http://dbpedia.org/resource/Auguste_Dick",
        "predicate": "http://dbpedia.org/ontology/wikiPageWikiLink",
        "object": "http://dbpedia.org/resource/Bernhard_Riemann"
    },
    {
        "subject": "http://dbpedia.org/resource/Auguste_Dick",
        "predicate": "http://dbpedia.org/ontology/wikiPageWikiLink",
        "object": "http://dbpedia.org/resource/Algebraic_surface"
    },
    {
        "subject": "http://dbpedia.org/resource/Auguste_Dick",
        "predicate": "http://dbpedia.org/ontology/wikiPageWikiLink",
        "object": "http://dbpedia.org/resource/Resolution_of_singularities"
    },
    {
        "subject": "http://dbpedia.org/resource/Auguste_Dick",
        "predicate": "http://dbpedia.org/ontology/wikiPageWikiLink",
        "object": "http://dbpedia.org/resource/Riemann_surface"
    },
    {
        "subject": "http://dbpedia.org/resource/Auguste_Dick",
        "predicate": "http://dbpedia.org/ontology/wikiPageWikiLink",
        "object": "http://dbpedia.org/resource/Infinitely_near_point"
    },
    {
        "subject": "http://dbpedia.org/resource/Auguste_Dick",
        "predicate": "http://dbpedia.org/ontology/wikiPageWikiLink",
        "object": "http://dbpedia.org/resource/Mathematics"
    },
    {
        "subject": "http://dbpedia.org/resource/Auguste_Dick",
        "predicate": "http://dbpedia.org/ontology/wikiPageWikiLink",
        "object": "http://dbpedia.org/resource/Noether's_theorem_on_rationality_for_surfaces"
    },
    {
        "subject": "http://dbpedia.org/resource/Auguste_Dick",
        "predicate": "http://dbpedia.org/ontology/wikiPageWikiLink",
        "object": "http://dbpedia.org/resource/Noether_inequality"
    },
    {
        "subject": "http://dbpedia.org/resource/Auguste_Dick",
        "predicate": "http://dbpedia.org/ontology/wikiPageWikiLink",
        "object": "http://dbpedia.org/resource/Christopher_T._Hill"
    },
    {
        "subject": "http://dbpedia.org/resource/Auguste_Dick",
        "predicate": "http://dbpedia.org/ontology/wikiPageWikiLink",
        "object": "http://dbpedia.org/resource/Emanuel_Lasker"
    },
    {
        "subject": "http://dbpedia.org/resource/Auguste_Dick",
        "predicate": "http://dbpedia.org/ontology/wikiPageWikiLink",
        "object": "http://dbpedia.org/resource/Emmy_Noether"
    },
    {
        "subject": "http://dbpedia.org/resource/Auguste_Dick",
        "predicate": "http://dbpedia.org/ontology/wikiPageWikiLink",
        "object": "http://dbpedia.org/resource/Fritz_Noether"
    },
    {
        "subject": "http://dbpedia.org/resource/Auguste_Dick",
        "predicate": "http://dbpedia.org/ontology/wikiPageWikiLink",
        "object": "http://dbpedia.org/resource/Grand_Duchy_of_Baden"
    },
    {
        "subject": "http://dbpedia.org/resource/Auguste_Dick",
        "predicate": "http://dbpedia.org/ontology/wikiPageWikiLink",
        "object": "http://dbpedia.org/resource/Cremona_group"
    },
    {
        "subject": "http://dbpedia.org/resource/Auguste_Dick",
        "predicate": "http://dbpedia.org/ontology/wikiPageWikiLink",
        "object": "http://dbpedia.org/resource/Leon_M._Lederman"
    },
    {
        "subject": "http://dbpedia.org/resource/Auguste_Dick",
        "predicate": "http://dbpedia.org/ontology/wikiPageWikiLink",
        "object": "http://dbpedia.org/resource/Picard_group"
    },
    {
        "subject": "http://dbpedia.org/resource/Auguste_Dick",
        "predicate": "http://dbpedia.org/ontology/wikiPageWikiLink",
        "object": "http://dbpedia.org/resource/Mathematician"
    },
    {
        "subject": "http://dbpedia.org/resource/Auguste_Dick",
        "predicate": "http://dbpedia.org/ontology/wikiPageWikiLink",
        "object": "http://dbpedia.org/resource/Category:1844_births"
    },
    {
        "subject": "http://dbpedia.org/resource/Auguste_Dick",
        "predicate": "http://dbpedia.org/ontology/wikiPageWikiLink",
        "object": "http://dbpedia.org/resource/Category:1921_deaths"
    },
    {
        "subject": "http://dbpedia.org/resource/Auguste_Dick",
        "predicate": "http://dbpedia.org/ontology/wikiPageWikiLink",
        "object": "http://dbpedia.org/resource/Bruchsal"
    },
    {
        "subject": "http://dbpedia.org/resource/Auguste_Dick",
        "predicate": "http://dbpedia.org/ontology/wikiPageWikiLink",
        "object": "http://dbpedia.org/resource/Category:19th-century_German_mathematicians"
    },
    {
        "subject": "http://dbpedia.org/resource/Auguste_Dick",
        "predicate": "http://dbpedia.org/ontology/wikiPageWikiLink",
        "object": "http://dbpedia.org/resource/Line_bundle"
    },
    {
        "subject": "http://dbpedia.org/resource/Auguste_Dick",
        "predicate": "http://dbpedia.org/ontology/wikiPageWikiLink",
        "object": "http://dbpedia.org/resource/Alexander_von_Brill"
    },
    {
        "subject": "http://dbpedia.org/resource/Auguste_Dick",
        "predicate": "http://dbpedia.org/ontology/wikiPageWikiLink",
        "object": "http://dbpedia.org/resource/Algebraic_curve"
    },
    {
        "subject": "http://dbpedia.org/resource/Auguste_Dick",
        "predicate": "http://dbpedia.org/ontology/wikiPageWikiLink",
        "object": "http://dbpedia.org/resource/Algebraic_functions"
    },
    {
        "subject": "http://dbpedia.org/resource/Auguste_Dick",
        "predicate": "http://dbpedia.org/ontology/wikiPageWikiLink",
        "object": "http://dbpedia.org/resource/Algebraic_geometry"
    },
    {
        "subject": "http://dbpedia.org/resource/Auguste_Dick",
        "predicate": "http://dbpedia.org/ontology/wikiPageWikiLink",
        "object": "http://dbpedia.org/resource/Erlangen"
    },
    {
        "subject": "http://dbpedia.org/resource/Auguste_Dick",
        "predicate": "http://dbpedia.org/ontology/wikiPageWikiLink",
        "object": "http://dbpedia.org/resource/Brill\u2013Noether_theory"
    },
    {
        "subject": "http://dbpedia.org/resource/Auguste_Dick",
        "predicate": "http://dbpedia.org/ontology/wikiPageWikiLink",
        "object": "http://dbpedia.org/resource/Guido_Castelnuovo"
    },
    {
        "subject": "http://dbpedia.org/resource/Auguste_Dick",
        "predicate": "http://dbpedia.org/ontology/wikiPageWikiLink",
        "object": "http://dbpedia.org/resource/Hans_Reichenbach"
    },
    {
        "subject": "http://dbpedia.org/resource/Auguste_Dick",
        "predicate": "http://dbpedia.org/ontology/wikiPageWikiLink",
        "object": "http://dbpedia.org/resource/AF+BG_theorem"
    },
    {
        "subject": "http://dbpedia.org/resource/Auguste_Dick",
        "predicate": "http://dbpedia.org/ontology/wikiPageWikiLink",
        "object": "http://dbpedia.org/resource/Category:19th-century_German_Jews"
    },
    {
        "subject": "http://dbpedia.org/resource/Auguste_Dick",
        "predicate": "http://dbpedia.org/ontology/wikiPageWikiLink",
        "object": "http://dbpedia.org/resource/Category:Algebraic_geometers"
    },
    {
        "subject": "http://dbpedia.org/resource/Auguste_Dick",
        "predicate": "http://dbpedia.org/ontology/wikiPageWikiLink",
        "object": "http://dbpedia.org/resource/Abstract_algebra"
    },
    {
        "subject": "http://dbpedia.org/resource/Auguste_Dick",
        "predicate": "http://dbpedia.org/ontology/wikiPageWikiLink",
        "object": "http://dbpedia.org/resource/Category:20th-century_German_mathematicians"
    },
    {
        "subject": "http://dbpedia.org/resource/Auguste_Dick",
        "predicate": "http://dbpedia.org/ontology/wikiPageWikiLink",
        "object": "http://dbpedia.org/resource/Chemistry"
    },
    {
        "subject": "http://dbpedia.org/resource/Auguste_Dick",
        "predicate": "http://dbpedia.org/ontology/wikiPageWikiLink",
        "object": "http://dbpedia.org/resource/Category:Scientists_from_Mannheim"
    },
    {
        "subject": "http://dbpedia.org/resource/Auguste_Dick",
        "predicate": "http://dbpedia.org/ontology/wikiPageWikiLink",
        "object": "http://dbpedia.org/resource/Birational_geometry"
    },
    {
        "subject": "http://dbpedia.org/resource/Auguste_Dick",
        "predicate": "http://dbpedia.org/ontology/wikiPageWikiLink",
        "object": "http://dbpedia.org/resource/Blowing_up"
    },
    {
        "subject": "http://dbpedia.org/resource/Auguste_Dick",
        "predicate": "http://dbpedia.org/ontology/wikiPageWikiLink",
        "object": "http://dbpedia.org/resource/Auguste_Dick"
    },
    {
        "subject": "http://dbpedia.org/resource/Auguste_Dick",
        "predicate": "http://dbpedia.org/ontology/wikiPageWikiLink",
        "object": "http://dbpedia.org/resource/Autodidacticism"
    },
    {
        "subject": "http://dbpedia.org/resource/Auguste_Dick",
        "predicate": "http://dbpedia.org/ontology/wikiPageWikiLink",
        "object": "http://dbpedia.org/resource/Mannheim"
    },
    {
        "subject": "http://dbpedia.org/resource/Auguste_Dick",
        "predicate": "http://dbpedia.org/ontology/wikiPageWikiLink",
        "object": "http://dbpedia.org/resource/Polio"
    },
    {
        "subject": "http://dbpedia.org/resource/Auguste_Dick",
        "predicate": "http://dbpedia.org/ontology/wikiPageWikiLink",
        "object": "http://dbpedia.org/resource/Solomon_Lefschetz"
    },
    {
        "subject": "http://dbpedia.org/resource/Auguste_Dick",
        "predicate": "http://dbpedia.org/ontology/wikiPageWikiLink",
        "object": "http://dbpedia.org/resource/Kingdom_of_Bavaria"
    },
    {
        "subject": "http://dbpedia.org/resource/Auguste_Dick",
        "predicate": "http://dbpedia.org/ontology/wikiPageWikiLink",
        "object": "http://dbpedia.org/resource/Canonical_bundle"
    },
    {
        "subject": "http://dbpedia.org/resource/Auguste_Dick",
        "predicate": "http://dbpedia.org/ontology/wikiPageWikiLink",
        "object": "http://dbpedia.org/resource/Max_Noether's_theorem_on_curves"
    },
    {
        "subject": "http://dbpedia.org/resource/Auguste_Dick",
        "predicate": "http://dbpedia.org/ontology/wikiPageWikiLink",
        "object": "http://dbpedia.org/resource/University_of_Heidelberg"
    },
    {
        "subject": "http://dbpedia.org/resource/Auguste_Dick",
        "predicate": "http://dbpedia.org/ontology/wikiPageWikiLink",
        "object": "http://dbpedia.org/resource/University_of_Erlangen"
    },
    {
        "subject": "http://dbpedia.org/resource/Auguste_Dick",
        "predicate": "http://dbpedia.org/ontology/wikiPageWikiLink",
        "object": "http://dbpedia.org/resource/Richard_Baldus"
    },
    {
        "subject": "http://dbpedia.org/resource/Auguste_Dick",
        "predicate": "http://dbpedia.org/ontology/wikiPageWikiLink",
        "object": "http://dbpedia.org/resource/Riemann\u2013Roch_theorem_for_surfaces"
    },
    {
        "subject": "http://dbpedia.org/resource/Auguste_Dick",
        "predicate": "http://dbpedia.org/ontology/wikiPageWikiLink",
        "object": "http://dbpedia.org/resource/William_Osgood"
    },
    {
        "subject": "http://dbpedia.org/resource/Auguste_Dick",
        "predicate": "http://dbpedia.org/ontology/wikiPageWikiLink",
        "object": "http://dbpedia.org/resource/Mannheim,_Baden"
    },
    {
        "subject": "http://dbpedia.org/resource/Auguste_Dick",
        "predicate": "http://dbpedia.org/ontology/wikiPageWikiLink",
        "object": "http://dbpedia.org/resource/Jewish_family"
    },
    {
        "subject": "http://dbpedia.org/resource/Auguste_Dick",
        "predicate": "http://dbpedia.org/ontology/wikiPageWikiLink",
        "object": "http://dbpedia.org/resource/Carlo_Rovelli"
    },
    {
        "subject": "http://dbpedia.org/resource/Auguste_Dick",
        "predicate": "http://dbpedia.org/ontology/wikiPageWikiLink",
        "object": "http://dbpedia.org/resource/Cat_state"
    },
    {
        "subject": "http://dbpedia.org/resource/Auguste_Dick",
        "predicate": "http://dbpedia.org/ontology/wikiPageWikiLink",
        "object": "http://dbpedia.org/resource/Princeton_University"
    },
    {
        "subject": "http://dbpedia.org/resource/Auguste_Dick",
        "predicate": "http://dbpedia.org/ontology/wikiPageWikiLink",
        "object": "http://dbpedia.org/resource/Psychology"
    },
    {
        "subject": "http://dbpedia.org/resource/Auguste_Dick",
        "predicate": "http://dbpedia.org/ontology/wikiPageWikiLink",
        "object": "http://dbpedia.org/resource/P\u00e1draig_de_Br\u00fan"
    },
    {
        "subject": "http://dbpedia.org/resource/Auguste_Dick",
        "predicate": "http://dbpedia.org/ontology/wikiPageWikiLink",
        "object": "http://dbpedia.org/resource/Qualia"
    },
    {
        "subject": "http://dbpedia.org/resource/Auguste_Dick",
        "predicate": "http://dbpedia.org/ontology/wikiPageWikiLink",
        "object": "http://dbpedia.org/resource/Quantum_entanglement"
    },
    {
        "subject": "http://dbpedia.org/resource/Auguste_Dick",
        "predicate": "http://dbpedia.org/ontology/wikiPageWikiLink",
        "object": "http://dbpedia.org/resource/Quantum_field_theory"
    },
    {
        "subject": "http://dbpedia.org/resource/Auguste_Dick",
        "predicate": "http://dbpedia.org/ontology/wikiPageWikiLink",
        "object": "http://dbpedia.org/resource/Quantum_harmonic_oscillator"
    },
    {
        "subject": "http://dbpedia.org/resource/Auguste_Dick",
        "predicate": "http://dbpedia.org/ontology/wikiPageWikiLink",
        "object": "http://dbpedia.org/resource/Sanatorium"
    },
    {
        "subject": "http://dbpedia.org/resource/Auguste_Dick",
        "predicate": "http://dbpedia.org/ontology/wikiPageWikiLink",
        "object": "http://dbpedia.org/resource/Schr\u00f6dinger_(crater)"
    },
    {
        "subject": "http://dbpedia.org/resource/Auguste_Dick",
        "predicate": "http://dbpedia.org/ontology/wikiPageWikiLink",
        "object": "http://dbpedia.org/resource/Schr\u00f6dinger_equation"
    },
    {
        "subject": "http://dbpedia.org/resource/Auguste_Dick",
        "predicate": "http://dbpedia.org/ontology/wikiPageWikiLink",
        "object": "http://dbpedia.org/resource/Electromagnetism"
    },
    {
        "subject": "http://dbpedia.org/resource/Auguste_Dick",
        "predicate": "http://dbpedia.org/ontology/wikiPageWikiLink",
        "object": "http://dbpedia.org/resource/Category:Erwin_Schr\u00f6dinger"
    },
    {
        "subject": "http://dbpedia.org/resource/Auguste_Dick",
        "predicate": "http://dbpedia.org/ontology/wikiPageWikiLink",
        "object": "http://dbpedia.org/resource/Energy_level"
    },
    {
        "subject": "http://dbpedia.org/resource/Auguste_Dick",
        "predicate": "http://dbpedia.org/ontology/wikiPageWikiLink",
        "object": "http://dbpedia.org/resource/List_of_fellows_of_the_Royal_Society_elected_in_1949"
    },
    {
        "subject": "http://dbpedia.org/resource/Auguste_Dick",
        "predicate": "http://dbpedia.org/ontology/wikiPageWikiLink",
        "object": "http://dbpedia.org/resource/Molecule"
    },
    {
        "subject": "http://dbpedia.org/resource/Auguste_Dick",
        "predicate": "http://dbpedia.org/ontology/wikiPageWikiLink",
        "object": "http://dbpedia.org/resource/M\u00e9nage_\u00e0_trois"
    },
    {
        "subject": "http://dbpedia.org/resource/Auguste_Dick",
        "predicate": "http://dbpedia.org/ontology/wikiPageWikiLink",
        "object": "http://dbpedia.org/resource/Baruch_Spinoza"
    },
    {
        "subject": "http://dbpedia.org/resource/Auguste_Dick",
        "predicate": "http://dbpedia.org/ontology/wikiPageWikiLink",
        "object": "http://dbpedia.org/resource/Der_Standard"
    },
    {
        "subject": "http://dbpedia.org/resource/Auguste_Dick",
        "predicate": "http://dbpedia.org/ontology/wikiPageWikiLink",
        "object": "http://dbpedia.org/resource/Category:Austrian_Nobel_laureates"
    },
    {
        "subject": "http://dbpedia.org/resource/Auguste_Dick",
        "predicate": "http://dbpedia.org/ontology/wikiPageWikiLink",
        "object": "http://dbpedia.org/resource/Allen_&_Unwin"
    },
    {
        "subject": "http://dbpedia.org/resource/Auguste_Dick",
        "predicate": "http://dbpedia.org/ontology/wikiPageWikiLink",
        "object": "http://dbpedia.org/resource/Annalen_der_Physik"
    },
    {
        "subject": "http://dbpedia.org/resource/Auguste_Dick",
        "predicate": "http://dbpedia.org/ontology/wikiPageWikiLink",
        "object": "http://dbpedia.org/resource/Humboldt_University_of_Berlin"
    },
    {
        "subject": "http://dbpedia.org/resource/Auguste_Dick",
        "predicate": "http://dbpedia.org/ontology/wikiPageWikiLink",
        "object": "http://dbpedia.org/resource/Paul_Dirac"
    },
    {
        "subject": "http://dbpedia.org/resource/Auguste_Dick",
        "predicate": "http://dbpedia.org/ontology/wikiPageWikiLink",
        "object": "http://dbpedia.org/resource/DNA"
    },
    {
        "subject": "http://dbpedia.org/resource/Auguste_Dick",
        "predicate": "http://dbpedia.org/ontology/wikiPageWikiLink",
        "object": "http://dbpedia.org/resource/Uncertainty_principle"
    },
    {
        "subject": "http://dbpedia.org/resource/Auguste_Dick",
        "predicate": "http://dbpedia.org/ontology/wikiPageWikiLink",
        "object": "http://dbpedia.org/resource/University_of_Edinburgh"
    },
    {
        "subject": "http://dbpedia.org/resource/Auguste_Dick",
        "predicate": "http://dbpedia.org/ontology/wikiPageWikiLink",
        "object": "http://dbpedia.org/resource/University_of_Graz"
    },
    {
        "subject": "http://dbpedia.org/resource/Auguste_Dick",
        "predicate": "http://dbpedia.org/ontology/wikiPageWikiLink",
        "object": "http://dbpedia.org/resource/University_of_Limerick"
    },
    {
        "subject": "http://dbpedia.org/resource/Auguste_Dick",
        "predicate": "http://dbpedia.org/ontology/wikiPageWikiLink",
        "object": "http://dbpedia.org/resource/University_of_Oxford"
    },
    {
        "subject": "http://dbpedia.org/resource/Auguste_Dick",
        "predicate": "http://dbpedia.org/ontology/wikiPageWikiLink",
        "object": "http://dbpedia.org/resource/University_of_Vienna"
    },
    {
        "subject": "http://dbpedia.org/resource/Auguste_Dick",
        "predicate": "http://dbpedia.org/ontology/wikiPageWikiLink",
        "object": "http://dbpedia.org/resource/University_of_Zurich"
    },
    {
        "subject": "http://dbpedia.org/resource/Auguste_Dick",
        "predicate": "http://dbpedia.org/ontology/wikiPageWikiLink",
        "object": "http://dbpedia.org/resource/University_of_Z\u00fcrich"
    },
    {
        "subject": "http://dbpedia.org/resource/Auguste_Dick",
        "predicate": "http://dbpedia.org/ontology/wikiPageWikiLink",
        "object": "http://dbpedia.org/resource/Upanishads"
    },
    {
        "subject": "http://dbpedia.org/resource/Auguste_Dick",
        "predicate": "http://dbpedia.org/ontology/wikiPageWikiLink",
        "object": "http://dbpedia.org/resource/Vienna"
    },
    {
        "subject": "http://dbpedia.org/resource/Auguste_Dick",
        "predicate": "http://dbpedia.org/ontology/wikiPageWikiLink",
        "object": "http://dbpedia.org/resource/Eastern_religions"
    },
    {
        "subject": "http://dbpedia.org/resource/Auguste_Dick",
        "predicate": "http://dbpedia.org/ontology/wikiPageWikiLink",
        "object": "http://dbpedia.org/resource/Category:Austrian_atheists"
    },
    {
        "subject": "http://dbpedia.org/resource/Auguste_Dick",
        "predicate": "http://dbpedia.org/ontology/wikiPageWikiLink",
        "object": "http://dbpedia.org/resource/Category:Austrian_people_of_British_descent"
    },
    {
        "subject": "http://dbpedia.org/resource/Auguste_Dick",
        "predicate": "http://dbpedia.org/ontology/wikiPageWikiLink",
        "object": "http://dbpedia.org/resource/Johann_Heinrich_Jakob_M\u00fcller"
    },
    {
        "subject": "http://dbpedia.org/resource/Auguste_Dick",
        "predicate": "http://dbpedia.org/ontology/wikiPageWikiLink",
        "object": "http://dbpedia.org/resource/James_D._Watson"
    },
    {
        "subject": "http://dbpedia.org/resource/Auguste_Dick",
        "predicate": "http://dbpedia.org/ontology/wikiPageWikiLink",
        "object": "http://dbpedia.org/resource/Schr\u00f6dinger_functional"
    },
    {
        "subject": "http://dbpedia.org/resource/Auguste_Dick",
        "predicate": "http://dbpedia.org/ontology/wikiPageWikiLink",
        "object": "http://dbpedia.org/resource/Colour_theory"
    },
    {
        "subject": "http://dbpedia.org/resource/Auguste_Dick",
        "predicate": "http://dbpedia.org/ontology/wikiPageWikiLink",
        "object": "http://dbpedia.org/resource/Copenhagen_interpretation"
    }
]