[
    {
        "subject": "http://dbpedia.org/resource/Bernadette_Perrin-Riou",
        "predicate": "http://dbpedia.org/ontology/wikiPageWikiLink",
        "object": "http://dbpedia.org/resource/Romanticism"
    },
    {
        "subject": "http://dbpedia.org/resource/Bernadette_Perrin-Riou",
        "predicate": "http://dbpedia.org/ontology/wikiPageWikiLink",
        "object": "http://dbpedia.org/resource/L\u00e9once_Vieljeux"
    },
    {
        "subject": "http://dbpedia.org/resource/Bernadette_Perrin-Riou",
        "predicate": "http://dbpedia.org/ontology/wikiPageWikiLink",
        "object": "http://dbpedia.org/resource/Departments_of_France"
    },
    {
        "subject": "http://dbpedia.org/resource/Bernadette_Perrin-Riou",
        "predicate": "http://dbpedia.org/ontology/wikiPageWikiLink",
        "object": "http://dbpedia.org/resource/Lithography"
    },
    {
        "subject": "http://dbpedia.org/resource/Bernadette_Perrin-Riou",
        "predicate": "http://dbpedia.org/ontology/wikiPageWikiLink",
        "object": "http://dbpedia.org/resource/Regions_of_France"
    },
    {
        "subject": "http://dbpedia.org/resource/Bernadette_Perrin-Riou",
        "predicate": "http://dbpedia.org/ontology/wikiPageWikiLink",
        "object": "http://dbpedia.org/resource/Union_pour_un_mouvement_populaire"
    },
    {
        "subject": "http://dbpedia.org/resource/Bernadette_Perrin-Riou",
        "predicate": "http://dbpedia.org/ontology/wikiPageWikiLink",
        "object": "http://dbpedia.org/resource/Communes_of_France"
    },
    {
        "subject": "http://dbpedia.org/resource/Bernadette_Perrin-Riou",
        "predicate": "http://dbpedia.org/ontology/wikiPageWikiLink",
        "object": "http://dbpedia.org/resource/Bernadette_Perrin-Riou"
    },
    {
        "subject": "http://dbpedia.org/resource/Bernadette_Perrin-Riou",
        "predicate": "http://dbpedia.org/ontology/wikiPageWikiLink",
        "object": "http://dbpedia.org/resource/Louis_L\u00e9opold_Ollier"
    },
    {
        "subject": "http://dbpedia.org/resource/Bernadette_Perrin-Riou",
        "predicate": "http://dbpedia.org/ontology/wikiPageWikiLink",
        "object": "http://dbpedia.org/resource/Communes_of_the_Ard\u00e8che_department"
    },
    {
        "subject": "http://dbpedia.org/resource/Bernadette_Perrin-Riou",
        "predicate": "http://dbpedia.org/ontology/wikiPageWikiLink",
        "object": "http://dbpedia.org/resource/Painting"
    },
    {
        "subject": "http://dbpedia.org/resource/Bernadette_Perrin-Riou",
        "predicate": "http://dbpedia.org/ontology/wikiPageWikiLink",
        "object": "http://dbpedia.org/resource/Auvergne-Rh\u00f4ne-Alpes"
    },
    {
        "subject": "http://dbpedia.org/resource/Bernadette_Perrin-Riou",
        "predicate": "http://dbpedia.org/ontology/wikiPageWikiLink",
        "object": "http://dbpedia.org/resource/Eug\u00e8ne_de_Malbos"
    },
    {
        "subject": "http://dbpedia.org/resource/Bernadette_Perrin-Riou",
        "predicate": "http://dbpedia.org/ontology/wikiPageWikiLink",
        "object": "http://dbpedia.org/resource/France"
    },
    {
        "subject": "http://dbpedia.org/resource/Bernadette_Perrin-Riou",
        "predicate": "http://dbpedia.org/ontology/wikiPageWikiLink",
        "object": "http://dbpedia.org/resource/Ard\u00e8che"
    },
    {
        "subject": "http://dbpedia.org/resource/Bernadette_Perrin-Riou",
        "predicate": "http://dbpedia.org/ontology/wikiPageWikiLink",
        "object": "http://dbpedia.org/resource/Category:Communes_of_Ard\u00e8che"
    },
    {
        "subject": "http://dbpedia.org/resource/Bernadette_Perrin-Riou",
        "predicate": "http://dbpedia.org/ontology/wikiPageWikiLink",
        "object": "http://dbpedia.org/resource/Chassezac"
    },
    {
        "subject": "http://dbpedia.org/resource/Bernadette_Perrin-Riou",
        "predicate": "http://dbpedia.org/ontology/wikiPageWikiLink",
        "object": "http://dbpedia.org/resource/La_Rochelle"
    },
    {
        "subject": "http://dbpedia.org/resource/Bernadette_Perrin-Riou",
        "predicate": "http://dbpedia.org/ontology/wikiPageWikiLink",
        "object": "http://dbpedia.org/resource/Natzweiler-Struthof_concentration_camp"
    },
    {
        "subject": "http://dbpedia.org/resource/Bernadette_Perrin-Riou",
        "predicate": "http://dbpedia.org/ontology/wikiPageWikiLink",
        "object": "http://dbpedia.org/resource/Sericulture"
    },
    {
        "subject": "http://dbpedia.org/resource/Bernadette_Perrin-Riou",
        "predicate": "http://dbpedia.org/ontology/wikiPageWikiLink",
        "object": "http://dbpedia.org/resource/Satter_Prize"
    },
    {
        "subject": "http://dbpedia.org/resource/Bernadette_Perrin-Riou",
        "predicate": "http://dbpedia.org/ontology/wikiPageWikiLink",
        "object": "http://dbpedia.org/resource/Divers_droite"
    },
    {
        "subject": "http://dbpedia.org/resource/Bernadette_Perrin-Riou",
        "predicate": "http://dbpedia.org/ontology/wikiPageWikiLink",
        "object": "http://dbpedia.org/resource/Nouveau_centre"
    },
    {
        "subject": "http://dbpedia.org/resource/Bernadette_Perrin-Riou",
        "predicate": "http://dbpedia.org/ontology/wikiPageWikiLink",
        "object": "http://dbpedia.org/resource/Carmen_Perrin"
    },
    {
        "subject": "http://dbpedia.org/resource/Bernadette_Perrin-Riou",
        "predicate": "http://dbpedia.org/ontology/wikiPageWikiLink",
        "object": "http://dbpedia.org/resource/Ami_Perrin"
    },
    {
        "subject": "http://dbpedia.org/resource/Bernadette_Perrin-Riou",
        "predicate": "http://dbpedia.org/ontology/wikiPageWikiLink",
        "object": "http://dbpedia.org/resource/Benjamin_Perrin"
    },
    {
        "subject": "http://dbpedia.org/resource/Bernadette_Perrin-Riou",
        "predicate": "http://dbpedia.org/ontology/wikiPageWikiLink",
        "object": "http://dbpedia.org/resource/Benny_Perrin"
    },
    {
        "subject": "http://dbpedia.org/resource/Bernadette_Perrin-Riou",
        "predicate": "http://dbpedia.org/ontology/wikiPageWikiLink",
        "object": "http://dbpedia.org/resource/Joseph_Perrin"
    },
    {
        "subject": "http://dbpedia.org/resource/Bernadette_Perrin-Riou",
        "predicate": "http://dbpedia.org/ontology/wikiPageWikiLink",
        "object": "http://dbpedia.org/resource/Patricia_Charlotte_Perrin"
    },
    {
        "subject": "http://dbpedia.org/resource/Bernadette_Perrin-Riou",
        "predicate": "http://dbpedia.org/ontology/wikiPageWikiLink",
        "object": "http://dbpedia.org/resource/Percy_Perrin"
    },
    {
        "subject": "http://dbpedia.org/resource/Bernadette_Perrin-Riou",
        "predicate": "http://dbpedia.org/ontology/wikiPageWikiLink",
        "object": "http://dbpedia.org/resource/Perin_(disambiguation)"
    },
    {
        "subject": "http://dbpedia.org/resource/Bernadette_Perrin-Riou",
        "predicate": "http://dbpedia.org/ontology/wikiPageWikiLink",
        "object": "http://dbpedia.org/resource/Perrin,_Texas"
    },
    {
        "subject": "http://dbpedia.org/resource/Bernadette_Perrin-Riou",
        "predicate": "http://dbpedia.org/ontology/wikiPageWikiLink",
        "object": "http://dbpedia.org/resource/Perrin_Aybara"
    },
    {
        "subject": "http://dbpedia.org/resource/Bernadette_Perrin-Riou",
        "predicate": "http://dbpedia.org/ontology/wikiPageWikiLink",
        "object": "http://dbpedia.org/resource/Perrin_Beatty"
    },
    {
        "subject": "http://dbpedia.org/resource/Bernadette_Perrin-Riou",
        "predicate": "http://dbpedia.org/ontology/wikiPageWikiLink",
        "object": "http://dbpedia.org/resource/Vic_Perrin"
    },
    {
        "subject": "http://dbpedia.org/resource/Bernadette_Perrin-Riou",
        "predicate": "http://dbpedia.org/ontology/wikiPageWikiLink",
        "object": "http://dbpedia.org/resource/Conny_Perrin"
    },
    {
        "subject": "http://dbpedia.org/resource/Bernadette_Perrin-Riou",
        "predicate": "http://dbpedia.org/ontology/wikiPageWikiLink",
        "object": "http://dbpedia.org/resource/Maurice_Perrin_(cyclist)"
    },
    {
        "subject": "http://dbpedia.org/resource/Bernadette_Perrin-Riou",
        "predicate": "http://dbpedia.org/ontology/wikiPageWikiLink",
        "object": "http://dbpedia.org/resource/Elula_Perrin"
    },
    {
        "subject": "http://dbpedia.org/resource/Bernadette_Perrin-Riou",
        "predicate": "http://dbpedia.org/ontology/wikiPageWikiLink",
        "object": "http://dbpedia.org/resource/Elz\u00e9ar_Abeille_de_Perrin"
    },
    {
        "subject": "http://dbpedia.org/resource/Bernadette_Perrin-Riou",
        "predicate": "http://dbpedia.org/ontology/wikiPageWikiLink",
        "object": "http://dbpedia.org/resource/Ga\u00ebtan_Perrin"
    },
    {
        "subject": "http://dbpedia.org/resource/Bernadette_Perrin-Riou",
        "predicate": "http://dbpedia.org/ontology/wikiPageWikiLink",
        "object": "http://dbpedia.org/resource/Bernadette_Perrin-Riou"
    },
    {
        "subject": "http://dbpedia.org/resource/Bernadette_Perrin-Riou",
        "predicate": "http://dbpedia.org/ontology/wikiPageWikiLink",
        "object": "http://dbpedia.org/resource/Lonnie_Perrin"
    },
    {
        "subject": "http://dbpedia.org/resource/Bernadette_Perrin-Riou",
        "predicate": "http://dbpedia.org/ontology/wikiPageWikiLink",
        "object": "http://dbpedia.org/resource/Lo\u00efc_Perrin"
    },
    {
        "subject": "http://dbpedia.org/resource/Bernadette_Perrin-Riou",
        "predicate": "http://dbpedia.org/ontology/wikiPageWikiLink",
        "object": "http://dbpedia.org/resource/Lucas_Perrin"
    },
    {
        "subject": "http://dbpedia.org/resource/Bernadette_Perrin-Riou",
        "predicate": "http://dbpedia.org/ontology/wikiPageWikiLink",
        "object": "http://dbpedia.org/resource/Stephen_Perrin"
    },
    {
        "subject": "http://dbpedia.org/resource/Bernadette_Perrin-Riou",
        "predicate": "http://dbpedia.org/ontology/wikiPageWikiLink",
        "object": "http://dbpedia.org/resource/Steve_Perrin"
    },
    {
        "subject": "http://dbpedia.org/resource/Bernadette_Perrin-Riou",
        "predicate": "http://dbpedia.org/ontology/wikiPageWikiLink",
        "object": "http://dbpedia.org/resource/Steve_Perrin_(footballer)"
    },
    {
        "subject": "http://dbpedia.org/resource/Bernadette_Perrin-Riou",
        "predicate": "http://dbpedia.org/ontology/wikiPageWikiLink",
        "object": "http://dbpedia.org/resource/\u00c9ric_Perrin"
    },
    {
        "subject": "http://dbpedia.org/resource/Bernadette_Perrin-Riou",
        "predicate": "http://dbpedia.org/ontology/wikiPageWikiLink",
        "object": "http://dbpedia.org/resource/Francis_Perrin_(physicist)"
    },
    {
        "subject": "http://dbpedia.org/resource/Bernadette_Perrin-Riou",
        "predicate": "http://dbpedia.org/ontology/wikiPageWikiLink",
        "object": "http://dbpedia.org/resource/Harold_Perrin"
    },
    {
        "subject": "http://dbpedia.org/resource/Bernadette_Perrin-Riou",
        "predicate": "http://dbpedia.org/ontology/wikiPageWikiLink",
        "object": "http://dbpedia.org/resource/Gillian_Perrin"
    },
    {
        "subject": "http://dbpedia.org/resource/Bernadette_Perrin-Riou",
        "predicate": "http://dbpedia.org/ontology/wikiPageWikiLink",
        "object": "http://dbpedia.org/resource/Jean-Baptiste_Perrin"
    },
    {
        "subject": "http://dbpedia.org/resource/Bernadette_Perrin-Riou",
        "predicate": "http://dbpedia.org/ontology/wikiPageWikiLink",
        "object": "http://dbpedia.org/resource/Nicholas_Perrin"
    },
    {
        "subject": "http://dbpedia.org/resource/Bernadette_Perrin-Riou",
        "predicate": "http://dbpedia.org/ontology/wikiPageWikiLink",
        "object": "http://dbpedia.org/resource/Perrin's_beaked_whale"
    },
    {
        "subject": "http://dbpedia.org/resource/Bernadette_Perrin-Riou",
        "predicate": "http://dbpedia.org/ontology/wikiPageWikiLink",
        "object": "http://dbpedia.org/resource/Perrin's_cave_beetle"
    },
    {
        "subject": "http://dbpedia.org/resource/Bernadette_Perrin-Riou",
        "predicate": "http://dbpedia.org/ontology/wikiPageWikiLink",
        "object": "http://dbpedia.org/resource/Perrin,_Missouri"
    },
    {
        "subject": "http://dbpedia.org/resource/Bernadette_Perrin-Riou",
        "predicate": "http://dbpedia.org/ontology/wikiPageWikiLink",
        "object": "http://dbpedia.org/resource/Perrin_(Star_Trek)"
    },
    {
        "subject": "http://dbpedia.org/resource/Bernadette_Perrin-Riou",
        "predicate": "http://dbpedia.org/ontology/wikiPageWikiLink",
        "object": "http://dbpedia.org/resource/Perrin_Kaplan"
    },
    {
        "subject": "http://dbpedia.org/resource/Bernadette_Perrin-Riou",
        "predicate": "http://dbpedia.org/ontology/wikiPageWikiLink",
        "object": "http://dbpedia.org/resource/Perrin_friction_factors"
    },
    {
        "subject": "http://dbpedia.org/resource/Bernadette_Perrin-Riou",
        "predicate": "http://dbpedia.org/ontology/wikiPageWikiLink",
        "object": "http://dbpedia.org/resource/Perrin_number"
    },
    {
        "subject": "http://dbpedia.org/resource/Bernadette_Perrin-Riou",
        "predicate": "http://dbpedia.org/ontology/wikiPageWikiLink",
        "object": "http://dbpedia.org/resource/Pierre_Perrin"
    },
    {
        "subject": "http://dbpedia.org/resource/Bernadette_Perrin-Riou",
        "predicate": "http://dbpedia.org/ontology/wikiPageWikiLink",
        "object": "http://dbpedia.org/resource/Ronald_Edward_Perrin"
    },
    {
        "subject": "http://dbpedia.org/resource/Bernadette_Perrin-Riou",
        "predicate": "http://dbpedia.org/ontology/wikiPageWikiLink",
        "object": "http://dbpedia.org/resource/Sam_Perrin"
    },
    {
        "subject": "http://dbpedia.org/resource/Bernadette_Perrin-Riou",
        "predicate": "http://dbpedia.org/ontology/wikiPageWikiLink",
        "object": "http://dbpedia.org/resource/Towers_Perrin"
    },
    {
        "subject": "http://dbpedia.org/resource/Bernadette_Perrin-Riou",
        "predicate": "http://dbpedia.org/ontology/wikiPageWikiLink",
        "object": "http://dbpedia.org/resource/William_Gordon_Perrin"
    },
    {
        "subject": "http://dbpedia.org/resource/Bernadette_Perrin-Riou",
        "predicate": "http://dbpedia.org/ontology/wikiPageWikiLink",
        "object": "http://dbpedia.org/resource/William_Perrin_(convict)"
    },
    {
        "subject": "http://dbpedia.org/resource/Bernadette_Perrin-Riou",
        "predicate": "http://dbpedia.org/ontology/wikiPageWikiLink",
        "object": "http://dbpedia.org/resource/\u00c9ditions_Perrin"
    },
    {
        "subject": "http://dbpedia.org/resource/Bernadette_Perrin-Riou",
        "predicate": "http://dbpedia.org/ontology/wikiPageWikiLink",
        "object": "http://dbpedia.org/resource/\u00c9mile_Perrin"
    },
    {
        "subject": "http://dbpedia.org/resource/Bernadette_Perrin-Riou",
        "predicate": "http://dbpedia.org/ontology/wikiPageWikiLink",
        "object": "http://dbpedia.org/resource/Claude_Victor-Perrin,_duc_de_Belluno"
    },
    {
        "subject": "http://dbpedia.org/resource/Bernadette_Perrin-Riou",
        "predicate": "http://dbpedia.org/ontology/wikiPageWikiLink",
        "object": "http://dbpedia.org/resource/John_Draper_Perrin"
    },
    {
        "subject": "http://dbpedia.org/resource/Bernadette_Perrin-Riou",
        "predicate": "http://dbpedia.org/ontology/wikiPageWikiLink",
        "object": "http://dbpedia.org/resource/Abner_Monroe_Perrin"
    },
    {
        "subject": "http://dbpedia.org/resource/Bernadette_Perrin-Riou",
        "predicate": "http://dbpedia.org/ontology/wikiPageWikiLink",
        "object": "http://dbpedia.org/resource/Alain_Perrin"
    },
    {
        "subject": "http://dbpedia.org/resource/Bernadette_Perrin-Riou",
        "predicate": "http://dbpedia.org/ontology/wikiPageWikiLink",
        "object": "http://dbpedia.org/resource/C\u00e9dric_Perrin"
    },
    {
        "subject": "http://dbpedia.org/resource/Bernadette_Perrin-Riou",
        "predicate": "http://dbpedia.org/ontology/wikiPageWikiLink",
        "object": "http://dbpedia.org/resource/Francis_Perrin_(actor)"
    },
    {
        "subject": "http://dbpedia.org/resource/Bernadette_Perrin-Riou",
        "predicate": "http://dbpedia.org/ontology/wikiPageWikiLink",
        "object": "http://dbpedia.org/resource/Noel_Perrin"
    },
    {
        "subject": "http://dbpedia.org/resource/Bernadette_Perrin-Riou",
        "predicate": "http://dbpedia.org/ontology/wikiPageWikiLink",
        "object": "http://dbpedia.org/resource/Daniel_Perrin"
    },
    {
        "subject": "http://dbpedia.org/resource/Bernadette_Perrin-Riou",
        "predicate": "http://dbpedia.org/ontology/wikiPageWikiLink",
        "object": "http://dbpedia.org/resource/Famille_Perrin"
    },
    {
        "subject": "http://dbpedia.org/resource/Bernadette_Perrin-Riou",
        "predicate": "http://dbpedia.org/ontology/wikiPageWikiLink",
        "object": "http://dbpedia.org/resource/Henry_Perrin_Coon"
    },
    {
        "subject": "http://dbpedia.org/resource/Bernadette_Perrin-Riou",
        "predicate": "http://dbpedia.org/ontology/wikiPageWikiLink",
        "object": "http://dbpedia.org/resource/Jack_Perrin"
    },
    {
        "subject": "http://dbpedia.org/resource/Bernadette_Perrin-Riou",
        "predicate": "http://dbpedia.org/ontology/wikiPageWikiLink",
        "object": "http://dbpedia.org/resource/Jacques_Perrin"
    },
    {
        "subject": "http://dbpedia.org/resource/Bernadette_Perrin-Riou",
        "predicate": "http://dbpedia.org/ontology/wikiPageWikiLink",
        "object": "http://dbpedia.org/resource/Jean_Georges_Perrin"
    },
    {
        "subject": "http://dbpedia.org/resource/Bernadette_Perrin-Riou",
        "predicate": "http://dbpedia.org/ontology/wikiPageWikiLink",
        "object": "http://dbpedia.org/resource/The_Fall_and_Rise_of_Reginald_Perrin"
    },
    {
        "subject": "http://dbpedia.org/resource/Bernadette_Perrin-Riou",
        "predicate": "http://dbpedia.org/ontology/wikiPageWikiLink",
        "object": "http://dbpedia.org/resource/Jim_Perrin"
    },
    {
        "subject": "http://dbpedia.org/resource/Bernadette_Perrin-Riou",
        "predicate": "http://dbpedia.org/ontology/wikiPageWikiLink",
        "object": "http://dbpedia.org/resource/L._Timothy_Perrin"
    },
    {
        "subject": "http://dbpedia.org/resource/Bernadette_Perrin-Riou",
        "predicate": "http://dbpedia.org/ontology/wikiPageWikiLink",
        "object": "http://dbpedia.org/resource/Lea_&_Perrins"
    },
    {
        "subject": "http://dbpedia.org/resource/Bernadette_Perrin-Riou",
        "predicate": "http://dbpedia.org/ontology/wikiPageWikiLink",
        "object": "http://dbpedia.org/resource/Edwin_O._Perrin"
    },
    {
        "subject": "http://dbpedia.org/resource/Bernadette_Perrin-Riou",
        "predicate": "http://dbpedia.org/ontology/wikiPageWikiLink",
        "object": "http://dbpedia.org/resource/Don_Perrin"
    },
    {
        "subject": "http://dbpedia.org/resource/Bernadette_Perrin-Riou",
        "predicate": "http://dbpedia.org/ontology/wikiPageWikiLink",
        "object": "http://dbpedia.org/resource/Mark_Perrin_Lowrey"
    },
    {
        "subject": "http://dbpedia.org/resource/Bernadette_Perrin-Riou",
        "predicate": "http://dbpedia.org/ontology/wikiPageWikiLink",
        "object": "http://dbpedia.org/resource/Philippe_Perrin"
    },
    {
        "subject": "http://dbpedia.org/resource/Bernadette_Perrin-Riou",
        "predicate": "http://dbpedia.org/ontology/wikiPageWikiLink",
        "object": "http://dbpedia.org/resource/Frederick_Perrin"
    },
    {
        "subject": "http://dbpedia.org/resource/Bernadette_Perrin-Riou",
        "predicate": "http://dbpedia.org/ontology/wikiPageWikiLink",
        "object": "http://dbpedia.org/resource/H\u00e9l\u00e8ne_Perrin"
    },
    {
        "subject": "http://dbpedia.org/resource/Bernadette_Perrin-Riou",
        "predicate": "http://dbpedia.org/ontology/wikiPageWikiLink",
        "object": "http://dbpedia.org/resource/Nat_Perrin"
    },
    {
        "subject": "http://dbpedia.org/resource/Bernadette_Perrin-Riou",
        "predicate": "http://dbpedia.org/ontology/wikiPageWikiLink",
        "object": "http://dbpedia.org/resource/Reggie_Perrin"
    },
    {
        "subject": "http://dbpedia.org/resource/Bernadette_Perrin-Riou",
        "predicate": "http://dbpedia.org/ontology/wikiPageWikiLink",
        "object": "http://dbpedia.org/resource/Maurice_Perrin_(bishop)"
    },
    {
        "subject": "http://dbpedia.org/resource/Bernadette_Perrin-Riou",
        "predicate": "http://dbpedia.org/ontology/wikiPageWikiLink",
        "object": "http://dbpedia.org/resource/Maurice_Perrin_(physician)"
    },
    {
        "subject": "http://dbpedia.org/resource/Bernadette_Perrin-Riou",
        "predicate": "http://dbpedia.org/ontology/wikiPageWikiLink",
        "object": "http://dbpedia.org/resource/Cachan"
    },
    {
        "subject": "http://dbpedia.org/resource/Bernadette_Perrin-Riou",
        "predicate": "http://dbpedia.org/ontology/wikiPageWikiLink",
        "object": "http://dbpedia.org/resource/Public_university"
    },
    {
        "subject": "http://dbpedia.org/resource/Bernadette_Perrin-Riou",
        "predicate": "http://dbpedia.org/ontology/wikiPageWikiLink",
        "object": "http://dbpedia.org/resource/Roland_Berger_(company)"
    },
    {
        "subject": "http://dbpedia.org/resource/Bernadette_Perrin-Riou",
        "predicate": "http://dbpedia.org/ontology/wikiPageWikiLink",
        "object": "http://dbpedia.org/resource/Sceaux,_Hauts-de-Seine"
    },
    {
        "subject": "http://dbpedia.org/resource/Bernadette_Perrin-Riou",
        "predicate": "http://dbpedia.org/ontology/wikiPageWikiLink",
        "object": "http://dbpedia.org/resource/Electronics"
    }
]