[
    {
        "subject": "http://dbpedia.org/resource/Caren_Diefenderfer",
        "predicate": "http://dbpedia.org/ontology/wikiPageWikiLink",
        "object": "http://dbpedia.org/resource/Robert_V._Hogg"
    },
    {
        "subject": "http://dbpedia.org/resource/Caren_Diefenderfer",
        "predicate": "http://dbpedia.org/ontology/wikiPageWikiLink",
        "object": "http://dbpedia.org/resource/M._Vali_Siadat"
    },
    {
        "subject": "http://dbpedia.org/resource/Caren_Diefenderfer",
        "predicate": "http://dbpedia.org/ontology/wikiPageWikiLink",
        "object": "http://dbpedia.org/resource/Olympia_Nicodemi"
    },
    {
        "subject": "http://dbpedia.org/resource/Caren_Diefenderfer",
        "predicate": "http://dbpedia.org/ontology/wikiPageWikiLink",
        "object": "http://dbpedia.org/resource/Annalisa_Crannell"
    },
    {
        "subject": "http://dbpedia.org/resource/Caren_Diefenderfer",
        "predicate": "http://dbpedia.org/ontology/wikiPageWikiLink",
        "object": "http://dbpedia.org/resource/Anne_Lester_Hudson"
    },
    {
        "subject": "http://dbpedia.org/resource/Caren_Diefenderfer",
        "predicate": "http://dbpedia.org/ontology/wikiPageWikiLink",
        "object": "http://dbpedia.org/resource/Aparna_Higgins"
    },
    {
        "subject": "http://dbpedia.org/resource/Caren_Diefenderfer",
        "predicate": "http://dbpedia.org/ontology/wikiPageWikiLink",
        "object": "http://dbpedia.org/resource/Joseph_Gallian"
    },
    {
        "subject": "http://dbpedia.org/resource/Caren_Diefenderfer",
        "predicate": "http://dbpedia.org/ontology/wikiPageWikiLink",
        "object": "http://dbpedia.org/resource/Paul_Halmos"
    },
    {
        "subject": "http://dbpedia.org/resource/Caren_Diefenderfer",
        "predicate": "http://dbpedia.org/ontology/wikiPageWikiLink",
        "object": "http://dbpedia.org/resource/Paul_Sally"
    },
    {
        "subject": "http://dbpedia.org/resource/Caren_Diefenderfer",
        "predicate": "http://dbpedia.org/ontology/wikiPageWikiLink",
        "object": "http://dbpedia.org/resource/Rhonda_Hughes"
    },
    {
        "subject": "http://dbpedia.org/resource/Caren_Diefenderfer",
        "predicate": "http://dbpedia.org/ontology/wikiPageWikiLink",
        "object": "http://dbpedia.org/resource/Robert_L._Devaney"
    },
    {
        "subject": "http://dbpedia.org/resource/Caren_Diefenderfer",
        "predicate": "http://dbpedia.org/ontology/wikiPageWikiLink",
        "object": "http://dbpedia.org/resource/Cynthia_Wyels"
    },
    {
        "subject": "http://dbpedia.org/resource/Caren_Diefenderfer",
        "predicate": "http://dbpedia.org/ontology/wikiPageWikiLink",
        "object": "http://dbpedia.org/resource/University"
    },
    {
        "subject": "http://dbpedia.org/resource/Caren_Diefenderfer",
        "predicate": "http://dbpedia.org/ontology/wikiPageWikiLink",
        "object": "http://dbpedia.org/resource/V._Frederick_Rickey"
    },
    {
        "subject": "http://dbpedia.org/resource/Caren_Diefenderfer",
        "predicate": "http://dbpedia.org/ontology/wikiPageWikiLink",
        "object": "http://dbpedia.org/resource/David_S._Moore"
    },
    {
        "subject": "http://dbpedia.org/resource/Caren_Diefenderfer",
        "predicate": "http://dbpedia.org/ontology/wikiPageWikiLink",
        "object": "http://dbpedia.org/resource/Deborah_Hughes_Hallett"
    },
    {
        "subject": "http://dbpedia.org/resource/Caren_Diefenderfer",
        "predicate": "http://dbpedia.org/ontology/wikiPageWikiLink",
        "object": "http://dbpedia.org/resource/Deborah_Tepper_Haimo"
    },
    {
        "subject": "http://dbpedia.org/resource/Caren_Diefenderfer",
        "predicate": "http://dbpedia.org/ontology/wikiPageWikiLink",
        "object": "http://dbpedia.org/resource/Donald_S._Passman"
    },
    {
        "subject": "http://dbpedia.org/resource/Caren_Diefenderfer",
        "predicate": "http://dbpedia.org/ontology/wikiPageWikiLink",
        "object": "http://dbpedia.org/resource/Jacqueline_Dewar"
    },
    {
        "subject": "http://dbpedia.org/resource/Caren_Diefenderfer",
        "predicate": "http://dbpedia.org/ontology/wikiPageWikiLink",
        "object": "http://dbpedia.org/resource/List_of_mathematics_awards"
    },
    {
        "subject": "http://dbpedia.org/resource/Caren_Diefenderfer",
        "predicate": "http://dbpedia.org/ontology/wikiPageWikiLink",
        "object": "http://dbpedia.org/resource/Paul_Zeitz"
    },
    {
        "subject": "http://dbpedia.org/resource/Caren_Diefenderfer",
        "predicate": "http://dbpedia.org/ontology/wikiPageWikiLink",
        "object": "http://dbpedia.org/resource/Edward_Burger"
    },
    {
        "subject": "http://dbpedia.org/resource/Caren_Diefenderfer",
        "predicate": "http://dbpedia.org/ontology/wikiPageWikiLink",
        "object": "http://dbpedia.org/resource/Elaine_Kasimatis"
    },
    {
        "subject": "http://dbpedia.org/resource/Caren_Diefenderfer",
        "predicate": "http://dbpedia.org/ontology/wikiPageWikiLink",
        "object": "http://dbpedia.org/resource/Gerald_L._Alexanderson"
    },
    {
        "subject": "http://dbpedia.org/resource/Caren_Diefenderfer",
        "predicate": "http://dbpedia.org/ontology/wikiPageWikiLink",
        "object": "http://dbpedia.org/resource/Gilbert_Strang"
    },
    {
        "subject": "http://dbpedia.org/resource/Caren_Diefenderfer",
        "predicate": "http://dbpedia.org/ontology/wikiPageWikiLink",
        "object": "http://dbpedia.org/resource/Erica_Flapan"
    },
    {
        "subject": "http://dbpedia.org/resource/Caren_Diefenderfer",
        "predicate": "http://dbpedia.org/ontology/wikiPageWikiLink",
        "object": "http://dbpedia.org/resource/Andy_Liu"
    },
    {
        "subject": "http://dbpedia.org/resource/Caren_Diefenderfer",
        "predicate": "http://dbpedia.org/ontology/wikiPageWikiLink",
        "object": "http://dbpedia.org/resource/Dennis_DeTurck"
    },
    {
        "subject": "http://dbpedia.org/resource/Caren_Diefenderfer",
        "predicate": "http://dbpedia.org/ontology/wikiPageWikiLink",
        "object": "http://dbpedia.org/resource/Zvezdelina_Stankova"
    },
    {
        "subject": "http://dbpedia.org/resource/Caren_Diefenderfer",
        "predicate": "http://dbpedia.org/ontology/wikiPageWikiLink",
        "object": "http://dbpedia.org/resource/Federico_Ardila"
    },
    {
        "subject": "http://dbpedia.org/resource/Caren_Diefenderfer",
        "predicate": "http://dbpedia.org/ontology/wikiPageWikiLink",
        "object": "http://dbpedia.org/resource/Francis_Su"
    },
    {
        "subject": "http://dbpedia.org/resource/Caren_Diefenderfer",
        "predicate": "http://dbpedia.org/ontology/wikiPageWikiLink",
        "object": "http://dbpedia.org/resource/Frank_Morgan_(mathematician)"
    },
    {
        "subject": "http://dbpedia.org/resource/Caren_Diefenderfer",
        "predicate": "http://dbpedia.org/ontology/wikiPageWikiLink",
        "object": "http://dbpedia.org/resource/Hortensia_Soto"
    },
    {
        "subject": "http://dbpedia.org/resource/Caren_Diefenderfer",
        "predicate": "http://dbpedia.org/ontology/wikiPageWikiLink",
        "object": "http://dbpedia.org/resource/Michael_Starbird"
    },
    {
        "subject": "http://dbpedia.org/resource/Caren_Diefenderfer",
        "predicate": "http://dbpedia.org/ontology/wikiPageWikiLink",
        "object": "http://dbpedia.org/resource/Mark_Tomforde"
    },
    {
        "subject": "http://dbpedia.org/resource/Caren_Diefenderfer",
        "predicate": "http://dbpedia.org/ontology/wikiPageWikiLink",
        "object": "http://dbpedia.org/resource/Glen_Van_Brummelen"
    },
    {
        "subject": "http://dbpedia.org/resource/Caren_Diefenderfer",
        "predicate": "http://dbpedia.org/ontology/wikiPageWikiLink",
        "object": "http://dbpedia.org/resource/Janet_Barnett"
    },
    {
        "subject": "http://dbpedia.org/resource/Caren_Diefenderfer",
        "predicate": "http://dbpedia.org/ontology/wikiPageWikiLink",
        "object": "http://dbpedia.org/resource/Joel_Brawley"
    },
    {
        "subject": "http://dbpedia.org/resource/Caren_Diefenderfer",
        "predicate": "http://dbpedia.org/ontology/wikiPageWikiLink",
        "object": "http://dbpedia.org/resource/Justin_Jesse_Price"
    },
    {
        "subject": "http://dbpedia.org/resource/Caren_Diefenderfer",
        "predicate": "http://dbpedia.org/ontology/wikiPageWikiLink",
        "object": "http://dbpedia.org/resource/Lisa_Mantini"
    },
    {
        "subject": "http://dbpedia.org/resource/Caren_Diefenderfer",
        "predicate": "http://dbpedia.org/ontology/wikiPageWikiLink",
        "object": "http://dbpedia.org/resource/Category:1991_establishments_in_the_United_States"
    },
    {
        "subject": "http://dbpedia.org/resource/Caren_Diefenderfer",
        "predicate": "http://dbpedia.org/ontology/wikiPageWikiLink",
        "object": "http://dbpedia.org/resource/Pamela_E._Harris"
    },
    {
        "subject": "http://dbpedia.org/resource/Caren_Diefenderfer",
        "predicate": "http://dbpedia.org/ontology/wikiPageWikiLink",
        "object": "http://dbpedia.org/resource/Caren_Diefenderfer"
    },
    {
        "subject": "http://dbpedia.org/resource/Caren_Diefenderfer",
        "predicate": "http://dbpedia.org/ontology/wikiPageWikiLink",
        "object": "http://dbpedia.org/resource/Carl_Pomerance"
    },
    {
        "subject": "http://dbpedia.org/resource/Caren_Diefenderfer",
        "predicate": "http://dbpedia.org/ontology/wikiPageWikiLink",
        "object": "http://dbpedia.org/resource/Judith_Covington"
    },
    {
        "subject": "http://dbpedia.org/resource/Caren_Diefenderfer",
        "predicate": "http://dbpedia.org/ontology/wikiPageWikiLink",
        "object": "http://dbpedia.org/resource/Judith_Grabiner"
    },
    {
        "subject": "http://dbpedia.org/resource/Caren_Diefenderfer",
        "predicate": "http://dbpedia.org/ontology/wikiPageWikiLink",
        "object": "http://dbpedia.org/resource/Judy_L._Walker"
    },
    {
        "subject": "http://dbpedia.org/resource/Caren_Diefenderfer",
        "predicate": "http://dbpedia.org/ontology/wikiPageWikiLink",
        "object": "http://dbpedia.org/resource/Karen_Rhea"
    },
    {
        "subject": "http://dbpedia.org/resource/Caren_Diefenderfer",
        "predicate": "http://dbpedia.org/ontology/wikiPageWikiLink",
        "object": "http://dbpedia.org/resource/Keith_Stroyan"
    },
    {
        "subject": "http://dbpedia.org/resource/Caren_Diefenderfer",
        "predicate": "http://dbpedia.org/ontology/wikiPageWikiLink",
        "object": "http://dbpedia.org/resource/Kenneth_I._Gross"
    },
    {
        "subject": "http://dbpedia.org/resource/Caren_Diefenderfer",
        "predicate": "http://dbpedia.org/ontology/wikiPageWikiLink",
        "object": "http://dbpedia.org/resource/Herbert_Wilf"
    },
    {
        "subject": "http://dbpedia.org/resource/Caren_Diefenderfer",
        "predicate": "http://dbpedia.org/ontology/wikiPageWikiLink",
        "object": "http://dbpedia.org/resource/James_A._Morrow"
    },
    {
        "subject": "http://dbpedia.org/resource/Caren_Diefenderfer",
        "predicate": "http://dbpedia.org/ontology/wikiPageWikiLink",
        "object": "http://dbpedia.org/resource/Tevian_Dray"
    },
    {
        "subject": "http://dbpedia.org/resource/Caren_Diefenderfer",
        "predicate": "http://dbpedia.org/ontology/wikiPageWikiLink",
        "object": "http://dbpedia.org/resource/Jennifer_Quinn"
    },
    {
        "subject": "http://dbpedia.org/resource/Caren_Diefenderfer",
        "predicate": "http://dbpedia.org/ontology/wikiPageWikiLink",
        "object": "http://dbpedia.org/resource/Jennifer_Switkes"
    },
    {
        "subject": "http://dbpedia.org/resource/Caren_Diefenderfer",
        "predicate": "http://dbpedia.org/ontology/wikiPageWikiLink",
        "object": "http://dbpedia.org/resource/Margaret_M._Robinson"
    },
    {
        "subject": "http://dbpedia.org/resource/Caren_Diefenderfer",
        "predicate": "http://dbpedia.org/ontology/wikiPageWikiLink",
        "object": "http://dbpedia.org/resource/Arthur_T._Benjamin"
    },
    {
        "subject": "http://dbpedia.org/resource/Caren_Diefenderfer",
        "predicate": "http://dbpedia.org/ontology/wikiPageWikiLink",
        "object": "http://dbpedia.org/resource/Category:American_awards"
    },
    {
        "subject": "http://dbpedia.org/resource/Caren_Diefenderfer",
        "predicate": "http://dbpedia.org/ontology/wikiPageWikiLink",
        "object": "http://dbpedia.org/resource/Category:Awards_established_in_1991"
    },
    {
        "subject": "http://dbpedia.org/resource/Caren_Diefenderfer",
        "predicate": "http://dbpedia.org/ontology/wikiPageWikiLink",
        "object": "http://dbpedia.org/resource/Category:Awards_of_the_Mathematical_Association_of_America"
    },
    {
        "subject": "http://dbpedia.org/resource/Caren_Diefenderfer",
        "predicate": "http://dbpedia.org/ontology/wikiPageWikiLink",
        "object": "http://dbpedia.org/resource/Category:Mathematics_education_awards"
    },
    {
        "subject": "http://dbpedia.org/resource/Caren_Diefenderfer",
        "predicate": "http://dbpedia.org/ontology/wikiPageWikiLink",
        "object": "http://dbpedia.org/resource/Alan_Tucker"
    },
    {
        "subject": "http://dbpedia.org/resource/Caren_Diefenderfer",
        "predicate": "http://dbpedia.org/ontology/wikiPageWikiLink",
        "object": "http://dbpedia.org/resource/Joan_Hutchinson"
    },
    {
        "subject": "http://dbpedia.org/resource/Caren_Diefenderfer",
        "predicate": "http://dbpedia.org/ontology/wikiPageWikiLink",
        "object": "http://dbpedia.org/resource/T._Christine_Stevens"
    },
    {
        "subject": "http://dbpedia.org/resource/Caren_Diefenderfer",
        "predicate": "http://dbpedia.org/ontology/wikiPageWikiLink",
        "object": "http://dbpedia.org/resource/Colin_Adams_(mathematician)"
    },
    {
        "subject": "http://dbpedia.org/resource/Caren_Diefenderfer",
        "predicate": "http://dbpedia.org/ontology/wikiPageWikiLink",
        "object": "http://dbpedia.org/resource/College"
    },
    {
        "subject": "http://dbpedia.org/resource/Caren_Diefenderfer",
        "predicate": "http://dbpedia.org/ontology/wikiPageWikiLink",
        "object": "http://dbpedia.org/resource/Teacher"
    },
    {
        "subject": "http://dbpedia.org/resource/Caren_Diefenderfer",
        "predicate": "http://dbpedia.org/ontology/wikiPageWikiLink",
        "object": "http://dbpedia.org/resource/Doris_Schattschneider"
    },
    {
        "subject": "http://dbpedia.org/resource/Caren_Diefenderfer",
        "predicate": "http://dbpedia.org/ontology/wikiPageWikiLink",
        "object": "http://dbpedia.org/resource/Michael_Dorff"
    },
    {
        "subject": "http://dbpedia.org/resource/Caren_Diefenderfer",
        "predicate": "http://dbpedia.org/ontology/wikiPageWikiLink",
        "object": "http://dbpedia.org/resource/Mathematical_Association_of_America"
    },
    {
        "subject": "http://dbpedia.org/resource/Caren_Diefenderfer",
        "predicate": "http://dbpedia.org/ontology/wikiPageWikiLink",
        "object": "http://dbpedia.org/resource/Shahriar_Shahriari"
    },
    {
        "subject": "http://dbpedia.org/resource/Caren_Diefenderfer",
        "predicate": "http://dbpedia.org/ontology/wikiPageWikiLink",
        "object": "http://dbpedia.org/resource/Susan_Loepp"
    },
    {
        "subject": "http://dbpedia.org/resource/Caren_Diefenderfer",
        "predicate": "http://dbpedia.org/ontology/wikiPageWikiLink",
        "object": "http://dbpedia.org/resource/Evelyn_Silvia"
    },
    {
        "subject": "http://dbpedia.org/resource/Caren_Diefenderfer",
        "predicate": "http://dbpedia.org/ontology/wikiPageWikiLink",
        "object": "http://dbpedia.org/resource/Thomas_Banchoff"
    },
    {
        "subject": "http://dbpedia.org/resource/Caren_Diefenderfer",
        "predicate": "http://dbpedia.org/ontology/wikiPageWikiLink",
        "object": "http://dbpedia.org/resource/Rhonda_Hatcher"
    },
    {
        "subject": "http://dbpedia.org/resource/Caren_Diefenderfer",
        "predicate": "http://dbpedia.org/ontology/wikiPageWikiLink",
        "object": "http://dbpedia.org/resource/Satyan_Devadoss"
    },
    {
        "subject": "http://dbpedia.org/resource/Caren_Diefenderfer",
        "predicate": "http://dbpedia.org/ontology/wikiPageWikiLink",
        "object": "http://dbpedia.org/resource/Suzanne_Dor\u00e9e"
    },
    {
        "subject": "http://dbpedia.org/resource/Caren_Diefenderfer",
        "predicate": "http://dbpedia.org/ontology/wikiPageWikiLink",
        "object": "http://dbpedia.org/resource/Suzanne_Weekes"
    },
    {
        "subject": "http://dbpedia.org/resource/Caren_Diefenderfer",
        "predicate": "http://dbpedia.org/ontology/wikiPageWikiLink",
        "object": "http://dbpedia.org/resource/Cabiria_Andreian_Cazacu"
    },
    {
        "subject": "http://dbpedia.org/resource/Caren_Diefenderfer",
        "predicate": "http://dbpedia.org/ontology/wikiPageWikiLink",
        "object": "http://dbpedia.org/resource/Camille_McKayle"
    },
    {
        "subject": "http://dbpedia.org/resource/Caren_Diefenderfer",
        "predicate": "http://dbpedia.org/ontology/wikiPageWikiLink",
        "object": "http://dbpedia.org/resource/Carina_Curto"
    },
    {
        "subject": "http://dbpedia.org/resource/Caren_Diefenderfer",
        "predicate": "http://dbpedia.org/ontology/wikiPageWikiLink",
        "object": "http://dbpedia.org/resource/Carol_Jane_Anger_Rieke"
    },
    {
        "subject": "http://dbpedia.org/resource/Caren_Diefenderfer",
        "predicate": "http://dbpedia.org/ontology/wikiPageWikiLink",
        "object": "http://dbpedia.org/resource/Carol_Wood"
    },
    {
        "subject": "http://dbpedia.org/resource/Caren_Diefenderfer",
        "predicate": "http://dbpedia.org/ontology/wikiPageWikiLink",
        "object": "http://dbpedia.org/resource/Carola-Bibiane_Sch\u00f6nlieb"
    },
    {
        "subject": "http://dbpedia.org/resource/Caren_Diefenderfer",
        "predicate": "http://dbpedia.org/ontology/wikiPageWikiLink",
        "object": "http://dbpedia.org/resource/Carole_Lacampagne"
    },
    {
        "subject": "http://dbpedia.org/resource/Caren_Diefenderfer",
        "predicate": "http://dbpedia.org/ontology/wikiPageWikiLink",
        "object": "http://dbpedia.org/resource/Carolina_Araujo_(mathematician)"
    },
    {
        "subject": "http://dbpedia.org/resource/Caren_Diefenderfer",
        "predicate": "http://dbpedia.org/ontology/wikiPageWikiLink",
        "object": "http://dbpedia.org/resource/Caroline_Series"
    },
    {
        "subject": "http://dbpedia.org/resource/Caren_Diefenderfer",
        "predicate": "http://dbpedia.org/ontology/wikiPageWikiLink",
        "object": "http://dbpedia.org/resource/Carolyn_A._Maher"
    },
    {
        "subject": "http://dbpedia.org/resource/Caren_Diefenderfer",
        "predicate": "http://dbpedia.org/ontology/wikiPageWikiLink",
        "object": "http://dbpedia.org/resource/Carolyn_Eisele"
    },
    {
        "subject": "http://dbpedia.org/resource/Caren_Diefenderfer",
        "predicate": "http://dbpedia.org/ontology/wikiPageWikiLink",
        "object": "http://dbpedia.org/resource/Carolyn_S._Gordon"
    },
    {
        "subject": "http://dbpedia.org/resource/Caren_Diefenderfer",
        "predicate": "http://dbpedia.org/ontology/wikiPageWikiLink",
        "object": "http://dbpedia.org/resource/Caryn_Navy"
    },
    {
        "subject": "http://dbpedia.org/resource/Caren_Diefenderfer",
        "predicate": "http://dbpedia.org/ontology/wikiPageWikiLink",
        "object": "http://dbpedia.org/resource/Ami_Radunskaya"
    },
    {
        "subject": "http://dbpedia.org/resource/Caren_Diefenderfer",
        "predicate": "http://dbpedia.org/ontology/wikiPageWikiLink",
        "object": "http://dbpedia.org/resource/Amy_C._King"
    },
    {
        "subject": "http://dbpedia.org/resource/Caren_Diefenderfer",
        "predicate": "http://dbpedia.org/ontology/wikiPageWikiLink",
        "object": "http://dbpedia.org/resource/Amy_Cohen-Corwin"
    },
    {
        "subject": "http://dbpedia.org/resource/Caren_Diefenderfer",
        "predicate": "http://dbpedia.org/ontology/wikiPageWikiLink",
        "object": "http://dbpedia.org/resource/Amy_Dahan"
    },
    {
        "subject": "http://dbpedia.org/resource/Caren_Diefenderfer",
        "predicate": "http://dbpedia.org/ontology/wikiPageWikiLink",
        "object": "http://dbpedia.org/resource/Beatrice_Meini"
    },
    {
        "subject": "http://dbpedia.org/resource/Caren_Diefenderfer",
        "predicate": "http://dbpedia.org/ontology/wikiPageWikiLink",
        "object": "http://dbpedia.org/resource/Beatrice_Pelloni"
    },
    {
        "subject": "http://dbpedia.org/resource/Caren_Diefenderfer",
        "predicate": "http://dbpedia.org/ontology/wikiPageWikiLink",
        "object": "http://dbpedia.org/resource/Beatrice_Rivi\u00e8re"
    },
    {
        "subject": "http://dbpedia.org/resource/Caren_Diefenderfer",
        "predicate": "http://dbpedia.org/ontology/wikiPageWikiLink",
        "object": "http://dbpedia.org/resource/Bego\u00f1a_Fern\u00e1ndez_(mathematician)"
    },
    {
        "subject": "http://dbpedia.org/resource/Caren_Diefenderfer",
        "predicate": "http://dbpedia.org/ontology/wikiPageWikiLink",
        "object": "http://dbpedia.org/resource/Priyanshi_Somani"
    }
]