[
    {
        "subject": "http://dbpedia.org/resource/Carina_Curto",
        "predicate": "http://dbpedia.org/ontology/wikiPageWikiLink",
        "object": "http://dbpedia.org/resource/Carina_Curto"
    },
    {
        "subject": "http://dbpedia.org/resource/Carina_Curto",
        "predicate": "http://dbpedia.org/ontology/wikiPageWikiLink",
        "object": "http://dbpedia.org/resource/Princeton_University"
    },
    {
        "subject": "http://dbpedia.org/resource/Carina_Curto",
        "predicate": "http://dbpedia.org/ontology/wikiPageWikiLink",
        "object": "http://dbpedia.org/resource/Bj\u00f6rn_Engquist"
    },
    {
        "subject": "http://dbpedia.org/resource/Carina_Curto",
        "predicate": "http://dbpedia.org/ontology/wikiPageWikiLink",
        "object": "http://dbpedia.org/resource/David_Kazhdan"
    },
    {
        "subject": "http://dbpedia.org/resource/Carina_Curto",
        "predicate": "http://dbpedia.org/ontology/wikiPageWikiLink",
        "object": "http://dbpedia.org/resource/Antonella_Grassi"
    },
    {
        "subject": "http://dbpedia.org/resource/Carina_Curto",
        "predicate": "http://dbpedia.org/ontology/wikiPageWikiLink",
        "object": "http://dbpedia.org/resource/University_of_California,_Santa_Barbara"
    },
    {
        "subject": "http://dbpedia.org/resource/Carina_Curto",
        "predicate": "http://dbpedia.org/ontology/wikiPageWikiLink",
        "object": "http://dbpedia.org/resource/Category:Living_people"
    },
    {
        "subject": "http://dbpedia.org/resource/Carina_Curto",
        "predicate": "http://dbpedia.org/ontology/wikiPageWikiLink",
        "object": "http://dbpedia.org/resource/Cornell_University"
    },
    {
        "subject": "http://dbpedia.org/resource/Carina_Curto",
        "predicate": "http://dbpedia.org/ontology/wikiPageWikiLink",
        "object": "http://dbpedia.org/resource/Mathematical_Sciences_Research_Institute"
    },
    {
        "subject": "http://dbpedia.org/resource/Carina_Curto",
        "predicate": "http://dbpedia.org/ontology/wikiPageWikiLink",
        "object": "http://dbpedia.org/resource/Clay_Mathematics_Institute"
    },
    {
        "subject": "http://dbpedia.org/resource/Carina_Curto",
        "predicate": "http://dbpedia.org/ontology/wikiPageWikiLink",
        "object": "http://dbpedia.org/resource/Category:Mathematicians_from_California"
    },
    {
        "subject": "http://dbpedia.org/resource/Carina_Curto",
        "predicate": "http://dbpedia.org/ontology/wikiPageWikiLink",
        "object": "http://dbpedia.org/resource/Edward_Witten"
    },
    {
        "subject": "http://dbpedia.org/resource/Carina_Curto",
        "predicate": "http://dbpedia.org/ontology/wikiPageWikiLink",
        "object": "http://dbpedia.org/resource/Mirror_symmetry_(string_theory)"
    },
    {
        "subject": "http://dbpedia.org/resource/Carina_Curto",
        "predicate": "http://dbpedia.org/ontology/wikiPageWikiLink",
        "object": "http://dbpedia.org/resource/String_theory"
    },
    {
        "subject": "http://dbpedia.org/resource/Carina_Curto",
        "predicate": "http://dbpedia.org/ontology/wikiPageWikiLink",
        "object": "http://dbpedia.org/resource/Category:1955_births"
    },
    {
        "subject": "http://dbpedia.org/resource/Carina_Curto",
        "predicate": "http://dbpedia.org/ontology/wikiPageWikiLink",
        "object": "http://dbpedia.org/resource/Category:20th-century_American_mathematicians"
    },
    {
        "subject": "http://dbpedia.org/resource/Carina_Curto",
        "predicate": "http://dbpedia.org/ontology/wikiPageWikiLink",
        "object": "http://dbpedia.org/resource/Category:21st-century_American_mathematicians"
    },
    {
        "subject": "http://dbpedia.org/resource/Carina_Curto",
        "predicate": "http://dbpedia.org/ontology/wikiPageWikiLink",
        "object": "http://dbpedia.org/resource/Category:Duke_University_faculty"
    },
    {
        "subject": "http://dbpedia.org/resource/Carina_Curto",
        "predicate": "http://dbpedia.org/ontology/wikiPageWikiLink",
        "object": "http://dbpedia.org/resource/Category:Fellows_of_the_American_Academy_of_Arts_and_Sciences"
    },
    {
        "subject": "http://dbpedia.org/resource/Carina_Curto",
        "predicate": "http://dbpedia.org/ontology/wikiPageWikiLink",
        "object": "http://dbpedia.org/resource/Category:Harvard_Graduate_School_of_Arts_and_Sciences_alumni"
    },
    {
        "subject": "http://dbpedia.org/resource/Carina_Curto",
        "predicate": "http://dbpedia.org/ontology/wikiPageWikiLink",
        "object": "http://dbpedia.org/resource/Category:Princeton_University_alumni"
    },
    {
        "subject": "http://dbpedia.org/resource/Carina_Curto",
        "predicate": "http://dbpedia.org/ontology/wikiPageWikiLink",
        "object": "http://dbpedia.org/resource/Wilfried_Schmid"
    },
    {
        "subject": "http://dbpedia.org/resource/Carina_Curto",
        "predicate": "http://dbpedia.org/ontology/wikiPageWikiLink",
        "object": "http://dbpedia.org/resource/Algebraic_geometry"
    },
    {
        "subject": "http://dbpedia.org/resource/Carina_Curto",
        "predicate": "http://dbpedia.org/ontology/wikiPageWikiLink",
        "object": "http://dbpedia.org/resource/American_Academy_of_Arts_and_Sciences"
    },
    {
        "subject": "http://dbpedia.org/resource/Carina_Curto",
        "predicate": "http://dbpedia.org/ontology/wikiPageWikiLink",
        "object": "http://dbpedia.org/resource/American_Mathematical_Society"
    },
    {
        "subject": "http://dbpedia.org/resource/Carina_Curto",
        "predicate": "http://dbpedia.org/ontology/wikiPageWikiLink",
        "object": "http://dbpedia.org/resource/Duke_University"
    },
    {
        "subject": "http://dbpedia.org/resource/Carina_Curto",
        "predicate": "http://dbpedia.org/ontology/wikiPageWikiLink",
        "object": "http://dbpedia.org/resource/Kavli_Institute_for_Theoretical_Physics"
    },
    {
        "subject": "http://dbpedia.org/resource/Carina_Curto",
        "predicate": "http://dbpedia.org/ontology/wikiPageWikiLink",
        "object": "http://dbpedia.org/resource/List_of_International_Congresses_of_Mathematicians_Plenary_and_Invited_Speakers"
    },
    {
        "subject": "http://dbpedia.org/resource/Carina_Curto",
        "predicate": "http://dbpedia.org/ontology/wikiPageWikiLink",
        "object": "http://dbpedia.org/resource/Harvard_University"
    },
    {
        "subject": "http://dbpedia.org/resource/Carina_Curto",
        "predicate": "http://dbpedia.org/ontology/wikiPageWikiLink",
        "object": "http://dbpedia.org/resource/Isadore_Singer"
    },
    {
        "subject": "http://dbpedia.org/resource/Carina_Curto",
        "predicate": "http://dbpedia.org/ontology/wikiPageWikiLink",
        "object": "http://dbpedia.org/resource/Category:Fellows_of_the_American_Mathematical_Society"
    },
    {
        "subject": "http://dbpedia.org/resource/Carina_Curto",
        "predicate": "http://dbpedia.org/ontology/wikiPageWikiLink",
        "object": "http://dbpedia.org/resource/Category:University_of_California,_Santa_Barbara_faculty"
    },
    {
        "subject": "http://dbpedia.org/resource/Carina_Curto",
        "predicate": "http://dbpedia.org/ontology/wikiPageWikiLink",
        "object": "http://dbpedia.org/resource/Category:American_string_theorists"
    },
    {
        "subject": "http://dbpedia.org/resource/Carina_Curto",
        "predicate": "http://dbpedia.org/ontology/wikiPageWikiLink",
        "object": "http://dbpedia.org/resource/John_Morgan_(mathematician)"
    },
    {
        "subject": "http://dbpedia.org/resource/Carina_Curto",
        "predicate": "http://dbpedia.org/ontology/wikiPageWikiLink",
        "object": "http://dbpedia.org/resource/J\u00e1nos_Koll\u00e1r"
    },
    {
        "subject": "http://dbpedia.org/resource/Carina_Curto",
        "predicate": "http://dbpedia.org/ontology/wikiPageWikiLink",
        "object": "http://dbpedia.org/resource/Phillip_Griffiths"
    },
    {
        "subject": "http://dbpedia.org/resource/Carina_Curto",
        "predicate": "http://dbpedia.org/ontology/wikiPageWikiLink",
        "object": "http://dbpedia.org/resource/Pierre_Deligne"
    },
    {
        "subject": "http://dbpedia.org/resource/Carina_Curto",
        "predicate": "http://dbpedia.org/ontology/wikiPageWikiLink",
        "object": "http://dbpedia.org/resource/Institute_for_Advanced_Study"
    },
    {
        "subject": "http://dbpedia.org/resource/Carina_Curto",
        "predicate": "http://dbpedia.org/ontology/wikiPageWikiLink",
        "object": "http://dbpedia.org/resource/Oakland,_California"
    },
    {
        "subject": "http://dbpedia.org/resource/Carina_Curto",
        "predicate": "http://dbpedia.org/ontology/wikiPageWikiLink",
        "object": "http://dbpedia.org/resource/Pavel_Etingof"
    },
    {
        "subject": "http://dbpedia.org/resource/Carina_Curto",
        "predicate": "http://dbpedia.org/ontology/wikiPageWikiLink",
        "object": "http://dbpedia.org/resource/University_of_Kyoto"
    },
    {
        "subject": "http://dbpedia.org/resource/Carina_Curto",
        "predicate": "http://dbpedia.org/ontology/wikiPageWikiLink",
        "object": "http://dbpedia.org/resource/Lisa_C._Jeffrey"
    },
    {
        "subject": "http://dbpedia.org/resource/Carina_Curto",
        "predicate": "http://dbpedia.org/ontology/wikiPageWikiLink",
        "object": "http://dbpedia.org/resource/Guggenheim_Fellow"
    },
    {
        "subject": "http://dbpedia.org/resource/Carina_Curto",
        "predicate": "http://dbpedia.org/ontology/wikiPageWikiLink",
        "object": "http://dbpedia.org/resource/Cabiria_Andreian_Cazacu"
    },
    {
        "subject": "http://dbpedia.org/resource/Carina_Curto",
        "predicate": "http://dbpedia.org/ontology/wikiPageWikiLink",
        "object": "http://dbpedia.org/resource/Camille_McKayle"
    },
    {
        "subject": "http://dbpedia.org/resource/Carina_Curto",
        "predicate": "http://dbpedia.org/ontology/wikiPageWikiLink",
        "object": "http://dbpedia.org/resource/Carina_Curto"
    },
    {
        "subject": "http://dbpedia.org/resource/Carina_Curto",
        "predicate": "http://dbpedia.org/ontology/wikiPageWikiLink",
        "object": "http://dbpedia.org/resource/Carol_Jane_Anger_Rieke"
    },
    {
        "subject": "http://dbpedia.org/resource/Carina_Curto",
        "predicate": "http://dbpedia.org/ontology/wikiPageWikiLink",
        "object": "http://dbpedia.org/resource/Carol_Wood"
    },
    {
        "subject": "http://dbpedia.org/resource/Carina_Curto",
        "predicate": "http://dbpedia.org/ontology/wikiPageWikiLink",
        "object": "http://dbpedia.org/resource/Carola-Bibiane_Sch\u00f6nlieb"
    },
    {
        "subject": "http://dbpedia.org/resource/Carina_Curto",
        "predicate": "http://dbpedia.org/ontology/wikiPageWikiLink",
        "object": "http://dbpedia.org/resource/Carole_Lacampagne"
    },
    {
        "subject": "http://dbpedia.org/resource/Carina_Curto",
        "predicate": "http://dbpedia.org/ontology/wikiPageWikiLink",
        "object": "http://dbpedia.org/resource/Carolina_Araujo_(mathematician)"
    },
    {
        "subject": "http://dbpedia.org/resource/Carina_Curto",
        "predicate": "http://dbpedia.org/ontology/wikiPageWikiLink",
        "object": "http://dbpedia.org/resource/Caroline_Series"
    },
    {
        "subject": "http://dbpedia.org/resource/Carina_Curto",
        "predicate": "http://dbpedia.org/ontology/wikiPageWikiLink",
        "object": "http://dbpedia.org/resource/Carolyn_A._Maher"
    },
    {
        "subject": "http://dbpedia.org/resource/Carina_Curto",
        "predicate": "http://dbpedia.org/ontology/wikiPageWikiLink",
        "object": "http://dbpedia.org/resource/Carolyn_Eisele"
    },
    {
        "subject": "http://dbpedia.org/resource/Carina_Curto",
        "predicate": "http://dbpedia.org/ontology/wikiPageWikiLink",
        "object": "http://dbpedia.org/resource/Carolyn_S._Gordon"
    },
    {
        "subject": "http://dbpedia.org/resource/Carina_Curto",
        "predicate": "http://dbpedia.org/ontology/wikiPageWikiLink",
        "object": "http://dbpedia.org/resource/Caryn_Navy"
    },
    {
        "subject": "http://dbpedia.org/resource/Carina_Curto",
        "predicate": "http://dbpedia.org/ontology/wikiPageWikiLink",
        "object": "http://dbpedia.org/resource/Ami_Radunskaya"
    },
    {
        "subject": "http://dbpedia.org/resource/Carina_Curto",
        "predicate": "http://dbpedia.org/ontology/wikiPageWikiLink",
        "object": "http://dbpedia.org/resource/Amy_C._King"
    },
    {
        "subject": "http://dbpedia.org/resource/Carina_Curto",
        "predicate": "http://dbpedia.org/ontology/wikiPageWikiLink",
        "object": "http://dbpedia.org/resource/Amy_Cohen-Corwin"
    },
    {
        "subject": "http://dbpedia.org/resource/Carina_Curto",
        "predicate": "http://dbpedia.org/ontology/wikiPageWikiLink",
        "object": "http://dbpedia.org/resource/Amy_Dahan"
    },
    {
        "subject": "http://dbpedia.org/resource/Carina_Curto",
        "predicate": "http://dbpedia.org/ontology/wikiPageWikiLink",
        "object": "http://dbpedia.org/resource/Beatrice_Meini"
    },
    {
        "subject": "http://dbpedia.org/resource/Carina_Curto",
        "predicate": "http://dbpedia.org/ontology/wikiPageWikiLink",
        "object": "http://dbpedia.org/resource/Beatrice_Pelloni"
    },
    {
        "subject": "http://dbpedia.org/resource/Carina_Curto",
        "predicate": "http://dbpedia.org/ontology/wikiPageWikiLink",
        "object": "http://dbpedia.org/resource/Beatrice_Rivi\u00e8re"
    },
    {
        "subject": "http://dbpedia.org/resource/Carina_Curto",
        "predicate": "http://dbpedia.org/ontology/wikiPageWikiLink",
        "object": "http://dbpedia.org/resource/Bego\u00f1a_Fern\u00e1ndez_(mathematician)"
    },
    {
        "subject": "http://dbpedia.org/resource/Carina_Curto",
        "predicate": "http://dbpedia.org/ontology/wikiPageWikiLink",
        "object": "http://dbpedia.org/resource/Priyanshi_Somani"
    },
    {
        "subject": "http://dbpedia.org/resource/Carina_Curto",
        "predicate": "http://dbpedia.org/ontology/wikiPageWikiLink",
        "object": "http://dbpedia.org/resource/Rosa_M._Morris"
    },
    {
        "subject": "http://dbpedia.org/resource/Carina_Curto",
        "predicate": "http://dbpedia.org/ontology/wikiPageWikiLink",
        "object": "http://dbpedia.org/resource/Rosalind_Tanner"
    },
    {
        "subject": "http://dbpedia.org/resource/Carina_Curto",
        "predicate": "http://dbpedia.org/ontology/wikiPageWikiLink",
        "object": "http://dbpedia.org/resource/Rose_Peltesohn"
    },
    {
        "subject": "http://dbpedia.org/resource/Carina_Curto",
        "predicate": "http://dbpedia.org/ontology/wikiPageWikiLink",
        "object": "http://dbpedia.org/resource/Rose_Whelan_Sedgewick"
    },
    {
        "subject": "http://dbpedia.org/resource/Carina_Curto",
        "predicate": "http://dbpedia.org/ontology/wikiPageWikiLink",
        "object": "http://dbpedia.org/resource/Rozetta_Zhilina"
    },
    {
        "subject": "http://dbpedia.org/resource/Carina_Curto",
        "predicate": "http://dbpedia.org/ontology/wikiPageWikiLink",
        "object": "http://dbpedia.org/resource/Sandra_Collins_(librarian)"
    },
    {
        "subject": "http://dbpedia.org/resource/Carina_Curto",
        "predicate": "http://dbpedia.org/ontology/wikiPageWikiLink",
        "object": "http://dbpedia.org/resource/Sara_Billey"
    },
    {
        "subject": "http://dbpedia.org/resource/Carina_Curto",
        "predicate": "http://dbpedia.org/ontology/wikiPageWikiLink",
        "object": "http://dbpedia.org/resource/Sarah_J._Greenwald"
    },
    {
        "subject": "http://dbpedia.org/resource/Carina_Curto",
        "predicate": "http://dbpedia.org/ontology/wikiPageWikiLink",
        "object": "http://dbpedia.org/resource/Sarah_Witherspoon"
    },
    {
        "subject": "http://dbpedia.org/resource/Carina_Curto",
        "predicate": "http://dbpedia.org/ontology/wikiPageWikiLink",
        "object": "http://dbpedia.org/resource/Elaine_Chew"
    },
    {
        "subject": "http://dbpedia.org/resource/Carina_Curto",
        "predicate": "http://dbpedia.org/ontology/wikiPageWikiLink",
        "object": "http://dbpedia.org/resource/Elaine_Cohen"
    },
    {
        "subject": "http://dbpedia.org/resource/Carina_Curto",
        "predicate": "http://dbpedia.org/ontology/wikiPageWikiLink",
        "object": "http://dbpedia.org/resource/Elayne_Arrington"
    },
    {
        "subject": "http://dbpedia.org/resource/Carina_Curto",
        "predicate": "http://dbpedia.org/ontology/wikiPageWikiLink",
        "object": "http://dbpedia.org/resource/Eleanor_Jones"
    },
    {
        "subject": "http://dbpedia.org/resource/Carina_Curto",
        "predicate": "http://dbpedia.org/ontology/wikiPageWikiLink",
        "object": "http://dbpedia.org/resource/Eleanor_Krawitz_Kolchin"
    },
    {
        "subject": "http://dbpedia.org/resource/Carina_Curto",
        "predicate": "http://dbpedia.org/ontology/wikiPageWikiLink",
        "object": "http://dbpedia.org/resource/Eleanor_Mollie_Horadam"
    },
    {
        "subject": "http://dbpedia.org/resource/Carina_Curto",
        "predicate": "http://dbpedia.org/ontology/wikiPageWikiLink",
        "object": "http://dbpedia.org/resource/Eleanor_P._Cushing"
    },
    {
        "subject": "http://dbpedia.org/resource/Carina_Curto",
        "predicate": "http://dbpedia.org/ontology/wikiPageWikiLink",
        "object": "http://dbpedia.org/resource/Eleanor_Rieffel"
    },
    {
        "subject": "http://dbpedia.org/resource/Carina_Curto",
        "predicate": "http://dbpedia.org/ontology/wikiPageWikiLink",
        "object": "http://dbpedia.org/resource/Elena_Braverman"
    },
    {
        "subject": "http://dbpedia.org/resource/Carina_Curto",
        "predicate": "http://dbpedia.org/ontology/wikiPageWikiLink",
        "object": "http://dbpedia.org/resource/Elena_Celledoni"
    },
    {
        "subject": "http://dbpedia.org/resource/Carina_Curto",
        "predicate": "http://dbpedia.org/ontology/wikiPageWikiLink",
        "object": "http://dbpedia.org/resource/Elena_Deza"
    },
    {
        "subject": "http://dbpedia.org/resource/Carina_Curto",
        "predicate": "http://dbpedia.org/ontology/wikiPageWikiLink",
        "object": "http://dbpedia.org/resource/Elena_Fern\u00e1ndez"
    },
    {
        "subject": "http://dbpedia.org/resource/Carina_Curto",
        "predicate": "http://dbpedia.org/ontology/wikiPageWikiLink",
        "object": "http://dbpedia.org/resource/Elena_Freda"
    },
    {
        "subject": "http://dbpedia.org/resource/Carina_Curto",
        "predicate": "http://dbpedia.org/ontology/wikiPageWikiLink",
        "object": "http://dbpedia.org/resource/Elena_Marchisotto"
    },
    {
        "subject": "http://dbpedia.org/resource/Carina_Curto",
        "predicate": "http://dbpedia.org/ontology/wikiPageWikiLink",
        "object": "http://dbpedia.org/resource/Elena_Moldovan_Popoviciu"
    },
    {
        "subject": "http://dbpedia.org/resource/Carina_Curto",
        "predicate": "http://dbpedia.org/ontology/wikiPageWikiLink",
        "object": "http://dbpedia.org/resource/Elena_V\u00e1zquez_Cend\u00f3n"
    },
    {
        "subject": "http://dbpedia.org/resource/Carina_Curto",
        "predicate": "http://dbpedia.org/ontology/wikiPageWikiLink",
        "object": "http://dbpedia.org/resource/Eleny_Ionel"
    },
    {
        "subject": "http://dbpedia.org/resource/Carina_Curto",
        "predicate": "http://dbpedia.org/ontology/wikiPageWikiLink",
        "object": "http://dbpedia.org/resource/Eleonora_Di_Nezza"
    },
    {
        "subject": "http://dbpedia.org/resource/Carina_Curto",
        "predicate": "http://dbpedia.org/ontology/wikiPageWikiLink",
        "object": "http://dbpedia.org/resource/Elham_Kazemi"
    },
    {
        "subject": "http://dbpedia.org/resource/Carina_Curto",
        "predicate": "http://dbpedia.org/ontology/wikiPageWikiLink",
        "object": "http://dbpedia.org/resource/Eliane_R._Rodrigues"
    },
    {
        "subject": "http://dbpedia.org/resource/Carina_Curto",
        "predicate": "http://dbpedia.org/ontology/wikiPageWikiLink",
        "object": "http://dbpedia.org/resource/Elisabeth_Larsson_(scientific_computing)"
    },
    {
        "subject": "http://dbpedia.org/resource/Carina_Curto",
        "predicate": "http://dbpedia.org/ontology/wikiPageWikiLink",
        "object": "http://dbpedia.org/resource/Elisabeth_M._Werner"
    },
    {
        "subject": "http://dbpedia.org/resource/Carina_Curto",
        "predicate": "http://dbpedia.org/ontology/wikiPageWikiLink",
        "object": "http://dbpedia.org/resource/Elisabeth_Vreede"
    },
    {
        "subject": "http://dbpedia.org/resource/Carina_Curto",
        "predicate": "http://dbpedia.org/ontology/wikiPageWikiLink",
        "object": "http://dbpedia.org/resource/Ene-Margit_Tiit"
    },
    {
        "subject": "http://dbpedia.org/resource/Carina_Curto",
        "predicate": "http://dbpedia.org/ontology/wikiPageWikiLink",
        "object": "http://dbpedia.org/resource/Enriqueta_Gonz\u00e1lez_Baz"
    },
    {
        "subject": "http://dbpedia.org/resource/Carina_Curto",
        "predicate": "http://dbpedia.org/ontology/wikiPageWikiLink",
        "object": "http://dbpedia.org/resource/Category:Lists_of_mathematicians"
    }
]