[
    {
        "subject": "http://dbpedia.org/resource/Chantal_David",
        "predicate": "http://dbpedia.org/ontology/wikiPageWikiLink",
        "object": "http://dbpedia.org/resource/Totally_real_field"
    },
    {
        "subject": "http://dbpedia.org/resource/Chantal_David",
        "predicate": "http://dbpedia.org/ontology/wikiPageWikiLink",
        "object": "http://dbpedia.org/resource/Big-O_notation"
    },
    {
        "subject": "http://dbpedia.org/resource/Chantal_David",
        "predicate": "http://dbpedia.org/ontology/wikiPageWikiLink",
        "object": "http://dbpedia.org/resource/John_Tate_(mathematician)"
    },
    {
        "subject": "http://dbpedia.org/resource/Chantal_David",
        "predicate": "http://dbpedia.org/ontology/wikiPageWikiLink",
        "object": "http://dbpedia.org/resource/Peter_Sarnak"
    },
    {
        "subject": "http://dbpedia.org/resource/Chantal_David",
        "predicate": "http://dbpedia.org/ontology/wikiPageWikiLink",
        "object": "http://dbpedia.org/resource/Richard_Taylor_(mathematician)"
    },
    {
        "subject": "http://dbpedia.org/resource/Chantal_David",
        "predicate": "http://dbpedia.org/ontology/wikiPageWikiLink",
        "object": "http://dbpedia.org/resource/Elliptic_curve_cryptography"
    },
    {
        "subject": "http://dbpedia.org/resource/Chantal_David",
        "predicate": "http://dbpedia.org/ontology/wikiPageWikiLink",
        "object": "http://dbpedia.org/resource/Category:Conjectures"
    },
    {
        "subject": "http://dbpedia.org/resource/Chantal_David",
        "predicate": "http://dbpedia.org/ontology/wikiPageWikiLink",
        "object": "http://dbpedia.org/resource/Compact_Lie_group"
    },
    {
        "subject": "http://dbpedia.org/resource/Chantal_David",
        "predicate": "http://dbpedia.org/ontology/wikiPageWikiLink",
        "object": "http://dbpedia.org/resource/Mathematics"
    },
    {
        "subject": "http://dbpedia.org/resource/Chantal_David",
        "predicate": "http://dbpedia.org/ontology/wikiPageWikiLink",
        "object": "http://dbpedia.org/resource/SU(2)"
    },
    {
        "subject": "http://dbpedia.org/resource/Chantal_David",
        "predicate": "http://dbpedia.org/ontology/wikiPageWikiLink",
        "object": "http://dbpedia.org/resource/Elliptic_curve"
    },
    {
        "subject": "http://dbpedia.org/resource/Chantal_David",
        "predicate": "http://dbpedia.org/ontology/wikiPageWikiLink",
        "object": "http://dbpedia.org/resource/Conditional_proof"
    },
    {
        "subject": "http://dbpedia.org/resource/Chantal_David",
        "predicate": "http://dbpedia.org/ontology/wikiPageWikiLink",
        "object": "http://dbpedia.org/resource/Conjugacy_class"
    },
    {
        "subject": "http://dbpedia.org/resource/Chantal_David",
        "predicate": "http://dbpedia.org/ontology/wikiPageWikiLink",
        "object": "http://dbpedia.org/resource/Arithmetic_geometry"
    },
    {
        "subject": "http://dbpedia.org/resource/Chantal_David",
        "predicate": "http://dbpedia.org/ontology/wikiPageWikiLink",
        "object": "http://dbpedia.org/resource/Sug_Woo_Shin"
    },
    {
        "subject": "http://dbpedia.org/resource/Chantal_David",
        "predicate": "http://dbpedia.org/ontology/wikiPageWikiLink",
        "object": "http://dbpedia.org/resource/Complex_conjugate"
    },
    {
        "subject": "http://dbpedia.org/resource/Chantal_David",
        "predicate": "http://dbpedia.org/ontology/wikiPageWikiLink",
        "object": "http://dbpedia.org/resource/Complex_multiplication"
    },
    {
        "subject": "http://dbpedia.org/resource/Chantal_David",
        "predicate": "http://dbpedia.org/ontology/wikiPageWikiLink",
        "object": "http://dbpedia.org/resource/\u00c9tale_cohomology"
    },
    {
        "subject": "http://dbpedia.org/resource/Chantal_David",
        "predicate": "http://dbpedia.org/ontology/wikiPageWikiLink",
        "object": "http://dbpedia.org/resource/Michael_Harris_(mathematician)"
    },
    {
        "subject": "http://dbpedia.org/resource/Chantal_David",
        "predicate": "http://dbpedia.org/ontology/wikiPageWikiLink",
        "object": "http://dbpedia.org/resource/Galois_group"
    },
    {
        "subject": "http://dbpedia.org/resource/Chantal_David",
        "predicate": "http://dbpedia.org/ontology/wikiPageWikiLink",
        "object": "http://dbpedia.org/resource/Haar_measure"
    },
    {
        "subject": "http://dbpedia.org/resource/Chantal_David",
        "predicate": "http://dbpedia.org/ontology/wikiPageWikiLink",
        "object": "http://dbpedia.org/resource/Hasse's_theorem_on_elliptic_curves"
    },
    {
        "subject": "http://dbpedia.org/resource/Chantal_David",
        "predicate": "http://dbpedia.org/ontology/wikiPageWikiLink",
        "object": "http://dbpedia.org/resource/Laurent_Clozel"
    },
    {
        "subject": "http://dbpedia.org/resource/Chantal_David",
        "predicate": "http://dbpedia.org/ontology/wikiPageWikiLink",
        "object": "http://dbpedia.org/resource/Absolute_value"
    },
    {
        "subject": "http://dbpedia.org/resource/Chantal_David",
        "predicate": "http://dbpedia.org/ontology/wikiPageWikiLink",
        "object": "http://dbpedia.org/resource/Finite_field"
    },
    {
        "subject": "http://dbpedia.org/resource/Chantal_David",
        "predicate": "http://dbpedia.org/ontology/wikiPageWikiLink",
        "object": "http://dbpedia.org/resource/Breakthrough_Prize_in_Mathematics"
    },
    {
        "subject": "http://dbpedia.org/resource/Chantal_David",
        "predicate": "http://dbpedia.org/ontology/wikiPageWikiLink",
        "object": "http://dbpedia.org/resource/Nicholas_Shepherd-Barron"
    },
    {
        "subject": "http://dbpedia.org/resource/Chantal_David",
        "predicate": "http://dbpedia.org/ontology/wikiPageWikiLink",
        "object": "http://dbpedia.org/resource/Nick_Katz"
    },
    {
        "subject": "http://dbpedia.org/resource/Chantal_David",
        "predicate": "http://dbpedia.org/ontology/wikiPageWikiLink",
        "object": "http://dbpedia.org/resource/Hale_Trotter"
    },
    {
        "subject": "http://dbpedia.org/resource/Chantal_David",
        "predicate": "http://dbpedia.org/ontology/wikiPageWikiLink",
        "object": "http://dbpedia.org/resource/Isogeny"
    },
    {
        "subject": "http://dbpedia.org/resource/Chantal_David",
        "predicate": "http://dbpedia.org/ontology/wikiPageWikiLink",
        "object": "http://dbpedia.org/resource/Prime_number"
    },
    {
        "subject": "http://dbpedia.org/resource/Chantal_David",
        "predicate": "http://dbpedia.org/ontology/wikiPageWikiLink",
        "object": "http://dbpedia.org/resource/Statistical"
    },
    {
        "subject": "http://dbpedia.org/resource/Chantal_David",
        "predicate": "http://dbpedia.org/ontology/wikiPageWikiLink",
        "object": "http://dbpedia.org/resource/Category:Finite_fields"
    },
    {
        "subject": "http://dbpedia.org/resource/Chantal_David",
        "predicate": "http://dbpedia.org/ontology/wikiPageWikiLink",
        "object": "http://dbpedia.org/resource/Category:Unsolved_problems_in_geometry"
    },
    {
        "subject": "http://dbpedia.org/resource/Chantal_David",
        "predicate": "http://dbpedia.org/ontology/wikiPageWikiLink",
        "object": "http://dbpedia.org/resource/Chantal_David"
    },
    {
        "subject": "http://dbpedia.org/resource/Chantal_David",
        "predicate": "http://dbpedia.org/ontology/wikiPageWikiLink",
        "object": "http://dbpedia.org/resource/Arthur\u2013Selberg_trace_formula"
    },
    {
        "subject": "http://dbpedia.org/resource/Chantal_David",
        "predicate": "http://dbpedia.org/ontology/wikiPageWikiLink",
        "object": "http://dbpedia.org/resource/Sp(n)"
    },
    {
        "subject": "http://dbpedia.org/resource/Chantal_David",
        "predicate": "http://dbpedia.org/ontology/wikiPageWikiLink",
        "object": "http://dbpedia.org/resource/Mikio_Sato"
    },
    {
        "subject": "http://dbpedia.org/resource/Chantal_David",
        "predicate": "http://dbpedia.org/ontology/wikiPageWikiLink",
        "object": "http://dbpedia.org/resource/Category:Elliptic_curves"
    },
    {
        "subject": "http://dbpedia.org/resource/Chantal_David",
        "predicate": "http://dbpedia.org/ontology/wikiPageWikiLink",
        "object": "http://dbpedia.org/resource/Neal_Koblitz"
    },
    {
        "subject": "http://dbpedia.org/resource/Chantal_David",
        "predicate": "http://dbpedia.org/ontology/wikiPageWikiLink",
        "object": "http://dbpedia.org/resource/Rational_number"
    },
    {
        "subject": "http://dbpedia.org/resource/Chantal_David",
        "predicate": "http://dbpedia.org/ontology/wikiPageWikiLink",
        "object": "http://dbpedia.org/resource/Reduction_modulo_a_prime"
    },
    {
        "subject": "http://dbpedia.org/resource/Chantal_David",
        "predicate": "http://dbpedia.org/ontology/wikiPageWikiLink",
        "object": "http://dbpedia.org/resource/Serge_Lang"
    },
    {
        "subject": "http://dbpedia.org/resource/Chantal_David",
        "predicate": "http://dbpedia.org/ontology/wikiPageWikiLink",
        "object": "http://dbpedia.org/resource/Probability_measure"
    },
    {
        "subject": "http://dbpedia.org/resource/Chantal_David",
        "predicate": "http://dbpedia.org/ontology/wikiPageWikiLink",
        "object": "http://dbpedia.org/resource/Frobenius_element"
    },
    {
        "subject": "http://dbpedia.org/resource/Chantal_David",
        "predicate": "http://dbpedia.org/ontology/wikiPageWikiLink",
        "object": "http://dbpedia.org/resource/Galois_representation"
    },
    {
        "subject": "http://dbpedia.org/resource/Chantal_David",
        "predicate": "http://dbpedia.org/ontology/wikiPageWikiLink",
        "object": "http://dbpedia.org/resource/Eigenvalues"
    },
    {
        "subject": "http://dbpedia.org/resource/Chantal_David",
        "predicate": "http://dbpedia.org/ontology/wikiPageWikiLink",
        "object": "http://dbpedia.org/resource/David_Geraghty_(mathematician)"
    },
    {
        "subject": "http://dbpedia.org/resource/Chantal_David",
        "predicate": "http://dbpedia.org/ontology/wikiPageWikiLink",
        "object": "http://dbpedia.org/resource/Francesco_Pappalardi"
    },
    {
        "subject": "http://dbpedia.org/resource/Chantal_David",
        "predicate": "http://dbpedia.org/ontology/wikiPageWikiLink",
        "object": "http://dbpedia.org/resource/Thomas_Barnet-Lamb"
    },
    {
        "subject": "http://dbpedia.org/resource/Chantal_David",
        "predicate": "http://dbpedia.org/ontology/wikiPageWikiLink",
        "object": "http://dbpedia.org/resource/Cabiria_Andreian_Cazacu"
    },
    {
        "subject": "http://dbpedia.org/resource/Chantal_David",
        "predicate": "http://dbpedia.org/ontology/wikiPageWikiLink",
        "object": "http://dbpedia.org/resource/Calvin_C._Moore"
    },
    {
        "subject": "http://dbpedia.org/resource/Chantal_David",
        "predicate": "http://dbpedia.org/ontology/wikiPageWikiLink",
        "object": "http://dbpedia.org/resource/Carl_Jockusch"
    },
    {
        "subject": "http://dbpedia.org/resource/Chantal_David",
        "predicate": "http://dbpedia.org/ontology/wikiPageWikiLink",
        "object": "http://dbpedia.org/resource/Carl_Ludwig_Siegel"
    },
    {
        "subject": "http://dbpedia.org/resource/Chantal_David",
        "predicate": "http://dbpedia.org/ontology/wikiPageWikiLink",
        "object": "http://dbpedia.org/resource/Carl_R._de_Boor"
    },
    {
        "subject": "http://dbpedia.org/resource/Chantal_David",
        "predicate": "http://dbpedia.org/ontology/wikiPageWikiLink",
        "object": "http://dbpedia.org/resource/Carlo_Beenakker"
    },
    {
        "subject": "http://dbpedia.org/resource/Chantal_David",
        "predicate": "http://dbpedia.org/ontology/wikiPageWikiLink",
        "object": "http://dbpedia.org/resource/Carlos_Castillo-Chavez"
    },
    {
        "subject": "http://dbpedia.org/resource/Chantal_David",
        "predicate": "http://dbpedia.org/ontology/wikiPageWikiLink",
        "object": "http://dbpedia.org/resource/Carlos_J._Moreno"
    },
    {
        "subject": "http://dbpedia.org/resource/Chantal_David",
        "predicate": "http://dbpedia.org/ontology/wikiPageWikiLink",
        "object": "http://dbpedia.org/resource/Carol_Wood"
    },
    {
        "subject": "http://dbpedia.org/resource/Chantal_David",
        "predicate": "http://dbpedia.org/ontology/wikiPageWikiLink",
        "object": "http://dbpedia.org/resource/Caroline_Series"
    },
    {
        "subject": "http://dbpedia.org/resource/Chantal_David",
        "predicate": "http://dbpedia.org/ontology/wikiPageWikiLink",
        "object": "http://dbpedia.org/resource/Carolyn_S._Gordon"
    },
    {
        "subject": "http://dbpedia.org/resource/Chantal_David",
        "predicate": "http://dbpedia.org/ontology/wikiPageWikiLink",
        "object": "http://dbpedia.org/resource/Carsten_Lund"
    },
    {
        "subject": "http://dbpedia.org/resource/Chantal_David",
        "predicate": "http://dbpedia.org/ontology/wikiPageWikiLink",
        "object": "http://dbpedia.org/resource/Amin_Shokrollahi"
    },
    {
        "subject": "http://dbpedia.org/resource/Chantal_David",
        "predicate": "http://dbpedia.org/ontology/wikiPageWikiLink",
        "object": "http://dbpedia.org/resource/Amos_Fiat"
    },
    {
        "subject": "http://dbpedia.org/resource/Chantal_David",
        "predicate": "http://dbpedia.org/ontology/wikiPageWikiLink",
        "object": "http://dbpedia.org/resource/Amy_Ashurst_Gooch"
    },
    {
        "subject": "http://dbpedia.org/resource/Chantal_David",
        "predicate": "http://dbpedia.org/ontology/wikiPageWikiLink",
        "object": "http://dbpedia.org/resource/Benedict_Freedman"
    },
    {
        "subject": "http://dbpedia.org/resource/Chantal_David",
        "predicate": "http://dbpedia.org/ontology/wikiPageWikiLink",
        "object": "http://dbpedia.org/resource/Benedict_Gross"
    },
    {
        "subject": "http://dbpedia.org/resource/Chantal_David",
        "predicate": "http://dbpedia.org/ontology/wikiPageWikiLink",
        "object": "http://dbpedia.org/resource/Benjamin_F._Logan"
    },
    {
        "subject": "http://dbpedia.org/resource/Chantal_David",
        "predicate": "http://dbpedia.org/ontology/wikiPageWikiLink",
        "object": "http://dbpedia.org/resource/P\u00e1l_Tur\u00e1n"
    },
    {
        "subject": "http://dbpedia.org/resource/Chantal_David",
        "predicate": "http://dbpedia.org/ontology/wikiPageWikiLink",
        "object": "http://dbpedia.org/resource/P\u00e9ter_Frankl"
    },
    {
        "subject": "http://dbpedia.org/resource/Chantal_David",
        "predicate": "http://dbpedia.org/ontology/wikiPageWikiLink",
        "object": "http://dbpedia.org/resource/P\u00e9ter_Kiss_(mathematician)"
    },
    {
        "subject": "http://dbpedia.org/resource/Chantal_David",
        "predicate": "http://dbpedia.org/ontology/wikiPageWikiLink",
        "object": "http://dbpedia.org/resource/P\u00e9ter_Komj\u00e1th"
    },
    {
        "subject": "http://dbpedia.org/resource/Chantal_David",
        "predicate": "http://dbpedia.org/ontology/wikiPageWikiLink",
        "object": "http://dbpedia.org/resource/Robert_M._Solovay"
    },
    {
        "subject": "http://dbpedia.org/resource/Chantal_David",
        "predicate": "http://dbpedia.org/ontology/wikiPageWikiLink",
        "object": "http://dbpedia.org/resource/Robert_MacPherson_(mathematician)"
    },
    {
        "subject": "http://dbpedia.org/resource/Chantal_David",
        "predicate": "http://dbpedia.org/ontology/wikiPageWikiLink",
        "object": "http://dbpedia.org/resource/Robert_Marshak"
    },
    {
        "subject": "http://dbpedia.org/resource/Chantal_David",
        "predicate": "http://dbpedia.org/ontology/wikiPageWikiLink",
        "object": "http://dbpedia.org/resource/Robert_Phelps"
    },
    {
        "subject": "http://dbpedia.org/resource/Chantal_David",
        "predicate": "http://dbpedia.org/ontology/wikiPageWikiLink",
        "object": "http://dbpedia.org/resource/Robert_Shostak"
    },
    {
        "subject": "http://dbpedia.org/resource/Chantal_David",
        "predicate": "http://dbpedia.org/ontology/wikiPageWikiLink",
        "object": "http://dbpedia.org/resource/Robert_Tarjan"
    },
    {
        "subject": "http://dbpedia.org/resource/Chantal_David",
        "predicate": "http://dbpedia.org/ontology/wikiPageWikiLink",
        "object": "http://dbpedia.org/resource/Robert_Tijdeman"
    },
    {
        "subject": "http://dbpedia.org/resource/Chantal_David",
        "predicate": "http://dbpedia.org/ontology/wikiPageWikiLink",
        "object": "http://dbpedia.org/resource/Robert_Zimmer"
    },
    {
        "subject": "http://dbpedia.org/resource/Chantal_David",
        "predicate": "http://dbpedia.org/ontology/wikiPageWikiLink",
        "object": "http://dbpedia.org/resource/Robin_Hanson"
    },
    {
        "subject": "http://dbpedia.org/resource/Chantal_David",
        "predicate": "http://dbpedia.org/ontology/wikiPageWikiLink",
        "object": "http://dbpedia.org/resource/Robin_Hartshorne"
    },
    {
        "subject": "http://dbpedia.org/resource/Chantal_David",
        "predicate": "http://dbpedia.org/ontology/wikiPageWikiLink",
        "object": "http://dbpedia.org/resource/Robin_Thomas_(mathematician)"
    },
    {
        "subject": "http://dbpedia.org/resource/Chantal_David",
        "predicate": "http://dbpedia.org/ontology/wikiPageWikiLink",
        "object": "http://dbpedia.org/resource/Robin_Wilson_(mathematician)"
    },
    {
        "subject": "http://dbpedia.org/resource/Chantal_David",
        "predicate": "http://dbpedia.org/ontology/wikiPageWikiLink",
        "object": "http://dbpedia.org/resource/Robion_Kirby"
    },
    {
        "subject": "http://dbpedia.org/resource/Chantal_David",
        "predicate": "http://dbpedia.org/ontology/wikiPageWikiLink",
        "object": "http://dbpedia.org/resource/Rod_Downey"
    },
    {
        "subject": "http://dbpedia.org/resource/Chantal_David",
        "predicate": "http://dbpedia.org/ontology/wikiPageWikiLink",
        "object": "http://dbpedia.org/resource/Roger_Evans_Howe"
    },
    {
        "subject": "http://dbpedia.org/resource/Chantal_David",
        "predicate": "http://dbpedia.org/ontology/wikiPageWikiLink",
        "object": "http://dbpedia.org/resource/Roger_Heath-Brown"
    },
    {
        "subject": "http://dbpedia.org/resource/Chantal_David",
        "predicate": "http://dbpedia.org/ontology/wikiPageWikiLink",
        "object": "http://dbpedia.org/resource/Roger_Hui"
    },
    {
        "subject": "http://dbpedia.org/resource/Chantal_David",
        "predicate": "http://dbpedia.org/ontology/wikiPageWikiLink",
        "object": "http://dbpedia.org/resource/Roger_Penrose"
    },
    {
        "subject": "http://dbpedia.org/resource/Chantal_David",
        "predicate": "http://dbpedia.org/ontology/wikiPageWikiLink",
        "object": "http://dbpedia.org/resource/Roger_Temam"
    },
    {
        "subject": "http://dbpedia.org/resource/Chantal_David",
        "predicate": "http://dbpedia.org/ontology/wikiPageWikiLink",
        "object": "http://dbpedia.org/resource/Roger_W._Brockett"
    },
    {
        "subject": "http://dbpedia.org/resource/Chantal_David",
        "predicate": "http://dbpedia.org/ontology/wikiPageWikiLink",
        "object": "http://dbpedia.org/resource/Rohit_Jivanlal_Parikh"
    },
    {
        "subject": "http://dbpedia.org/resource/Chantal_David",
        "predicate": "http://dbpedia.org/ontology/wikiPageWikiLink",
        "object": "http://dbpedia.org/resource/Roland_Dobrushin"
    },
    {
        "subject": "http://dbpedia.org/resource/Chantal_David",
        "predicate": "http://dbpedia.org/ontology/wikiPageWikiLink",
        "object": "http://dbpedia.org/resource/Roland_Glowinski"
    },
    {
        "subject": "http://dbpedia.org/resource/Chantal_David",
        "predicate": "http://dbpedia.org/ontology/wikiPageWikiLink",
        "object": "http://dbpedia.org/resource/Roman_Sikorski"
    },
    {
        "subject": "http://dbpedia.org/resource/Chantal_David",
        "predicate": "http://dbpedia.org/ontology/wikiPageWikiLink",
        "object": "http://dbpedia.org/resource/Ron_Rivest"
    },
    {
        "subject": "http://dbpedia.org/resource/Chantal_David",
        "predicate": "http://dbpedia.org/ontology/wikiPageWikiLink",
        "object": "http://dbpedia.org/resource/Ron_Shamir"
    },
    {
        "subject": "http://dbpedia.org/resource/Chantal_David",
        "predicate": "http://dbpedia.org/ontology/wikiPageWikiLink",
        "object": "http://dbpedia.org/resource/Ronald_C._Read"
    },
    {
        "subject": "http://dbpedia.org/resource/Chantal_David",
        "predicate": "http://dbpedia.org/ontology/wikiPageWikiLink",
        "object": "http://dbpedia.org/resource/Ronald_Fisher"
    }
]