[
    {
        "subject": "http://dbpedia.org/resource/Claire_Voisin",
        "predicate": "http://dbpedia.org/ontology/wikiPageWikiLink",
        "object": "http://dbpedia.org/resource/Carl_Gustav_Jacob_Jacobi"
    },
    {
        "subject": "http://dbpedia.org/resource/Claire_Voisin",
        "predicate": "http://dbpedia.org/ontology/wikiPageWikiLink",
        "object": "http://dbpedia.org/resource/Prime_ideal"
    },
    {
        "subject": "http://dbpedia.org/resource/Claire_Voisin",
        "predicate": "http://dbpedia.org/ontology/wikiPageWikiLink",
        "object": "http://dbpedia.org/resource/Projective_frame"
    },
    {
        "subject": "http://dbpedia.org/resource/Claire_Voisin",
        "predicate": "http://dbpedia.org/ontology/wikiPageWikiLink",
        "object": "http://dbpedia.org/resource/Projective_geometry"
    },
    {
        "subject": "http://dbpedia.org/resource/Claire_Voisin",
        "predicate": "http://dbpedia.org/ontology/wikiPageWikiLink",
        "object": "http://dbpedia.org/resource/Projective_plane"
    },
    {
        "subject": "http://dbpedia.org/resource/Claire_Voisin",
        "predicate": "http://dbpedia.org/ontology/wikiPageWikiLink",
        "object": "http://dbpedia.org/resource/Projective_space"
    },
    {
        "subject": "http://dbpedia.org/resource/Claire_Voisin",
        "predicate": "http://dbpedia.org/ontology/wikiPageWikiLink",
        "object": "http://dbpedia.org/resource/Projective_transformation"
    },
    {
        "subject": "http://dbpedia.org/resource/Claire_Voisin",
        "predicate": "http://dbpedia.org/ontology/wikiPageWikiLink",
        "object": "http://dbpedia.org/resource/Elimination_theory"
    },
    {
        "subject": "http://dbpedia.org/resource/Claire_Voisin",
        "predicate": "http://dbpedia.org/ontology/wikiPageWikiLink",
        "object": "http://dbpedia.org/resource/Enriques_surface"
    },
    {
        "subject": "http://dbpedia.org/resource/Claire_Voisin",
        "predicate": "http://dbpedia.org/ontology/wikiPageWikiLink",
        "object": "http://dbpedia.org/resource/Enriques\u2013Kodaira_classification"
    },
    {
        "subject": "http://dbpedia.org/resource/Claire_Voisin",
        "predicate": "http://dbpedia.org/ontology/wikiPageWikiLink",
        "object": "http://dbpedia.org/resource/Motive_(algebraic_geometry)"
    },
    {
        "subject": "http://dbpedia.org/resource/Claire_Voisin",
        "predicate": "http://dbpedia.org/ontology/wikiPageWikiLink",
        "object": "http://dbpedia.org/resource/Multiplicative_group"
    },
    {
        "subject": "http://dbpedia.org/resource/Claire_Voisin",
        "predicate": "http://dbpedia.org/ontology/wikiPageWikiLink",
        "object": "http://dbpedia.org/resource/Spaltenstein_variety"
    },
    {
        "subject": "http://dbpedia.org/resource/Claire_Voisin",
        "predicate": "http://dbpedia.org/ontology/wikiPageWikiLink",
        "object": "http://dbpedia.org/resource/Serre's_multiplicity_conjectures"
    },
    {
        "subject": "http://dbpedia.org/resource/Claire_Voisin",
        "predicate": "http://dbpedia.org/ontology/wikiPageWikiLink",
        "object": "http://dbpedia.org/resource/Rational_variety"
    },
    {
        "subject": "http://dbpedia.org/resource/Claire_Voisin",
        "predicate": "http://dbpedia.org/ontology/wikiPageWikiLink",
        "object": "http://dbpedia.org/resource/Non-singular"
    },
    {
        "subject": "http://dbpedia.org/resource/Claire_Voisin",
        "predicate": "http://dbpedia.org/ontology/wikiPageWikiLink",
        "object": "http://dbpedia.org/resource/Bernhard_Riemann"
    },
    {
        "subject": "http://dbpedia.org/resource/Claire_Voisin",
        "predicate": "http://dbpedia.org/ontology/wikiPageWikiLink",
        "object": "http://dbpedia.org/resource/David_Hilbert"
    },
    {
        "subject": "http://dbpedia.org/resource/Claire_Voisin",
        "predicate": "http://dbpedia.org/ontology/wikiPageWikiLink",
        "object": "http://dbpedia.org/resource/David_Mumford"
    },
    {
        "subject": "http://dbpedia.org/resource/Claire_Voisin",
        "predicate": "http://dbpedia.org/ontology/wikiPageWikiLink",
        "object": "http://dbpedia.org/resource/Deformation_theory"
    },
    {
        "subject": "http://dbpedia.org/resource/Claire_Voisin",
        "predicate": "http://dbpedia.org/ontology/wikiPageWikiLink",
        "object": "http://dbpedia.org/resource/Algebraic_function"
    },
    {
        "subject": "http://dbpedia.org/resource/Claire_Voisin",
        "predicate": "http://dbpedia.org/ontology/wikiPageWikiLink",
        "object": "http://dbpedia.org/resource/Algebraic_group"
    },
    {
        "subject": "http://dbpedia.org/resource/Claire_Voisin",
        "predicate": "http://dbpedia.org/ontology/wikiPageWikiLink",
        "object": "http://dbpedia.org/resource/Algebraic_stack"
    },
    {
        "subject": "http://dbpedia.org/resource/Claire_Voisin",
        "predicate": "http://dbpedia.org/ontology/wikiPageWikiLink",
        "object": "http://dbpedia.org/resource/Algebraic_surface"
    },
    {
        "subject": "http://dbpedia.org/resource/Claire_Voisin",
        "predicate": "http://dbpedia.org/ontology/wikiPageWikiLink",
        "object": "http://dbpedia.org/resource/Algebraic_torus"
    },
    {
        "subject": "http://dbpedia.org/resource/Claire_Voisin",
        "predicate": "http://dbpedia.org/ontology/wikiPageWikiLink",
        "object": "http://dbpedia.org/resource/Hodge_conjecture"
    },
    {
        "subject": "http://dbpedia.org/resource/Claire_Voisin",
        "predicate": "http://dbpedia.org/ontology/wikiPageWikiLink",
        "object": "http://dbpedia.org/resource/Julius_Pl\u00fccker"
    },
    {
        "subject": "http://dbpedia.org/resource/Claire_Voisin",
        "predicate": "http://dbpedia.org/ontology/wikiPageWikiLink",
        "object": "http://dbpedia.org/resource/Resolution_of_singularities"
    },
    {
        "subject": "http://dbpedia.org/resource/Claire_Voisin",
        "predicate": "http://dbpedia.org/ontology/wikiPageWikiLink",
        "object": "http://dbpedia.org/resource/Riemann_surface"
    },
    {
        "subject": "http://dbpedia.org/resource/Claire_Voisin",
        "predicate": "http://dbpedia.org/ontology/wikiPageWikiLink",
        "object": "http://dbpedia.org/resource/Cubic_surface"
    },
    {
        "subject": "http://dbpedia.org/resource/Claire_Voisin",
        "predicate": "http://dbpedia.org/ontology/wikiPageWikiLink",
        "object": "http://dbpedia.org/resource/C.P._Ramanujam"
    },
    {
        "subject": "http://dbpedia.org/resource/Claire_Voisin",
        "predicate": "http://dbpedia.org/ontology/wikiPageWikiLink",
        "object": "http://dbpedia.org/resource/Valuation_(algebra)"
    },
    {
        "subject": "http://dbpedia.org/resource/Claire_Voisin",
        "predicate": "http://dbpedia.org/ontology/wikiPageWikiLink",
        "object": "http://dbpedia.org/resource/Vladimir_Drinfeld"
    },
    {
        "subject": "http://dbpedia.org/resource/Claire_Voisin",
        "predicate": "http://dbpedia.org/ontology/wikiPageWikiLink",
        "object": "http://dbpedia.org/resource/Vladimir_Voevodsky"
    },
    {
        "subject": "http://dbpedia.org/resource/Claire_Voisin",
        "predicate": "http://dbpedia.org/ontology/wikiPageWikiLink",
        "object": "http://dbpedia.org/resource/Del_Pezzo_surface"
    },
    {
        "subject": "http://dbpedia.org/resource/Claire_Voisin",
        "predicate": "http://dbpedia.org/ontology/wikiPageWikiLink",
        "object": "http://dbpedia.org/resource/Derived_category"
    },
    {
        "subject": "http://dbpedia.org/resource/Claire_Voisin",
        "predicate": "http://dbpedia.org/ontology/wikiPageWikiLink",
        "object": "http://dbpedia.org/resource/D\u00e9vissage"
    },
    {
        "subject": "http://dbpedia.org/resource/Claire_Voisin",
        "predicate": "http://dbpedia.org/ontology/wikiPageWikiLink",
        "object": "http://dbpedia.org/resource/Intersection_number"
    },
    {
        "subject": "http://dbpedia.org/resource/Claire_Voisin",
        "predicate": "http://dbpedia.org/ontology/wikiPageWikiLink",
        "object": "http://dbpedia.org/resource/Invertible_sheaf"
    },
    {
        "subject": "http://dbpedia.org/resource/Claire_Voisin",
        "predicate": "http://dbpedia.org/ontology/wikiPageWikiLink",
        "object": "http://dbpedia.org/resource/Jacobian_variety"
    },
    {
        "subject": "http://dbpedia.org/resource/Claire_Voisin",
        "predicate": "http://dbpedia.org/ontology/wikiPageWikiLink",
        "object": "http://dbpedia.org/resource/K\u00e4hler_differential"
    },
    {
        "subject": "http://dbpedia.org/resource/Claire_Voisin",
        "predicate": "http://dbpedia.org/ontology/wikiPageWikiLink",
        "object": "http://dbpedia.org/resource/Affine_scheme"
    },
    {
        "subject": "http://dbpedia.org/resource/Claire_Voisin",
        "predicate": "http://dbpedia.org/ontology/wikiPageWikiLink",
        "object": "http://dbpedia.org/resource/Quasiprojective_variety"
    },
    {
        "subject": "http://dbpedia.org/resource/Claire_Voisin",
        "predicate": "http://dbpedia.org/ontology/wikiPageWikiLink",
        "object": "http://dbpedia.org/resource/Max_Noether"
    },
    {
        "subject": "http://dbpedia.org/resource/Claire_Voisin",
        "predicate": "http://dbpedia.org/ontology/wikiPageWikiLink",
        "object": "http://dbpedia.org/resource/Elliptic_function"
    },
    {
        "subject": "http://dbpedia.org/resource/Claire_Voisin",
        "predicate": "http://dbpedia.org/ontology/wikiPageWikiLink",
        "object": "http://dbpedia.org/resource/Elliptic_surface"
    },
    {
        "subject": "http://dbpedia.org/resource/Claire_Voisin",
        "predicate": "http://dbpedia.org/ontology/wikiPageWikiLink",
        "object": "http://dbpedia.org/resource/Chow_ring"
    },
    {
        "subject": "http://dbpedia.org/resource/Claire_Voisin",
        "predicate": "http://dbpedia.org/ontology/wikiPageWikiLink",
        "object": "http://dbpedia.org/resource/Generalized_Jacobian"
    },
    {
        "subject": "http://dbpedia.org/resource/Claire_Voisin",
        "predicate": "http://dbpedia.org/ontology/wikiPageWikiLink",
        "object": "http://dbpedia.org/resource/Generic_flatness"
    },
    {
        "subject": "http://dbpedia.org/resource/Claire_Voisin",
        "predicate": "http://dbpedia.org/ontology/wikiPageWikiLink",
        "object": "http://dbpedia.org/resource/Genus_(mathematics)"
    },
    {
        "subject": "http://dbpedia.org/resource/Claire_Voisin",
        "predicate": "http://dbpedia.org/ontology/wikiPageWikiLink",
        "object": "http://dbpedia.org/resource/Quadric_(algebraic_geometry)"
    },
    {
        "subject": "http://dbpedia.org/resource/Claire_Voisin",
        "predicate": "http://dbpedia.org/ontology/wikiPageWikiLink",
        "object": "http://dbpedia.org/resource/Quasi-finite_morphism"
    },
    {
        "subject": "http://dbpedia.org/resource/Claire_Voisin",
        "predicate": "http://dbpedia.org/ontology/wikiPageWikiLink",
        "object": "http://dbpedia.org/resource/Claire_Voisin"
    },
    {
        "subject": "http://dbpedia.org/resource/Claire_Voisin",
        "predicate": "http://dbpedia.org/ontology/wikiPageWikiLink",
        "object": "http://dbpedia.org/resource/Elliptic_curve"
    },
    {
        "subject": "http://dbpedia.org/resource/Claire_Voisin",
        "predicate": "http://dbpedia.org/ontology/wikiPageWikiLink",
        "object": "http://dbpedia.org/resource/Elliptic_integral"
    },
    {
        "subject": "http://dbpedia.org/resource/Claire_Voisin",
        "predicate": "http://dbpedia.org/ontology/wikiPageWikiLink",
        "object": "http://dbpedia.org/resource/Friedrich_Hirzebruch"
    },
    {
        "subject": "http://dbpedia.org/resource/Claire_Voisin",
        "predicate": "http://dbpedia.org/ontology/wikiPageWikiLink",
        "object": "http://dbpedia.org/resource/Geometric_genus"
    },
    {
        "subject": "http://dbpedia.org/resource/Claire_Voisin",
        "predicate": "http://dbpedia.org/ontology/wikiPageWikiLink",
        "object": "http://dbpedia.org/resource/Geometric_invariant_theory"
    },
    {
        "subject": "http://dbpedia.org/resource/Claire_Voisin",
        "predicate": "http://dbpedia.org/ontology/wikiPageWikiLink",
        "object": "http://dbpedia.org/resource/Goppa_code"
    },
    {
        "subject": "http://dbpedia.org/resource/Claire_Voisin",
        "predicate": "http://dbpedia.org/ontology/wikiPageWikiLink",
        "object": "http://dbpedia.org/resource/Grassmannian"
    },
    {
        "subject": "http://dbpedia.org/resource/Claire_Voisin",
        "predicate": "http://dbpedia.org/ontology/wikiPageWikiLink",
        "object": "http://dbpedia.org/resource/Mirror_symmetry_(string_theory)"
    },
    {
        "subject": "http://dbpedia.org/resource/Claire_Voisin",
        "predicate": "http://dbpedia.org/ontology/wikiPageWikiLink",
        "object": "http://dbpedia.org/resource/Modular_form"
    },
    {
        "subject": "http://dbpedia.org/resource/Claire_Voisin",
        "predicate": "http://dbpedia.org/ontology/wikiPageWikiLink",
        "object": "http://dbpedia.org/resource/Modular_group"
    },
    {
        "subject": "http://dbpedia.org/resource/Claire_Voisin",
        "predicate": "http://dbpedia.org/ontology/wikiPageWikiLink",
        "object": "http://dbpedia.org/resource/Cross-ratio"
    },
    {
        "subject": "http://dbpedia.org/resource/Claire_Voisin",
        "predicate": "http://dbpedia.org/ontology/wikiPageWikiLink",
        "object": "http://dbpedia.org/resource/Theta_function"
    },
    {
        "subject": "http://dbpedia.org/resource/Claire_Voisin",
        "predicate": "http://dbpedia.org/ontology/wikiPageWikiLink",
        "object": "http://dbpedia.org/resource/Andr\u00e9_Weil"
    },
    {
        "subject": "http://dbpedia.org/resource/Claire_Voisin",
        "predicate": "http://dbpedia.org/ontology/wikiPageWikiLink",
        "object": "http://dbpedia.org/resource/Arithmetic_genus"
    },
    {
        "subject": "http://dbpedia.org/resource/Claire_Voisin",
        "predicate": "http://dbpedia.org/ontology/wikiPageWikiLink",
        "object": "http://dbpedia.org/resource/Calabi\u2013Yau_manifold"
    },
    {
        "subject": "http://dbpedia.org/resource/Claire_Voisin",
        "predicate": "http://dbpedia.org/ontology/wikiPageWikiLink",
        "object": "http://dbpedia.org/resource/Singularity_theory"
    },
    {
        "subject": "http://dbpedia.org/resource/Claire_Voisin",
        "predicate": "http://dbpedia.org/ontology/wikiPageWikiLink",
        "object": "http://dbpedia.org/resource/Clifford's_theorem_on_special_divisors"
    },
    {
        "subject": "http://dbpedia.org/resource/Claire_Voisin",
        "predicate": "http://dbpedia.org/ontology/wikiPageWikiLink",
        "object": "http://dbpedia.org/resource/Commutative_algebra"
    },
    {
        "subject": "http://dbpedia.org/resource/Claire_Voisin",
        "predicate": "http://dbpedia.org/ontology/wikiPageWikiLink",
        "object": "http://dbpedia.org/resource/Complete_intersection"
    },
    {
        "subject": "http://dbpedia.org/resource/Claire_Voisin",
        "predicate": "http://dbpedia.org/ontology/wikiPageWikiLink",
        "object": "http://dbpedia.org/resource/Complete_variety"
    },
    {
        "subject": "http://dbpedia.org/resource/Claire_Voisin",
        "predicate": "http://dbpedia.org/ontology/wikiPageWikiLink",
        "object": "http://dbpedia.org/resource/Complex_manifold"
    },
    {
        "subject": "http://dbpedia.org/resource/Claire_Voisin",
        "predicate": "http://dbpedia.org/ontology/wikiPageWikiLink",
        "object": "http://dbpedia.org/resource/Complex_multiplication"
    },
    {
        "subject": "http://dbpedia.org/resource/Claire_Voisin",
        "predicate": "http://dbpedia.org/ontology/wikiPageWikiLink",
        "object": "http://dbpedia.org/resource/Complex_projective_plane"
    },
    {
        "subject": "http://dbpedia.org/resource/Claire_Voisin",
        "predicate": "http://dbpedia.org/ontology/wikiPageWikiLink",
        "object": "http://dbpedia.org/resource/Complex_projective_space"
    },
    {
        "subject": "http://dbpedia.org/resource/Claire_Voisin",
        "predicate": "http://dbpedia.org/ontology/wikiPageWikiLink",
        "object": "http://dbpedia.org/resource/Yuri_Manin"
    },
    {
        "subject": "http://dbpedia.org/resource/Claire_Voisin",
        "predicate": "http://dbpedia.org/ontology/wikiPageWikiLink",
        "object": "http://dbpedia.org/resource/Zariski_tangent_space"
    },
    {
        "subject": "http://dbpedia.org/resource/Claire_Voisin",
        "predicate": "http://dbpedia.org/ontology/wikiPageWikiLink",
        "object": "http://dbpedia.org/resource/\u00c9tale_cohomology"
    },
    {
        "subject": "http://dbpedia.org/resource/Claire_Voisin",
        "predicate": "http://dbpedia.org/ontology/wikiPageWikiLink",
        "object": "http://dbpedia.org/resource/Function_field_of_an_algebraic_variety"
    },
    {
        "subject": "http://dbpedia.org/resource/Claire_Voisin",
        "predicate": "http://dbpedia.org/ontology/wikiPageWikiLink",
        "object": "http://dbpedia.org/resource/Fundamental_theorem_of_projective_geometry"
    },
    {
        "subject": "http://dbpedia.org/resource/Claire_Voisin",
        "predicate": "http://dbpedia.org/ontology/wikiPageWikiLink",
        "object": "http://dbpedia.org/resource/Koszul_complex"
    },
    {
        "subject": "http://dbpedia.org/resource/Claire_Voisin",
        "predicate": "http://dbpedia.org/ontology/wikiPageWikiLink",
        "object": "http://dbpedia.org/resource/Krull_dimension"
    },
    {
        "subject": "http://dbpedia.org/resource/Claire_Voisin",
        "predicate": "http://dbpedia.org/ontology/wikiPageWikiLink",
        "object": "http://dbpedia.org/resource/Picard_group"
    },
    {
        "subject": "http://dbpedia.org/resource/Claire_Voisin",
        "predicate": "http://dbpedia.org/ontology/wikiPageWikiLink",
        "object": "http://dbpedia.org/resource/Spectrum_of_a_ring"
    },
    {
        "subject": "http://dbpedia.org/resource/Claire_Voisin",
        "predicate": "http://dbpedia.org/ontology/wikiPageWikiLink",
        "object": "http://dbpedia.org/resource/Supersingular_prime_(for_an_elliptic_curve)"
    },
    {
        "subject": "http://dbpedia.org/resource/Claire_Voisin",
        "predicate": "http://dbpedia.org/ontology/wikiPageWikiLink",
        "object": "http://dbpedia.org/resource/Tangent_space"
    },
    {
        "subject": "http://dbpedia.org/resource/Claire_Voisin",
        "predicate": "http://dbpedia.org/ontology/wikiPageWikiLink",
        "object": "http://dbpedia.org/resource/Newton_polygon"
    },
    {
        "subject": "http://dbpedia.org/resource/Claire_Voisin",
        "predicate": "http://dbpedia.org/ontology/wikiPageWikiLink",
        "object": "http://dbpedia.org/resource/A\u00b9_homotopy_theory"
    },
    {
        "subject": "http://dbpedia.org/resource/Claire_Voisin",
        "predicate": "http://dbpedia.org/ontology/wikiPageWikiLink",
        "object": "http://dbpedia.org/resource/B\u00e9zout's_theorem"
    },
    {
        "subject": "http://dbpedia.org/resource/Claire_Voisin",
        "predicate": "http://dbpedia.org/ontology/wikiPageWikiLink",
        "object": "http://dbpedia.org/resource/Addition_theorem"
    },
    {
        "subject": "http://dbpedia.org/resource/Claire_Voisin",
        "predicate": "http://dbpedia.org/ontology/wikiPageWikiLink",
        "object": "http://dbpedia.org/resource/Caucher_Birkar"
    },
    {
        "subject": "http://dbpedia.org/resource/Claire_Voisin",
        "predicate": "http://dbpedia.org/ontology/wikiPageWikiLink",
        "object": "http://dbpedia.org/resource/W._V._D._Hodge"
    },
    {
        "subject": "http://dbpedia.org/resource/Claire_Voisin",
        "predicate": "http://dbpedia.org/ontology/wikiPageWikiLink",
        "object": "http://dbpedia.org/resource/Weierstrass's_elliptic_functions"
    },
    {
        "subject": "http://dbpedia.org/resource/Claire_Voisin",
        "predicate": "http://dbpedia.org/ontology/wikiPageWikiLink",
        "object": "http://dbpedia.org/resource/Weil_conjectures"
    },
    {
        "subject": "http://dbpedia.org/resource/Claire_Voisin",
        "predicate": "http://dbpedia.org/ontology/wikiPageWikiLink",
        "object": "http://dbpedia.org/resource/William_Kingdon_Clifford"
    },
    {
        "subject": "http://dbpedia.org/resource/Claire_Voisin",
        "predicate": "http://dbpedia.org/ontology/wikiPageWikiLink",
        "object": "http://dbpedia.org/resource/Haboush's_theorem"
    },
    {
        "subject": "http://dbpedia.org/resource/Claire_Voisin",
        "predicate": "http://dbpedia.org/ontology/wikiPageWikiLink",
        "object": "http://dbpedia.org/resource/Irregularity_of_a_surface"
    },
    {
        "subject": "http://dbpedia.org/resource/Claire_Voisin",
        "predicate": "http://dbpedia.org/ontology/wikiPageWikiLink",
        "object": "http://dbpedia.org/resource/Irrelevant_ideal"
    }
]