[
    {
        "subject": "http://dbpedia.org/resource/Constance_van_Eeden",
        "predicate": "http://dbpedia.org/ontology/wikiPageWikiLink",
        "object": "http://dbpedia.org/resource/Calvin_Zippin"
    },
    {
        "subject": "http://dbpedia.org/resource/Constance_van_Eeden",
        "predicate": "http://dbpedia.org/ontology/wikiPageWikiLink",
        "object": "http://dbpedia.org/resource/Carl_Christ"
    },
    {
        "subject": "http://dbpedia.org/resource/Constance_van_Eeden",
        "predicate": "http://dbpedia.org/ontology/wikiPageWikiLink",
        "object": "http://dbpedia.org/resource/Carmen_A._Mir\u00f3"
    },
    {
        "subject": "http://dbpedia.org/resource/Constance_van_Eeden",
        "predicate": "http://dbpedia.org/ontology/wikiPageWikiLink",
        "object": "http://dbpedia.org/resource/Carol_A._Gotway_Crawford"
    },
    {
        "subject": "http://dbpedia.org/resource/Constance_van_Eeden",
        "predicate": "http://dbpedia.org/ontology/wikiPageWikiLink",
        "object": "http://dbpedia.org/resource/Amelia_Haviland"
    },
    {
        "subject": "http://dbpedia.org/resource/Constance_van_Eeden",
        "predicate": "http://dbpedia.org/ontology/wikiPageWikiLink",
        "object": "http://dbpedia.org/resource/American_Statistical_Association"
    },
    {
        "subject": "http://dbpedia.org/resource/Constance_van_Eeden",
        "predicate": "http://dbpedia.org/ontology/wikiPageWikiLink",
        "object": "http://dbpedia.org/resource/Amita_Manatunga"
    },
    {
        "subject": "http://dbpedia.org/resource/Constance_van_Eeden",
        "predicate": "http://dbpedia.org/ontology/wikiPageWikiLink",
        "object": "http://dbpedia.org/resource/Amy_Braverman"
    },
    {
        "subject": "http://dbpedia.org/resource/Constance_van_Eeden",
        "predicate": "http://dbpedia.org/ontology/wikiPageWikiLink",
        "object": "http://dbpedia.org/resource/Beatrice_N._Vaccara"
    },
    {
        "subject": "http://dbpedia.org/resource/Constance_van_Eeden",
        "predicate": "http://dbpedia.org/ontology/wikiPageWikiLink",
        "object": "http://dbpedia.org/resource/Beatrice_S._Orleans"
    },
    {
        "subject": "http://dbpedia.org/resource/Constance_van_Eeden",
        "predicate": "http://dbpedia.org/ontology/wikiPageWikiLink",
        "object": "http://dbpedia.org/resource/Beatrice_Shube"
    },
    {
        "subject": "http://dbpedia.org/resource/Constance_van_Eeden",
        "predicate": "http://dbpedia.org/ontology/wikiPageWikiLink",
        "object": "http://dbpedia.org/resource/Pranab_K._Sen"
    },
    {
        "subject": "http://dbpedia.org/resource/Constance_van_Eeden",
        "predicate": "http://dbpedia.org/ontology/wikiPageWikiLink",
        "object": "http://dbpedia.org/resource/Prasanta_Chandra_Mahalanobis"
    },
    {
        "subject": "http://dbpedia.org/resource/Constance_van_Eeden",
        "predicate": "http://dbpedia.org/ontology/wikiPageWikiLink",
        "object": "http://dbpedia.org/resource/Robert_Louis_Kahn"
    },
    {
        "subject": "http://dbpedia.org/resource/Constance_van_Eeden",
        "predicate": "http://dbpedia.org/ontology/wikiPageWikiLink",
        "object": "http://dbpedia.org/resource/Robert_V._Hogg"
    },
    {
        "subject": "http://dbpedia.org/resource/Constance_van_Eeden",
        "predicate": "http://dbpedia.org/ontology/wikiPageWikiLink",
        "object": "http://dbpedia.org/resource/Roberto_Bachi"
    },
    {
        "subject": "http://dbpedia.org/resource/Constance_van_Eeden",
        "predicate": "http://dbpedia.org/ontology/wikiPageWikiLink",
        "object": "http://dbpedia.org/resource/Robin_Plackett"
    },
    {
        "subject": "http://dbpedia.org/resource/Constance_van_Eeden",
        "predicate": "http://dbpedia.org/ontology/wikiPageWikiLink",
        "object": "http://dbpedia.org/resource/Roger_Koenker"
    },
    {
        "subject": "http://dbpedia.org/resource/Constance_van_Eeden",
        "predicate": "http://dbpedia.org/ontology/wikiPageWikiLink",
        "object": "http://dbpedia.org/resource/Roger_Peng"
    },
    {
        "subject": "http://dbpedia.org/resource/Constance_van_Eeden",
        "predicate": "http://dbpedia.org/ontology/wikiPageWikiLink",
        "object": "http://dbpedia.org/resource/Roland_P._Falkner"
    },
    {
        "subject": "http://dbpedia.org/resource/Constance_van_Eeden",
        "predicate": "http://dbpedia.org/ontology/wikiPageWikiLink",
        "object": "http://dbpedia.org/resource/Roland_Rust"
    },
    {
        "subject": "http://dbpedia.org/resource/Constance_van_Eeden",
        "predicate": "http://dbpedia.org/ontology/wikiPageWikiLink",
        "object": "http://dbpedia.org/resource/Ronald_Does"
    },
    {
        "subject": "http://dbpedia.org/resource/Constance_van_Eeden",
        "predicate": "http://dbpedia.org/ontology/wikiPageWikiLink",
        "object": "http://dbpedia.org/resource/Ronald_Freedman"
    },
    {
        "subject": "http://dbpedia.org/resource/Constance_van_Eeden",
        "predicate": "http://dbpedia.org/ontology/wikiPageWikiLink",
        "object": "http://dbpedia.org/resource/Ross_Prentice"
    },
    {
        "subject": "http://dbpedia.org/resource/Constance_van_Eeden",
        "predicate": "http://dbpedia.org/ontology/wikiPageWikiLink",
        "object": "http://dbpedia.org/resource/Roy_C._Geary"
    },
    {
        "subject": "http://dbpedia.org/resource/Constance_van_Eeden",
        "predicate": "http://dbpedia.org/ontology/wikiPageWikiLink",
        "object": "http://dbpedia.org/resource/Royal_Meeker"
    },
    {
        "subject": "http://dbpedia.org/resource/Constance_van_Eeden",
        "predicate": "http://dbpedia.org/ontology/wikiPageWikiLink",
        "object": "http://dbpedia.org/resource/Samuel_A._Stouffer"
    },
    {
        "subject": "http://dbpedia.org/resource/Constance_van_Eeden",
        "predicate": "http://dbpedia.org/ontology/wikiPageWikiLink",
        "object": "http://dbpedia.org/resource/Samuel_Greenhouse"
    },
    {
        "subject": "http://dbpedia.org/resource/Constance_van_Eeden",
        "predicate": "http://dbpedia.org/ontology/wikiPageWikiLink",
        "object": "http://dbpedia.org/resource/Samuel_H._Preston"
    },
    {
        "subject": "http://dbpedia.org/resource/Constance_van_Eeden",
        "predicate": "http://dbpedia.org/ontology/wikiPageWikiLink",
        "object": "http://dbpedia.org/resource/Samuel_Kou"
    },
    {
        "subject": "http://dbpedia.org/resource/Constance_van_Eeden",
        "predicate": "http://dbpedia.org/ontology/wikiPageWikiLink",
        "object": "http://dbpedia.org/resource/Samuel_S._Wilks"
    },
    {
        "subject": "http://dbpedia.org/resource/Constance_van_Eeden",
        "predicate": "http://dbpedia.org/ontology/wikiPageWikiLink",
        "object": "http://dbpedia.org/resource/Samuel_Sanford_Shapiro"
    },
    {
        "subject": "http://dbpedia.org/resource/Constance_van_Eeden",
        "predicate": "http://dbpedia.org/ontology/wikiPageWikiLink",
        "object": "http://dbpedia.org/resource/Sander_Greenland"
    },
    {
        "subject": "http://dbpedia.org/resource/Constance_van_Eeden",
        "predicate": "http://dbpedia.org/ontology/wikiPageWikiLink",
        "object": "http://dbpedia.org/resource/Sandrine_Dudoit"
    },
    {
        "subject": "http://dbpedia.org/resource/Constance_van_Eeden",
        "predicate": "http://dbpedia.org/ontology/wikiPageWikiLink",
        "object": "http://dbpedia.org/resource/Eleanor_Bernert_Sheldon"
    },
    {
        "subject": "http://dbpedia.org/resource/Constance_van_Eeden",
        "predicate": "http://dbpedia.org/ontology/wikiPageWikiLink",
        "object": "http://dbpedia.org/resource/Eleanor_Singer"
    },
    {
        "subject": "http://dbpedia.org/resource/Constance_van_Eeden",
        "predicate": "http://dbpedia.org/ontology/wikiPageWikiLink",
        "object": "http://dbpedia.org/resource/Elena_Erosheva"
    },
    {
        "subject": "http://dbpedia.org/resource/Constance_van_Eeden",
        "predicate": "http://dbpedia.org/ontology/wikiPageWikiLink",
        "object": "http://dbpedia.org/resource/Elisa_T._Lee"
    },
    {
        "subject": "http://dbpedia.org/resource/Constance_van_Eeden",
        "predicate": "http://dbpedia.org/ontology/wikiPageWikiLink",
        "object": "http://dbpedia.org/resource/Mary_Mulry"
    },
    {
        "subject": "http://dbpedia.org/resource/Constance_van_Eeden",
        "predicate": "http://dbpedia.org/ontology/wikiPageWikiLink",
        "object": "http://dbpedia.org/resource/Michael_D._Escobar"
    },
    {
        "subject": "http://dbpedia.org/resource/Constance_van_Eeden",
        "predicate": "http://dbpedia.org/ontology/wikiPageWikiLink",
        "object": "http://dbpedia.org/resource/Megan_Price"
    },
    {
        "subject": "http://dbpedia.org/resource/Constance_van_Eeden",
        "predicate": "http://dbpedia.org/ontology/wikiPageWikiLink",
        "object": "http://dbpedia.org/resource/Mei-Cheng_Wang"
    },
    {
        "subject": "http://dbpedia.org/resource/Constance_van_Eeden",
        "predicate": "http://dbpedia.org/ontology/wikiPageWikiLink",
        "object": "http://dbpedia.org/resource/Mei-Ling_Ting_Lee"
    },
    {
        "subject": "http://dbpedia.org/resource/Constance_van_Eeden",
        "predicate": "http://dbpedia.org/ontology/wikiPageWikiLink",
        "object": "http://dbpedia.org/resource/Melanie_Wall"
    },
    {
        "subject": "http://dbpedia.org/resource/Constance_van_Eeden",
        "predicate": "http://dbpedia.org/ontology/wikiPageWikiLink",
        "object": "http://dbpedia.org/resource/Melody_Goodman"
    },
    {
        "subject": "http://dbpedia.org/resource/Constance_van_Eeden",
        "predicate": "http://dbpedia.org/ontology/wikiPageWikiLink",
        "object": "http://dbpedia.org/resource/Melvin_L._Moeschberger"
    },
    {
        "subject": "http://dbpedia.org/resource/Constance_van_Eeden",
        "predicate": "http://dbpedia.org/ontology/wikiPageWikiLink",
        "object": "http://dbpedia.org/resource/Montserrat_Fuentes"
    },
    {
        "subject": "http://dbpedia.org/resource/Constance_van_Eeden",
        "predicate": "http://dbpedia.org/ontology/wikiPageWikiLink",
        "object": "http://dbpedia.org/resource/Pat_Ruggles"
    },
    {
        "subject": "http://dbpedia.org/resource/Constance_van_Eeden",
        "predicate": "http://dbpedia.org/ontology/wikiPageWikiLink",
        "object": "http://dbpedia.org/resource/Wing_Hung_Wong"
    },
    {
        "subject": "http://dbpedia.org/resource/Constance_van_Eeden",
        "predicate": "http://dbpedia.org/ontology/wikiPageWikiLink",
        "object": "http://dbpedia.org/resource/Beatrice_Aitchison"
    },
    {
        "subject": "http://dbpedia.org/resource/Constance_van_Eeden",
        "predicate": "http://dbpedia.org/ontology/wikiPageWikiLink",
        "object": "http://dbpedia.org/resource/Benoit_Mandelbrot"
    },
    {
        "subject": "http://dbpedia.org/resource/Constance_van_Eeden",
        "predicate": "http://dbpedia.org/ontology/wikiPageWikiLink",
        "object": "http://dbpedia.org/resource/Besse_Day"
    },
    {
        "subject": "http://dbpedia.org/resource/Constance_van_Eeden",
        "predicate": "http://dbpedia.org/ontology/wikiPageWikiLink",
        "object": "http://dbpedia.org/resource/Bradley_Efron"
    },
    {
        "subject": "http://dbpedia.org/resource/Constance_van_Eeden",
        "predicate": "http://dbpedia.org/ontology/wikiPageWikiLink",
        "object": "http://dbpedia.org/resource/David_A._Freedman"
    },
    {
        "subject": "http://dbpedia.org/resource/Constance_van_Eeden",
        "predicate": "http://dbpedia.org/ontology/wikiPageWikiLink",
        "object": "http://dbpedia.org/resource/David_Blackwell"
    },
    {
        "subject": "http://dbpedia.org/resource/Constance_van_Eeden",
        "predicate": "http://dbpedia.org/ontology/wikiPageWikiLink",
        "object": "http://dbpedia.org/resource/David_Cox_(statistician)"
    },
    {
        "subject": "http://dbpedia.org/resource/Constance_van_Eeden",
        "predicate": "http://dbpedia.org/ontology/wikiPageWikiLink",
        "object": "http://dbpedia.org/resource/David_Dickey"
    },
    {
        "subject": "http://dbpedia.org/resource/Constance_van_Eeden",
        "predicate": "http://dbpedia.org/ontology/wikiPageWikiLink",
        "object": "http://dbpedia.org/resource/David_Hinkley"
    },
    {
        "subject": "http://dbpedia.org/resource/Constance_van_Eeden",
        "predicate": "http://dbpedia.org/ontology/wikiPageWikiLink",
        "object": "http://dbpedia.org/resource/David_L._Banks"
    },
    {
        "subject": "http://dbpedia.org/resource/Constance_van_Eeden",
        "predicate": "http://dbpedia.org/ontology/wikiPageWikiLink",
        "object": "http://dbpedia.org/resource/David_Madigan"
    },
    {
        "subject": "http://dbpedia.org/resource/Constance_van_Eeden",
        "predicate": "http://dbpedia.org/ontology/wikiPageWikiLink",
        "object": "http://dbpedia.org/resource/David_Rindskopf"
    },
    {
        "subject": "http://dbpedia.org/resource/Constance_van_Eeden",
        "predicate": "http://dbpedia.org/ontology/wikiPageWikiLink",
        "object": "http://dbpedia.org/resource/David_van_Dantzig"
    },
    {
        "subject": "http://dbpedia.org/resource/Constance_van_Eeden",
        "predicate": "http://dbpedia.org/ontology/wikiPageWikiLink",
        "object": "http://dbpedia.org/resource/Debabrata_Basu"
    },
    {
        "subject": "http://dbpedia.org/resource/Constance_van_Eeden",
        "predicate": "http://dbpedia.org/ontology/wikiPageWikiLink",
        "object": "http://dbpedia.org/resource/Dennis_Lindley"
    },
    {
        "subject": "http://dbpedia.org/resource/Constance_van_Eeden",
        "predicate": "http://dbpedia.org/ontology/wikiPageWikiLink",
        "object": "http://dbpedia.org/resource/Ali_S._Hadi"
    },
    {
        "subject": "http://dbpedia.org/resource/Constance_van_Eeden",
        "predicate": "http://dbpedia.org/ontology/wikiPageWikiLink",
        "object": "http://dbpedia.org/resource/Alice_S._Whittemore"
    },
    {
        "subject": "http://dbpedia.org/resource/Constance_van_Eeden",
        "predicate": "http://dbpedia.org/ontology/wikiPageWikiLink",
        "object": "http://dbpedia.org/resource/Alicia_L._Carriquiry"
    },
    {
        "subject": "http://dbpedia.org/resource/Constance_van_Eeden",
        "predicate": "http://dbpedia.org/ontology/wikiPageWikiLink",
        "object": "http://dbpedia.org/resource/Allan_Birnbaum"
    },
    {
        "subject": "http://dbpedia.org/resource/Constance_van_Eeden",
        "predicate": "http://dbpedia.org/ontology/wikiPageWikiLink",
        "object": "http://dbpedia.org/resource/Almarin_Phillips"
    },
    {
        "subject": "http://dbpedia.org/resource/Constance_van_Eeden",
        "predicate": "http://dbpedia.org/ontology/wikiPageWikiLink",
        "object": "http://dbpedia.org/resource/Andreas_Buja"
    },
    {
        "subject": "http://dbpedia.org/resource/Constance_van_Eeden",
        "predicate": "http://dbpedia.org/ontology/wikiPageWikiLink",
        "object": "http://dbpedia.org/resource/Ann_Dryden_Witte"
    },
    {
        "subject": "http://dbpedia.org/resource/Constance_van_Eeden",
        "predicate": "http://dbpedia.org/ontology/wikiPageWikiLink",
        "object": "http://dbpedia.org/resource/Ann_E._Watkins"
    },
    {
        "subject": "http://dbpedia.org/resource/Constance_van_Eeden",
        "predicate": "http://dbpedia.org/ontology/wikiPageWikiLink",
        "object": "http://dbpedia.org/resource/Ann_R._Cannon"
    },
    {
        "subject": "http://dbpedia.org/resource/Constance_van_Eeden",
        "predicate": "http://dbpedia.org/ontology/wikiPageWikiLink",
        "object": "http://dbpedia.org/resource/Ann_R._Miller"
    },
    {
        "subject": "http://dbpedia.org/resource/Constance_van_Eeden",
        "predicate": "http://dbpedia.org/ontology/wikiPageWikiLink",
        "object": "http://dbpedia.org/resource/Ann_Zauber"
    },
    {
        "subject": "http://dbpedia.org/resource/Constance_van_Eeden",
        "predicate": "http://dbpedia.org/ontology/wikiPageWikiLink",
        "object": "http://dbpedia.org/resource/Annie_Qu"
    },
    {
        "subject": "http://dbpedia.org/resource/Constance_van_Eeden",
        "predicate": "http://dbpedia.org/ontology/wikiPageWikiLink",
        "object": "http://dbpedia.org/resource/Antony_Unwin"
    },
    {
        "subject": "http://dbpedia.org/resource/Constance_van_Eeden",
        "predicate": "http://dbpedia.org/ontology/wikiPageWikiLink",
        "object": "http://dbpedia.org/resource/Aparna_V._Huzurbazar"
    },
    {
        "subject": "http://dbpedia.org/resource/Constance_van_Eeden",
        "predicate": "http://dbpedia.org/ontology/wikiPageWikiLink",
        "object": "http://dbpedia.org/resource/Holbrook_Working"
    },
    {
        "subject": "http://dbpedia.org/resource/Constance_van_Eeden",
        "predicate": "http://dbpedia.org/ontology/wikiPageWikiLink",
        "object": "http://dbpedia.org/resource/Howard_Raiffa"
    },
    {
        "subject": "http://dbpedia.org/resource/Constance_van_Eeden",
        "predicate": "http://dbpedia.org/ontology/wikiPageWikiLink",
        "object": "http://dbpedia.org/resource/Howard_Wainer"
    },
    {
        "subject": "http://dbpedia.org/resource/Constance_van_Eeden",
        "predicate": "http://dbpedia.org/ontology/wikiPageWikiLink",
        "object": "http://dbpedia.org/resource/Hubert_M._Blalock_Jr."
    },
    {
        "subject": "http://dbpedia.org/resource/Constance_van_Eeden",
        "predicate": "http://dbpedia.org/ontology/wikiPageWikiLink",
        "object": "http://dbpedia.org/resource/Hugo_Christiaan_Hamaker"
    },
    {
        "subject": "http://dbpedia.org/resource/Constance_van_Eeden",
        "predicate": "http://dbpedia.org/ontology/wikiPageWikiLink",
        "object": "http://dbpedia.org/resource/Hui_Zou"
    },
    {
        "subject": "http://dbpedia.org/resource/Constance_van_Eeden",
        "predicate": "http://dbpedia.org/ontology/wikiPageWikiLink",
        "object": "http://dbpedia.org/resource/John_Sall"
    },
    {
        "subject": "http://dbpedia.org/resource/Constance_van_Eeden",
        "predicate": "http://dbpedia.org/ontology/wikiPageWikiLink",
        "object": "http://dbpedia.org/resource/John_Tukey"
    },
    {
        "subject": "http://dbpedia.org/resource/Constance_van_Eeden",
        "predicate": "http://dbpedia.org/ontology/wikiPageWikiLink",
        "object": "http://dbpedia.org/resource/John_W._Pratt"
    },
    {
        "subject": "http://dbpedia.org/resource/Constance_van_Eeden",
        "predicate": "http://dbpedia.org/ontology/wikiPageWikiLink",
        "object": "http://dbpedia.org/resource/John_Whitefield_Kendrick"
    },
    {
        "subject": "http://dbpedia.org/resource/Constance_van_Eeden",
        "predicate": "http://dbpedia.org/ontology/wikiPageWikiLink",
        "object": "http://dbpedia.org/resource/John_Wishart_(statistician)"
    },
    {
        "subject": "http://dbpedia.org/resource/Constance_van_Eeden",
        "predicate": "http://dbpedia.org/ontology/wikiPageWikiLink",
        "object": "http://dbpedia.org/resource/Joseph_Berkson"
    },
    {
        "subject": "http://dbpedia.org/resource/Constance_van_Eeden",
        "predicate": "http://dbpedia.org/ontology/wikiPageWikiLink",
        "object": "http://dbpedia.org/resource/Joseph_Born_Kadane"
    },
    {
        "subject": "http://dbpedia.org/resource/Constance_van_Eeden",
        "predicate": "http://dbpedia.org/ontology/wikiPageWikiLink",
        "object": "http://dbpedia.org/resource/Joseph_Hilbe"
    },
    {
        "subject": "http://dbpedia.org/resource/Constance_van_Eeden",
        "predicate": "http://dbpedia.org/ontology/wikiPageWikiLink",
        "object": "http://dbpedia.org/resource/Joseph_Kruskal"
    },
    {
        "subject": "http://dbpedia.org/resource/Constance_van_Eeden",
        "predicate": "http://dbpedia.org/ontology/wikiPageWikiLink",
        "object": "http://dbpedia.org/resource/Joseph_L._Fleiss"
    },
    {
        "subject": "http://dbpedia.org/resource/Constance_van_Eeden",
        "predicate": "http://dbpedia.org/ontology/wikiPageWikiLink",
        "object": "http://dbpedia.org/resource/Jos\u00e9-Miguel_Bernardo"
    },
    {
        "subject": "http://dbpedia.org/resource/Constance_van_Eeden",
        "predicate": "http://dbpedia.org/ontology/wikiPageWikiLink",
        "object": "http://dbpedia.org/resource/Judea_Pearl"
    },
    {
        "subject": "http://dbpedia.org/resource/Constance_van_Eeden",
        "predicate": "http://dbpedia.org/ontology/wikiPageWikiLink",
        "object": "http://dbpedia.org/resource/Julian_Stanley"
    },
    {
        "subject": "http://dbpedia.org/resource/Constance_van_Eeden",
        "predicate": "http://dbpedia.org/ontology/wikiPageWikiLink",
        "object": "http://dbpedia.org/resource/Juliet_Popper_Shaffer"
    },
    {
        "subject": "http://dbpedia.org/resource/Constance_van_Eeden",
        "predicate": "http://dbpedia.org/ontology/wikiPageWikiLink",
        "object": "http://dbpedia.org/resource/Beth_Chance"
    },
    {
        "subject": "http://dbpedia.org/resource/Constance_van_Eeden",
        "predicate": "http://dbpedia.org/ontology/wikiPageWikiLink",
        "object": "http://dbpedia.org/resource/Beth_Gladen"
    }
]