[
    {
        "subject": "http://dbpedia.org/resource/Deborah_Loewenberg_Ball",
        "predicate": "http://dbpedia.org/ontology/wikiPageWikiLink",
        "object": "http://dbpedia.org/resource/Princeton,_New_Jersey"
    },
    {
        "subject": "http://dbpedia.org/resource/Deborah_Loewenberg_Ball",
        "predicate": "http://dbpedia.org/ontology/wikiPageWikiLink",
        "object": "http://dbpedia.org/resource/Princeton_University"
    },
    {
        "subject": "http://dbpedia.org/resource/Deborah_Loewenberg_Ball",
        "predicate": "http://dbpedia.org/ontology/wikiPageWikiLink",
        "object": "http://dbpedia.org/resource/Samuel_Eilenberg"
    },
    {
        "subject": "http://dbpedia.org/resource/Deborah_Loewenberg_Ball",
        "predicate": "http://dbpedia.org/ontology/wikiPageWikiLink",
        "object": "http://dbpedia.org/resource/Sapienza_University_of_Rome"
    },
    {
        "subject": "http://dbpedia.org/resource/Deborah_Loewenberg_Ball",
        "predicate": "http://dbpedia.org/ontology/wikiPageWikiLink",
        "object": "http://dbpedia.org/resource/Barnard_College"
    },
    {
        "subject": "http://dbpedia.org/resource/Deborah_Loewenberg_Ball",
        "predicate": "http://dbpedia.org/ontology/wikiPageWikiLink",
        "object": "http://dbpedia.org/resource/Algebraic_K-theory"
    },
    {
        "subject": "http://dbpedia.org/resource/Deborah_Loewenberg_Ball",
        "predicate": "http://dbpedia.org/ontology/wikiPageWikiLink",
        "object": "http://dbpedia.org/resource/Algebraic_group"
    },
    {
        "subject": "http://dbpedia.org/resource/Deborah_Loewenberg_Ball",
        "predicate": "http://dbpedia.org/ontology/wikiPageWikiLink",
        "object": "http://dbpedia.org/resource/Category:Mathematicians_from_Texas"
    },
    {
        "subject": "http://dbpedia.org/resource/Deborah_Loewenberg_Ball",
        "predicate": "http://dbpedia.org/ontology/wikiPageWikiLink",
        "object": "http://dbpedia.org/resource/Houston"
    },
    {
        "subject": "http://dbpedia.org/resource/Deborah_Loewenberg_Ball",
        "predicate": "http://dbpedia.org/ontology/wikiPageWikiLink",
        "object": "http://dbpedia.org/resource/Riemann_zeta_function"
    },
    {
        "subject": "http://dbpedia.org/resource/Deborah_Loewenberg_Ball",
        "predicate": "http://dbpedia.org/ontology/wikiPageWikiLink",
        "object": "http://dbpedia.org/resource/University_of_California,_Berkeley"
    },
    {
        "subject": "http://dbpedia.org/resource/Deborah_Loewenberg_Ball",
        "predicate": "http://dbpedia.org/ontology/wikiPageWikiLink",
        "object": "http://dbpedia.org/resource/University_of_Cambridge"
    },
    {
        "subject": "http://dbpedia.org/resource/Deborah_Loewenberg_Ball",
        "predicate": "http://dbpedia.org/ontology/wikiPageWikiLink",
        "object": "http://dbpedia.org/resource/University_of_Chicago"
    },
    {
        "subject": "http://dbpedia.org/resource/Deborah_Loewenberg_Ball",
        "predicate": "http://dbpedia.org/ontology/wikiPageWikiLink",
        "object": "http://dbpedia.org/resource/University_of_Michigan"
    },
    {
        "subject": "http://dbpedia.org/resource/Deborah_Loewenberg_Ball",
        "predicate": "http://dbpedia.org/ontology/wikiPageWikiLink",
        "object": "http://dbpedia.org/resource/University_of_Utah"
    },
    {
        "subject": "http://dbpedia.org/resource/Deborah_Loewenberg_Ball",
        "predicate": "http://dbpedia.org/ontology/wikiPageWikiLink",
        "object": "http://dbpedia.org/resource/Deborah_Loewenberg_Ball"
    },
    {
        "subject": "http://dbpedia.org/resource/Deborah_Loewenberg_Ball",
        "predicate": "http://dbpedia.org/ontology/wikiPageWikiLink",
        "object": "http://dbpedia.org/resource/Institut_des_Hautes_\u00c9tudes_Scientifiques"
    },
    {
        "subject": "http://dbpedia.org/resource/Deborah_Loewenberg_Ball",
        "predicate": "http://dbpedia.org/ontology/wikiPageWikiLink",
        "object": "http://dbpedia.org/resource/Instituto_Nacional_de_Matem\u00e1tica_Pura_e_Aplicada"
    },
    {
        "subject": "http://dbpedia.org/resource/Deborah_Loewenberg_Ball",
        "predicate": "http://dbpedia.org/ontology/wikiPageWikiLink",
        "object": "http://dbpedia.org/resource/International_Commission_on_Mathematical_Instruction"
    },
    {
        "subject": "http://dbpedia.org/resource/Deborah_Loewenberg_Ball",
        "predicate": "http://dbpedia.org/ontology/wikiPageWikiLink",
        "object": "http://dbpedia.org/resource/Category:Living_people"
    },
    {
        "subject": "http://dbpedia.org/resource/Deborah_Loewenberg_Ball",
        "predicate": "http://dbpedia.org/ontology/wikiPageWikiLink",
        "object": "http://dbpedia.org/resource/Category:Mathematics_educators"
    },
    {
        "subject": "http://dbpedia.org/resource/Deborah_Loewenberg_Ball",
        "predicate": "http://dbpedia.org/ontology/wikiPageWikiLink",
        "object": "http://dbpedia.org/resource/Columbia_University"
    },
    {
        "subject": "http://dbpedia.org/resource/Deborah_Loewenberg_Ball",
        "predicate": "http://dbpedia.org/ontology/wikiPageWikiLink",
        "object": "http://dbpedia.org/resource/Mathematics"
    },
    {
        "subject": "http://dbpedia.org/resource/Deborah_Loewenberg_Ball",
        "predicate": "http://dbpedia.org/ontology/wikiPageWikiLink",
        "object": "http://dbpedia.org/resource/National_Medal_of_Science"
    },
    {
        "subject": "http://dbpedia.org/resource/Deborah_Loewenberg_Ball",
        "predicate": "http://dbpedia.org/ontology/wikiPageWikiLink",
        "object": "http://dbpedia.org/resource/\u00c9cole_Normale_Sup\u00e9rieure"
    },
    {
        "subject": "http://dbpedia.org/resource/Deborah_Loewenberg_Ball",
        "predicate": "http://dbpedia.org/ontology/wikiPageWikiLink",
        "object": "http://dbpedia.org/resource/The_World_Academy_of_Sciences"
    },
    {
        "subject": "http://dbpedia.org/resource/Deborah_Loewenberg_Ball",
        "predicate": "http://dbpedia.org/ontology/wikiPageWikiLink",
        "object": "http://dbpedia.org/resource/Bass_number"
    },
    {
        "subject": "http://dbpedia.org/resource/Deborah_Loewenberg_Ball",
        "predicate": "http://dbpedia.org/ontology/wikiPageWikiLink",
        "object": "http://dbpedia.org/resource/Bass\u2013Quillen_conjecture"
    },
    {
        "subject": "http://dbpedia.org/resource/Deborah_Loewenberg_Ball",
        "predicate": "http://dbpedia.org/ontology/wikiPageWikiLink",
        "object": "http://dbpedia.org/resource/Bass\u2013Serre_theory"
    },
    {
        "subject": "http://dbpedia.org/resource/Deborah_Loewenberg_Ball",
        "predicate": "http://dbpedia.org/ontology/wikiPageWikiLink",
        "object": "http://dbpedia.org/resource/Commutative_algebra"
    },
    {
        "subject": "http://dbpedia.org/resource/Deborah_Loewenberg_Ball",
        "predicate": "http://dbpedia.org/ontology/wikiPageWikiLink",
        "object": "http://dbpedia.org/resource/Zentralblatt_MATH"
    },
    {
        "subject": "http://dbpedia.org/resource/Deborah_Loewenberg_Ball",
        "predicate": "http://dbpedia.org/ontology/wikiPageWikiLink",
        "object": "http://dbpedia.org/resource/Mathematician"
    },
    {
        "subject": "http://dbpedia.org/resource/Deborah_Loewenberg_Ball",
        "predicate": "http://dbpedia.org/ontology/wikiPageWikiLink",
        "object": "http://dbpedia.org/resource/Mathematics_education"
    },
    {
        "subject": "http://dbpedia.org/resource/Deborah_Loewenberg_Ball",
        "predicate": "http://dbpedia.org/ontology/wikiPageWikiLink",
        "object": "http://dbpedia.org/resource/Houston,_Texas"
    },
    {
        "subject": "http://dbpedia.org/resource/Deborah_Loewenberg_Ball",
        "predicate": "http://dbpedia.org/ontology/wikiPageWikiLink",
        "object": "http://dbpedia.org/resource/Category:1932_births"
    },
    {
        "subject": "http://dbpedia.org/resource/Deborah_Loewenberg_Ball",
        "predicate": "http://dbpedia.org/ontology/wikiPageWikiLink",
        "object": "http://dbpedia.org/resource/Category:20th-century_American_Jews"
    },
    {
        "subject": "http://dbpedia.org/resource/Deborah_Loewenberg_Ball",
        "predicate": "http://dbpedia.org/ontology/wikiPageWikiLink",
        "object": "http://dbpedia.org/resource/Category:Columbia_University_faculty"
    },
    {
        "subject": "http://dbpedia.org/resource/Deborah_Loewenberg_Ball",
        "predicate": "http://dbpedia.org/ontology/wikiPageWikiLink",
        "object": "http://dbpedia.org/resource/Category:Fellows_of_the_American_Academy_of_Arts_and_Sciences"
    },
    {
        "subject": "http://dbpedia.org/resource/Deborah_Loewenberg_Ball",
        "predicate": "http://dbpedia.org/ontology/wikiPageWikiLink",
        "object": "http://dbpedia.org/resource/Category:Institute_for_Advanced_Study_visiting_scholars"
    },
    {
        "subject": "http://dbpedia.org/resource/Deborah_Loewenberg_Ball",
        "predicate": "http://dbpedia.org/ontology/wikiPageWikiLink",
        "object": "http://dbpedia.org/resource/Category:Members_of_the_United_States_National_Academy_of_Sciences"
    },
    {
        "subject": "http://dbpedia.org/resource/Deborah_Loewenberg_Ball",
        "predicate": "http://dbpedia.org/ontology/wikiPageWikiLink",
        "object": "http://dbpedia.org/resource/Category:Princeton_University_alumni"
    },
    {
        "subject": "http://dbpedia.org/resource/Deborah_Loewenberg_Ball",
        "predicate": "http://dbpedia.org/ontology/wikiPageWikiLink",
        "object": "http://dbpedia.org/resource/Category:University_of_Chicago_alumni"
    },
    {
        "subject": "http://dbpedia.org/resource/Deborah_Loewenberg_Ball",
        "predicate": "http://dbpedia.org/ontology/wikiPageWikiLink",
        "object": "http://dbpedia.org/resource/Category:University_of_Michigan_faculty"
    },
    {
        "subject": "http://dbpedia.org/resource/Deborah_Loewenberg_Ball",
        "predicate": "http://dbpedia.org/ontology/wikiPageWikiLink",
        "object": "http://dbpedia.org/resource/Irving_Kaplansky"
    },
    {
        "subject": "http://dbpedia.org/resource/Deborah_Loewenberg_Ball",
        "predicate": "http://dbpedia.org/ontology/wikiPageWikiLink",
        "object": "http://dbpedia.org/resource/Algebra"
    },
    {
        "subject": "http://dbpedia.org/resource/Deborah_Loewenberg_Ball",
        "predicate": "http://dbpedia.org/ontology/wikiPageWikiLink",
        "object": "http://dbpedia.org/resource/Algebraic_geometry"
    },
    {
        "subject": "http://dbpedia.org/resource/Deborah_Loewenberg_Ball",
        "predicate": "http://dbpedia.org/ontology/wikiPageWikiLink",
        "object": "http://dbpedia.org/resource/Algebraic_groups"
    },
    {
        "subject": "http://dbpedia.org/resource/Deborah_Loewenberg_Ball",
        "predicate": "http://dbpedia.org/ontology/wikiPageWikiLink",
        "object": "http://dbpedia.org/resource/American_Academy_of_Arts_and_Sciences"
    },
    {
        "subject": "http://dbpedia.org/resource/Deborah_Loewenberg_Ball",
        "predicate": "http://dbpedia.org/ontology/wikiPageWikiLink",
        "object": "http://dbpedia.org/resource/American_Mathematical_Society"
    },
    {
        "subject": "http://dbpedia.org/resource/Deborah_Loewenberg_Ball",
        "predicate": "http://dbpedia.org/ontology/wikiPageWikiLink",
        "object": "http://dbpedia.org/resource/Category:21st-century_American_Jews"
    },
    {
        "subject": "http://dbpedia.org/resource/Deborah_Loewenberg_Ball",
        "predicate": "http://dbpedia.org/ontology/wikiPageWikiLink",
        "object": "http://dbpedia.org/resource/Category:Academics_from_Houston"
    },
    {
        "subject": "http://dbpedia.org/resource/Deborah_Loewenberg_Ball",
        "predicate": "http://dbpedia.org/ontology/wikiPageWikiLink",
        "object": "http://dbpedia.org/resource/Tata_Institute_of_Fundamental_Research"
    },
    {
        "subject": "http://dbpedia.org/resource/Deborah_Loewenberg_Ball",
        "predicate": "http://dbpedia.org/ontology/wikiPageWikiLink",
        "object": "http://dbpedia.org/resource/Texas"
    },
    {
        "subject": "http://dbpedia.org/resource/Deborah_Loewenberg_Ball",
        "predicate": "http://dbpedia.org/ontology/wikiPageWikiLink",
        "object": "http://dbpedia.org/resource/Category:Fellows_of_the_American_Mathematical_Society"
    },
    {
        "subject": "http://dbpedia.org/resource/Deborah_Loewenberg_Ball",
        "predicate": "http://dbpedia.org/ontology/wikiPageWikiLink",
        "object": "http://dbpedia.org/resource/Category:National_Medal_of_Science_laureates"
    },
    {
        "subject": "http://dbpedia.org/resource/Deborah_Loewenberg_Ball",
        "predicate": "http://dbpedia.org/ontology/wikiPageWikiLink",
        "object": "http://dbpedia.org/resource/Category:Algebraists"
    },
    {
        "subject": "http://dbpedia.org/resource/Deborah_Loewenberg_Ball",
        "predicate": "http://dbpedia.org/ontology/wikiPageWikiLink",
        "object": "http://dbpedia.org/resource/Category:Presidents_of_the_American_Mathematical_Society"
    },
    {
        "subject": "http://dbpedia.org/resource/Deborah_Loewenberg_Ball",
        "predicate": "http://dbpedia.org/ontology/wikiPageWikiLink",
        "object": "http://dbpedia.org/resource/Category:Nicolas_Bourbaki"
    },
    {
        "subject": "http://dbpedia.org/resource/Deborah_Loewenberg_Ball",
        "predicate": "http://dbpedia.org/ontology/wikiPageWikiLink",
        "object": "http://dbpedia.org/resource/Jewish"
    },
    {
        "subject": "http://dbpedia.org/resource/Deborah_Loewenberg_Ball",
        "predicate": "http://dbpedia.org/ontology/wikiPageWikiLink",
        "object": "http://dbpedia.org/resource/Cole_Prize"
    },
    {
        "subject": "http://dbpedia.org/resource/Deborah_Loewenberg_Ball",
        "predicate": "http://dbpedia.org/ontology/wikiPageWikiLink",
        "object": "http://dbpedia.org/resource/Group_theory"
    },
    {
        "subject": "http://dbpedia.org/resource/Deborah_Loewenberg_Ball",
        "predicate": "http://dbpedia.org/ontology/wikiPageWikiLink",
        "object": "http://dbpedia.org/resource/Institute_for_Advanced_Study"
    },
    {
        "subject": "http://dbpedia.org/resource/Deborah_Loewenberg_Ball",
        "predicate": "http://dbpedia.org/ontology/wikiPageWikiLink",
        "object": "http://dbpedia.org/resource/National_Autonomous_University_of_Mexico"
    },
    {
        "subject": "http://dbpedia.org/resource/Deborah_Loewenberg_Ball",
        "predicate": "http://dbpedia.org/ontology/wikiPageWikiLink",
        "object": "http://dbpedia.org/resource/Ihara_zeta_function"
    },
    {
        "subject": "http://dbpedia.org/resource/Deborah_Loewenberg_Ball",
        "predicate": "http://dbpedia.org/ontology/wikiPageWikiLink",
        "object": "http://dbpedia.org/resource/Mittag-Leffler_Institute"
    },
    {
        "subject": "http://dbpedia.org/resource/Deborah_Loewenberg_Ball",
        "predicate": "http://dbpedia.org/ontology/wikiPageWikiLink",
        "object": "http://dbpedia.org/resource/Tsit_Yuen_Lam"
    },
    {
        "subject": "http://dbpedia.org/resource/Deborah_Loewenberg_Ball",
        "predicate": "http://dbpedia.org/ontology/wikiPageWikiLink",
        "object": "http://dbpedia.org/resource/Mary_P._Dolciani_Award"
    },
    {
        "subject": "http://dbpedia.org/resource/Deborah_Loewenberg_Ball",
        "predicate": "http://dbpedia.org/ontology/wikiPageWikiLink",
        "object": "http://dbpedia.org/resource/United_States_National_Academy_of_Sciences"
    },
    {
        "subject": "http://dbpedia.org/resource/Deborah_Loewenberg_Ball",
        "predicate": "http://dbpedia.org/ontology/wikiPageWikiLink",
        "object": "http://dbpedia.org/resource/Amy_Cohen-Corwin"
    },
    {
        "subject": "http://dbpedia.org/resource/Deborah_Loewenberg_Ball",
        "predicate": "http://dbpedia.org/ontology/wikiPageWikiLink",
        "object": "http://dbpedia.org/resource/Bozenna_Pasik-Duncan"
    },
    {
        "subject": "http://dbpedia.org/resource/Deborah_Loewenberg_Ball",
        "predicate": "http://dbpedia.org/ontology/wikiPageWikiLink",
        "object": "http://dbpedia.org/resource/Annie_Selden"
    },
    {
        "subject": "http://dbpedia.org/resource/Deborah_Loewenberg_Ball",
        "predicate": "http://dbpedia.org/ontology/wikiPageWikiLink",
        "object": "http://dbpedia.org/resource/Judith_Roitman"
    },
    {
        "subject": "http://dbpedia.org/resource/Deborah_Loewenberg_Ball",
        "predicate": "http://dbpedia.org/ontology/wikiPageWikiLink",
        "object": "http://dbpedia.org/resource/Deborah_Hughes_Hallett"
    },
    {
        "subject": "http://dbpedia.org/resource/Deborah_Loewenberg_Ball",
        "predicate": "http://dbpedia.org/ontology/wikiPageWikiLink",
        "object": "http://dbpedia.org/resource/Deborah_Loewenberg_Ball"
    },
    {
        "subject": "http://dbpedia.org/resource/Deborah_Loewenberg_Ball",
        "predicate": "http://dbpedia.org/ontology/wikiPageWikiLink",
        "object": "http://dbpedia.org/resource/Jacqueline_Dewar"
    },
    {
        "subject": "http://dbpedia.org/resource/Deborah_Loewenberg_Ball",
        "predicate": "http://dbpedia.org/ontology/wikiPageWikiLink",
        "object": "http://dbpedia.org/resource/List_of_mathematics_awards"
    },
    {
        "subject": "http://dbpedia.org/resource/Deborah_Loewenberg_Ball",
        "predicate": "http://dbpedia.org/ontology/wikiPageWikiLink",
        "object": "http://dbpedia.org/resource/Martha_K._Smith"
    },
    {
        "subject": "http://dbpedia.org/resource/Deborah_Loewenberg_Ball",
        "predicate": "http://dbpedia.org/ontology/wikiPageWikiLink",
        "object": "http://dbpedia.org/resource/Louise_Hay_(mathematician)"
    },
    {
        "subject": "http://dbpedia.org/resource/Deborah_Loewenberg_Ball",
        "predicate": "http://dbpedia.org/ontology/wikiPageWikiLink",
        "object": "http://dbpedia.org/resource/Harriet_Pollatsek"
    },
    {
        "subject": "http://dbpedia.org/resource/Deborah_Loewenberg_Ball",
        "predicate": "http://dbpedia.org/ontology/wikiPageWikiLink",
        "object": "http://dbpedia.org/resource/Kristin_Umland"
    },
    {
        "subject": "http://dbpedia.org/resource/Deborah_Loewenberg_Ball",
        "predicate": "http://dbpedia.org/ontology/wikiPageWikiLink",
        "object": "http://dbpedia.org/resource/Katherine_Puckett_Layton"
    },
    {
        "subject": "http://dbpedia.org/resource/Deborah_Loewenberg_Ball",
        "predicate": "http://dbpedia.org/ontology/wikiPageWikiLink",
        "object": "http://dbpedia.org/resource/Erika_Tatiana_Camacho"
    },
    {
        "subject": "http://dbpedia.org/resource/Deborah_Loewenberg_Ball",
        "predicate": "http://dbpedia.org/ontology/wikiPageWikiLink",
        "object": "http://dbpedia.org/resource/Glenda_Lappan"
    },
    {
        "subject": "http://dbpedia.org/resource/Deborah_Loewenberg_Ball",
        "predicate": "http://dbpedia.org/ontology/wikiPageWikiLink",
        "object": "http://dbpedia.org/resource/Judy_L._Walker"
    },
    {
        "subject": "http://dbpedia.org/resource/Deborah_Loewenberg_Ball",
        "predicate": "http://dbpedia.org/ontology/wikiPageWikiLink",
        "object": "http://dbpedia.org/resource/Kaye_A._de_Ruiz"
    },
    {
        "subject": "http://dbpedia.org/resource/Deborah_Loewenberg_Ball",
        "predicate": "http://dbpedia.org/ontology/wikiPageWikiLink",
        "object": "http://dbpedia.org/resource/Association_for_Women_in_Mathematics"
    },
    {
        "subject": "http://dbpedia.org/resource/Deborah_Loewenberg_Ball",
        "predicate": "http://dbpedia.org/ontology/wikiPageWikiLink",
        "object": "http://dbpedia.org/resource/Category:1990_establishments_in_the_United_States"
    },
    {
        "subject": "http://dbpedia.org/resource/Deborah_Loewenberg_Ball",
        "predicate": "http://dbpedia.org/ontology/wikiPageWikiLink",
        "object": "http://dbpedia.org/resource/Category:Awards_and_prizes_of_the_Association_for_Women_in_Mathematics"
    },
    {
        "subject": "http://dbpedia.org/resource/Deborah_Loewenberg_Ball",
        "predicate": "http://dbpedia.org/ontology/wikiPageWikiLink",
        "object": "http://dbpedia.org/resource/Category:Awards_established_in_1990"
    },
    {
        "subject": "http://dbpedia.org/resource/Deborah_Loewenberg_Ball",
        "predicate": "http://dbpedia.org/ontology/wikiPageWikiLink",
        "object": "http://dbpedia.org/resource/Category:Awards_of_the_Mathematical_Association_of_America"
    },
    {
        "subject": "http://dbpedia.org/resource/Deborah_Loewenberg_Ball",
        "predicate": "http://dbpedia.org/ontology/wikiPageWikiLink",
        "object": "http://dbpedia.org/resource/Category:Mathematics_education_awards"
    },
    {
        "subject": "http://dbpedia.org/resource/Deborah_Loewenberg_Ball",
        "predicate": "http://dbpedia.org/ontology/wikiPageWikiLink",
        "object": "http://dbpedia.org/resource/Joan_Ferrini-Mundy"
    },
    {
        "subject": "http://dbpedia.org/resource/Deborah_Loewenberg_Ball",
        "predicate": "http://dbpedia.org/ontology/wikiPageWikiLink",
        "object": "http://dbpedia.org/resource/Susanna_S._Epp"
    },
    {
        "subject": "http://dbpedia.org/resource/Deborah_Loewenberg_Ball",
        "predicate": "http://dbpedia.org/ontology/wikiPageWikiLink",
        "object": "http://dbpedia.org/resource/Sybilla_Beckmann"
    },
    {
        "subject": "http://dbpedia.org/resource/Deborah_Loewenberg_Ball",
        "predicate": "http://dbpedia.org/ontology/wikiPageWikiLink",
        "object": "http://dbpedia.org/resource/T._Christine_Stevens"
    },
    {
        "subject": "http://dbpedia.org/resource/Deborah_Loewenberg_Ball",
        "predicate": "http://dbpedia.org/ontology/wikiPageWikiLink",
        "object": "http://dbpedia.org/resource/Marilyn_Burns_(mathematics_educator)"
    },
    {
        "subject": "http://dbpedia.org/resource/Deborah_Loewenberg_Ball",
        "predicate": "http://dbpedia.org/ontology/wikiPageWikiLink",
        "object": "http://dbpedia.org/resource/Bonnie_Gold"
    },
    {
        "subject": "http://dbpedia.org/resource/Deborah_Loewenberg_Ball",
        "predicate": "http://dbpedia.org/ontology/wikiPageWikiLink",
        "object": "http://dbpedia.org/resource/Phyllis_Chinn"
    },
    {
        "subject": "http://dbpedia.org/resource/Deborah_Loewenberg_Ball",
        "predicate": "http://dbpedia.org/ontology/wikiPageWikiLink",
        "object": "http://dbpedia.org/resource/Olga_Beaver"
    },
    {
        "subject": "http://dbpedia.org/resource/Deborah_Loewenberg_Ball",
        "predicate": "http://dbpedia.org/ontology/wikiPageWikiLink",
        "object": "http://dbpedia.org/resource/Cathy_Kessel"
    }
]