[
    {
        "subject": "http://dbpedia.org/resource/Elizabeth_McHarg",
        "predicate": "http://dbpedia.org/ontology/wikiPageWikiLink",
        "object": "http://dbpedia.org/resource/University_of_Dundee"
    },
    {
        "subject": "http://dbpedia.org/resource/Elizabeth_McHarg",
        "predicate": "http://dbpedia.org/ontology/wikiPageWikiLink",
        "object": "http://dbpedia.org/resource/University_of_Strathclyde"
    },
    {
        "subject": "http://dbpedia.org/resource/Elizabeth_McHarg",
        "predicate": "http://dbpedia.org/ontology/wikiPageWikiLink",
        "object": "http://dbpedia.org/resource/Category:Living_people"
    },
    {
        "subject": "http://dbpedia.org/resource/Elizabeth_McHarg",
        "predicate": "http://dbpedia.org/ontology/wikiPageWikiLink",
        "object": "http://dbpedia.org/resource/Category:Officers_of_the_Order_of_the_British_Empire"
    },
    {
        "subject": "http://dbpedia.org/resource/Elizabeth_McHarg",
        "predicate": "http://dbpedia.org/ontology/wikiPageWikiLink",
        "object": "http://dbpedia.org/resource/Category:Year_of_birth_missing_(living_people)"
    },
    {
        "subject": "http://dbpedia.org/resource/Elizabeth_McHarg",
        "predicate": "http://dbpedia.org/ontology/wikiPageWikiLink",
        "object": "http://dbpedia.org/resource/Elizabeth_McHarg"
    },
    {
        "subject": "http://dbpedia.org/resource/Elizabeth_McHarg",
        "predicate": "http://dbpedia.org/ontology/wikiPageWikiLink",
        "object": "http://dbpedia.org/resource/Mathematician"
    },
    {
        "subject": "http://dbpedia.org/resource/Elizabeth_McHarg",
        "predicate": "http://dbpedia.org/ontology/wikiPageWikiLink",
        "object": "http://dbpedia.org/resource/Category:Academics_of_the_University_of_Dundee"
    },
    {
        "subject": "http://dbpedia.org/resource/Elizabeth_McHarg",
        "predicate": "http://dbpedia.org/ontology/wikiPageWikiLink",
        "object": "http://dbpedia.org/resource/Category:Academics_of_the_University_of_Strathclyde"
    },
    {
        "subject": "http://dbpedia.org/resource/Elizabeth_McHarg",
        "predicate": "http://dbpedia.org/ontology/wikiPageWikiLink",
        "object": "http://dbpedia.org/resource/Category:Alumni_of_Heriot-Watt_University"
    },
    {
        "subject": "http://dbpedia.org/resource/Elizabeth_McHarg",
        "predicate": "http://dbpedia.org/ontology/wikiPageWikiLink",
        "object": "http://dbpedia.org/resource/Category:British_women_mathematicians"
    },
    {
        "subject": "http://dbpedia.org/resource/Elizabeth_McHarg",
        "predicate": "http://dbpedia.org/ontology/wikiPageWikiLink",
        "object": "http://dbpedia.org/resource/Partial_differential_equation"
    },
    {
        "subject": "http://dbpedia.org/resource/Elizabeth_McHarg",
        "predicate": "http://dbpedia.org/ontology/wikiPageWikiLink",
        "object": "http://dbpedia.org/resource/2014_Birthday_Honours"
    },
    {
        "subject": "http://dbpedia.org/resource/Elizabeth_McHarg",
        "predicate": "http://dbpedia.org/ontology/wikiPageWikiLink",
        "object": "http://dbpedia.org/resource/Heriot-Watt_University"
    },
    {
        "subject": "http://dbpedia.org/resource/Elizabeth_McHarg",
        "predicate": "http://dbpedia.org/ontology/wikiPageWikiLink",
        "object": "http://dbpedia.org/resource/Category:20th-century_women_mathematicians"
    },
    {
        "subject": "http://dbpedia.org/resource/Elizabeth_McHarg",
        "predicate": "http://dbpedia.org/ontology/wikiPageWikiLink",
        "object": "http://dbpedia.org/resource/Category:21st-century_women_mathematicians"
    },
    {
        "subject": "http://dbpedia.org/resource/Elizabeth_McHarg",
        "predicate": "http://dbpedia.org/ontology/wikiPageWikiLink",
        "object": "http://dbpedia.org/resource/Category:20th-century_Scottish_mathematicians"
    },
    {
        "subject": "http://dbpedia.org/resource/Elizabeth_McHarg",
        "predicate": "http://dbpedia.org/ontology/wikiPageWikiLink",
        "object": "http://dbpedia.org/resource/Category:21st-century_Scottish_mathematicians"
    },
    {
        "subject": "http://dbpedia.org/resource/Elizabeth_McHarg",
        "predicate": "http://dbpedia.org/ontology/wikiPageWikiLink",
        "object": "http://dbpedia.org/resource/John_M._Ball"
    },
    {
        "subject": "http://dbpedia.org/resource/Elizabeth_McHarg",
        "predicate": "http://dbpedia.org/ontology/wikiPageWikiLink",
        "object": "http://dbpedia.org/resource/Edinburgh_Mathematical_Society"
    },
    {
        "subject": "http://dbpedia.org/resource/Elizabeth_McHarg",
        "predicate": "http://dbpedia.org/ontology/wikiPageWikiLink",
        "object": "http://dbpedia.org/resource/Scattering_theory"
    },
    {
        "subject": "http://dbpedia.org/resource/Elizabeth_McHarg",
        "predicate": "http://dbpedia.org/ontology/wikiPageWikiLink",
        "object": "http://dbpedia.org/resource/Elizabeth_McHarg"
    },
    {
        "subject": "http://dbpedia.org/resource/Elizabeth_McHarg",
        "predicate": "http://dbpedia.org/ontology/wikiPageWikiLink",
        "object": "http://dbpedia.org/resource/California_Institute_of_Technology"
    },
    {
        "subject": "http://dbpedia.org/resource/Elizabeth_McHarg",
        "predicate": "http://dbpedia.org/ontology/wikiPageWikiLink",
        "object": "http://dbpedia.org/resource/Rome"
    },
    {
        "subject": "http://dbpedia.org/resource/Elizabeth_McHarg",
        "predicate": "http://dbpedia.org/ontology/wikiPageWikiLink",
        "object": "http://dbpedia.org/resource/Integral_equation"
    },
    {
        "subject": "http://dbpedia.org/resource/Elizabeth_McHarg",
        "predicate": "http://dbpedia.org/ontology/wikiPageWikiLink",
        "object": "http://dbpedia.org/resource/Italian_people"
    },
    {
        "subject": "http://dbpedia.org/resource/Elizabeth_McHarg",
        "predicate": "http://dbpedia.org/ontology/wikiPageWikiLink",
        "object": "http://dbpedia.org/resource/Category:1978_deaths"
    },
    {
        "subject": "http://dbpedia.org/resource/Elizabeth_McHarg",
        "predicate": "http://dbpedia.org/ontology/wikiPageWikiLink",
        "object": "http://dbpedia.org/resource/Confluent_hypergeometric_function"
    },
    {
        "subject": "http://dbpedia.org/resource/Elizabeth_McHarg",
        "predicate": "http://dbpedia.org/ontology/wikiPageWikiLink",
        "object": "http://dbpedia.org/resource/Mathematics"
    },
    {
        "subject": "http://dbpedia.org/resource/Elizabeth_McHarg",
        "predicate": "http://dbpedia.org/ontology/wikiPageWikiLink",
        "object": "http://dbpedia.org/resource/McGraw-Hill"
    },
    {
        "subject": "http://dbpedia.org/resource/Elizabeth_McHarg",
        "predicate": "http://dbpedia.org/ontology/wikiPageWikiLink",
        "object": "http://dbpedia.org/resource/Elizabeth_McHarg"
    },
    {
        "subject": "http://dbpedia.org/resource/Elizabeth_McHarg",
        "predicate": "http://dbpedia.org/ontology/wikiPageWikiLink",
        "object": "http://dbpedia.org/resource/Giuseppe_Peano"
    },
    {
        "subject": "http://dbpedia.org/resource/Elizabeth_McHarg",
        "predicate": "http://dbpedia.org/ontology/wikiPageWikiLink",
        "object": "http://dbpedia.org/resource/Bateman_Manuscript_Project"
    },
    {
        "subject": "http://dbpedia.org/resource/Elizabeth_McHarg",
        "predicate": "http://dbpedia.org/ontology/wikiPageWikiLink",
        "object": "http://dbpedia.org/resource/Mathematician"
    },
    {
        "subject": "http://dbpedia.org/resource/Elizabeth_McHarg",
        "predicate": "http://dbpedia.org/ontology/wikiPageWikiLink",
        "object": "http://dbpedia.org/resource/Category:1897_births"
    },
    {
        "subject": "http://dbpedia.org/resource/Elizabeth_McHarg",
        "predicate": "http://dbpedia.org/ontology/wikiPageWikiLink",
        "object": "http://dbpedia.org/resource/Transonic"
    },
    {
        "subject": "http://dbpedia.org/resource/Elizabeth_McHarg",
        "predicate": "http://dbpedia.org/ontology/wikiPageWikiLink",
        "object": "http://dbpedia.org/resource/Turin"
    },
    {
        "subject": "http://dbpedia.org/resource/Elizabeth_McHarg",
        "predicate": "http://dbpedia.org/ontology/wikiPageWikiLink",
        "object": "http://dbpedia.org/resource/Francesco_Severi"
    },
    {
        "subject": "http://dbpedia.org/resource/Elizabeth_McHarg",
        "predicate": "http://dbpedia.org/ontology/wikiPageWikiLink",
        "object": "http://dbpedia.org/resource/Padova"
    },
    {
        "subject": "http://dbpedia.org/resource/Elizabeth_McHarg",
        "predicate": "http://dbpedia.org/ontology/wikiPageWikiLink",
        "object": "http://dbpedia.org/resource/Padua"
    },
    {
        "subject": "http://dbpedia.org/resource/Elizabeth_McHarg",
        "predicate": "http://dbpedia.org/ontology/wikiPageWikiLink",
        "object": "http://dbpedia.org/resource/Partial_differential_equation"
    },
    {
        "subject": "http://dbpedia.org/resource/Elizabeth_McHarg",
        "predicate": "http://dbpedia.org/ontology/wikiPageWikiLink",
        "object": "http://dbpedia.org/resource/Pasadena,_California"
    },
    {
        "subject": "http://dbpedia.org/resource/Elizabeth_McHarg",
        "predicate": "http://dbpedia.org/ontology/wikiPageWikiLink",
        "object": "http://dbpedia.org/resource/Bateman_manuscript_project"
    },
    {
        "subject": "http://dbpedia.org/resource/Elizabeth_McHarg",
        "predicate": "http://dbpedia.org/ontology/wikiPageWikiLink",
        "object": "http://dbpedia.org/resource/International_Congress_of_Mathematicians"
    },
    {
        "subject": "http://dbpedia.org/resource/Elizabeth_McHarg",
        "predicate": "http://dbpedia.org/ontology/wikiPageWikiLink",
        "object": "http://dbpedia.org/resource/Arthur_Erd\u00e9lyi"
    },
    {
        "subject": "http://dbpedia.org/resource/Elizabeth_McHarg",
        "predicate": "http://dbpedia.org/ontology/wikiPageWikiLink",
        "object": "http://dbpedia.org/resource/Category:19th-century_Neapolitan_people"
    },
    {
        "subject": "http://dbpedia.org/resource/Elizabeth_McHarg",
        "predicate": "http://dbpedia.org/ontology/wikiPageWikiLink",
        "object": "http://dbpedia.org/resource/Category:20th-century_Italian_mathematicians"
    },
    {
        "subject": "http://dbpedia.org/resource/Elizabeth_McHarg",
        "predicate": "http://dbpedia.org/ontology/wikiPageWikiLink",
        "object": "http://dbpedia.org/resource/Category:PDE_theorists"
    },
    {
        "subject": "http://dbpedia.org/resource/Elizabeth_McHarg",
        "predicate": "http://dbpedia.org/ontology/wikiPageWikiLink",
        "object": "http://dbpedia.org/resource/Naples"
    },
    {
        "subject": "http://dbpedia.org/resource/Elizabeth_McHarg",
        "predicate": "http://dbpedia.org/ontology/wikiPageWikiLink",
        "object": "http://dbpedia.org/resource/Wilhelm_Magnus"
    },
    {
        "subject": "http://dbpedia.org/resource/Elizabeth_McHarg",
        "predicate": "http://dbpedia.org/ontology/wikiPageWikiLink",
        "object": "http://dbpedia.org/resource/Euler\u2013Tricomi_equation"
    },
    {
        "subject": "http://dbpedia.org/resource/Elizabeth_McHarg",
        "predicate": "http://dbpedia.org/ontology/wikiPageWikiLink",
        "object": "http://dbpedia.org/resource/University_of_Naples"
    },
    {
        "subject": "http://dbpedia.org/resource/Elizabeth_McHarg",
        "predicate": "http://dbpedia.org/ontology/wikiPageWikiLink",
        "object": "http://dbpedia.org/resource/Tricomi\u2013Carlitz_polynomial"
    },
    {
        "subject": "http://dbpedia.org/resource/Elizabeth_McHarg",
        "predicate": "http://dbpedia.org/ontology/wikiPageWikiLink",
        "object": "http://dbpedia.org/resource/Accademia_nazionale_dei_Lincei"
    },
    {
        "subject": "http://dbpedia.org/resource/Elizabeth_McHarg",
        "predicate": "http://dbpedia.org/ontology/wikiPageWikiLink",
        "object": "http://dbpedia.org/resource/Springer_Verlag"
    },
    {
        "subject": "http://dbpedia.org/resource/Elizabeth_McHarg",
        "predicate": "http://dbpedia.org/ontology/wikiPageWikiLink",
        "object": "http://dbpedia.org/resource/Casa_Editrice_Dottor_Antonio_Milani"
    },
    {
        "subject": "http://dbpedia.org/resource/Elizabeth_McHarg",
        "predicate": "http://dbpedia.org/ontology/wikiPageWikiLink",
        "object": "http://dbpedia.org/resource/File:Young_Skewes_Schieldrop_Tricomi_Cartwright_Zurich1932.tif"
    },
    {
        "subject": "http://dbpedia.org/resource/Elizabeth_McHarg",
        "predicate": "http://dbpedia.org/ontology/wikiPageWikiLink",
        "object": "http://dbpedia.org/resource/Cambridge"
    },
    {
        "subject": "http://dbpedia.org/resource/Elizabeth_McHarg",
        "predicate": "http://dbpedia.org/ontology/wikiPageWikiLink",
        "object": "http://dbpedia.org/resource/Princeton_University"
    },
    {
        "subject": "http://dbpedia.org/resource/Elizabeth_McHarg",
        "predicate": "http://dbpedia.org/ontology/wikiPageWikiLink",
        "object": "http://dbpedia.org/resource/Royal_Society"
    },
    {
        "subject": "http://dbpedia.org/resource/Elizabeth_McHarg",
        "predicate": "http://dbpedia.org/ontology/wikiPageWikiLink",
        "object": "http://dbpedia.org/resource/William_Mompesson"
    },
    {
        "subject": "http://dbpedia.org/resource/Elizabeth_McHarg",
        "predicate": "http://dbpedia.org/ontology/wikiPageWikiLink",
        "object": "http://dbpedia.org/resource/Boscombe"
    },
    {
        "subject": "http://dbpedia.org/resource/Elizabeth_McHarg",
        "predicate": "http://dbpedia.org/ontology/wikiPageWikiLink",
        "object": "http://dbpedia.org/resource/Category:People_educated_at_Godolphin_School"
    },
    {
        "subject": "http://dbpedia.org/resource/Elizabeth_McHarg",
        "predicate": "http://dbpedia.org/ontology/wikiPageWikiLink",
        "object": "http://dbpedia.org/resource/Category:People_from_Aynho"
    },
    {
        "subject": "http://dbpedia.org/resource/Elizabeth_McHarg",
        "predicate": "http://dbpedia.org/ontology/wikiPageWikiLink",
        "object": "http://dbpedia.org/resource/University_of_Cambridge"
    },
    {
        "subject": "http://dbpedia.org/resource/Elizabeth_McHarg",
        "predicate": "http://dbpedia.org/ontology/wikiPageWikiLink",
        "object": "http://dbpedia.org/resource/De_Morgan_Medal"
    },
    {
        "subject": "http://dbpedia.org/resource/Elizabeth_McHarg",
        "predicate": "http://dbpedia.org/ontology/wikiPageWikiLink",
        "object": "http://dbpedia.org/resource/Department_of_Scientific_and_Industrial_Research_(United_Kingdom)"
    },
    {
        "subject": "http://dbpedia.org/resource/Elizabeth_McHarg",
        "predicate": "http://dbpedia.org/ontology/wikiPageWikiLink",
        "object": "http://dbpedia.org/resource/Kathleen_Teresa_Blake_Butler"
    },
    {
        "subject": "http://dbpedia.org/resource/Elizabeth_McHarg",
        "predicate": "http://dbpedia.org/ontology/wikiPageWikiLink",
        "object": "http://dbpedia.org/resource/Dame_Commander_of_the_Order_of_the_British_Empire"
    },
    {
        "subject": "http://dbpedia.org/resource/Elizabeth_McHarg",
        "predicate": "http://dbpedia.org/ontology/wikiPageWikiLink",
        "object": "http://dbpedia.org/resource/Analytic_function"
    },
    {
        "subject": "http://dbpedia.org/resource/Elizabeth_McHarg",
        "predicate": "http://dbpedia.org/ontology/wikiPageWikiLink",
        "object": "http://dbpedia.org/resource/Elizabeth_McHarg"
    },
    {
        "subject": "http://dbpedia.org/resource/Elizabeth_McHarg",
        "predicate": "http://dbpedia.org/ontology/wikiPageWikiLink",
        "object": "http://dbpedia.org/resource/Claremont_Graduate_University"
    },
    {
        "subject": "http://dbpedia.org/resource/Elizabeth_McHarg",
        "predicate": "http://dbpedia.org/ontology/wikiPageWikiLink",
        "object": "http://dbpedia.org/resource/G._H._Hardy"
    },
    {
        "subject": "http://dbpedia.org/resource/Elizabeth_McHarg",
        "predicate": "http://dbpedia.org/ontology/wikiPageWikiLink",
        "object": "http://dbpedia.org/resource/Girton_College,_Cambridge"
    },
    {
        "subject": "http://dbpedia.org/resource/Elizabeth_McHarg",
        "predicate": "http://dbpedia.org/ontology/wikiPageWikiLink",
        "object": "http://dbpedia.org/resource/Godolphin_School"
    },
    {
        "subject": "http://dbpedia.org/resource/Elizabeth_McHarg",
        "predicate": "http://dbpedia.org/ontology/wikiPageWikiLink",
        "object": "http://dbpedia.org/resource/Conformal_geometry"
    },
    {
        "subject": "http://dbpedia.org/resource/Elizabeth_McHarg",
        "predicate": "http://dbpedia.org/ontology/wikiPageWikiLink",
        "object": "http://dbpedia.org/resource/Category:Mistresses_of_Girton_College,_Cambridge"
    },
    {
        "subject": "http://dbpedia.org/resource/Elizabeth_McHarg",
        "predicate": "http://dbpedia.org/ontology/wikiPageWikiLink",
        "object": "http://dbpedia.org/resource/London_Mathematical_Society"
    },
    {
        "subject": "http://dbpedia.org/resource/Elizabeth_McHarg",
        "predicate": "http://dbpedia.org/ontology/wikiPageWikiLink",
        "object": "http://dbpedia.org/resource/Mathematical_Association"
    },
    {
        "subject": "http://dbpedia.org/resource/Elizabeth_McHarg",
        "predicate": "http://dbpedia.org/ontology/wikiPageWikiLink",
        "object": "http://dbpedia.org/resource/Mathematical_Tripos"
    },
    {
        "subject": "http://dbpedia.org/resource/Elizabeth_McHarg",
        "predicate": "http://dbpedia.org/ontology/wikiPageWikiLink",
        "object": "http://dbpedia.org/resource/Mathematician"
    },
    {
        "subject": "http://dbpedia.org/resource/Elizabeth_McHarg",
        "predicate": "http://dbpedia.org/ontology/wikiPageWikiLink",
        "object": "http://dbpedia.org/resource/Aynho"
    },
    {
        "subject": "http://dbpedia.org/resource/Elizabeth_McHarg",
        "predicate": "http://dbpedia.org/ontology/wikiPageWikiLink",
        "object": "http://dbpedia.org/resource/Category:1900_births"
    },
    {
        "subject": "http://dbpedia.org/resource/Elizabeth_McHarg",
        "predicate": "http://dbpedia.org/ontology/wikiPageWikiLink",
        "object": "http://dbpedia.org/resource/Category:1998_deaths"
    },
    {
        "subject": "http://dbpedia.org/resource/Elizabeth_McHarg",
        "predicate": "http://dbpedia.org/ontology/wikiPageWikiLink",
        "object": "http://dbpedia.org/resource/Category:20th-century_British_mathematicians"
    },
    {
        "subject": "http://dbpedia.org/resource/Elizabeth_McHarg",
        "predicate": "http://dbpedia.org/ontology/wikiPageWikiLink",
        "object": "http://dbpedia.org/resource/Category:20th-century_British_women_scientists"
    },
    {
        "subject": "http://dbpedia.org/resource/Elizabeth_McHarg",
        "predicate": "http://dbpedia.org/ontology/wikiPageWikiLink",
        "object": "http://dbpedia.org/resource/Category:Dames_Commander_of_the_Order_of_the_British_Empire"
    },
    {
        "subject": "http://dbpedia.org/resource/Elizabeth_McHarg",
        "predicate": "http://dbpedia.org/ontology/wikiPageWikiLink",
        "object": "http://dbpedia.org/resource/Category:Fellows_of_the_Royal_Society"
    },
    {
        "subject": "http://dbpedia.org/resource/Elizabeth_McHarg",
        "predicate": "http://dbpedia.org/ontology/wikiPageWikiLink",
        "object": "http://dbpedia.org/resource/Brown_University"
    },
    {
        "subject": "http://dbpedia.org/resource/Elizabeth_McHarg",
        "predicate": "http://dbpedia.org/ontology/wikiPageWikiLink",
        "object": "http://dbpedia.org/resource/Category:British_women_mathematicians"
    },
    {
        "subject": "http://dbpedia.org/resource/Elizabeth_McHarg",
        "predicate": "http://dbpedia.org/ontology/wikiPageWikiLink",
        "object": "http://dbpedia.org/resource/Category:Fellows_of_Girton_College,_Cambridge"
    },
    {
        "subject": "http://dbpedia.org/resource/Elizabeth_McHarg",
        "predicate": "http://dbpedia.org/ontology/wikiPageWikiLink",
        "object": "http://dbpedia.org/resource/Category:Female_Fellows_of_the_Royal_Society"
    },
    {
        "subject": "http://dbpedia.org/resource/Elizabeth_McHarg",
        "predicate": "http://dbpedia.org/ontology/wikiPageWikiLink",
        "object": "http://dbpedia.org/resource/Walter_Hayman"
    },
    {
        "subject": "http://dbpedia.org/resource/Elizabeth_McHarg",
        "predicate": "http://dbpedia.org/ontology/wikiPageWikiLink",
        "object": "http://dbpedia.org/resource/Doctor_of_Philosophy"
    },
    {
        "subject": "http://dbpedia.org/resource/Elizabeth_McHarg",
        "predicate": "http://dbpedia.org/ontology/wikiPageWikiLink",
        "object": "http://dbpedia.org/resource/Agnes_Scott_College"
    },
    {
        "subject": "http://dbpedia.org/resource/Elizabeth_McHarg",
        "predicate": "http://dbpedia.org/ontology/wikiPageWikiLink",
        "object": "http://dbpedia.org/resource/Dame_Commander_of_the_Most_Excellent_Order_of_the_British_Empire"
    },
    {
        "subject": "http://dbpedia.org/resource/Elizabeth_McHarg",
        "predicate": "http://dbpedia.org/ontology/wikiPageWikiLink",
        "object": "http://dbpedia.org/resource/Fellow_of_the_Royal_Society"
    },
    {
        "subject": "http://dbpedia.org/resource/Elizabeth_McHarg",
        "predicate": "http://dbpedia.org/ontology/wikiPageWikiLink",
        "object": "http://dbpedia.org/resource/List_of_Mistresses_of_Girton_College,_Cambridge"
    },
    {
        "subject": "http://dbpedia.org/resource/Elizabeth_McHarg",
        "predicate": "http://dbpedia.org/ontology/wikiPageWikiLink",
        "object": "http://dbpedia.org/resource/Harold_Jeffreys"
    },
    {
        "subject": "http://dbpedia.org/resource/Elizabeth_McHarg",
        "predicate": "http://dbpedia.org/ontology/wikiPageWikiLink",
        "object": "http://dbpedia.org/resource/Dynamical_systems"
    }
]