[
    {
        "subject": "http://dbpedia.org/resource/Eva_Miranda",
        "predicate": "http://dbpedia.org/ontology/wikiPageWikiLink",
        "object": "http://dbpedia.org/resource/Carlo_Miranda"
    },
    {
        "subject": "http://dbpedia.org/resource/Eva_Miranda",
        "predicate": "http://dbpedia.org/ontology/wikiPageWikiLink",
        "object": "http://dbpedia.org/resource/Carmen_Miranda"
    },
    {
        "subject": "http://dbpedia.org/resource/Eva_Miranda",
        "predicate": "http://dbpedia.org/ontology/wikiPageWikiLink",
        "object": "http://dbpedia.org/resource/Robert_Miranda"
    },
    {
        "subject": "http://dbpedia.org/resource/Eva_Miranda",
        "predicate": "http://dbpedia.org/ontology/wikiPageWikiLink",
        "object": "http://dbpedia.org/resource/Roberta_Miranda"
    },
    {
        "subject": "http://dbpedia.org/resource/Eva_Miranda",
        "predicate": "http://dbpedia.org/ontology/wikiPageWikiLink",
        "object": "http://dbpedia.org/resource/Roberto_Miranda"
    },
    {
        "subject": "http://dbpedia.org/resource/Eva_Miranda",
        "predicate": "http://dbpedia.org/ontology/wikiPageWikiLink",
        "object": "http://dbpedia.org/resource/Roxana_Miranda"
    },
    {
        "subject": "http://dbpedia.org/resource/Eva_Miranda",
        "predicate": "http://dbpedia.org/ontology/wikiPageWikiLink",
        "object": "http://dbpedia.org/resource/Binho_(footballer,_born_1977)"
    },
    {
        "subject": "http://dbpedia.org/resource/Eva_Miranda",
        "predicate": "http://dbpedia.org/ontology/wikiPageWikiLink",
        "object": "http://dbpedia.org/resource/David_Miranda_(cyclist)"
    },
    {
        "subject": "http://dbpedia.org/resource/Eva_Miranda",
        "predicate": "http://dbpedia.org/ontology/wikiPageWikiLink",
        "object": "http://dbpedia.org/resource/David_Miranda_(politician)"
    },
    {
        "subject": "http://dbpedia.org/resource/Eva_Miranda",
        "predicate": "http://dbpedia.org/ontology/wikiPageWikiLink",
        "object": "http://dbpedia.org/resource/Denok_Miranda"
    },
    {
        "subject": "http://dbpedia.org/resource/Eva_Miranda",
        "predicate": "http://dbpedia.org/ontology/wikiPageWikiLink",
        "object": "http://dbpedia.org/resource/Jos\u00e9_Miranda_(baseball)"
    },
    {
        "subject": "http://dbpedia.org/resource/Eva_Miranda",
        "predicate": "http://dbpedia.org/ontology/wikiPageWikiLink",
        "object": "http://dbpedia.org/resource/Jo\u00e3o_Bernardo_de_Miranda"
    },
    {
        "subject": "http://dbpedia.org/resource/Eva_Miranda",
        "predicate": "http://dbpedia.org/ontology/wikiPageWikiLink",
        "object": "http://dbpedia.org/resource/Juan_Carre\u00f1o_de_Miranda"
    },
    {
        "subject": "http://dbpedia.org/resource/Eva_Miranda",
        "predicate": "http://dbpedia.org/ontology/wikiPageWikiLink",
        "object": "http://dbpedia.org/resource/Julius_Caesar_de_Miranda"
    },
    {
        "subject": "http://dbpedia.org/resource/Eva_Miranda",
        "predicate": "http://dbpedia.org/ontology/wikiPageWikiLink",
        "object": "http://dbpedia.org/resource/Patricia_Miranda"
    },
    {
        "subject": "http://dbpedia.org/resource/Eva_Miranda",
        "predicate": "http://dbpedia.org/ontology/wikiPageWikiLink",
        "object": "http://dbpedia.org/resource/Ricardo_Miranda"
    },
    {
        "subject": "http://dbpedia.org/resource/Eva_Miranda",
        "predicate": "http://dbpedia.org/ontology/wikiPageWikiLink",
        "object": "http://dbpedia.org/resource/Richard_Garcia_Miranda"
    },
    {
        "subject": "http://dbpedia.org/resource/Eva_Miranda",
        "predicate": "http://dbpedia.org/ontology/wikiPageWikiLink",
        "object": "http://dbpedia.org/resource/Jimmy_Miranda_Award"
    },
    {
        "subject": "http://dbpedia.org/resource/Eva_Miranda",
        "predicate": "http://dbpedia.org/ontology/wikiPageWikiLink",
        "object": "http://dbpedia.org/resource/Pedro_Rodriguez_de_Miranda"
    },
    {
        "subject": "http://dbpedia.org/resource/Eva_Miranda",
        "predicate": "http://dbpedia.org/ontology/wikiPageWikiLink",
        "object": "http://dbpedia.org/resource/Miguel_\u00c1ngel_Miranda"
    },
    {
        "subject": "http://dbpedia.org/resource/Eva_Miranda",
        "predicate": "http://dbpedia.org/ontology/wikiPageWikiLink",
        "object": "http://dbpedia.org/resource/Nicol\u00e1s_Z\u00fa\u00f1iga_y_Miranda"
    },
    {
        "subject": "http://dbpedia.org/resource/Eva_Miranda",
        "predicate": "http://dbpedia.org/ontology/wikiPageWikiLink",
        "object": "http://dbpedia.org/resource/Chyno_Miranda"
    },
    {
        "subject": "http://dbpedia.org/resource/Eva_Miranda",
        "predicate": "http://dbpedia.org/ontology/wikiPageWikiLink",
        "object": "http://dbpedia.org/resource/En\u00edlton"
    },
    {
        "subject": "http://dbpedia.org/resource/Eva_Miranda",
        "predicate": "http://dbpedia.org/ontology/wikiPageWikiLink",
        "object": "http://dbpedia.org/resource/Gabriel_Miranda"
    },
    {
        "subject": "http://dbpedia.org/resource/Eva_Miranda",
        "predicate": "http://dbpedia.org/ontology/wikiPageWikiLink",
        "object": "http://dbpedia.org/resource/Gonzalo_Miranda"
    },
    {
        "subject": "http://dbpedia.org/resource/Eva_Miranda",
        "predicate": "http://dbpedia.org/ontology/wikiPageWikiLink",
        "object": "http://dbpedia.org/resource/Miranda_(footballer,_born_1984)"
    },
    {
        "subject": "http://dbpedia.org/resource/Eva_Miranda",
        "predicate": "http://dbpedia.org/ontology/wikiPageWikiLink",
        "object": "http://dbpedia.org/resource/M\u00e1rcio_Miranda"
    },
    {
        "subject": "http://dbpedia.org/resource/Eva_Miranda",
        "predicate": "http://dbpedia.org/ontology/wikiPageWikiLink",
        "object": "http://dbpedia.org/resource/Lin-Manuel_Miranda"
    },
    {
        "subject": "http://dbpedia.org/resource/Eva_Miranda",
        "predicate": "http://dbpedia.org/ontology/wikiPageWikiLink",
        "object": "http://dbpedia.org/resource/Lu\u00eds_M\u00e1rio_Miranda_da_Silva"
    },
    {
        "subject": "http://dbpedia.org/resource/Eva_Miranda",
        "predicate": "http://dbpedia.org/ontology/wikiPageWikiLink",
        "object": "http://dbpedia.org/resource/Maltese_language"
    },
    {
        "subject": "http://dbpedia.org/resource/Eva_Miranda",
        "predicate": "http://dbpedia.org/ontology/wikiPageWikiLink",
        "object": "http://dbpedia.org/resource/Zito_(footballer,_born_1932)"
    },
    {
        "subject": "http://dbpedia.org/resource/Eva_Miranda",
        "predicate": "http://dbpedia.org/ontology/wikiPageWikiLink",
        "object": "http://dbpedia.org/resource/Frank_de_Miranda"
    },
    {
        "subject": "http://dbpedia.org/resource/Eva_Miranda",
        "predicate": "http://dbpedia.org/ontology/wikiPageWikiLink",
        "object": "http://dbpedia.org/resource/Sula_Miranda"
    },
    {
        "subject": "http://dbpedia.org/resource/Eva_Miranda",
        "predicate": "http://dbpedia.org/ontology/wikiPageWikiLink",
        "object": "http://dbpedia.org/resource/Aurora_Miranda"
    },
    {
        "subject": "http://dbpedia.org/resource/Eva_Miranda",
        "predicate": "http://dbpedia.org/ontology/wikiPageWikiLink",
        "object": "http://dbpedia.org/resource/Cecilia_Miranda_de_Carvalho"
    },
    {
        "subject": "http://dbpedia.org/resource/Eva_Miranda",
        "predicate": "http://dbpedia.org/ontology/wikiPageWikiLink",
        "object": "http://dbpedia.org/resource/Willy_Miranda"
    },
    {
        "subject": "http://dbpedia.org/resource/Eva_Miranda",
        "predicate": "http://dbpedia.org/ontology/wikiPageWikiLink",
        "object": "http://dbpedia.org/resource/Giovanni_Miranda"
    },
    {
        "subject": "http://dbpedia.org/resource/Eva_Miranda",
        "predicate": "http://dbpedia.org/ontology/wikiPageWikiLink",
        "object": "http://dbpedia.org/resource/Isabel_Miranda_de_Wallace"
    },
    {
        "subject": "http://dbpedia.org/resource/Eva_Miranda",
        "predicate": "http://dbpedia.org/ontology/wikiPageWikiLink",
        "object": "http://dbpedia.org/resource/Miriam_Miranda"
    },
    {
        "subject": "http://dbpedia.org/resource/Eva_Miranda",
        "predicate": "http://dbpedia.org/ontology/wikiPageWikiLink",
        "object": "http://dbpedia.org/resource/Ana_Miranda"
    },
    {
        "subject": "http://dbpedia.org/resource/Eva_Miranda",
        "predicate": "http://dbpedia.org/ontology/wikiPageWikiLink",
        "object": "http://dbpedia.org/resource/Ana_Miranda_Paz"
    },
    {
        "subject": "http://dbpedia.org/resource/Eva_Miranda",
        "predicate": "http://dbpedia.org/ontology/wikiPageWikiLink",
        "object": "http://dbpedia.org/resource/Edison_Miranda"
    },
    {
        "subject": "http://dbpedia.org/resource/Eva_Miranda",
        "predicate": "http://dbpedia.org/ontology/wikiPageWikiLink",
        "object": "http://dbpedia.org/resource/Ernesto_Miranda"
    },
    {
        "subject": "http://dbpedia.org/resource/Eva_Miranda",
        "predicate": "http://dbpedia.org/ontology/wikiPageWikiLink",
        "object": "http://dbpedia.org/resource/Eurico_Miranda"
    },
    {
        "subject": "http://dbpedia.org/resource/Eva_Miranda",
        "predicate": "http://dbpedia.org/ontology/wikiPageWikiLink",
        "object": "http://dbpedia.org/resource/Francisco_de_Miranda"
    },
    {
        "subject": "http://dbpedia.org/resource/Eva_Miranda",
        "predicate": "http://dbpedia.org/ontology/wikiPageWikiLink",
        "object": "http://dbpedia.org/resource/Flix_Miranda"
    },
    {
        "subject": "http://dbpedia.org/resource/Eva_Miranda",
        "predicate": "http://dbpedia.org/ontology/wikiPageWikiLink",
        "object": "http://dbpedia.org/resource/Juan_Garc\u00eda_de_Miranda"
    },
    {
        "subject": "http://dbpedia.org/resource/Eva_Miranda",
        "predicate": "http://dbpedia.org/ontology/wikiPageWikiLink",
        "object": "http://dbpedia.org/resource/Isa_Miranda"
    },
    {
        "subject": "http://dbpedia.org/resource/Eva_Miranda",
        "predicate": "http://dbpedia.org/ontology/wikiPageWikiLink",
        "object": "http://dbpedia.org/resource/Ismael_Miranda"
    },
    {
        "subject": "http://dbpedia.org/resource/Eva_Miranda",
        "predicate": "http://dbpedia.org/ontology/wikiPageWikiLink",
        "object": "http://dbpedia.org/resource/Italian_language"
    },
    {
        "subject": "http://dbpedia.org/resource/Eva_Miranda",
        "predicate": "http://dbpedia.org/ontology/wikiPageWikiLink",
        "object": "http://dbpedia.org/resource/Category:Spanish-language_surnames"
    },
    {
        "subject": "http://dbpedia.org/resource/Eva_Miranda",
        "predicate": "http://dbpedia.org/ontology/wikiPageWikiLink",
        "object": "http://dbpedia.org/resource/Category:Portuguese-language_surnames"
    },
    {
        "subject": "http://dbpedia.org/resource/Eva_Miranda",
        "predicate": "http://dbpedia.org/ontology/wikiPageWikiLink",
        "object": "http://dbpedia.org/resource/Latin"
    },
    {
        "subject": "http://dbpedia.org/resource/Eva_Miranda",
        "predicate": "http://dbpedia.org/ontology/wikiPageWikiLink",
        "object": "http://dbpedia.org/resource/Leandro_Costa_Miranda_Moraes"
    },
    {
        "subject": "http://dbpedia.org/resource/Eva_Miranda",
        "predicate": "http://dbpedia.org/ontology/wikiPageWikiLink",
        "object": "http://dbpedia.org/resource/Leandro_Gil_Miranda_da_Silva"
    },
    {
        "subject": "http://dbpedia.org/resource/Eva_Miranda",
        "predicate": "http://dbpedia.org/ontology/wikiPageWikiLink",
        "object": "http://dbpedia.org/resource/Surname"
    },
    {
        "subject": "http://dbpedia.org/resource/Eva_Miranda",
        "predicate": "http://dbpedia.org/ontology/wikiPageWikiLink",
        "object": "http://dbpedia.org/resource/Thammy_Miranda"
    },
    {
        "subject": "http://dbpedia.org/resource/Eva_Miranda",
        "predicate": "http://dbpedia.org/ontology/wikiPageWikiLink",
        "object": "http://dbpedia.org/resource/Marcos_Miranda"
    },
    {
        "subject": "http://dbpedia.org/resource/Eva_Miranda",
        "predicate": "http://dbpedia.org/ontology/wikiPageWikiLink",
        "object": "http://dbpedia.org/resource/Mario_Miranda"
    },
    {
        "subject": "http://dbpedia.org/resource/Eva_Miranda",
        "predicate": "http://dbpedia.org/ontology/wikiPageWikiLink",
        "object": "http://dbpedia.org/resource/Pia_Miranda"
    },
    {
        "subject": "http://dbpedia.org/resource/Eva_Miranda",
        "predicate": "http://dbpedia.org/ontology/wikiPageWikiLink",
        "object": "http://dbpedia.org/resource/Portuguese_language"
    },
    {
        "subject": "http://dbpedia.org/resource/Eva_Miranda",
        "predicate": "http://dbpedia.org/ontology/wikiPageWikiLink",
        "object": "http://dbpedia.org/resource/Spanish_language"
    },
    {
        "subject": "http://dbpedia.org/resource/Eva_Miranda",
        "predicate": "http://dbpedia.org/ontology/wikiPageWikiLink",
        "object": "http://dbpedia.org/resource/Michael_Miranda"
    },
    {
        "subject": "http://dbpedia.org/resource/Eva_Miranda",
        "predicate": "http://dbpedia.org/ontology/wikiPageWikiLink",
        "object": "http://dbpedia.org/resource/Miguel_Dar\u00edo_Miranda_y_G\u00f3mez"
    },
    {
        "subject": "http://dbpedia.org/resource/Eva_Miranda",
        "predicate": "http://dbpedia.org/ontology/wikiPageWikiLink",
        "object": "http://dbpedia.org/resource/Rafael_Cancel_Miranda"
    },
    {
        "subject": "http://dbpedia.org/resource/Eva_Miranda",
        "predicate": "http://dbpedia.org/ontology/wikiPageWikiLink",
        "object": "http://dbpedia.org/resource/Rafael_Miranda_da_Concei\u00e7\u00e3o"
    },
    {
        "subject": "http://dbpedia.org/resource/Eva_Miranda",
        "predicate": "http://dbpedia.org/ontology/wikiPageWikiLink",
        "object": "http://dbpedia.org/resource/Eva_Miranda"
    },
    {
        "subject": "http://dbpedia.org/resource/Eva_Miranda",
        "predicate": "http://dbpedia.org/ontology/wikiPageWikiLink",
        "object": "http://dbpedia.org/resource/Sephardic_Jewish"
    },
    {
        "subject": "http://dbpedia.org/resource/Eva_Miranda",
        "predicate": "http://dbpedia.org/ontology/wikiPageWikiLink",
        "object": "http://dbpedia.org/resource/Ronaldo_Miranda"
    },
    {
        "subject": "http://dbpedia.org/resource/Eva_Miranda",
        "predicate": "http://dbpedia.org/ontology/wikiPageWikiLink",
        "object": "http://dbpedia.org/resource/David_Martins_Miranda"
    },
    {
        "subject": "http://dbpedia.org/resource/Eva_Miranda",
        "predicate": "http://dbpedia.org/ontology/wikiPageWikiLink",
        "object": "http://dbpedia.org/resource/Jos\u00e9_Luis_de_Jes\u00fas_Miranda"
    },
    {
        "subject": "http://dbpedia.org/resource/Eva_Miranda",
        "predicate": "http://dbpedia.org/ontology/wikiPageWikiLink",
        "object": "http://dbpedia.org/resource/Sara_Olsson"
    },
    {
        "subject": "http://dbpedia.org/resource/Eva_Miranda",
        "predicate": "http://dbpedia.org/ontology/wikiPageWikiLink",
        "object": "http://dbpedia.org/resource/Copa_de_Espa\u00f1a"
    },
    {
        "subject": "http://dbpedia.org/resource/Eva_Miranda",
        "predicate": "http://dbpedia.org/ontology/wikiPageWikiLink",
        "object": "http://dbpedia.org/resource/2020_Tour_Cycliste_F\u00e9minin_International_de_l'Ard\u00e8che"
    },
    {
        "subject": "http://dbpedia.org/resource/Eva_Miranda",
        "predicate": "http://dbpedia.org/ontology/wikiPageWikiLink",
        "object": "http://dbpedia.org/resource/2021_European_Road_Championships"
    },
    {
        "subject": "http://dbpedia.org/resource/Eva_Miranda",
        "predicate": "http://dbpedia.org/ontology/wikiPageWikiLink",
        "object": "http://dbpedia.org/resource/Category:Austrian_female_cyclists"
    },
    {
        "subject": "http://dbpedia.org/resource/Eva_Miranda",
        "predicate": "http://dbpedia.org/ontology/wikiPageWikiLink",
        "object": "http://dbpedia.org/resource/Category:People_from_Mistelbach_District"
    },
    {
        "subject": "http://dbpedia.org/resource/Eva_Miranda",
        "predicate": "http://dbpedia.org/ontology/wikiPageWikiLink",
        "object": "http://dbpedia.org/resource/Cycling_at_the_2020_Summer_Olympics_\u2013_Women's_individual_road_race"
    },
    {
        "subject": "http://dbpedia.org/resource/Eva_Miranda",
        "predicate": "http://dbpedia.org/ontology/wikiPageWikiLink",
        "object": "http://dbpedia.org/resource/University_of_Cambridge"
    },
    {
        "subject": "http://dbpedia.org/resource/Eva_Miranda",
        "predicate": "http://dbpedia.org/ontology/wikiPageWikiLink",
        "object": "http://dbpedia.org/resource/Vita_Heine"
    },
    {
        "subject": "http://dbpedia.org/resource/Eva_Miranda",
        "predicate": "http://dbpedia.org/ontology/wikiPageWikiLink",
        "object": "http://dbpedia.org/resource/Integrable_system"
    },
    {
        "subject": "http://dbpedia.org/resource/Eva_Miranda",
        "predicate": "http://dbpedia.org/ontology/wikiPageWikiLink",
        "object": "http://dbpedia.org/resource/Austrian_Sportspersonality_of_the_year"
    },
    {
        "subject": "http://dbpedia.org/resource/Eva_Miranda",
        "predicate": "http://dbpedia.org/ontology/wikiPageWikiLink",
        "object": "http://dbpedia.org/resource/Category:Living_people"
    },
    {
        "subject": "http://dbpedia.org/resource/Eva_Miranda",
        "predicate": "http://dbpedia.org/ontology/wikiPageWikiLink",
        "object": "http://dbpedia.org/resource/Category:Women_mathematicians"
    },
    {
        "subject": "http://dbpedia.org/resource/Eva_Miranda",
        "predicate": "http://dbpedia.org/ontology/wikiPageWikiLink",
        "object": "http://dbpedia.org/resource/Mathematics"
    },
    {
        "subject": "http://dbpedia.org/resource/Eva_Miranda",
        "predicate": "http://dbpedia.org/ontology/wikiPageWikiLink",
        "object": "http://dbpedia.org/resource/Chrono_des_Nations"
    },
    {
        "subject": "http://dbpedia.org/resource/Eva_Miranda",
        "predicate": "http://dbpedia.org/ontology/wikiPageWikiLink",
        "object": "http://dbpedia.org/resource/Emmanuel_College,_Cambridge"
    },
    {
        "subject": "http://dbpedia.org/resource/Eva_Miranda",
        "predicate": "http://dbpedia.org/ontology/wikiPageWikiLink",
        "object": "http://dbpedia.org/resource/Mont_Ventoux"
    },
    {
        "subject": "http://dbpedia.org/resource/Eva_Miranda",
        "predicate": "http://dbpedia.org/ontology/wikiPageWikiLink",
        "object": "http://dbpedia.org/resource/2020_Summer_Olympics"
    },
    {
        "subject": "http://dbpedia.org/resource/Eva_Miranda",
        "predicate": "http://dbpedia.org/ontology/wikiPageWikiLink",
        "object": "http://dbpedia.org/resource/Anna_Plichta"
    },
    {
        "subject": "http://dbpedia.org/resource/Eva_Miranda",
        "predicate": "http://dbpedia.org/ontology/wikiPageWikiLink",
        "object": "http://dbpedia.org/resource/Annemiek_van_Vleuten"
    },
    {
        "subject": "http://dbpedia.org/resource/Eva_Miranda",
        "predicate": "http://dbpedia.org/ontology/wikiPageWikiLink",
        "object": "http://dbpedia.org/resource/Ljubljana\u2013Domzale\u2013Ljubljana_TT"
    },
    {
        "subject": "http://dbpedia.org/resource/Eva_Miranda",
        "predicate": "http://dbpedia.org/ontology/wikiPageWikiLink",
        "object": "http://dbpedia.org/resource/Lower_Austria"
    },
    {
        "subject": "http://dbpedia.org/resource/Eva_Miranda",
        "predicate": "http://dbpedia.org/ontology/wikiPageWikiLink",
        "object": "http://dbpedia.org/resource/Silvia_Valsecchi"
    },
    {
        "subject": "http://dbpedia.org/resource/Eva_Miranda",
        "predicate": "http://dbpedia.org/ontology/wikiPageWikiLink",
        "object": "http://dbpedia.org/resource/\u00c9cole_Polytechnique_F\u00e9d\u00e9rale_de_Lausanne"
    },
    {
        "subject": "http://dbpedia.org/resource/Eva_Miranda",
        "predicate": "http://dbpedia.org/ontology/wikiPageWikiLink",
        "object": "http://dbpedia.org/resource/Peloton"
    },
    {
        "subject": "http://dbpedia.org/resource/Eva_Miranda",
        "predicate": "http://dbpedia.org/ontology/wikiPageWikiLink",
        "object": "http://dbpedia.org/resource/Polytechnic_University_of_Catalonia"
    },
    {
        "subject": "http://dbpedia.org/resource/Eva_Miranda",
        "predicate": "http://dbpedia.org/ontology/wikiPageWikiLink",
        "object": "http://dbpedia.org/resource/Symplectic_manifold"
    },
    {
        "subject": "http://dbpedia.org/resource/Eva_Miranda",
        "predicate": "http://dbpedia.org/ontology/wikiPageWikiLink",
        "object": "http://dbpedia.org/resource/Mathematician"
    },
    {
        "subject": "http://dbpedia.org/resource/Eva_Miranda",
        "predicate": "http://dbpedia.org/ontology/wikiPageWikiLink",
        "object": "http://dbpedia.org/resource/Austria_at_the_2004_Summer_Olympics"
    }
]