[
    {
        "subject": "http://dbpedia.org/resource/Faina_Mihajlovna_Kirillova",
        "predicate": "http://dbpedia.org/ontology/wikiPageWikiLink",
        "object": "http://dbpedia.org/resource/Calculus_of_variations"
    },
    {
        "subject": "http://dbpedia.org/resource/Faina_Mihajlovna_Kirillova",
        "predicate": "http://dbpedia.org/ontology/wikiPageWikiLink",
        "object": "http://dbpedia.org/resource/Andrey_Nikolayevich_Tychonoff"
    },
    {
        "subject": "http://dbpedia.org/resource/Faina_Mihajlovna_Kirillova",
        "predicate": "http://dbpedia.org/ontology/wikiPageWikiLink",
        "object": "http://dbpedia.org/resource/Bella_Subbotovskaya"
    },
    {
        "subject": "http://dbpedia.org/resource/Faina_Mihajlovna_Kirillova",
        "predicate": "http://dbpedia.org/ontology/wikiPageWikiLink",
        "object": "http://dbpedia.org/resource/Boris_Delaunay"
    },
    {
        "subject": "http://dbpedia.org/resource/Faina_Mihajlovna_Kirillova",
        "predicate": "http://dbpedia.org/ontology/wikiPageWikiLink",
        "object": "http://dbpedia.org/resource/Boris_Demidovich"
    },
    {
        "subject": "http://dbpedia.org/resource/Faina_Mihajlovna_Kirillova",
        "predicate": "http://dbpedia.org/ontology/wikiPageWikiLink",
        "object": "http://dbpedia.org/resource/Category:Moscow_State_University"
    },
    {
        "subject": "http://dbpedia.org/resource/Faina_Mihajlovna_Kirillova",
        "predicate": "http://dbpedia.org/ontology/wikiPageWikiLink",
        "object": "http://dbpedia.org/resource/Joseph_Bernstein"
    },
    {
        "subject": "http://dbpedia.org/resource/Faina_Mihajlovna_Kirillova",
        "predicate": "http://dbpedia.org/ontology/wikiPageWikiLink",
        "object": "http://dbpedia.org/resource/Pavel_Alexandrov"
    },
    {
        "subject": "http://dbpedia.org/resource/Faina_Mihajlovna_Kirillova",
        "predicate": "http://dbpedia.org/ontology/wikiPageWikiLink",
        "object": "http://dbpedia.org/resource/Veniamin_Kagan"
    },
    {
        "subject": "http://dbpedia.org/resource/Faina_Mihajlovna_Kirillova",
        "predicate": "http://dbpedia.org/ontology/wikiPageWikiLink",
        "object": "http://dbpedia.org/resource/Victor_Ginzburg"
    },
    {
        "subject": "http://dbpedia.org/resource/Faina_Mihajlovna_Kirillova",
        "predicate": "http://dbpedia.org/ontology/wikiPageWikiLink",
        "object": "http://dbpedia.org/resource/Viktor_Vladimirovich_Nemytskii"
    },
    {
        "subject": "http://dbpedia.org/resource/Faina_Mihajlovna_Kirillova",
        "predicate": "http://dbpedia.org/ontology/wikiPageWikiLink",
        "object": "http://dbpedia.org/resource/Vladimir_Abramovich_Rokhlin"
    },
    {
        "subject": "http://dbpedia.org/resource/Faina_Mihajlovna_Kirillova",
        "predicate": "http://dbpedia.org/ontology/wikiPageWikiLink",
        "object": "http://dbpedia.org/resource/Vladimir_Arnold"
    },
    {
        "subject": "http://dbpedia.org/resource/Faina_Mihajlovna_Kirillova",
        "predicate": "http://dbpedia.org/ontology/wikiPageWikiLink",
        "object": "http://dbpedia.org/resource/Vladimir_Drinfeld"
    },
    {
        "subject": "http://dbpedia.org/resource/Faina_Mihajlovna_Kirillova",
        "predicate": "http://dbpedia.org/ontology/wikiPageWikiLink",
        "object": "http://dbpedia.org/resource/Vladimir_Levenshtein"
    },
    {
        "subject": "http://dbpedia.org/resource/Faina_Mihajlovna_Kirillova",
        "predicate": "http://dbpedia.org/ontology/wikiPageWikiLink",
        "object": "http://dbpedia.org/resource/Real_analysis"
    },
    {
        "subject": "http://dbpedia.org/resource/Faina_Mihajlovna_Kirillova",
        "predicate": "http://dbpedia.org/ontology/wikiPageWikiLink",
        "object": "http://dbpedia.org/resource/Lev_Tumarkin"
    },
    {
        "subject": "http://dbpedia.org/resource/Faina_Mihajlovna_Kirillova",
        "predicate": "http://dbpedia.org/ontology/wikiPageWikiLink",
        "object": "http://dbpedia.org/resource/Complex_analysis"
    },
    {
        "subject": "http://dbpedia.org/resource/Faina_Mihajlovna_Kirillova",
        "predicate": "http://dbpedia.org/ontology/wikiPageWikiLink",
        "object": "http://dbpedia.org/resource/Mathematics"
    },
    {
        "subject": "http://dbpedia.org/resource/Faina_Mihajlovna_Kirillova",
        "predicate": "http://dbpedia.org/ontology/wikiPageWikiLink",
        "object": "http://dbpedia.org/resource/Maxim_Kontsevich"
    },
    {
        "subject": "http://dbpedia.org/resource/Faina_Mihajlovna_Kirillova",
        "predicate": "http://dbpedia.org/ontology/wikiPageWikiLink",
        "object": "http://dbpedia.org/resource/Mechanics"
    },
    {
        "subject": "http://dbpedia.org/resource/Faina_Mihajlovna_Kirillova",
        "predicate": "http://dbpedia.org/ontology/wikiPageWikiLink",
        "object": "http://dbpedia.org/resource/Moscow_State_University"
    },
    {
        "subject": "http://dbpedia.org/resource/Faina_Mihajlovna_Kirillova",
        "predicate": "http://dbpedia.org/ontology/wikiPageWikiLink",
        "object": "http://dbpedia.org/resource/Mstislav_Keldysh"
    },
    {
        "subject": "http://dbpedia.org/resource/Faina_Mihajlovna_Kirillova",
        "predicate": "http://dbpedia.org/ontology/wikiPageWikiLink",
        "object": "http://dbpedia.org/resource/Hoang_Tuy"
    },
    {
        "subject": "http://dbpedia.org/resource/Faina_Mihajlovna_Kirillova",
        "predicate": "http://dbpedia.org/ontology/wikiPageWikiLink",
        "object": "http://dbpedia.org/resource/Andrei_Okounkov"
    },
    {
        "subject": "http://dbpedia.org/resource/Faina_Mihajlovna_Kirillova",
        "predicate": "http://dbpedia.org/ontology/wikiPageWikiLink",
        "object": "http://dbpedia.org/resource/Andrey_Kolmogorov"
    },
    {
        "subject": "http://dbpedia.org/resource/Faina_Mihajlovna_Kirillova",
        "predicate": "http://dbpedia.org/ontology/wikiPageWikiLink",
        "object": "http://dbpedia.org/resource/Antisemitism"
    },
    {
        "subject": "http://dbpedia.org/resource/Faina_Mihajlovna_Kirillova",
        "predicate": "http://dbpedia.org/ontology/wikiPageWikiLink",
        "object": "http://dbpedia.org/resource/Category:Schools_of_mathematics"
    },
    {
        "subject": "http://dbpedia.org/resource/Faina_Mihajlovna_Kirillova",
        "predicate": "http://dbpedia.org/ontology/wikiPageWikiLink",
        "object": "http://dbpedia.org/resource/Leonid_I._Sedov"
    },
    {
        "subject": "http://dbpedia.org/resource/Faina_Mihajlovna_Kirillova",
        "predicate": "http://dbpedia.org/ontology/wikiPageWikiLink",
        "object": "http://dbpedia.org/resource/Leonid_Levin"
    },
    {
        "subject": "http://dbpedia.org/resource/Faina_Mihajlovna_Kirillova",
        "predicate": "http://dbpedia.org/ontology/wikiPageWikiLink",
        "object": "http://dbpedia.org/resource/Leonid_Polterovich"
    },
    {
        "subject": "http://dbpedia.org/resource/Faina_Mihajlovna_Kirillova",
        "predicate": "http://dbpedia.org/ontology/wikiPageWikiLink",
        "object": "http://dbpedia.org/resource/Lev_Schnirelmann"
    },
    {
        "subject": "http://dbpedia.org/resource/Faina_Mihajlovna_Kirillova",
        "predicate": "http://dbpedia.org/ontology/wikiPageWikiLink",
        "object": "http://dbpedia.org/resource/Computer_science"
    },
    {
        "subject": "http://dbpedia.org/resource/Faina_Mihajlovna_Kirillova",
        "predicate": "http://dbpedia.org/ontology/wikiPageWikiLink",
        "object": "http://dbpedia.org/resource/Functional_analysis"
    },
    {
        "subject": "http://dbpedia.org/resource/Faina_Mihajlovna_Kirillova",
        "predicate": "http://dbpedia.org/ontology/wikiPageWikiLink",
        "object": "http://dbpedia.org/resource/Mechatronics"
    },
    {
        "subject": "http://dbpedia.org/resource/Faina_Mihajlovna_Kirillova",
        "predicate": "http://dbpedia.org/ontology/wikiPageWikiLink",
        "object": "http://dbpedia.org/resource/Topology"
    },
    {
        "subject": "http://dbpedia.org/resource/Faina_Mihajlovna_Kirillova",
        "predicate": "http://dbpedia.org/ontology/wikiPageWikiLink",
        "object": "http://dbpedia.org/resource/Vyacheslav_Stepanov"
    },
    {
        "subject": "http://dbpedia.org/resource/Faina_Mihajlovna_Kirillova",
        "predicate": "http://dbpedia.org/ontology/wikiPageWikiLink",
        "object": "http://dbpedia.org/resource/Dmitry_Fuchs"
    },
    {
        "subject": "http://dbpedia.org/resource/Faina_Mihajlovna_Kirillova",
        "predicate": "http://dbpedia.org/ontology/wikiPageWikiLink",
        "object": "http://dbpedia.org/resource/The_Mathematics_Enthusiast"
    },
    {
        "subject": "http://dbpedia.org/resource/Faina_Mihajlovna_Kirillova",
        "predicate": "http://dbpedia.org/ontology/wikiPageWikiLink",
        "object": "http://dbpedia.org/resource/Albert_Shiryaev"
    },
    {
        "subject": "http://dbpedia.org/resource/Faina_Mihajlovna_Kirillova",
        "predicate": "http://dbpedia.org/ontology/wikiPageWikiLink",
        "object": "http://dbpedia.org/resource/Aleksandr_Nekrasov"
    },
    {
        "subject": "http://dbpedia.org/resource/Faina_Mihajlovna_Kirillova",
        "predicate": "http://dbpedia.org/ontology/wikiPageWikiLink",
        "object": "http://dbpedia.org/resource/Alexander_Gelfond"
    },
    {
        "subject": "http://dbpedia.org/resource/Faina_Mihajlovna_Kirillova",
        "predicate": "http://dbpedia.org/ontology/wikiPageWikiLink",
        "object": "http://dbpedia.org/resource/Alexander_Moiseevich_Olevskii"
    },
    {
        "subject": "http://dbpedia.org/resource/Faina_Mihajlovna_Kirillova",
        "predicate": "http://dbpedia.org/ontology/wikiPageWikiLink",
        "object": "http://dbpedia.org/resource/Algebra"
    },
    {
        "subject": "http://dbpedia.org/resource/Faina_Mihajlovna_Kirillova",
        "predicate": "http://dbpedia.org/ontology/wikiPageWikiLink",
        "object": "http://dbpedia.org/resource/Anatole_Katok"
    },
    {
        "subject": "http://dbpedia.org/resource/Faina_Mihajlovna_Kirillova",
        "predicate": "http://dbpedia.org/ontology/wikiPageWikiLink",
        "object": "http://dbpedia.org/resource/Anatoly_Fomenko"
    },
    {
        "subject": "http://dbpedia.org/resource/Faina_Mihajlovna_Kirillova",
        "predicate": "http://dbpedia.org/ontology/wikiPageWikiLink",
        "object": "http://dbpedia.org/resource/Faina_Mihajlovna_Kirillova"
    },
    {
        "subject": "http://dbpedia.org/resource/Faina_Mihajlovna_Kirillova",
        "predicate": "http://dbpedia.org/ontology/wikiPageWikiLink",
        "object": "http://dbpedia.org/resource/Felix_Berezin"
    },
    {
        "subject": "http://dbpedia.org/resource/Faina_Mihajlovna_Kirillova",
        "predicate": "http://dbpedia.org/ontology/wikiPageWikiLink",
        "object": "http://dbpedia.org/resource/Fields_Medal"
    },
    {
        "subject": "http://dbpedia.org/resource/Faina_Mihajlovna_Kirillova",
        "predicate": "http://dbpedia.org/ontology/wikiPageWikiLink",
        "object": "http://dbpedia.org/resource/Nikolai_Efimov"
    },
    {
        "subject": "http://dbpedia.org/resource/Faina_Mihajlovna_Kirillova",
        "predicate": "http://dbpedia.org/ontology/wikiPageWikiLink",
        "object": "http://dbpedia.org/resource/Nikolai_Luzin"
    },
    {
        "subject": "http://dbpedia.org/resource/Faina_Mihajlovna_Kirillova",
        "predicate": "http://dbpedia.org/ontology/wikiPageWikiLink",
        "object": "http://dbpedia.org/resource/Nina_Bari"
    },
    {
        "subject": "http://dbpedia.org/resource/Faina_Mihajlovna_Kirillova",
        "predicate": "http://dbpedia.org/ontology/wikiPageWikiLink",
        "object": "http://dbpedia.org/resource/Number_theory"
    },
    {
        "subject": "http://dbpedia.org/resource/Faina_Mihajlovna_Kirillova",
        "predicate": "http://dbpedia.org/ontology/wikiPageWikiLink",
        "object": "http://dbpedia.org/resource/Otto_Schmidt"
    },
    {
        "subject": "http://dbpedia.org/resource/Faina_Mihajlovna_Kirillova",
        "predicate": "http://dbpedia.org/ontology/wikiPageWikiLink",
        "object": "http://dbpedia.org/resource/Pafnuty_Chebyshev"
    },
    {
        "subject": "http://dbpedia.org/resource/Faina_Mihajlovna_Kirillova",
        "predicate": "http://dbpedia.org/ontology/wikiPageWikiLink",
        "object": "http://dbpedia.org/resource/Partial_differential_equations"
    },
    {
        "subject": "http://dbpedia.org/resource/Faina_Mihajlovna_Kirillova",
        "predicate": "http://dbpedia.org/ontology/wikiPageWikiLink",
        "object": "http://dbpedia.org/resource/Discrete_mathematics"
    },
    {
        "subject": "http://dbpedia.org/resource/Faina_Mihajlovna_Kirillova",
        "predicate": "http://dbpedia.org/ontology/wikiPageWikiLink",
        "object": "http://dbpedia.org/resource/Probability_theory"
    },
    {
        "subject": "http://dbpedia.org/resource/Faina_Mihajlovna_Kirillova",
        "predicate": "http://dbpedia.org/ontology/wikiPageWikiLink",
        "object": "http://dbpedia.org/resource/Gregory_Eskin"
    },
    {
        "subject": "http://dbpedia.org/resource/Faina_Mihajlovna_Kirillova",
        "predicate": "http://dbpedia.org/ontology/wikiPageWikiLink",
        "object": "http://dbpedia.org/resource/Grigory_Barenblatt"
    },
    {
        "subject": "http://dbpedia.org/resource/Faina_Mihajlovna_Kirillova",
        "predicate": "http://dbpedia.org/ontology/wikiPageWikiLink",
        "object": "http://dbpedia.org/resource/Grigory_Landsberg"
    },
    {
        "subject": "http://dbpedia.org/resource/Faina_Mihajlovna_Kirillova",
        "predicate": "http://dbpedia.org/ontology/wikiPageWikiLink",
        "object": "http://dbpedia.org/resource/Grigory_Margulis"
    },
    {
        "subject": "http://dbpedia.org/resource/Faina_Mihajlovna_Kirillova",
        "predicate": "http://dbpedia.org/ontology/wikiPageWikiLink",
        "object": "http://dbpedia.org/resource/Gu_Chaohao"
    },
    {
        "subject": "http://dbpedia.org/resource/Faina_Mihajlovna_Kirillova",
        "predicate": "http://dbpedia.org/ontology/wikiPageWikiLink",
        "object": "http://dbpedia.org/resource/Israel_Gelfand"
    },
    {
        "subject": "http://dbpedia.org/resource/Faina_Mihajlovna_Kirillova",
        "predicate": "http://dbpedia.org/ontology/wikiPageWikiLink",
        "object": "http://dbpedia.org/resource/Ivan_Petrovsky"
    },
    {
        "subject": "http://dbpedia.org/resource/Faina_Mihajlovna_Kirillova",
        "predicate": "http://dbpedia.org/ontology/wikiPageWikiLink",
        "object": "http://dbpedia.org/resource/Ivan_Privalov"
    },
    {
        "subject": "http://dbpedia.org/resource/Faina_Mihajlovna_Kirillova",
        "predicate": "http://dbpedia.org/ontology/wikiPageWikiLink",
        "object": "http://dbpedia.org/resource/Abraham_Plessner"
    },
    {
        "subject": "http://dbpedia.org/resource/Faina_Mihajlovna_Kirillova",
        "predicate": "http://dbpedia.org/ontology/wikiPageWikiLink",
        "object": "http://dbpedia.org/resource/Aerodynamics"
    },
    {
        "subject": "http://dbpedia.org/resource/Faina_Mihajlovna_Kirillova",
        "predicate": "http://dbpedia.org/ontology/wikiPageWikiLink",
        "object": "http://dbpedia.org/resource/Aleksandr_Gennadievich_Kurosh"
    },
    {
        "subject": "http://dbpedia.org/resource/Faina_Mihajlovna_Kirillova",
        "predicate": "http://dbpedia.org/ontology/wikiPageWikiLink",
        "object": "http://dbpedia.org/resource/Lazar_Lyusternik"
    },
    {
        "subject": "http://dbpedia.org/resource/Faina_Mihajlovna_Kirillova",
        "predicate": "http://dbpedia.org/ontology/wikiPageWikiLink",
        "object": "http://dbpedia.org/resource/Yakov_G._Sinai"
    },
    {
        "subject": "http://dbpedia.org/resource/Faina_Mihajlovna_Kirillova",
        "predicate": "http://dbpedia.org/ontology/wikiPageWikiLink",
        "object": "http://dbpedia.org/resource/Differential_geometry"
    },
    {
        "subject": "http://dbpedia.org/resource/Faina_Mihajlovna_Kirillova",
        "predicate": "http://dbpedia.org/ontology/wikiPageWikiLink",
        "object": "http://dbpedia.org/resource/Boris_Korenblum"
    },
    {
        "subject": "http://dbpedia.org/resource/Faina_Mihajlovna_Kirillova",
        "predicate": "http://dbpedia.org/ontology/wikiPageWikiLink",
        "object": "http://dbpedia.org/resource/Boris_Levit"
    },
    {
        "subject": "http://dbpedia.org/resource/Faina_Mihajlovna_Kirillova",
        "predicate": "http://dbpedia.org/ontology/wikiPageWikiLink",
        "object": "http://dbpedia.org/resource/Category:Education_in_Moscow"
    },
    {
        "subject": "http://dbpedia.org/resource/Faina_Mihajlovna_Kirillova",
        "predicate": "http://dbpedia.org/ontology/wikiPageWikiLink",
        "object": "http://dbpedia.org/resource/Sparrow_Hills"
    },
    {
        "subject": "http://dbpedia.org/resource/Faina_Mihajlovna_Kirillova",
        "predicate": "http://dbpedia.org/ontology/wikiPageWikiLink",
        "object": "http://dbpedia.org/resource/Hydrodynamics"
    },
    {
        "subject": "http://dbpedia.org/resource/Faina_Mihajlovna_Kirillova",
        "predicate": "http://dbpedia.org/ontology/wikiPageWikiLink",
        "object": "http://dbpedia.org/resource/Ilya_M._Sobol"
    },
    {
        "subject": "http://dbpedia.org/resource/Faina_Mihajlovna_Kirillova",
        "predicate": "http://dbpedia.org/ontology/wikiPageWikiLink",
        "object": "http://dbpedia.org/resource/Messoud_Efendiev"
    },
    {
        "subject": "http://dbpedia.org/resource/Faina_Mihajlovna_Kirillova",
        "predicate": "http://dbpedia.org/ontology/wikiPageWikiLink",
        "object": "http://dbpedia.org/resource/Mikhail_Gelfand"
    },
    {
        "subject": "http://dbpedia.org/resource/Faina_Mihajlovna_Kirillova",
        "predicate": "http://dbpedia.org/ontology/wikiPageWikiLink",
        "object": "http://dbpedia.org/resource/Mikhail_Lavrentyev"
    },
    {
        "subject": "http://dbpedia.org/resource/Faina_Mihajlovna_Kirillova",
        "predicate": "http://dbpedia.org/ontology/wikiPageWikiLink",
        "object": "http://dbpedia.org/resource/Oleg_Lupanov"
    },
    {
        "subject": "http://dbpedia.org/resource/Faina_Mihajlovna_Kirillova",
        "predicate": "http://dbpedia.org/ontology/wikiPageWikiLink",
        "object": "http://dbpedia.org/resource/Ordinary_differential_equations"
    },
    {
        "subject": "http://dbpedia.org/resource/Faina_Mihajlovna_Kirillova",
        "predicate": "http://dbpedia.org/ontology/wikiPageWikiLink",
        "object": "http://dbpedia.org/resource/Sergei_Novikov_(mathematician)"
    },
    {
        "subject": "http://dbpedia.org/resource/Faina_Mihajlovna_Kirillova",
        "predicate": "http://dbpedia.org/ontology/wikiPageWikiLink",
        "object": "http://dbpedia.org/resource/Sergey_Stechkin"
    },
    {
        "subject": "http://dbpedia.org/resource/Faina_Mihajlovna_Kirillova",
        "predicate": "http://dbpedia.org/ontology/wikiPageWikiLink",
        "object": "http://dbpedia.org/resource/Faculty_(division)"
    },
    {
        "subject": "http://dbpedia.org/resource/Faina_Mihajlovna_Kirillova",
        "predicate": "http://dbpedia.org/ontology/wikiPageWikiLink",
        "object": "http://dbpedia.org/resource/Evgenii_Landis"
    },
    {
        "subject": "http://dbpedia.org/resource/Faina_Mihajlovna_Kirillova",
        "predicate": "http://dbpedia.org/ontology/wikiPageWikiLink",
        "object": "http://dbpedia.org/resource/Wave_theory"
    },
    {
        "subject": "http://dbpedia.org/resource/Faina_Mihajlovna_Kirillova",
        "predicate": "http://dbpedia.org/ontology/wikiPageWikiLink",
        "object": "http://dbpedia.org/resource/Tanya_Khovanova"
    },
    {
        "subject": "http://dbpedia.org/resource/Faina_Mihajlovna_Kirillova",
        "predicate": "http://dbpedia.org/ontology/wikiPageWikiLink",
        "object": "http://dbpedia.org/resource/Olga_Arsenievna_Oleinik"
    },
    {
        "subject": "http://dbpedia.org/resource/Faina_Mihajlovna_Kirillova",
        "predicate": "http://dbpedia.org/ontology/wikiPageWikiLink",
        "object": "http://dbpedia.org/resource/Lev_Semenovich_Pontryagin"
    },
    {
        "subject": "http://dbpedia.org/resource/Faina_Mihajlovna_Kirillova",
        "predicate": "http://dbpedia.org/ontology/wikiPageWikiLink",
        "object": "http://dbpedia.org/resource/Pavel_Sergeevich_Alexandrov"
    },
    {
        "subject": "http://dbpedia.org/resource/Faina_Mihajlovna_Kirillova",
        "predicate": "http://dbpedia.org/ontology/wikiPageWikiLink",
        "object": "http://dbpedia.org/resource/Dmitrii_Evgenevich_Menshov"
    },
    {
        "subject": "http://dbpedia.org/resource/Faina_Mihajlovna_Kirillova",
        "predicate": "http://dbpedia.org/ontology/wikiPageWikiLink",
        "object": "http://dbpedia.org/resource/Dmitrii_Evgenievich_Okhotsimsky"
    },
    {
        "subject": "http://dbpedia.org/resource/Faina_Mihajlovna_Kirillova",
        "predicate": "http://dbpedia.org/ontology/wikiPageWikiLink",
        "object": "http://dbpedia.org/resource/Khinchin"
    },
    {
        "subject": "http://dbpedia.org/resource/Faina_Mihajlovna_Kirillova",
        "predicate": "http://dbpedia.org/ontology/wikiPageWikiLink",
        "object": "http://dbpedia.org/resource/Control_theorist"
    },
    {
        "subject": "http://dbpedia.org/resource/Faina_Mihajlovna_Kirillova",
        "predicate": "http://dbpedia.org/ontology/wikiPageWikiLink",
        "object": "http://dbpedia.org/resource/Yuri_Ivanovitch_Manin"
    },
    {
        "subject": "http://dbpedia.org/resource/Faina_Mihajlovna_Kirillova",
        "predicate": "http://dbpedia.org/ontology/wikiPageWikiLink",
        "object": "http://dbpedia.org/resource/Valentin_Vital'yevich_Rumyantsev"
    },
    {
        "subject": "http://dbpedia.org/resource/Faina_Mihajlovna_Kirillova",
        "predicate": "http://dbpedia.org/ontology/wikiPageWikiLink",
        "object": "http://dbpedia.org/resource/Sergei_Lvovich_Sobolev"
    },
    {
        "subject": "http://dbpedia.org/resource/Faina_Mihajlovna_Kirillova",
        "predicate": "http://dbpedia.org/ontology/wikiPageWikiLink",
        "object": "http://dbpedia.org/resource/Nekhoroshev,_Nikolai_Nikolaevich"
    }
]