[
    {
        "subject": "http://dbpedia.org/resource/Florence_Purington",
        "predicate": "http://dbpedia.org/ontology/wikiPageWikiLink",
        "object": "http://dbpedia.org/resource/Saratoga_County,_New_York"
    },
    {
        "subject": "http://dbpedia.org/resource/Florence_Purington",
        "predicate": "http://dbpedia.org/ontology/wikiPageWikiLink",
        "object": "http://dbpedia.org/resource/Saratoga_Springs,_New_York"
    },
    {
        "subject": "http://dbpedia.org/resource/Florence_Purington",
        "predicate": "http://dbpedia.org/ontology/wikiPageWikiLink",
        "object": "http://dbpedia.org/resource/Schenectady,_New_York"
    },
    {
        "subject": "http://dbpedia.org/resource/Florence_Purington",
        "predicate": "http://dbpedia.org/ontology/wikiPageWikiLink",
        "object": "http://dbpedia.org/resource/Brian_Emrich"
    },
    {
        "subject": "http://dbpedia.org/resource/Florence_Purington",
        "predicate": "http://dbpedia.org/ontology/wikiPageWikiLink",
        "object": "http://dbpedia.org/resource/List_of_counties_in_New_York"
    },
    {
        "subject": "http://dbpedia.org/resource/Florence_Purington",
        "predicate": "http://dbpedia.org/ontology/wikiPageWikiLink",
        "object": "http://dbpedia.org/resource/List_of_sovereign_states"
    },
    {
        "subject": "http://dbpedia.org/resource/Florence_Purington",
        "predicate": "http://dbpedia.org/ontology/wikiPageWikiLink",
        "object": "http://dbpedia.org/resource/Craig_Peterson"
    },
    {
        "subject": "http://dbpedia.org/resource/Florence_Purington",
        "predicate": "http://dbpedia.org/ontology/wikiPageWikiLink",
        "object": "http://dbpedia.org/resource/Geographic_Names_Information_System"
    },
    {
        "subject": "http://dbpedia.org/resource/Florence_Purington",
        "predicate": "http://dbpedia.org/ontology/wikiPageWikiLink",
        "object": "http://dbpedia.org/resource/Mount_Holyoke_College"
    },
    {
        "subject": "http://dbpedia.org/resource/Florence_Purington",
        "predicate": "http://dbpedia.org/ontology/wikiPageWikiLink",
        "object": "http://dbpedia.org/resource/Thomas_Lown"
    },
    {
        "subject": "http://dbpedia.org/resource/Florence_Purington",
        "predicate": "http://dbpedia.org/ontology/wikiPageWikiLink",
        "object": "http://dbpedia.org/resource/ZIP_code"
    },
    {
        "subject": "http://dbpedia.org/resource/Florence_Purington",
        "predicate": "http://dbpedia.org/ontology/wikiPageWikiLink",
        "object": "http://dbpedia.org/resource/Ballston,_New_York"
    },
    {
        "subject": "http://dbpedia.org/resource/Florence_Purington",
        "predicate": "http://dbpedia.org/ontology/wikiPageWikiLink",
        "object": "http://dbpedia.org/resource/Burnt_Hills-Ballston_Lake_Central_School_District"
    },
    {
        "subject": "http://dbpedia.org/resource/Florence_Purington",
        "predicate": "http://dbpedia.org/ontology/wikiPageWikiLink",
        "object": "http://dbpedia.org/resource/U.S._state"
    },
    {
        "subject": "http://dbpedia.org/resource/Florence_Purington",
        "predicate": "http://dbpedia.org/ontology/wikiPageWikiLink",
        "object": "http://dbpedia.org/resource/Alice_Mary_Dowd"
    },
    {
        "subject": "http://dbpedia.org/resource/Florence_Purington",
        "predicate": "http://dbpedia.org/ontology/wikiPageWikiLink",
        "object": "http://dbpedia.org/resource/American_Revolution"
    },
    {
        "subject": "http://dbpedia.org/resource/Florence_Purington",
        "predicate": "http://dbpedia.org/ontology/wikiPageWikiLink",
        "object": "http://dbpedia.org/resource/Eastern_Time_Zone"
    },
    {
        "subject": "http://dbpedia.org/resource/Florence_Purington",
        "predicate": "http://dbpedia.org/ontology/wikiPageWikiLink",
        "object": "http://dbpedia.org/resource/Eric_Torkelson"
    },
    {
        "subject": "http://dbpedia.org/resource/Florence_Purington",
        "predicate": "http://dbpedia.org/ontology/wikiPageWikiLink",
        "object": "http://dbpedia.org/resource/Florence_Purington"
    },
    {
        "subject": "http://dbpedia.org/resource/Florence_Purington",
        "predicate": "http://dbpedia.org/ontology/wikiPageWikiLink",
        "object": "http://dbpedia.org/resource/Joseph_Bettys"
    },
    {
        "subject": "http://dbpedia.org/resource/Florence_Purington",
        "predicate": "http://dbpedia.org/ontology/wikiPageWikiLink",
        "object": "http://dbpedia.org/resource/Jeff_Blatnick"
    },
    {
        "subject": "http://dbpedia.org/resource/Florence_Purington",
        "predicate": "http://dbpedia.org/ontology/wikiPageWikiLink",
        "object": "http://dbpedia.org/resource/Hamlet_(New_York)"
    },
    {
        "subject": "http://dbpedia.org/resource/Florence_Purington",
        "predicate": "http://dbpedia.org/ontology/wikiPageWikiLink",
        "object": "http://dbpedia.org/resource/Category:Hamlets_in_New_York_(state)"
    },
    {
        "subject": "http://dbpedia.org/resource/Florence_Purington",
        "predicate": "http://dbpedia.org/ontology/wikiPageWikiLink",
        "object": "http://dbpedia.org/resource/Category:Hamlets_in_Saratoga_County,_New_York"
    },
    {
        "subject": "http://dbpedia.org/resource/Florence_Purington",
        "predicate": "http://dbpedia.org/ontology/wikiPageWikiLink",
        "object": "http://dbpedia.org/resource/Area_code_518"
    },
    {
        "subject": "http://dbpedia.org/resource/Florence_Purington",
        "predicate": "http://dbpedia.org/ontology/wikiPageWikiLink",
        "object": "http://dbpedia.org/resource/New_York_(state)"
    },
    {
        "subject": "http://dbpedia.org/resource/Florence_Purington",
        "predicate": "http://dbpedia.org/ontology/wikiPageWikiLink",
        "object": "http://dbpedia.org/resource/New_York_State_Route_50"
    },
    {
        "subject": "http://dbpedia.org/resource/Florence_Purington",
        "predicate": "http://dbpedia.org/ontology/wikiPageWikiLink",
        "object": "http://dbpedia.org/resource/Loyalist_(American_Revolution)"
    },
    {
        "subject": "http://dbpedia.org/resource/Florence_Purington",
        "predicate": "http://dbpedia.org/ontology/wikiPageWikiLink",
        "object": "http://dbpedia.org/resource/Gilbert_T._Seelye"
    },
    {
        "subject": "http://dbpedia.org/resource/Florence_Purington",
        "predicate": "http://dbpedia.org/ontology/wikiPageWikiLink",
        "object": "http://dbpedia.org/resource/Purington_Shale"
    },
    {
        "subject": "http://dbpedia.org/resource/Florence_Purington",
        "predicate": "http://dbpedia.org/ontology/wikiPageWikiLink",
        "object": "http://dbpedia.org/resource/Elisha_Purington_House"
    },
    {
        "subject": "http://dbpedia.org/resource/Florence_Purington",
        "predicate": "http://dbpedia.org/ontology/wikiPageWikiLink",
        "object": "http://dbpedia.org/resource/Mount_Holyoke_College"
    },
    {
        "subject": "http://dbpedia.org/resource/Florence_Purington",
        "predicate": "http://dbpedia.org/ontology/wikiPageWikiLink",
        "object": "http://dbpedia.org/resource/William_Purington_Cole_Jr."
    },
    {
        "subject": "http://dbpedia.org/resource/Florence_Purington",
        "predicate": "http://dbpedia.org/ontology/wikiPageWikiLink",
        "object": "http://dbpedia.org/resource/Carl_Purington_Rollins"
    },
    {
        "subject": "http://dbpedia.org/resource/Florence_Purington",
        "predicate": "http://dbpedia.org/ontology/wikiPageWikiLink",
        "object": "http://dbpedia.org/resource/Florence_Purington"
    },
    {
        "subject": "http://dbpedia.org/resource/Florence_Purington",
        "predicate": "http://dbpedia.org/ontology/wikiPageWikiLink",
        "object": "http://dbpedia.org/resource/Category:Surnames"
    },
    {
        "subject": "http://dbpedia.org/resource/Florence_Purington",
        "predicate": "http://dbpedia.org/ontology/wikiPageWikiLink",
        "object": "http://dbpedia.org/resource/Cabiria_Andreian_Cazacu"
    },
    {
        "subject": "http://dbpedia.org/resource/Florence_Purington",
        "predicate": "http://dbpedia.org/ontology/wikiPageWikiLink",
        "object": "http://dbpedia.org/resource/Camille_McKayle"
    },
    {
        "subject": "http://dbpedia.org/resource/Florence_Purington",
        "predicate": "http://dbpedia.org/ontology/wikiPageWikiLink",
        "object": "http://dbpedia.org/resource/Carina_Curto"
    },
    {
        "subject": "http://dbpedia.org/resource/Florence_Purington",
        "predicate": "http://dbpedia.org/ontology/wikiPageWikiLink",
        "object": "http://dbpedia.org/resource/Carol_Jane_Anger_Rieke"
    },
    {
        "subject": "http://dbpedia.org/resource/Florence_Purington",
        "predicate": "http://dbpedia.org/ontology/wikiPageWikiLink",
        "object": "http://dbpedia.org/resource/Carol_Wood"
    },
    {
        "subject": "http://dbpedia.org/resource/Florence_Purington",
        "predicate": "http://dbpedia.org/ontology/wikiPageWikiLink",
        "object": "http://dbpedia.org/resource/Carola-Bibiane_Sch\u00f6nlieb"
    },
    {
        "subject": "http://dbpedia.org/resource/Florence_Purington",
        "predicate": "http://dbpedia.org/ontology/wikiPageWikiLink",
        "object": "http://dbpedia.org/resource/Carole_Lacampagne"
    },
    {
        "subject": "http://dbpedia.org/resource/Florence_Purington",
        "predicate": "http://dbpedia.org/ontology/wikiPageWikiLink",
        "object": "http://dbpedia.org/resource/Carolina_Araujo_(mathematician)"
    },
    {
        "subject": "http://dbpedia.org/resource/Florence_Purington",
        "predicate": "http://dbpedia.org/ontology/wikiPageWikiLink",
        "object": "http://dbpedia.org/resource/Caroline_Series"
    },
    {
        "subject": "http://dbpedia.org/resource/Florence_Purington",
        "predicate": "http://dbpedia.org/ontology/wikiPageWikiLink",
        "object": "http://dbpedia.org/resource/Carolyn_A._Maher"
    },
    {
        "subject": "http://dbpedia.org/resource/Florence_Purington",
        "predicate": "http://dbpedia.org/ontology/wikiPageWikiLink",
        "object": "http://dbpedia.org/resource/Carolyn_Eisele"
    },
    {
        "subject": "http://dbpedia.org/resource/Florence_Purington",
        "predicate": "http://dbpedia.org/ontology/wikiPageWikiLink",
        "object": "http://dbpedia.org/resource/Carolyn_S._Gordon"
    },
    {
        "subject": "http://dbpedia.org/resource/Florence_Purington",
        "predicate": "http://dbpedia.org/ontology/wikiPageWikiLink",
        "object": "http://dbpedia.org/resource/Caryn_Navy"
    },
    {
        "subject": "http://dbpedia.org/resource/Florence_Purington",
        "predicate": "http://dbpedia.org/ontology/wikiPageWikiLink",
        "object": "http://dbpedia.org/resource/Ami_Radunskaya"
    },
    {
        "subject": "http://dbpedia.org/resource/Florence_Purington",
        "predicate": "http://dbpedia.org/ontology/wikiPageWikiLink",
        "object": "http://dbpedia.org/resource/Amy_C._King"
    },
    {
        "subject": "http://dbpedia.org/resource/Florence_Purington",
        "predicate": "http://dbpedia.org/ontology/wikiPageWikiLink",
        "object": "http://dbpedia.org/resource/Amy_Cohen-Corwin"
    },
    {
        "subject": "http://dbpedia.org/resource/Florence_Purington",
        "predicate": "http://dbpedia.org/ontology/wikiPageWikiLink",
        "object": "http://dbpedia.org/resource/Amy_Dahan"
    },
    {
        "subject": "http://dbpedia.org/resource/Florence_Purington",
        "predicate": "http://dbpedia.org/ontology/wikiPageWikiLink",
        "object": "http://dbpedia.org/resource/Beatrice_Meini"
    },
    {
        "subject": "http://dbpedia.org/resource/Florence_Purington",
        "predicate": "http://dbpedia.org/ontology/wikiPageWikiLink",
        "object": "http://dbpedia.org/resource/Beatrice_Pelloni"
    },
    {
        "subject": "http://dbpedia.org/resource/Florence_Purington",
        "predicate": "http://dbpedia.org/ontology/wikiPageWikiLink",
        "object": "http://dbpedia.org/resource/Beatrice_Rivi\u00e8re"
    },
    {
        "subject": "http://dbpedia.org/resource/Florence_Purington",
        "predicate": "http://dbpedia.org/ontology/wikiPageWikiLink",
        "object": "http://dbpedia.org/resource/Bego\u00f1a_Fern\u00e1ndez_(mathematician)"
    },
    {
        "subject": "http://dbpedia.org/resource/Florence_Purington",
        "predicate": "http://dbpedia.org/ontology/wikiPageWikiLink",
        "object": "http://dbpedia.org/resource/Priyanshi_Somani"
    },
    {
        "subject": "http://dbpedia.org/resource/Florence_Purington",
        "predicate": "http://dbpedia.org/ontology/wikiPageWikiLink",
        "object": "http://dbpedia.org/resource/Rosa_M._Morris"
    },
    {
        "subject": "http://dbpedia.org/resource/Florence_Purington",
        "predicate": "http://dbpedia.org/ontology/wikiPageWikiLink",
        "object": "http://dbpedia.org/resource/Rosalind_Tanner"
    },
    {
        "subject": "http://dbpedia.org/resource/Florence_Purington",
        "predicate": "http://dbpedia.org/ontology/wikiPageWikiLink",
        "object": "http://dbpedia.org/resource/Rose_Peltesohn"
    },
    {
        "subject": "http://dbpedia.org/resource/Florence_Purington",
        "predicate": "http://dbpedia.org/ontology/wikiPageWikiLink",
        "object": "http://dbpedia.org/resource/Rose_Whelan_Sedgewick"
    },
    {
        "subject": "http://dbpedia.org/resource/Florence_Purington",
        "predicate": "http://dbpedia.org/ontology/wikiPageWikiLink",
        "object": "http://dbpedia.org/resource/Rozetta_Zhilina"
    },
    {
        "subject": "http://dbpedia.org/resource/Florence_Purington",
        "predicate": "http://dbpedia.org/ontology/wikiPageWikiLink",
        "object": "http://dbpedia.org/resource/Sandra_Collins_(librarian)"
    },
    {
        "subject": "http://dbpedia.org/resource/Florence_Purington",
        "predicate": "http://dbpedia.org/ontology/wikiPageWikiLink",
        "object": "http://dbpedia.org/resource/Sara_Billey"
    },
    {
        "subject": "http://dbpedia.org/resource/Florence_Purington",
        "predicate": "http://dbpedia.org/ontology/wikiPageWikiLink",
        "object": "http://dbpedia.org/resource/Sarah_J._Greenwald"
    },
    {
        "subject": "http://dbpedia.org/resource/Florence_Purington",
        "predicate": "http://dbpedia.org/ontology/wikiPageWikiLink",
        "object": "http://dbpedia.org/resource/Sarah_Witherspoon"
    },
    {
        "subject": "http://dbpedia.org/resource/Florence_Purington",
        "predicate": "http://dbpedia.org/ontology/wikiPageWikiLink",
        "object": "http://dbpedia.org/resource/Elaine_Chew"
    },
    {
        "subject": "http://dbpedia.org/resource/Florence_Purington",
        "predicate": "http://dbpedia.org/ontology/wikiPageWikiLink",
        "object": "http://dbpedia.org/resource/Elaine_Cohen"
    },
    {
        "subject": "http://dbpedia.org/resource/Florence_Purington",
        "predicate": "http://dbpedia.org/ontology/wikiPageWikiLink",
        "object": "http://dbpedia.org/resource/Elayne_Arrington"
    },
    {
        "subject": "http://dbpedia.org/resource/Florence_Purington",
        "predicate": "http://dbpedia.org/ontology/wikiPageWikiLink",
        "object": "http://dbpedia.org/resource/Eleanor_Jones"
    },
    {
        "subject": "http://dbpedia.org/resource/Florence_Purington",
        "predicate": "http://dbpedia.org/ontology/wikiPageWikiLink",
        "object": "http://dbpedia.org/resource/Eleanor_Krawitz_Kolchin"
    },
    {
        "subject": "http://dbpedia.org/resource/Florence_Purington",
        "predicate": "http://dbpedia.org/ontology/wikiPageWikiLink",
        "object": "http://dbpedia.org/resource/Eleanor_Mollie_Horadam"
    },
    {
        "subject": "http://dbpedia.org/resource/Florence_Purington",
        "predicate": "http://dbpedia.org/ontology/wikiPageWikiLink",
        "object": "http://dbpedia.org/resource/Eleanor_P._Cushing"
    },
    {
        "subject": "http://dbpedia.org/resource/Florence_Purington",
        "predicate": "http://dbpedia.org/ontology/wikiPageWikiLink",
        "object": "http://dbpedia.org/resource/Eleanor_Rieffel"
    },
    {
        "subject": "http://dbpedia.org/resource/Florence_Purington",
        "predicate": "http://dbpedia.org/ontology/wikiPageWikiLink",
        "object": "http://dbpedia.org/resource/Elena_Braverman"
    },
    {
        "subject": "http://dbpedia.org/resource/Florence_Purington",
        "predicate": "http://dbpedia.org/ontology/wikiPageWikiLink",
        "object": "http://dbpedia.org/resource/Elena_Celledoni"
    },
    {
        "subject": "http://dbpedia.org/resource/Florence_Purington",
        "predicate": "http://dbpedia.org/ontology/wikiPageWikiLink",
        "object": "http://dbpedia.org/resource/Elena_Deza"
    },
    {
        "subject": "http://dbpedia.org/resource/Florence_Purington",
        "predicate": "http://dbpedia.org/ontology/wikiPageWikiLink",
        "object": "http://dbpedia.org/resource/Elena_Fern\u00e1ndez"
    },
    {
        "subject": "http://dbpedia.org/resource/Florence_Purington",
        "predicate": "http://dbpedia.org/ontology/wikiPageWikiLink",
        "object": "http://dbpedia.org/resource/Elena_Freda"
    },
    {
        "subject": "http://dbpedia.org/resource/Florence_Purington",
        "predicate": "http://dbpedia.org/ontology/wikiPageWikiLink",
        "object": "http://dbpedia.org/resource/Elena_Marchisotto"
    },
    {
        "subject": "http://dbpedia.org/resource/Florence_Purington",
        "predicate": "http://dbpedia.org/ontology/wikiPageWikiLink",
        "object": "http://dbpedia.org/resource/Elena_Moldovan_Popoviciu"
    },
    {
        "subject": "http://dbpedia.org/resource/Florence_Purington",
        "predicate": "http://dbpedia.org/ontology/wikiPageWikiLink",
        "object": "http://dbpedia.org/resource/Elena_V\u00e1zquez_Cend\u00f3n"
    },
    {
        "subject": "http://dbpedia.org/resource/Florence_Purington",
        "predicate": "http://dbpedia.org/ontology/wikiPageWikiLink",
        "object": "http://dbpedia.org/resource/Eleny_Ionel"
    },
    {
        "subject": "http://dbpedia.org/resource/Florence_Purington",
        "predicate": "http://dbpedia.org/ontology/wikiPageWikiLink",
        "object": "http://dbpedia.org/resource/Eleonora_Di_Nezza"
    },
    {
        "subject": "http://dbpedia.org/resource/Florence_Purington",
        "predicate": "http://dbpedia.org/ontology/wikiPageWikiLink",
        "object": "http://dbpedia.org/resource/Elham_Kazemi"
    },
    {
        "subject": "http://dbpedia.org/resource/Florence_Purington",
        "predicate": "http://dbpedia.org/ontology/wikiPageWikiLink",
        "object": "http://dbpedia.org/resource/Eliane_R._Rodrigues"
    },
    {
        "subject": "http://dbpedia.org/resource/Florence_Purington",
        "predicate": "http://dbpedia.org/ontology/wikiPageWikiLink",
        "object": "http://dbpedia.org/resource/Elisabeth_Larsson_(scientific_computing)"
    },
    {
        "subject": "http://dbpedia.org/resource/Florence_Purington",
        "predicate": "http://dbpedia.org/ontology/wikiPageWikiLink",
        "object": "http://dbpedia.org/resource/Elisabeth_M._Werner"
    },
    {
        "subject": "http://dbpedia.org/resource/Florence_Purington",
        "predicate": "http://dbpedia.org/ontology/wikiPageWikiLink",
        "object": "http://dbpedia.org/resource/Elisabeth_Vreede"
    },
    {
        "subject": "http://dbpedia.org/resource/Florence_Purington",
        "predicate": "http://dbpedia.org/ontology/wikiPageWikiLink",
        "object": "http://dbpedia.org/resource/Ene-Margit_Tiit"
    },
    {
        "subject": "http://dbpedia.org/resource/Florence_Purington",
        "predicate": "http://dbpedia.org/ontology/wikiPageWikiLink",
        "object": "http://dbpedia.org/resource/Enriqueta_Gonz\u00e1lez_Baz"
    },
    {
        "subject": "http://dbpedia.org/resource/Florence_Purington",
        "predicate": "http://dbpedia.org/ontology/wikiPageWikiLink",
        "object": "http://dbpedia.org/resource/Category:Lists_of_mathematicians"
    },
    {
        "subject": "http://dbpedia.org/resource/Florence_Purington",
        "predicate": "http://dbpedia.org/ontology/wikiPageWikiLink",
        "object": "http://dbpedia.org/resource/Category:Lists_of_women_by_occupation"
    },
    {
        "subject": "http://dbpedia.org/resource/Florence_Purington",
        "predicate": "http://dbpedia.org/ontology/wikiPageWikiLink",
        "object": "http://dbpedia.org/resource/Category:Lists_of_women_in_STEM_fields"
    },
    {
        "subject": "http://dbpedia.org/resource/Florence_Purington",
        "predicate": "http://dbpedia.org/ontology/wikiPageWikiLink",
        "object": "http://dbpedia.org/resource/Melania_Alvarez"
    },
    {
        "subject": "http://dbpedia.org/resource/Florence_Purington",
        "predicate": "http://dbpedia.org/ontology/wikiPageWikiLink",
        "object": "http://dbpedia.org/resource/Melody_Chan"
    },
    {
        "subject": "http://dbpedia.org/resource/Florence_Purington",
        "predicate": "http://dbpedia.org/ontology/wikiPageWikiLink",
        "object": "http://dbpedia.org/resource/Pauline_Mellon"
    },
    {
        "subject": "http://dbpedia.org/resource/Florence_Purington",
        "predicate": "http://dbpedia.org/ontology/wikiPageWikiLink",
        "object": "http://dbpedia.org/resource/Reiko_Miyaoka"
    },
    {
        "subject": "http://dbpedia.org/resource/Florence_Purington",
        "predicate": "http://dbpedia.org/ontology/wikiPageWikiLink",
        "object": "http://dbpedia.org/resource/Vera_Myller"
    }
]