[
    {
        "subject": "http://dbpedia.org/resource/Genevi\u00e8ve_Guitel",
        "predicate": "http://dbpedia.org/ontology/wikiPageWikiLink",
        "object": "http://dbpedia.org/resource/Canadian_English"
    },
    {
        "subject": "http://dbpedia.org/resource/Genevi\u00e8ve_Guitel",
        "predicate": "http://dbpedia.org/ontology/wikiPageWikiLink",
        "object": "http://dbpedia.org/resource/Romanian_language"
    },
    {
        "subject": "http://dbpedia.org/resource/Genevi\u00e8ve_Guitel",
        "predicate": "http://dbpedia.org/ontology/wikiPageWikiLink",
        "object": "http://dbpedia.org/resource/Romansh_language"
    },
    {
        "subject": "http://dbpedia.org/resource/Genevi\u00e8ve_Guitel",
        "predicate": "http://dbpedia.org/ontology/wikiPageWikiLink",
        "object": "http://dbpedia.org/resource/Scientific_notation"
    },
    {
        "subject": "http://dbpedia.org/resource/Genevi\u00e8ve_Guitel",
        "predicate": "http://dbpedia.org/ontology/wikiPageWikiLink",
        "object": "http://dbpedia.org/resource/Engineering_notation"
    },
    {
        "subject": "http://dbpedia.org/resource/Genevi\u00e8ve_Guitel",
        "predicate": "http://dbpedia.org/ontology/wikiPageWikiLink",
        "object": "http://dbpedia.org/resource/Myriad"
    },
    {
        "subject": "http://dbpedia.org/resource/Genevi\u00e8ve_Guitel",
        "predicate": "http://dbpedia.org/ontology/wikiPageWikiLink",
        "object": "http://dbpedia.org/resource/Billion"
    },
    {
        "subject": "http://dbpedia.org/resource/Genevi\u00e8ve_Guitel",
        "predicate": "http://dbpedia.org/ontology/wikiPageWikiLink",
        "object": "http://dbpedia.org/resource/Bokm\u00e5l"
    },
    {
        "subject": "http://dbpedia.org/resource/Genevi\u00e8ve_Guitel",
        "predicate": "http://dbpedia.org/ontology/wikiPageWikiLink",
        "object": "http://dbpedia.org/resource/Brazil"
    },
    {
        "subject": "http://dbpedia.org/resource/Genevi\u00e8ve_Guitel",
        "predicate": "http://dbpedia.org/ontology/wikiPageWikiLink",
        "object": "http://dbpedia.org/resource/Brazilian_Portuguese"
    },
    {
        "subject": "http://dbpedia.org/resource/Genevi\u00e8ve_Guitel",
        "predicate": "http://dbpedia.org/ontology/wikiPageWikiLink",
        "object": "http://dbpedia.org/resource/House_of_Commons_of_the_United_Kingdom"
    },
    {
        "subject": "http://dbpedia.org/resource/Genevi\u00e8ve_Guitel",
        "predicate": "http://dbpedia.org/ontology/wikiPageWikiLink",
        "object": "http://dbpedia.org/resource/Hungarian_forint"
    },
    {
        "subject": "http://dbpedia.org/resource/Genevi\u00e8ve_Guitel",
        "predicate": "http://dbpedia.org/ontology/wikiPageWikiLink",
        "object": "http://dbpedia.org/resource/Hungarian_peng\u0151"
    },
    {
        "subject": "http://dbpedia.org/resource/Genevi\u00e8ve_Guitel",
        "predicate": "http://dbpedia.org/ontology/wikiPageWikiLink",
        "object": "http://dbpedia.org/resource/Persian_language"
    },
    {
        "subject": "http://dbpedia.org/resource/Genevi\u00e8ve_Guitel",
        "predicate": "http://dbpedia.org/ontology/wikiPageWikiLink",
        "object": "http://dbpedia.org/resource/United_Kingdom"
    },
    {
        "subject": "http://dbpedia.org/resource/Genevi\u00e8ve_Guitel",
        "predicate": "http://dbpedia.org/ontology/wikiPageWikiLink",
        "object": "http://dbpedia.org/resource/United_States"
    },
    {
        "subject": "http://dbpedia.org/resource/Genevi\u00e8ve_Guitel",
        "predicate": "http://dbpedia.org/ontology/wikiPageWikiLink",
        "object": "http://dbpedia.org/resource/United_States_dollar"
    },
    {
        "subject": "http://dbpedia.org/resource/Genevi\u00e8ve_Guitel",
        "predicate": "http://dbpedia.org/ontology/wikiPageWikiLink",
        "object": "http://dbpedia.org/resource/Uzbek_language"
    },
    {
        "subject": "http://dbpedia.org/resource/Genevi\u00e8ve_Guitel",
        "predicate": "http://dbpedia.org/ontology/wikiPageWikiLink",
        "object": "http://dbpedia.org/resource/Dzongkha_numerals"
    },
    {
        "subject": "http://dbpedia.org/resource/Genevi\u00e8ve_Guitel",
        "predicate": "http://dbpedia.org/ontology/wikiPageWikiLink",
        "object": "http://dbpedia.org/resource/Indian_numbering_system"
    },
    {
        "subject": "http://dbpedia.org/resource/Genevi\u00e8ve_Guitel",
        "predicate": "http://dbpedia.org/ontology/wikiPageWikiLink",
        "object": "http://dbpedia.org/resource/Dari_Persian"
    },
    {
        "subject": "http://dbpedia.org/resource/Genevi\u00e8ve_Guitel",
        "predicate": "http://dbpedia.org/ontology/wikiPageWikiLink",
        "object": "http://dbpedia.org/resource/1000000000000_(number)"
    },
    {
        "subject": "http://dbpedia.org/resource/Genevi\u00e8ve_Guitel",
        "predicate": "http://dbpedia.org/ontology/wikiPageWikiLink",
        "object": "http://dbpedia.org/resource/1000000000_(number)"
    },
    {
        "subject": "http://dbpedia.org/resource/Genevi\u00e8ve_Guitel",
        "predicate": "http://dbpedia.org/ontology/wikiPageWikiLink",
        "object": "http://dbpedia.org/resource/1728_(number)"
    },
    {
        "subject": "http://dbpedia.org/resource/Genevi\u00e8ve_Guitel",
        "predicate": "http://dbpedia.org/ontology/wikiPageWikiLink",
        "object": "http://dbpedia.org/resource/Category:Numerals"
    },
    {
        "subject": "http://dbpedia.org/resource/Genevi\u00e8ve_Guitel",
        "predicate": "http://dbpedia.org/ontology/wikiPageWikiLink",
        "object": "http://dbpedia.org/resource/Maximus_Planudes"
    },
    {
        "subject": "http://dbpedia.org/resource/Genevi\u00e8ve_Guitel",
        "predicate": "http://dbpedia.org/ontology/wikiPageWikiLink",
        "object": "http://dbpedia.org/resource/Estienne_de_La_Roche"
    },
    {
        "subject": "http://dbpedia.org/resource/Genevi\u00e8ve_Guitel",
        "predicate": "http://dbpedia.org/ontology/wikiPageWikiLink",
        "object": "http://dbpedia.org/resource/English-speaking_world"
    },
    {
        "subject": "http://dbpedia.org/resource/Genevi\u00e8ve_Guitel",
        "predicate": "http://dbpedia.org/ontology/wikiPageWikiLink",
        "object": "http://dbpedia.org/resource/English_language"
    },
    {
        "subject": "http://dbpedia.org/resource/Genevi\u00e8ve_Guitel",
        "predicate": "http://dbpedia.org/ontology/wikiPageWikiLink",
        "object": "http://dbpedia.org/resource/French_Guiana"
    },
    {
        "subject": "http://dbpedia.org/resource/Genevi\u00e8ve_Guitel",
        "predicate": "http://dbpedia.org/ontology/wikiPageWikiLink",
        "object": "http://dbpedia.org/resource/French_Polynesia"
    },
    {
        "subject": "http://dbpedia.org/resource/Genevi\u00e8ve_Guitel",
        "predicate": "http://dbpedia.org/ontology/wikiPageWikiLink",
        "object": "http://dbpedia.org/resource/French_language"
    },
    {
        "subject": "http://dbpedia.org/resource/Genevi\u00e8ve_Guitel",
        "predicate": "http://dbpedia.org/ontology/wikiPageWikiLink",
        "object": "http://dbpedia.org/resource/General_Conference_on_Weights_and_Measures"
    },
    {
        "subject": "http://dbpedia.org/resource/Genevi\u00e8ve_Guitel",
        "predicate": "http://dbpedia.org/ontology/wikiPageWikiLink",
        "object": "http://dbpedia.org/resource/Genevi\u00e8ve_Guitel"
    },
    {
        "subject": "http://dbpedia.org/resource/Genevi\u00e8ve_Guitel",
        "predicate": "http://dbpedia.org/ontology/wikiPageWikiLink",
        "object": "http://dbpedia.org/resource/Geographical_distribution_of_French_speakers"
    },
    {
        "subject": "http://dbpedia.org/resource/Genevi\u00e8ve_Guitel",
        "predicate": "http://dbpedia.org/ontology/wikiPageWikiLink",
        "object": "http://dbpedia.org/resource/Geographical_distribution_of_German_speakers"
    },
    {
        "subject": "http://dbpedia.org/resource/Genevi\u00e8ve_Guitel",
        "predicate": "http://dbpedia.org/ontology/wikiPageWikiLink",
        "object": "http://dbpedia.org/resource/German_Papiermark"
    },
    {
        "subject": "http://dbpedia.org/resource/Genevi\u00e8ve_Guitel",
        "predicate": "http://dbpedia.org/ontology/wikiPageWikiLink",
        "object": "http://dbpedia.org/resource/German_Rentenmark"
    },
    {
        "subject": "http://dbpedia.org/resource/Genevi\u00e8ve_Guitel",
        "predicate": "http://dbpedia.org/ontology/wikiPageWikiLink",
        "object": "http://dbpedia.org/resource/Gigawatt"
    },
    {
        "subject": "http://dbpedia.org/resource/Genevi\u00e8ve_Guitel",
        "predicate": "http://dbpedia.org/ontology/wikiPageWikiLink",
        "object": "http://dbpedia.org/resource/Googolplex"
    },
    {
        "subject": "http://dbpedia.org/resource/Genevi\u00e8ve_Guitel",
        "predicate": "http://dbpedia.org/ontology/wikiPageWikiLink",
        "object": "http://dbpedia.org/resource/Great_gross"
    },
    {
        "subject": "http://dbpedia.org/resource/Genevi\u00e8ve_Guitel",
        "predicate": "http://dbpedia.org/ontology/wikiPageWikiLink",
        "object": "http://dbpedia.org/resource/Greek_language"
    },
    {
        "subject": "http://dbpedia.org/resource/Genevi\u00e8ve_Guitel",
        "predicate": "http://dbpedia.org/ontology/wikiPageWikiLink",
        "object": "http://dbpedia.org/resource/Mongolian_numerals"
    },
    {
        "subject": "http://dbpedia.org/resource/Genevi\u00e8ve_Guitel",
        "predicate": "http://dbpedia.org/ontology/wikiPageWikiLink",
        "object": "http://dbpedia.org/resource/Montenegrin_language"
    },
    {
        "subject": "http://dbpedia.org/resource/Genevi\u00e8ve_Guitel",
        "predicate": "http://dbpedia.org/ontology/wikiPageWikiLink",
        "object": "http://dbpedia.org/resource/Names_of_large_numbers"
    },
    {
        "subject": "http://dbpedia.org/resource/Genevi\u00e8ve_Guitel",
        "predicate": "http://dbpedia.org/ontology/wikiPageWikiLink",
        "object": "http://dbpedia.org/resource/Continental_Europe"
    },
    {
        "subject": "http://dbpedia.org/resource/Genevi\u00e8ve_Guitel",
        "predicate": "http://dbpedia.org/ontology/wikiPageWikiLink",
        "object": "http://dbpedia.org/resource/Crore"
    },
    {
        "subject": "http://dbpedia.org/resource/Genevi\u00e8ve_Guitel",
        "predicate": "http://dbpedia.org/ontology/wikiPageWikiLink",
        "object": "http://dbpedia.org/resource/Antarctica"
    },
    {
        "subject": "http://dbpedia.org/resource/Genevi\u00e8ve_Guitel",
        "predicate": "http://dbpedia.org/ontology/wikiPageWikiLink",
        "object": "http://dbpedia.org/resource/Arabic_language"
    },
    {
        "subject": "http://dbpedia.org/resource/Genevi\u00e8ve_Guitel",
        "predicate": "http://dbpedia.org/ontology/wikiPageWikiLink",
        "object": "http://dbpedia.org/resource/Malaysian_English"
    },
    {
        "subject": "http://dbpedia.org/resource/Genevi\u00e8ve_Guitel",
        "predicate": "http://dbpedia.org/ontology/wikiPageWikiLink",
        "object": "http://dbpedia.org/resource/Calque"
    },
    {
        "subject": "http://dbpedia.org/resource/Genevi\u00e8ve_Guitel",
        "predicate": "http://dbpedia.org/ontology/wikiPageWikiLink",
        "object": "http://dbpedia.org/resource/Statistics"
    },
    {
        "subject": "http://dbpedia.org/resource/Genevi\u00e8ve_Guitel",
        "predicate": "http://dbpedia.org/ontology/wikiPageWikiLink",
        "object": "http://dbpedia.org/resource/Yugoslav_dinar"
    },
    {
        "subject": "http://dbpedia.org/resource/Genevi\u00e8ve_Guitel",
        "predicate": "http://dbpedia.org/ontology/wikiPageWikiLink",
        "object": "http://dbpedia.org/resource/Zimbabwean_dollar"
    },
    {
        "subject": "http://dbpedia.org/resource/Genevi\u00e8ve_Guitel",
        "predicate": "http://dbpedia.org/ontology/wikiPageWikiLink",
        "object": "http://dbpedia.org/resource/Arab_(number)"
    },
    {
        "subject": "http://dbpedia.org/resource/Genevi\u00e8ve_Guitel",
        "predicate": "http://dbpedia.org/ontology/wikiPageWikiLink",
        "object": "http://dbpedia.org/resource/Biblioth\u00e8que_Sainte-Genevi\u00e8ve"
    },
    {
        "subject": "http://dbpedia.org/resource/Genevi\u00e8ve_Guitel",
        "predicate": "http://dbpedia.org/ontology/wikiPageWikiLink",
        "object": "http://dbpedia.org/resource/Plena_Ilustrita_Vortaro_de_Esperanto"
    },
    {
        "subject": "http://dbpedia.org/resource/Genevi\u00e8ve_Guitel",
        "predicate": "http://dbpedia.org/ontology/wikiPageWikiLink",
        "object": "http://dbpedia.org/resource/Tera-"
    },
    {
        "subject": "http://dbpedia.org/resource/Genevi\u00e8ve_Guitel",
        "predicate": "http://dbpedia.org/ontology/wikiPageWikiLink",
        "object": "http://dbpedia.org/resource/Trillion"
    },
    {
        "subject": "http://dbpedia.org/resource/Genevi\u00e8ve_Guitel",
        "predicate": "http://dbpedia.org/ontology/wikiPageWikiLink",
        "object": "http://dbpedia.org/resource/Mathematician"
    },
    {
        "subject": "http://dbpedia.org/resource/Genevi\u00e8ve_Guitel",
        "predicate": "http://dbpedia.org/ontology/wikiPageWikiLink",
        "object": "http://dbpedia.org/resource/Tamil_numerals"
    },
    {
        "subject": "http://dbpedia.org/resource/Genevi\u00e8ve_Guitel",
        "predicate": "http://dbpedia.org/ontology/wikiPageWikiLink",
        "object": "http://dbpedia.org/resource/Australian_English"
    },
    {
        "subject": "http://dbpedia.org/resource/Genevi\u00e8ve_Guitel",
        "predicate": "http://dbpedia.org/ontology/wikiPageWikiLink",
        "object": "http://dbpedia.org/resource/BBC"
    },
    {
        "subject": "http://dbpedia.org/resource/Genevi\u00e8ve_Guitel",
        "predicate": "http://dbpedia.org/ontology/wikiPageWikiLink",
        "object": "http://dbpedia.org/resource/Burmese_language"
    },
    {
        "subject": "http://dbpedia.org/resource/Genevi\u00e8ve_Guitel",
        "predicate": "http://dbpedia.org/ontology/wikiPageWikiLink",
        "object": "http://dbpedia.org/resource/Turkmen_language"
    },
    {
        "subject": "http://dbpedia.org/resource/Genevi\u00e8ve_Guitel",
        "predicate": "http://dbpedia.org/ontology/wikiPageWikiLink",
        "object": "http://dbpedia.org/resource/UK_Parliamentary_questions"
    },
    {
        "subject": "http://dbpedia.org/resource/Genevi\u00e8ve_Guitel",
        "predicate": "http://dbpedia.org/ontology/wikiPageWikiLink",
        "object": "http://dbpedia.org/resource/Weimar_Republic"
    },
    {
        "subject": "http://dbpedia.org/resource/Genevi\u00e8ve_Guitel",
        "predicate": "http://dbpedia.org/ontology/wikiPageWikiLink",
        "object": "http://dbpedia.org/resource/E_notation"
    },
    {
        "subject": "http://dbpedia.org/resource/Genevi\u00e8ve_Guitel",
        "predicate": "http://dbpedia.org/ontology/wikiPageWikiLink",
        "object": "http://dbpedia.org/resource/Japanese_numerals"
    },
    {
        "subject": "http://dbpedia.org/resource/Genevi\u00e8ve_Guitel",
        "predicate": "http://dbpedia.org/ontology/wikiPageWikiLink",
        "object": "http://dbpedia.org/resource/File:Guillaume_Bud\u00e9,_by_Jean_Clouet.jpg"
    },
    {
        "subject": "http://dbpedia.org/resource/Genevi\u00e8ve_Guitel",
        "predicate": "http://dbpedia.org/ontology/wikiPageWikiLink",
        "object": "http://dbpedia.org/resource/Lakh"
    },
    {
        "subject": "http://dbpedia.org/resource/Genevi\u00e8ve_Guitel",
        "predicate": "http://dbpedia.org/ontology/wikiPageWikiLink",
        "object": "http://dbpedia.org/resource/Acad\u00e9mie_fran\u00e7aise"
    },
    {
        "subject": "http://dbpedia.org/resource/Genevi\u00e8ve_Guitel",
        "predicate": "http://dbpedia.org/ontology/wikiPageWikiLink",
        "object": "http://dbpedia.org/resource/Africa"
    },
    {
        "subject": "http://dbpedia.org/resource/Genevi\u00e8ve_Guitel",
        "predicate": "http://dbpedia.org/ontology/wikiPageWikiLink",
        "object": "http://dbpedia.org/resource/Afrikaans"
    },
    {
        "subject": "http://dbpedia.org/resource/Genevi\u00e8ve_Guitel",
        "predicate": "http://dbpedia.org/ontology/wikiPageWikiLink",
        "object": "http://dbpedia.org/resource/Dutch_language"
    },
    {
        "subject": "http://dbpedia.org/resource/Genevi\u00e8ve_Guitel",
        "predicate": "http://dbpedia.org/ontology/wikiPageWikiLink",
        "object": "http://dbpedia.org/resource/East_Asia"
    },
    {
        "subject": "http://dbpedia.org/resource/Genevi\u00e8ve_Guitel",
        "predicate": "http://dbpedia.org/ontology/wikiPageWikiLink",
        "object": "http://dbpedia.org/resource/Esperanto"
    },
    {
        "subject": "http://dbpedia.org/resource/Genevi\u00e8ve_Guitel",
        "predicate": "http://dbpedia.org/ontology/wikiPageWikiLink",
        "object": "http://dbpedia.org/resource/Euro_sign"
    },
    {
        "subject": "http://dbpedia.org/resource/Genevi\u00e8ve_Guitel",
        "predicate": "http://dbpedia.org/ontology/wikiPageWikiLink",
        "object": "http://dbpedia.org/resource/Europe"
    },
    {
        "subject": "http://dbpedia.org/resource/Genevi\u00e8ve_Guitel",
        "predicate": "http://dbpedia.org/ontology/wikiPageWikiLink",
        "object": "http://dbpedia.org/resource/Filipino_language"
    },
    {
        "subject": "http://dbpedia.org/resource/Genevi\u00e8ve_Guitel",
        "predicate": "http://dbpedia.org/ontology/wikiPageWikiLink",
        "object": "http://dbpedia.org/resource/France"
    },
    {
        "subject": "http://dbpedia.org/resource/Genevi\u00e8ve_Guitel",
        "predicate": "http://dbpedia.org/ontology/wikiPageWikiLink",
        "object": "http://dbpedia.org/resource/Nicolas_Chuquet"
    },
    {
        "subject": "http://dbpedia.org/resource/Genevi\u00e8ve_Guitel",
        "predicate": "http://dbpedia.org/ontology/wikiPageWikiLink",
        "object": "http://dbpedia.org/resource/North_America"
    },
    {
        "subject": "http://dbpedia.org/resource/Genevi\u00e8ve_Guitel",
        "predicate": "http://dbpedia.org/ontology/wikiPageWikiLink",
        "object": "http://dbpedia.org/resource/Paris"
    },
    {
        "subject": "http://dbpedia.org/resource/Genevi\u00e8ve_Guitel",
        "predicate": "http://dbpedia.org/ontology/wikiPageWikiLink",
        "object": "http://dbpedia.org/resource/Googol"
    },
    {
        "subject": "http://dbpedia.org/resource/Genevi\u00e8ve_Guitel",
        "predicate": "http://dbpedia.org/ontology/wikiPageWikiLink",
        "object": "http://dbpedia.org/resource/Hansard"
    },
    {
        "subject": "http://dbpedia.org/resource/Genevi\u00e8ve_Guitel",
        "predicate": "http://dbpedia.org/ontology/wikiPageWikiLink",
        "object": "http://dbpedia.org/resource/Hispanophone"
    },
    {
        "subject": "http://dbpedia.org/resource/Genevi\u00e8ve_Guitel",
        "predicate": "http://dbpedia.org/ontology/wikiPageWikiLink",
        "object": "http://dbpedia.org/resource/Lenition"
    },
    {
        "subject": "http://dbpedia.org/resource/Genevi\u00e8ve_Guitel",
        "predicate": "http://dbpedia.org/ontology/wikiPageWikiLink",
        "object": "http://dbpedia.org/resource/Power_of_10"
    },
    {
        "subject": "http://dbpedia.org/resource/Genevi\u00e8ve_Guitel",
        "predicate": "http://dbpedia.org/ontology/wikiPageWikiLink",
        "object": "http://dbpedia.org/resource/SI_prefix"
    },
    {
        "subject": "http://dbpedia.org/resource/Genevi\u00e8ve_Guitel",
        "predicate": "http://dbpedia.org/ontology/wikiPageWikiLink",
        "object": "http://dbpedia.org/resource/Category:Numeral_systems"
    },
    {
        "subject": "http://dbpedia.org/resource/Genevi\u00e8ve_Guitel",
        "predicate": "http://dbpedia.org/ontology/wikiPageWikiLink",
        "object": "http://dbpedia.org/resource/Guillaume_Bud\u00e9"
    },
    {
        "subject": "http://dbpedia.org/resource/Genevi\u00e8ve_Guitel",
        "predicate": "http://dbpedia.org/ontology/wikiPageWikiLink",
        "object": "http://dbpedia.org/resource/Guyana"
    },
    {
        "subject": "http://dbpedia.org/resource/Genevi\u00e8ve_Guitel",
        "predicate": "http://dbpedia.org/ontology/wikiPageWikiLink",
        "object": "http://dbpedia.org/resource/Harold_Wilson"
    },
    {
        "subject": "http://dbpedia.org/resource/Genevi\u00e8ve_Guitel",
        "predicate": "http://dbpedia.org/ontology/wikiPageWikiLink",
        "object": "http://dbpedia.org/resource/Harvard_College"
    },
    {
        "subject": "http://dbpedia.org/resource/Genevi\u00e8ve_Guitel",
        "predicate": "http://dbpedia.org/ontology/wikiPageWikiLink",
        "object": "http://dbpedia.org/resource/Hebrew_language"
    },
    {
        "subject": "http://dbpedia.org/resource/Genevi\u00e8ve_Guitel",
        "predicate": "http://dbpedia.org/ontology/wikiPageWikiLink",
        "object": "http://dbpedia.org/resource/Henry_Watson_Fowler"
    },
    {
        "subject": "http://dbpedia.org/resource/Genevi\u00e8ve_Guitel",
        "predicate": "http://dbpedia.org/ontology/wikiPageWikiLink",
        "object": "http://dbpedia.org/resource/Hindu_units_of_time"
    },
    {
        "subject": "http://dbpedia.org/resource/Genevi\u00e8ve_Guitel",
        "predicate": "http://dbpedia.org/ontology/wikiPageWikiLink",
        "object": "http://dbpedia.org/resource/International_System_of_Units"
    },
    {
        "subject": "http://dbpedia.org/resource/Genevi\u00e8ve_Guitel",
        "predicate": "http://dbpedia.org/ontology/wikiPageWikiLink",
        "object": "http://dbpedia.org/resource/Isaac_Greenwood"
    }
]