[
    {
        "subject": "http://dbpedia.org/resource/Hilda_Geiringer",
        "predicate": "http://dbpedia.org/ontology/wikiPageWikiLink",
        "object": "http://dbpedia.org/resource/Potsdam"
    },
    {
        "subject": "http://dbpedia.org/resource/Hilda_Geiringer",
        "predicate": "http://dbpedia.org/ontology/wikiPageWikiLink",
        "object": "http://dbpedia.org/resource/Sanford_L._Segal"
    },
    {
        "subject": "http://dbpedia.org/resource/Hilda_Geiringer",
        "predicate": "http://dbpedia.org/ontology/wikiPageWikiLink",
        "object": "http://dbpedia.org/resource/Breslau"
    },
    {
        "subject": "http://dbpedia.org/resource/Hilda_Geiringer",
        "predicate": "http://dbpedia.org/ontology/wikiPageWikiLink",
        "object": "http://dbpedia.org/resource/Category:German_astronomers"
    },
    {
        "subject": "http://dbpedia.org/resource/Hilda_Geiringer",
        "predicate": "http://dbpedia.org/ontology/wikiPageWikiLink",
        "object": "http://dbpedia.org/resource/Category:German_mathematicians"
    },
    {
        "subject": "http://dbpedia.org/resource/Hilda_Geiringer",
        "predicate": "http://dbpedia.org/ontology/wikiPageWikiLink",
        "object": "http://dbpedia.org/resource/Category:University_of_Latvia_faculty"
    },
    {
        "subject": "http://dbpedia.org/resource/Hilda_Geiringer",
        "predicate": "http://dbpedia.org/ontology/wikiPageWikiLink",
        "object": "http://dbpedia.org/resource/Humboldt_University_of_Berlin"
    },
    {
        "subject": "http://dbpedia.org/resource/Hilda_Geiringer",
        "predicate": "http://dbpedia.org/ontology/wikiPageWikiLink",
        "object": "http://dbpedia.org/resource/Richard_von_Mises"
    },
    {
        "subject": "http://dbpedia.org/resource/Hilda_Geiringer",
        "predicate": "http://dbpedia.org/ontology/wikiPageWikiLink",
        "object": "http://dbpedia.org/resource/Riga"
    },
    {
        "subject": "http://dbpedia.org/resource/Hilda_Geiringer",
        "predicate": "http://dbpedia.org/ontology/wikiPageWikiLink",
        "object": "http://dbpedia.org/resource/University_of_Greifswald"
    },
    {
        "subject": "http://dbpedia.org/resource/Hilda_Geiringer",
        "predicate": "http://dbpedia.org/ontology/wikiPageWikiLink",
        "object": "http://dbpedia.org/resource/University_of_G\u00f6ttingen"
    },
    {
        "subject": "http://dbpedia.org/resource/Hilda_Geiringer",
        "predicate": "http://dbpedia.org/ontology/wikiPageWikiLink",
        "object": "http://dbpedia.org/resource/University_of_Rostock"
    },
    {
        "subject": "http://dbpedia.org/resource/Hilda_Geiringer",
        "predicate": "http://dbpedia.org/ontology/wikiPageWikiLink",
        "object": "http://dbpedia.org/resource/Aeronautical_Engineering"
    },
    {
        "subject": "http://dbpedia.org/resource/Hilda_Geiringer",
        "predicate": "http://dbpedia.org/ontology/wikiPageWikiLink",
        "object": "http://dbpedia.org/resource/189_Phthia"
    },
    {
        "subject": "http://dbpedia.org/resource/Hilda_Geiringer",
        "predicate": "http://dbpedia.org/ontology/wikiPageWikiLink",
        "object": "http://dbpedia.org/resource/Category:1895_births"
    },
    {
        "subject": "http://dbpedia.org/resource/Hilda_Geiringer",
        "predicate": "http://dbpedia.org/ontology/wikiPageWikiLink",
        "object": "http://dbpedia.org/resource/Category:1953_deaths"
    },
    {
        "subject": "http://dbpedia.org/resource/Hilda_Geiringer",
        "predicate": "http://dbpedia.org/ontology/wikiPageWikiLink",
        "object": "http://dbpedia.org/resource/Constantin_Carath\u00e9odory"
    },
    {
        "subject": "http://dbpedia.org/resource/Hilda_Geiringer",
        "predicate": "http://dbpedia.org/ontology/wikiPageWikiLink",
        "object": "http://dbpedia.org/resource/GEMA_(German_organization)"
    },
    {
        "subject": "http://dbpedia.org/resource/Hilda_Geiringer",
        "predicate": "http://dbpedia.org/ontology/wikiPageWikiLink",
        "object": "http://dbpedia.org/resource/Theodor_Vahlen"
    },
    {
        "subject": "http://dbpedia.org/resource/Hilda_Geiringer",
        "predicate": "http://dbpedia.org/ontology/wikiPageWikiLink",
        "object": "http://dbpedia.org/resource/Lothar_Collatz"
    },
    {
        "subject": "http://dbpedia.org/resource/Hilda_Geiringer",
        "predicate": "http://dbpedia.org/ontology/wikiPageWikiLink",
        "object": "http://dbpedia.org/resource/Ludwig_Bieberbach"
    },
    {
        "subject": "http://dbpedia.org/resource/Hilda_Geiringer",
        "predicate": "http://dbpedia.org/ontology/wikiPageWikiLink",
        "object": "http://dbpedia.org/resource/Privatdozent"
    },
    {
        "subject": "http://dbpedia.org/resource/Hilda_Geiringer",
        "predicate": "http://dbpedia.org/ontology/wikiPageWikiLink",
        "object": "http://dbpedia.org/resource/Category:University_of_Greifswald_faculty"
    },
    {
        "subject": "http://dbpedia.org/resource/Hilda_Geiringer",
        "predicate": "http://dbpedia.org/ontology/wikiPageWikiLink",
        "object": "http://dbpedia.org/resource/Category:People_from_G\u00f6rlitz"
    },
    {
        "subject": "http://dbpedia.org/resource/Hilda_Geiringer",
        "predicate": "http://dbpedia.org/ontology/wikiPageWikiLink",
        "object": "http://dbpedia.org/resource/Karl-Heinz_Boseck"
    },
    {
        "subject": "http://dbpedia.org/resource/Hilda_Geiringer",
        "predicate": "http://dbpedia.org/ontology/wikiPageWikiLink",
        "object": "http://dbpedia.org/resource/Oskar_Perron"
    },
    {
        "subject": "http://dbpedia.org/resource/Hilda_Geiringer",
        "predicate": "http://dbpedia.org/ontology/wikiPageWikiLink",
        "object": "http://dbpedia.org/resource/Ostashkov"
    },
    {
        "subject": "http://dbpedia.org/resource/Hilda_Geiringer",
        "predicate": "http://dbpedia.org/ontology/wikiPageWikiLink",
        "object": "http://dbpedia.org/resource/Ministry_of_Education"
    },
    {
        "subject": "http://dbpedia.org/resource/Hilda_Geiringer",
        "predicate": "http://dbpedia.org/ontology/wikiPageWikiLink",
        "object": "http://dbpedia.org/resource/G\u00f6rlitz"
    },
    {
        "subject": "http://dbpedia.org/resource/Hilda_Geiringer",
        "predicate": "http://dbpedia.org/ontology/wikiPageWikiLink",
        "object": "http://dbpedia.org/resource/Hilda_Geiringer"
    },
    {
        "subject": "http://dbpedia.org/resource/Hilda_Geiringer",
        "predicate": "http://dbpedia.org/ontology/wikiPageWikiLink",
        "object": "http://dbpedia.org/resource/University_of_Latvia"
    },
    {
        "subject": "http://dbpedia.org/resource/Hilda_Geiringer",
        "predicate": "http://dbpedia.org/ontology/wikiPageWikiLink",
        "object": "http://dbpedia.org/resource/Category:University_of_G\u00f6ttingen_alumni"
    },
    {
        "subject": "http://dbpedia.org/resource/Hilda_Geiringer",
        "predicate": "http://dbpedia.org/ontology/wikiPageWikiLink",
        "object": "http://dbpedia.org/resource/Category:20th-century_German_mathematicians"
    },
    {
        "subject": "http://dbpedia.org/resource/Hilda_Geiringer",
        "predicate": "http://dbpedia.org/ontology/wikiPageWikiLink",
        "object": "http://dbpedia.org/resource/Category:Humboldt_University_of_Berlin_faculty"
    },
    {
        "subject": "http://dbpedia.org/resource/Hilda_Geiringer",
        "predicate": "http://dbpedia.org/ontology/wikiPageWikiLink",
        "object": "http://dbpedia.org/resource/Category:University_of_Breslau_alumni"
    },
    {
        "subject": "http://dbpedia.org/resource/Hilda_Geiringer",
        "predicate": "http://dbpedia.org/ontology/wikiPageWikiLink",
        "object": "http://dbpedia.org/resource/Category:University_of_Rostock_faculty"
    },
    {
        "subject": "http://dbpedia.org/resource/Hilda_Geiringer",
        "predicate": "http://dbpedia.org/ontology/wikiPageWikiLink",
        "object": "http://dbpedia.org/resource/Soviet_Union"
    },
    {
        "subject": "http://dbpedia.org/resource/Hilda_Geiringer",
        "predicate": "http://dbpedia.org/ontology/wikiPageWikiLink",
        "object": "http://dbpedia.org/resource/K\u00f6penick"
    },
    {
        "subject": "http://dbpedia.org/resource/Hilda_Geiringer",
        "predicate": "http://dbpedia.org/ontology/wikiPageWikiLink",
        "object": "http://dbpedia.org/resource/University_of_Breslau"
    },
    {
        "subject": "http://dbpedia.org/resource/Hilda_Geiringer",
        "predicate": "http://dbpedia.org/ontology/wikiPageWikiLink",
        "object": "http://dbpedia.org/resource/Operation_Ossawakim"
    },
    {
        "subject": "http://dbpedia.org/resource/Hilda_Geiringer",
        "predicate": "http://dbpedia.org/ontology/wikiPageWikiLink",
        "object": "http://dbpedia.org/resource/Karl_Strubecker"
    },
    {
        "subject": "http://dbpedia.org/resource/Hilda_Geiringer",
        "predicate": "http://dbpedia.org/ontology/wikiPageWikiLink",
        "object": "http://dbpedia.org/resource/Carl_David_Tolm\u00e9_Runge"
    },
    {
        "subject": "http://dbpedia.org/resource/Hilda_Geiringer",
        "predicate": "http://dbpedia.org/ontology/wikiPageWikiLink",
        "object": "http://dbpedia.org/resource/Robert_Musil"
    },
    {
        "subject": "http://dbpedia.org/resource/Hilda_Geiringer",
        "predicate": "http://dbpedia.org/ontology/wikiPageWikiLink",
        "object": "http://dbpedia.org/resource/Bernhard_Riemann"
    },
    {
        "subject": "http://dbpedia.org/resource/Hilda_Geiringer",
        "predicate": "http://dbpedia.org/ontology/wikiPageWikiLink",
        "object": "http://dbpedia.org/resource/Birthday_problem"
    },
    {
        "subject": "http://dbpedia.org/resource/Hilda_Geiringer",
        "predicate": "http://dbpedia.org/ontology/wikiPageWikiLink",
        "object": "http://dbpedia.org/resource/Boston"
    },
    {
        "subject": "http://dbpedia.org/resource/Hilda_Geiringer",
        "predicate": "http://dbpedia.org/ontology/wikiPageWikiLink",
        "object": "http://dbpedia.org/resource/Category:Austro-Hungarian_mathematicians"
    },
    {
        "subject": "http://dbpedia.org/resource/Hilda_Geiringer",
        "predicate": "http://dbpedia.org/ontology/wikiPageWikiLink",
        "object": "http://dbpedia.org/resource/Applied_mathematics"
    },
    {
        "subject": "http://dbpedia.org/resource/Hilda_Geiringer",
        "predicate": "http://dbpedia.org/ontology/wikiPageWikiLink",
        "object": "http://dbpedia.org/resource/Horsepower"
    },
    {
        "subject": "http://dbpedia.org/resource/Hilda_Geiringer",
        "predicate": "http://dbpedia.org/ontology/wikiPageWikiLink",
        "object": "http://dbpedia.org/resource/Humboldt_University_of_Berlin"
    },
    {
        "subject": "http://dbpedia.org/resource/Hilda_Geiringer",
        "predicate": "http://dbpedia.org/ontology/wikiPageWikiLink",
        "object": "http://dbpedia.org/resource/Ukraine"
    },
    {
        "subject": "http://dbpedia.org/resource/Hilda_Geiringer",
        "predicate": "http://dbpedia.org/ontology/wikiPageWikiLink",
        "object": "http://dbpedia.org/resource/United_States"
    },
    {
        "subject": "http://dbpedia.org/resource/Hilda_Geiringer",
        "predicate": "http://dbpedia.org/ontology/wikiPageWikiLink",
        "object": "http://dbpedia.org/resource/University_of_Strasbourg"
    },
    {
        "subject": "http://dbpedia.org/resource/Hilda_Geiringer",
        "predicate": "http://dbpedia.org/ontology/wikiPageWikiLink",
        "object": "http://dbpedia.org/resource/Praxeology"
    },
    {
        "subject": "http://dbpedia.org/resource/Hilda_Geiringer",
        "predicate": "http://dbpedia.org/ontology/wikiPageWikiLink",
        "object": "http://dbpedia.org/resource/Category:1953_deaths"
    },
    {
        "subject": "http://dbpedia.org/resource/Hilda_Geiringer",
        "predicate": "http://dbpedia.org/ontology/wikiPageWikiLink",
        "object": "http://dbpedia.org/resource/Communist"
    },
    {
        "subject": "http://dbpedia.org/resource/Hilda_Geiringer",
        "predicate": "http://dbpedia.org/ontology/wikiPageWikiLink",
        "object": "http://dbpedia.org/resource/Massachusetts"
    },
    {
        "subject": "http://dbpedia.org/resource/Hilda_Geiringer",
        "predicate": "http://dbpedia.org/ontology/wikiPageWikiLink",
        "object": "http://dbpedia.org/resource/Solid_mechanics"
    },
    {
        "subject": "http://dbpedia.org/resource/Hilda_Geiringer",
        "predicate": "http://dbpedia.org/ontology/wikiPageWikiLink",
        "object": "http://dbpedia.org/resource/Vienna_University_of_Technology"
    },
    {
        "subject": "http://dbpedia.org/resource/Hilda_Geiringer",
        "predicate": "http://dbpedia.org/ontology/wikiPageWikiLink",
        "object": "http://dbpedia.org/resource/Citizenship"
    },
    {
        "subject": "http://dbpedia.org/resource/Hilda_Geiringer",
        "predicate": "http://dbpedia.org/ontology/wikiPageWikiLink",
        "object": "http://dbpedia.org/resource/Category:Edlers_of_Austria"
    },
    {
        "subject": "http://dbpedia.org/resource/Hilda_Geiringer",
        "predicate": "http://dbpedia.org/ontology/wikiPageWikiLink",
        "object": "http://dbpedia.org/resource/Engineer"
    },
    {
        "subject": "http://dbpedia.org/resource/Hilda_Geiringer",
        "predicate": "http://dbpedia.org/ontology/wikiPageWikiLink",
        "object": "http://dbpedia.org/resource/Georg_Hamel"
    },
    {
        "subject": "http://dbpedia.org/resource/Hilda_Geiringer",
        "predicate": "http://dbpedia.org/ontology/wikiPageWikiLink",
        "object": "http://dbpedia.org/resource/German_Empire"
    },
    {
        "subject": "http://dbpedia.org/resource/Hilda_Geiringer",
        "predicate": "http://dbpedia.org/ontology/wikiPageWikiLink",
        "object": "http://dbpedia.org/resource/Boundary_layer"
    },
    {
        "subject": "http://dbpedia.org/resource/Hilda_Geiringer",
        "predicate": "http://dbpedia.org/ontology/wikiPageWikiLink",
        "object": "http://dbpedia.org/resource/Andrey_Kolmogorov"
    },
    {
        "subject": "http://dbpedia.org/resource/Hilda_Geiringer",
        "predicate": "http://dbpedia.org/ontology/wikiPageWikiLink",
        "object": "http://dbpedia.org/resource/Bernstein\u2013von_Mises_theorem"
    },
    {
        "subject": "http://dbpedia.org/resource/Hilda_Geiringer",
        "predicate": "http://dbpedia.org/ontology/wikiPageWikiLink",
        "object": "http://dbpedia.org/resource/Lemberg"
    },
    {
        "subject": "http://dbpedia.org/resource/Hilda_Geiringer",
        "predicate": "http://dbpedia.org/ontology/wikiPageWikiLink",
        "object": "http://dbpedia.org/resource/Logical_positivism"
    },
    {
        "subject": "http://dbpedia.org/resource/Hilda_Geiringer",
        "predicate": "http://dbpedia.org/ontology/wikiPageWikiLink",
        "object": "http://dbpedia.org/resource/Ludwig_von_Mises"
    },
    {
        "subject": "http://dbpedia.org/resource/Hilda_Geiringer",
        "predicate": "http://dbpedia.org/ontology/wikiPageWikiLink",
        "object": "http://dbpedia.org/resource/Lviv"
    },
    {
        "subject": "http://dbpedia.org/resource/Hilda_Geiringer",
        "predicate": "http://dbpedia.org/ontology/wikiPageWikiLink",
        "object": "http://dbpedia.org/resource/Statistics"
    },
    {
        "subject": "http://dbpedia.org/resource/Hilda_Geiringer",
        "predicate": "http://dbpedia.org/ontology/wikiPageWikiLink",
        "object": "http://dbpedia.org/resource/Stefan_Bergman"
    },
    {
        "subject": "http://dbpedia.org/resource/Hilda_Geiringer",
        "predicate": "http://dbpedia.org/ontology/wikiPageWikiLink",
        "object": "http://dbpedia.org/resource/Strasbourg"
    },
    {
        "subject": "http://dbpedia.org/resource/Hilda_Geiringer",
        "predicate": "http://dbpedia.org/ontology/wikiPageWikiLink",
        "object": "http://dbpedia.org/resource/Stress_(physics)"
    },
    {
        "subject": "http://dbpedia.org/resource/Hilda_Geiringer",
        "predicate": "http://dbpedia.org/ontology/wikiPageWikiLink",
        "object": "http://dbpedia.org/resource/Empiricism"
    },
    {
        "subject": "http://dbpedia.org/resource/Hilda_Geiringer",
        "predicate": "http://dbpedia.org/ontology/wikiPageWikiLink",
        "object": "http://dbpedia.org/resource/Plasticity_(physics)"
    },
    {
        "subject": "http://dbpedia.org/resource/Hilda_Geiringer",
        "predicate": "http://dbpedia.org/ontology/wikiPageWikiLink",
        "object": "http://dbpedia.org/resource/Austria-Hungary"
    },
    {
        "subject": "http://dbpedia.org/resource/Hilda_Geiringer",
        "predicate": "http://dbpedia.org/ontology/wikiPageWikiLink",
        "object": "http://dbpedia.org/resource/Category:1883_births"
    },
    {
        "subject": "http://dbpedia.org/resource/Hilda_Geiringer",
        "predicate": "http://dbpedia.org/ontology/wikiPageWikiLink",
        "object": "http://dbpedia.org/resource/Category:Harvard_University_faculty"
    },
    {
        "subject": "http://dbpedia.org/resource/Hilda_Geiringer",
        "predicate": "http://dbpedia.org/ontology/wikiPageWikiLink",
        "object": "http://dbpedia.org/resource/Category:Jewish_emigrants_from_Austria_to_the_United_States_after_the_Anschluss"
    },
    {
        "subject": "http://dbpedia.org/resource/Hilda_Geiringer",
        "predicate": "http://dbpedia.org/ontology/wikiPageWikiLink",
        "object": "http://dbpedia.org/resource/Category:Logical_positivism"
    },
    {
        "subject": "http://dbpedia.org/resource/Hilda_Geiringer",
        "predicate": "http://dbpedia.org/ontology/wikiPageWikiLink",
        "object": "http://dbpedia.org/resource/Category:Vienna_Circle"
    },
    {
        "subject": "http://dbpedia.org/resource/Hilda_Geiringer",
        "predicate": "http://dbpedia.org/ontology/wikiPageWikiLink",
        "object": "http://dbpedia.org/resource/Brno"
    },
    {
        "subject": "http://dbpedia.org/resource/Hilda_Geiringer",
        "predicate": "http://dbpedia.org/ontology/wikiPageWikiLink",
        "object": "http://dbpedia.org/resource/Category:Aerodynamicists"
    },
    {
        "subject": "http://dbpedia.org/resource/Hilda_Geiringer",
        "predicate": "http://dbpedia.org/ontology/wikiPageWikiLink",
        "object": "http://dbpedia.org/resource/Category:Austrian_mathematicians"
    },
    {
        "subject": "http://dbpedia.org/resource/Hilda_Geiringer",
        "predicate": "http://dbpedia.org/ontology/wikiPageWikiLink",
        "object": "http://dbpedia.org/resource/Category:Fluid_dynamicists"
    },
    {
        "subject": "http://dbpedia.org/resource/Hilda_Geiringer",
        "predicate": "http://dbpedia.org/ontology/wikiPageWikiLink",
        "object": "http://dbpedia.org/resource/Category:TU_Wien_alumni"
    },
    {
        "subject": "http://dbpedia.org/resource/Hilda_Geiringer",
        "predicate": "http://dbpedia.org/ontology/wikiPageWikiLink",
        "object": "http://dbpedia.org/resource/Category:Istanbul_University_faculty"
    },
    {
        "subject": "http://dbpedia.org/resource/Hilda_Geiringer",
        "predicate": "http://dbpedia.org/ontology/wikiPageWikiLink",
        "object": "http://dbpedia.org/resource/Turkey"
    },
    {
        "subject": "http://dbpedia.org/resource/Hilda_Geiringer",
        "predicate": "http://dbpedia.org/ontology/wikiPageWikiLink",
        "object": "http://dbpedia.org/resource/William_Prager"
    },
    {
        "subject": "http://dbpedia.org/resource/Hilda_Geiringer",
        "predicate": "http://dbpedia.org/ontology/wikiPageWikiLink",
        "object": "http://dbpedia.org/resource/Habilitation"
    },
    {
        "subject": "http://dbpedia.org/resource/Hilda_Geiringer",
        "predicate": "http://dbpedia.org/ontology/wikiPageWikiLink",
        "object": "http://dbpedia.org/resource/Airfoil"
    },
    {
        "subject": "http://dbpedia.org/resource/Hilda_Geiringer",
        "predicate": "http://dbpedia.org/ontology/wikiPageWikiLink",
        "object": "http://dbpedia.org/resource/Alexander_Ostrowski"
    },
    {
        "subject": "http://dbpedia.org/resource/Hilda_Geiringer",
        "predicate": "http://dbpedia.org/ontology/wikiPageWikiLink",
        "object": "http://dbpedia.org/resource/Alsace"
    },
    {
        "subject": "http://dbpedia.org/resource/Hilda_Geiringer",
        "predicate": "http://dbpedia.org/ontology/wikiPageWikiLink",
        "object": "http://dbpedia.org/resource/Dresden"
    },
    {
        "subject": "http://dbpedia.org/resource/Hilda_Geiringer",
        "predicate": "http://dbpedia.org/ontology/wikiPageWikiLink",
        "object": "http://dbpedia.org/resource/Erhard_Schmidt"
    },
    {
        "subject": "http://dbpedia.org/resource/Hilda_Geiringer",
        "predicate": "http://dbpedia.org/ontology/wikiPageWikiLink",
        "object": "http://dbpedia.org/resource/Ernst_Mach"
    },
    {
        "subject": "http://dbpedia.org/resource/Hilda_Geiringer",
        "predicate": "http://dbpedia.org/ontology/wikiPageWikiLink",
        "object": "http://dbpedia.org/resource/France"
    },
    {
        "subject": "http://dbpedia.org/resource/Hilda_Geiringer",
        "predicate": "http://dbpedia.org/ontology/wikiPageWikiLink",
        "object": "http://dbpedia.org/resource/Brno_University_of_Technology"
    }
]