[
    {
        "subject": "http://dbpedia.org/resource/Iris_Mack",
        "predicate": "http://dbpedia.org/ontology/wikiPageWikiLink",
        "object": "http://dbpedia.org/resource/California_State_University,_Long_Beach"
    },
    {
        "subject": "http://dbpedia.org/resource/Iris_Mack",
        "predicate": "http://dbpedia.org/ontology/wikiPageWikiLink",
        "object": "http://dbpedia.org/resource/Carol_Brightman"
    },
    {
        "subject": "http://dbpedia.org/resource/Iris_Mack",
        "predicate": "http://dbpedia.org/ontology/wikiPageWikiLink",
        "object": "http://dbpedia.org/resource/Carole_Maso"
    },
    {
        "subject": "http://dbpedia.org/resource/Iris_Mack",
        "predicate": "http://dbpedia.org/ontology/wikiPageWikiLink",
        "object": "http://dbpedia.org/resource/Carolee_Schneemann"
    },
    {
        "subject": "http://dbpedia.org/resource/Iris_Mack",
        "predicate": "http://dbpedia.org/ontology/wikiPageWikiLink",
        "object": "http://dbpedia.org/resource/Carrie_Goldberg"
    },
    {
        "subject": "http://dbpedia.org/resource/Iris_Mack",
        "predicate": "http://dbpedia.org/ontology/wikiPageWikiLink",
        "object": "http://dbpedia.org/resource/Carrie_Kei_Heim"
    },
    {
        "subject": "http://dbpedia.org/resource/Iris_Mack",
        "predicate": "http://dbpedia.org/ontology/wikiPageWikiLink",
        "object": "http://dbpedia.org/resource/Beatrix_Hamburg"
    },
    {
        "subject": "http://dbpedia.org/resource/Iris_Mack",
        "predicate": "http://dbpedia.org/ontology/wikiPageWikiLink",
        "object": "http://dbpedia.org/resource/Princeton_University"
    },
    {
        "subject": "http://dbpedia.org/resource/Iris_Mack",
        "predicate": "http://dbpedia.org/ontology/wikiPageWikiLink",
        "object": "http://dbpedia.org/resource/Pulitzer_Prize"
    },
    {
        "subject": "http://dbpedia.org/resource/Iris_Mack",
        "predicate": "http://dbpedia.org/ontology/wikiPageWikiLink",
        "object": "http://dbpedia.org/resource/Pump_Up_the_Volume_(film)"
    },
    {
        "subject": "http://dbpedia.org/resource/Iris_Mack",
        "predicate": "http://dbpedia.org/ontology/wikiPageWikiLink",
        "object": "http://dbpedia.org/resource/Ronald_Reagan"
    },
    {
        "subject": "http://dbpedia.org/resource/Iris_Mack",
        "predicate": "http://dbpedia.org/ontology/wikiPageWikiLink",
        "object": "http://dbpedia.org/resource/Rosianna_Halse_Rojas"
    },
    {
        "subject": "http://dbpedia.org/resource/Iris_Mack",
        "predicate": "http://dbpedia.org/ontology/wikiPageWikiLink",
        "object": "http://dbpedia.org/resource/Rossini"
    },
    {
        "subject": "http://dbpedia.org/resource/Iris_Mack",
        "predicate": "http://dbpedia.org/ontology/wikiPageWikiLink",
        "object": "http://dbpedia.org/resource/RuPaul's_Drag_Race_(season_9)"
    },
    {
        "subject": "http://dbpedia.org/resource/Iris_Mack",
        "predicate": "http://dbpedia.org/ontology/wikiPageWikiLink",
        "object": "http://dbpedia.org/resource/Sam_Endicott"
    },
    {
        "subject": "http://dbpedia.org/resource/Iris_Mack",
        "predicate": "http://dbpedia.org/ontology/wikiPageWikiLink",
        "object": "http://dbpedia.org/resource/Santa_Fe_University_of_Art_and_Design"
    },
    {
        "subject": "http://dbpedia.org/resource/Iris_Mack",
        "predicate": "http://dbpedia.org/ontology/wikiPageWikiLink",
        "object": "http://dbpedia.org/resource/Sarah_Barringer_Gordon"
    },
    {
        "subject": "http://dbpedia.org/resource/Iris_Mack",
        "predicate": "http://dbpedia.org/ontology/wikiPageWikiLink",
        "object": "http://dbpedia.org/resource/Sarah_Lawrence_College"
    },
    {
        "subject": "http://dbpedia.org/resource/Iris_Mack",
        "predicate": "http://dbpedia.org/ontology/wikiPageWikiLink",
        "object": "http://dbpedia.org/resource/Sasha_Velour"
    },
    {
        "subject": "http://dbpedia.org/resource/Iris_Mack",
        "predicate": "http://dbpedia.org/ontology/wikiPageWikiLink",
        "object": "http://dbpedia.org/resource/Saved!"
    },
    {
        "subject": "http://dbpedia.org/resource/Iris_Mack",
        "predicate": "http://dbpedia.org/ontology/wikiPageWikiLink",
        "object": "http://dbpedia.org/resource/Scott_Westerfeld"
    },
    {
        "subject": "http://dbpedia.org/resource/Iris_Mack",
        "predicate": "http://dbpedia.org/ontology/wikiPageWikiLink",
        "object": "http://dbpedia.org/resource/Elaine_Bennett_Research_Prize"
    },
    {
        "subject": "http://dbpedia.org/resource/Iris_Mack",
        "predicate": "http://dbpedia.org/ontology/wikiPageWikiLink",
        "object": "http://dbpedia.org/resource/Eleanor_Fitchen"
    },
    {
        "subject": "http://dbpedia.org/resource/Iris_Mack",
        "predicate": "http://dbpedia.org/ontology/wikiPageWikiLink",
        "object": "http://dbpedia.org/resource/Eleanor_M._Fox"
    },
    {
        "subject": "http://dbpedia.org/resource/Iris_Mack",
        "predicate": "http://dbpedia.org/ontology/wikiPageWikiLink",
        "object": "http://dbpedia.org/resource/Eleanor_Ruggles"
    },
    {
        "subject": "http://dbpedia.org/resource/Iris_Mack",
        "predicate": "http://dbpedia.org/ontology/wikiPageWikiLink",
        "object": "http://dbpedia.org/resource/Elias_Lyman_Magoon"
    },
    {
        "subject": "http://dbpedia.org/resource/Iris_Mack",
        "predicate": "http://dbpedia.org/ontology/wikiPageWikiLink",
        "object": "http://dbpedia.org/resource/Elisa_Strauss"
    },
    {
        "subject": "http://dbpedia.org/resource/Iris_Mack",
        "predicate": "http://dbpedia.org/ontology/wikiPageWikiLink",
        "object": "http://dbpedia.org/resource/Michael_Gross_(writer)"
    },
    {
        "subject": "http://dbpedia.org/resource/Iris_Mack",
        "predicate": "http://dbpedia.org/ontology/wikiPageWikiLink",
        "object": "http://dbpedia.org/resource/Mindy_Aloff"
    },
    {
        "subject": "http://dbpedia.org/resource/Iris_Mack",
        "predicate": "http://dbpedia.org/ontology/wikiPageWikiLink",
        "object": "http://dbpedia.org/resource/Mitchell_Miller_(philosopher)"
    },
    {
        "subject": "http://dbpedia.org/resource/Iris_Mack",
        "predicate": "http://dbpedia.org/ontology/wikiPageWikiLink",
        "object": "http://dbpedia.org/resource/Megan_Crane"
    },
    {
        "subject": "http://dbpedia.org/resource/Iris_Mack",
        "predicate": "http://dbpedia.org/ontology/wikiPageWikiLink",
        "object": "http://dbpedia.org/resource/Melissa_Walker"
    },
    {
        "subject": "http://dbpedia.org/resource/Iris_Mack",
        "predicate": "http://dbpedia.org/ontology/wikiPageWikiLink",
        "object": "http://dbpedia.org/resource/Henry_Morgenthau,_Jr."
    },
    {
        "subject": "http://dbpedia.org/resource/Iris_Mack",
        "predicate": "http://dbpedia.org/ontology/wikiPageWikiLink",
        "object": "http://dbpedia.org/resource/STRI"
    },
    {
        "subject": "http://dbpedia.org/resource/Iris_Mack",
        "predicate": "http://dbpedia.org/ontology/wikiPageWikiLink",
        "object": "http://dbpedia.org/resource/Sandra_Lach_Arlinghaus"
    },
    {
        "subject": "http://dbpedia.org/resource/Iris_Mack",
        "predicate": "http://dbpedia.org/ontology/wikiPageWikiLink",
        "object": "http://dbpedia.org/resource/Barnard_College"
    },
    {
        "subject": "http://dbpedia.org/resource/Iris_Mack",
        "predicate": "http://dbpedia.org/ontology/wikiPageWikiLink",
        "object": "http://dbpedia.org/resource/Baroque_music"
    },
    {
        "subject": "http://dbpedia.org/resource/Iris_Mack",
        "predicate": "http://dbpedia.org/ontology/wikiPageWikiLink",
        "object": "http://dbpedia.org/resource/Beach_House"
    },
    {
        "subject": "http://dbpedia.org/resource/Iris_Mack",
        "predicate": "http://dbpedia.org/ontology/wikiPageWikiLink",
        "object": "http://dbpedia.org/resource/Beastie_Boys"
    },
    {
        "subject": "http://dbpedia.org/resource/Iris_Mack",
        "predicate": "http://dbpedia.org/ontology/wikiPageWikiLink",
        "object": "http://dbpedia.org/resource/Being_John_Malkovich"
    },
    {
        "subject": "http://dbpedia.org/resource/Iris_Mack",
        "predicate": "http://dbpedia.org/ontology/wikiPageWikiLink",
        "object": "http://dbpedia.org/resource/Belle_Turnbull"
    },
    {
        "subject": "http://dbpedia.org/resource/Iris_Mack",
        "predicate": "http://dbpedia.org/ontology/wikiPageWikiLink",
        "object": "http://dbpedia.org/resource/Benjamin_Busch"
    },
    {
        "subject": "http://dbpedia.org/resource/Iris_Mack",
        "predicate": "http://dbpedia.org/ontology/wikiPageWikiLink",
        "object": "http://dbpedia.org/resource/Benson_Whitney"
    },
    {
        "subject": "http://dbpedia.org/resource/Iris_Mack",
        "predicate": "http://dbpedia.org/ontology/wikiPageWikiLink",
        "object": "http://dbpedia.org/resource/Bentley_University"
    },
    {
        "subject": "http://dbpedia.org/resource/Iris_Mack",
        "predicate": "http://dbpedia.org/ontology/wikiPageWikiLink",
        "object": "http://dbpedia.org/resource/Betsy_McCaughey"
    },
    {
        "subject": "http://dbpedia.org/resource/Iris_Mack",
        "predicate": "http://dbpedia.org/ontology/wikiPageWikiLink",
        "object": "http://dbpedia.org/resource/Birchbox"
    },
    {
        "subject": "http://dbpedia.org/resource/Iris_Mack",
        "predicate": "http://dbpedia.org/ontology/wikiPageWikiLink",
        "object": "http://dbpedia.org/resource/Bobbie_Kilberg"
    },
    {
        "subject": "http://dbpedia.org/resource/Iris_Mack",
        "predicate": "http://dbpedia.org/ontology/wikiPageWikiLink",
        "object": "http://dbpedia.org/resource/Bradford_Louryk"
    },
    {
        "subject": "http://dbpedia.org/resource/Iris_Mack",
        "predicate": "http://dbpedia.org/ontology/wikiPageWikiLink",
        "object": "http://dbpedia.org/resource/David_Kelley"
    },
    {
        "subject": "http://dbpedia.org/resource/Iris_Mack",
        "predicate": "http://dbpedia.org/ontology/wikiPageWikiLink",
        "object": "http://dbpedia.org/resource/David_Oliver_Relin"
    },
    {
        "subject": "http://dbpedia.org/resource/Iris_Mack",
        "predicate": "http://dbpedia.org/ontology/wikiPageWikiLink",
        "object": "http://dbpedia.org/resource/Debra_Elmegreen"
    },
    {
        "subject": "http://dbpedia.org/resource/Iris_Mack",
        "predicate": "http://dbpedia.org/ontology/wikiPageWikiLink",
        "object": "http://dbpedia.org/resource/Detroit_Lions"
    },
    {
        "subject": "http://dbpedia.org/resource/Iris_Mack",
        "predicate": "http://dbpedia.org/ontology/wikiPageWikiLink",
        "object": "http://dbpedia.org/resource/Alfred_H._Barr_Jr."
    },
    {
        "subject": "http://dbpedia.org/resource/Iris_Mack",
        "predicate": "http://dbpedia.org/ontology/wikiPageWikiLink",
        "object": "http://dbpedia.org/resource/Alice_F._Healy"
    },
    {
        "subject": "http://dbpedia.org/resource/Iris_Mack",
        "predicate": "http://dbpedia.org/ontology/wikiPageWikiLink",
        "object": "http://dbpedia.org/resource/Alison_Boden"
    },
    {
        "subject": "http://dbpedia.org/resource/Iris_Mack",
        "predicate": "http://dbpedia.org/ontology/wikiPageWikiLink",
        "object": "http://dbpedia.org/resource/Andrea_McCarren"
    },
    {
        "subject": "http://dbpedia.org/resource/Iris_Mack",
        "predicate": "http://dbpedia.org/ontology/wikiPageWikiLink",
        "object": "http://dbpedia.org/resource/Andrew_J._Porter"
    },
    {
        "subject": "http://dbpedia.org/resource/Iris_Mack",
        "predicate": "http://dbpedia.org/ontology/wikiPageWikiLink",
        "object": "http://dbpedia.org/resource/Anne-Marie_O'Connor"
    },
    {
        "subject": "http://dbpedia.org/resource/Iris_Mack",
        "predicate": "http://dbpedia.org/ontology/wikiPageWikiLink",
        "object": "http://dbpedia.org/resource/Anne_B._Young"
    },
    {
        "subject": "http://dbpedia.org/resource/Iris_Mack",
        "predicate": "http://dbpedia.org/ontology/wikiPageWikiLink",
        "object": "http://dbpedia.org/resource/Anne_Brodsky"
    },
    {
        "subject": "http://dbpedia.org/resource/Iris_Mack",
        "predicate": "http://dbpedia.org/ontology/wikiPageWikiLink",
        "object": "http://dbpedia.org/resource/Annea_Lockwood"
    },
    {
        "subject": "http://dbpedia.org/resource/Iris_Mack",
        "predicate": "http://dbpedia.org/ontology/wikiPageWikiLink",
        "object": "http://dbpedia.org/resource/Hopeless_Savages"
    },
    {
        "subject": "http://dbpedia.org/resource/Iris_Mack",
        "predicate": "http://dbpedia.org/ontology/wikiPageWikiLink",
        "object": "http://dbpedia.org/resource/Howard_Fishman"
    },
    {
        "subject": "http://dbpedia.org/resource/Iris_Mack",
        "predicate": "http://dbpedia.org/ontology/wikiPageWikiLink",
        "object": "http://dbpedia.org/resource/Howard_Hughes_Medical_Institute"
    },
    {
        "subject": "http://dbpedia.org/resource/Iris_Mack",
        "predicate": "http://dbpedia.org/ontology/wikiPageWikiLink",
        "object": "http://dbpedia.org/resource/Hua_Hsu"
    },
    {
        "subject": "http://dbpedia.org/resource/Iris_Mack",
        "predicate": "http://dbpedia.org/ontology/wikiPageWikiLink",
        "object": "http://dbpedia.org/resource/Jon_Fisher"
    },
    {
        "subject": "http://dbpedia.org/resource/Iris_Mack",
        "predicate": "http://dbpedia.org/ontology/wikiPageWikiLink",
        "object": "http://dbpedia.org/resource/Jon_Tenney"
    },
    {
        "subject": "http://dbpedia.org/resource/Iris_Mack",
        "predicate": "http://dbpedia.org/ontology/wikiPageWikiLink",
        "object": "http://dbpedia.org/resource/Jonathan_Karl"
    },
    {
        "subject": "http://dbpedia.org/resource/Iris_Mack",
        "predicate": "http://dbpedia.org/ontology/wikiPageWikiLink",
        "object": "http://dbpedia.org/resource/Jonathan_Littman"
    },
    {
        "subject": "http://dbpedia.org/resource/Iris_Mack",
        "predicate": "http://dbpedia.org/ontology/wikiPageWikiLink",
        "object": "http://dbpedia.org/resource/Jonathan_Togo"
    },
    {
        "subject": "http://dbpedia.org/resource/Iris_Mack",
        "predicate": "http://dbpedia.org/ontology/wikiPageWikiLink",
        "object": "http://dbpedia.org/resource/Jon\u00e1s_Cuar\u00f3n"
    },
    {
        "subject": "http://dbpedia.org/resource/Iris_Mack",
        "predicate": "http://dbpedia.org/ontology/wikiPageWikiLink",
        "object": "http://dbpedia.org/resource/Judas_and_the_Black_Messiah"
    },
    {
        "subject": "http://dbpedia.org/resource/Iris_Mack",
        "predicate": "http://dbpedia.org/ontology/wikiPageWikiLink",
        "object": "http://dbpedia.org/resource/Judd_Ehrlich"
    },
    {
        "subject": "http://dbpedia.org/resource/Iris_Mack",
        "predicate": "http://dbpedia.org/ontology/wikiPageWikiLink",
        "object": "http://dbpedia.org/resource/Judith_Regan"
    },
    {
        "subject": "http://dbpedia.org/resource/Iris_Mack",
        "predicate": "http://dbpedia.org/ontology/wikiPageWikiLink",
        "object": "http://dbpedia.org/resource/Julie_Finley"
    },
    {
        "subject": "http://dbpedia.org/resource/Iris_Mack",
        "predicate": "http://dbpedia.org/ontology/wikiPageWikiLink",
        "object": "http://dbpedia.org/resource/Patricia_M._Byrne"
    },
    {
        "subject": "http://dbpedia.org/resource/Iris_Mack",
        "predicate": "http://dbpedia.org/ontology/wikiPageWikiLink",
        "object": "http://dbpedia.org/resource/Patsy_Bullitt_Collins"
    },
    {
        "subject": "http://dbpedia.org/resource/Iris_Mack",
        "predicate": "http://dbpedia.org/ontology/wikiPageWikiLink",
        "object": "http://dbpedia.org/resource/Patty_Prather_Thum"
    },
    {
        "subject": "http://dbpedia.org/resource/Iris_Mack",
        "predicate": "http://dbpedia.org/ontology/wikiPageWikiLink",
        "object": "http://dbpedia.org/resource/Pauline_Newman"
    },
    {
        "subject": "http://dbpedia.org/resource/Iris_Mack",
        "predicate": "http://dbpedia.org/ontology/wikiPageWikiLink",
        "object": "http://dbpedia.org/resource/Peabody_Award"
    },
    {
        "subject": "http://dbpedia.org/resource/Iris_Mack",
        "predicate": "http://dbpedia.org/ontology/wikiPageWikiLink",
        "object": "http://dbpedia.org/resource/Penny_Lane_(filmmaker)"
    },
    {
        "subject": "http://dbpedia.org/resource/Iris_Mack",
        "predicate": "http://dbpedia.org/ontology/wikiPageWikiLink",
        "object": "http://dbpedia.org/resource/Peter_Spiegelman"
    },
    {
        "subject": "http://dbpedia.org/resource/Iris_Mack",
        "predicate": "http://dbpedia.org/ontology/wikiPageWikiLink",
        "object": "http://dbpedia.org/resource/Richard_Edward_Wilson"
    },
    {
        "subject": "http://dbpedia.org/resource/Iris_Mack",
        "predicate": "http://dbpedia.org/ontology/wikiPageWikiLink",
        "object": "http://dbpedia.org/resource/Richard_L._Huganir"
    },
    {
        "subject": "http://dbpedia.org/resource/Iris_Mack",
        "predicate": "http://dbpedia.org/ontology/wikiPageWikiLink",
        "object": "http://dbpedia.org/resource/Richard_Miniter"
    },
    {
        "subject": "http://dbpedia.org/resource/Iris_Mack",
        "predicate": "http://dbpedia.org/ontology/wikiPageWikiLink",
        "object": "http://dbpedia.org/resource/Richard_Nixon"
    },
    {
        "subject": "http://dbpedia.org/resource/Iris_Mack",
        "predicate": "http://dbpedia.org/ontology/wikiPageWikiLink",
        "object": "http://dbpedia.org/resource/Richard_W._Roberts"
    },
    {
        "subject": "http://dbpedia.org/resource/Iris_Mack",
        "predicate": "http://dbpedia.org/ontology/wikiPageWikiLink",
        "object": "http://dbpedia.org/resource/Rick_Lazio"
    },
    {
        "subject": "http://dbpedia.org/resource/Iris_Mack",
        "predicate": "http://dbpedia.org/ontology/wikiPageWikiLink",
        "object": "http://dbpedia.org/resource/Uma_Narayan"
    },
    {
        "subject": "http://dbpedia.org/resource/Iris_Mack",
        "predicate": "http://dbpedia.org/ontology/wikiPageWikiLink",
        "object": "http://dbpedia.org/resource/United_States_Court_of_Appeals_for_the_Federal_Circuit"
    },
    {
        "subject": "http://dbpedia.org/resource/Iris_Mack",
        "predicate": "http://dbpedia.org/ontology/wikiPageWikiLink",
        "object": "http://dbpedia.org/resource/United_States_Court_of_Appeals_for_the_Ninth_Circuit"
    },
    {
        "subject": "http://dbpedia.org/resource/Iris_Mack",
        "predicate": "http://dbpedia.org/ontology/wikiPageWikiLink",
        "object": "http://dbpedia.org/resource/United_States_District_Court_for_the_District_of_Columbia"
    },
    {
        "subject": "http://dbpedia.org/resource/Iris_Mack",
        "predicate": "http://dbpedia.org/ontology/wikiPageWikiLink",
        "object": "http://dbpedia.org/resource/United_States_Navy"
    },
    {
        "subject": "http://dbpedia.org/resource/Iris_Mack",
        "predicate": "http://dbpedia.org/ontology/wikiPageWikiLink",
        "object": "http://dbpedia.org/resource/University_of_California_at_Berkeley"
    },
    {
        "subject": "http://dbpedia.org/resource/Iris_Mack",
        "predicate": "http://dbpedia.org/ontology/wikiPageWikiLink",
        "object": "http://dbpedia.org/resource/University_of_Chicago"
    },
    {
        "subject": "http://dbpedia.org/resource/Iris_Mack",
        "predicate": "http://dbpedia.org/ontology/wikiPageWikiLink",
        "object": "http://dbpedia.org/resource/University_of_East_Anglia"
    },
    {
        "subject": "http://dbpedia.org/resource/Iris_Mack",
        "predicate": "http://dbpedia.org/ontology/wikiPageWikiLink",
        "object": "http://dbpedia.org/resource/University_of_Evansville"
    },
    {
        "subject": "http://dbpedia.org/resource/Iris_Mack",
        "predicate": "http://dbpedia.org/ontology/wikiPageWikiLink",
        "object": "http://dbpedia.org/resource/University_of_Hawaii"
    },
    {
        "subject": "http://dbpedia.org/resource/Iris_Mack",
        "predicate": "http://dbpedia.org/ontology/wikiPageWikiLink",
        "object": "http://dbpedia.org/resource/University_of_Maryland,_Baltimore_County"
    },
    {
        "subject": "http://dbpedia.org/resource/Iris_Mack",
        "predicate": "http://dbpedia.org/ontology/wikiPageWikiLink",
        "object": "http://dbpedia.org/resource/University_of_Michigan"
    }
]