[
    {
        "subject": "http://dbpedia.org/resource/Jenny_Harrison",
        "predicate": "http://dbpedia.org/ontology/wikiPageWikiLink",
        "object": "http://dbpedia.org/resource/Calvin_C._Moore"
    },
    {
        "subject": "http://dbpedia.org/resource/Jenny_Harrison",
        "predicate": "http://dbpedia.org/ontology/wikiPageWikiLink",
        "object": "http://dbpedia.org/resource/Calvin_Cycle"
    },
    {
        "subject": "http://dbpedia.org/resource/Jenny_Harrison",
        "predicate": "http://dbpedia.org/ontology/wikiPageWikiLink",
        "object": "http://dbpedia.org/resource/Carbon-14"
    },
    {
        "subject": "http://dbpedia.org/resource/Jenny_Harrison",
        "predicate": "http://dbpedia.org/ontology/wikiPageWikiLink",
        "object": "http://dbpedia.org/resource/Carbon_dioxide"
    },
    {
        "subject": "http://dbpedia.org/resource/Jenny_Harrison",
        "predicate": "http://dbpedia.org/ontology/wikiPageWikiLink",
        "object": "http://dbpedia.org/resource/Carillon"
    },
    {
        "subject": "http://dbpedia.org/resource/Jenny_Harrison",
        "predicate": "http://dbpedia.org/ontology/wikiPageWikiLink",
        "object": "http://dbpedia.org/resource/Carl_Emil_Schorske"
    },
    {
        "subject": "http://dbpedia.org/resource/Jenny_Harrison",
        "predicate": "http://dbpedia.org/ontology/wikiPageWikiLink",
        "object": "http://dbpedia.org/resource/Carl_Shapiro"
    },
    {
        "subject": "http://dbpedia.org/resource/Jenny_Harrison",
        "predicate": "http://dbpedia.org/ontology/wikiPageWikiLink",
        "object": "http://dbpedia.org/resource/Carlos_Bustamante_(biophysicist)"
    },
    {
        "subject": "http://dbpedia.org/resource/Jenny_Harrison",
        "predicate": "http://dbpedia.org/ontology/wikiPageWikiLink",
        "object": "http://dbpedia.org/resource/Carnegie_Mellon_University"
    },
    {
        "subject": "http://dbpedia.org/resource/Jenny_Harrison",
        "predicate": "http://dbpedia.org/ontology/wikiPageWikiLink",
        "object": "http://dbpedia.org/resource/Carolyn_Bertozzi"
    },
    {
        "subject": "http://dbpedia.org/resource/Jenny_Harrison",
        "predicate": "http://dbpedia.org/ontology/wikiPageWikiLink",
        "object": "http://dbpedia.org/resource/Carolyn_R._Bertozzi"
    },
    {
        "subject": "http://dbpedia.org/resource/Jenny_Harrison",
        "predicate": "http://dbpedia.org/ontology/wikiPageWikiLink",
        "object": "http://dbpedia.org/resource/Prime_Minister_of_Greece"
    },
    {
        "subject": "http://dbpedia.org/resource/Jenny_Harrison",
        "predicate": "http://dbpedia.org/ontology/wikiPageWikiLink",
        "object": "http://dbpedia.org/resource/Princeton_University"
    },
    {
        "subject": "http://dbpedia.org/resource/Jenny_Harrison",
        "predicate": "http://dbpedia.org/ontology/wikiPageWikiLink",
        "object": "http://dbpedia.org/resource/Prions"
    },
    {
        "subject": "http://dbpedia.org/resource/Jenny_Harrison",
        "predicate": "http://dbpedia.org/ontology/wikiPageWikiLink",
        "object": "http://dbpedia.org/resource/Prometheus_(2012_film)"
    },
    {
        "subject": "http://dbpedia.org/resource/Jenny_Harrison",
        "predicate": "http://dbpedia.org/ontology/wikiPageWikiLink",
        "object": "http://dbpedia.org/resource/Pulitzer_Prize"
    },
    {
        "subject": "http://dbpedia.org/resource/Jenny_Harrison",
        "predicate": "http://dbpedia.org/ontology/wikiPageWikiLink",
        "object": "http://dbpedia.org/resource/Quantum_electronics"
    },
    {
        "subject": "http://dbpedia.org/resource/Jenny_Harrison",
        "predicate": "http://dbpedia.org/ontology/wikiPageWikiLink",
        "object": "http://dbpedia.org/resource/Quantum_entanglement"
    },
    {
        "subject": "http://dbpedia.org/resource/Jenny_Harrison",
        "predicate": "http://dbpedia.org/ontology/wikiPageWikiLink",
        "object": "http://dbpedia.org/resource/Robert_Oppenheimer"
    },
    {
        "subject": "http://dbpedia.org/resource/Jenny_Harrison",
        "predicate": "http://dbpedia.org/ontology/wikiPageWikiLink",
        "object": "http://dbpedia.org/resource/Robert_Reich"
    },
    {
        "subject": "http://dbpedia.org/resource/Jenny_Harrison",
        "predicate": "http://dbpedia.org/ontology/wikiPageWikiLink",
        "object": "http://dbpedia.org/resource/Robert_Tarjan"
    },
    {
        "subject": "http://dbpedia.org/resource/Jenny_Harrison",
        "predicate": "http://dbpedia.org/ontology/wikiPageWikiLink",
        "object": "http://dbpedia.org/resource/Robert_Tjian"
    },
    {
        "subject": "http://dbpedia.org/resource/Jenny_Harrison",
        "predicate": "http://dbpedia.org/ontology/wikiPageWikiLink",
        "object": "http://dbpedia.org/resource/Robin_Hartshorne"
    },
    {
        "subject": "http://dbpedia.org/resource/Jenny_Harrison",
        "predicate": "http://dbpedia.org/ontology/wikiPageWikiLink",
        "object": "http://dbpedia.org/resource/Robin_Lakoff"
    },
    {
        "subject": "http://dbpedia.org/resource/Jenny_Harrison",
        "predicate": "http://dbpedia.org/ontology/wikiPageWikiLink",
        "object": "http://dbpedia.org/resource/Robion_Kirby"
    },
    {
        "subject": "http://dbpedia.org/resource/Jenny_Harrison",
        "predicate": "http://dbpedia.org/ontology/wikiPageWikiLink",
        "object": "http://dbpedia.org/resource/Roger_J._Traynor"
    },
    {
        "subject": "http://dbpedia.org/resource/Jenny_Harrison",
        "predicate": "http://dbpedia.org/ontology/wikiPageWikiLink",
        "object": "http://dbpedia.org/resource/Roger_Y._Tsien"
    },
    {
        "subject": "http://dbpedia.org/resource/Jenny_Harrison",
        "predicate": "http://dbpedia.org/ontology/wikiPageWikiLink",
        "object": "http://dbpedia.org/resource/Ron_Loewinsohn"
    },
    {
        "subject": "http://dbpedia.org/resource/Jenny_Harrison",
        "predicate": "http://dbpedia.org/ontology/wikiPageWikiLink",
        "object": "http://dbpedia.org/resource/Ronald_Barnes_(carillonist)"
    },
    {
        "subject": "http://dbpedia.org/resource/Jenny_Harrison",
        "predicate": "http://dbpedia.org/ontology/wikiPageWikiLink",
        "object": "http://dbpedia.org/resource/Ronald_Takaki"
    },
    {
        "subject": "http://dbpedia.org/resource/Jenny_Harrison",
        "predicate": "http://dbpedia.org/ontology/wikiPageWikiLink",
        "object": "http://dbpedia.org/resource/Sather_Tower"
    },
    {
        "subject": "http://dbpedia.org/resource/Jenny_Harrison",
        "predicate": "http://dbpedia.org/ontology/wikiPageWikiLink",
        "object": "http://dbpedia.org/resource/Satish_Rao"
    },
    {
        "subject": "http://dbpedia.org/resource/Jenny_Harrison",
        "predicate": "http://dbpedia.org/ontology/wikiPageWikiLink",
        "object": "http://dbpedia.org/resource/Saul_Perlmutter"
    },
    {
        "subject": "http://dbpedia.org/resource/Jenny_Harrison",
        "predicate": "http://dbpedia.org/ontology/wikiPageWikiLink",
        "object": "http://dbpedia.org/resource/Scott_Shenker"
    },
    {
        "subject": "http://dbpedia.org/resource/Jenny_Harrison",
        "predicate": "http://dbpedia.org/ontology/wikiPageWikiLink",
        "object": "http://dbpedia.org/resource/Eleanor_Rosch"
    },
    {
        "subject": "http://dbpedia.org/resource/Jenny_Harrison",
        "predicate": "http://dbpedia.org/ontology/wikiPageWikiLink",
        "object": "http://dbpedia.org/resource/Eleanor_Swift"
    },
    {
        "subject": "http://dbpedia.org/resource/Jenny_Harrison",
        "predicate": "http://dbpedia.org/ontology/wikiPageWikiLink",
        "object": "http://dbpedia.org/resource/Enrico_Fermi_Award"
    },
    {
        "subject": "http://dbpedia.org/resource/Jenny_Harrison",
        "predicate": "http://dbpedia.org/ontology/wikiPageWikiLink",
        "object": "http://dbpedia.org/resource/List_of_University_of_California,_Berkeley_alumni"
    },
    {
        "subject": "http://dbpedia.org/resource/Jenny_Harrison",
        "predicate": "http://dbpedia.org/ontology/wikiPageWikiLink",
        "object": "http://dbpedia.org/resource/Michael_Dickinson_(biologist)"
    },
    {
        "subject": "http://dbpedia.org/resource/Jenny_Harrison",
        "predicate": "http://dbpedia.org/ontology/wikiPageWikiLink",
        "object": "http://dbpedia.org/resource/Michael_Watts"
    },
    {
        "subject": "http://dbpedia.org/resource/Jenny_Harrison",
        "predicate": "http://dbpedia.org/ontology/wikiPageWikiLink",
        "object": "http://dbpedia.org/resource/Sharon_Inkelas"
    },
    {
        "subject": "http://dbpedia.org/resource/Jenny_Harrison",
        "predicate": "http://dbpedia.org/ontology/wikiPageWikiLink",
        "object": "http://dbpedia.org/resource/Prix_Italia"
    },
    {
        "subject": "http://dbpedia.org/resource/Jenny_Harrison",
        "predicate": "http://dbpedia.org/ontology/wikiPageWikiLink",
        "object": "http://dbpedia.org/resource/Nondeterministic_machine"
    },
    {
        "subject": "http://dbpedia.org/resource/Jenny_Harrison",
        "predicate": "http://dbpedia.org/ontology/wikiPageWikiLink",
        "object": "http://dbpedia.org/resource/Barry_Eichengreen"
    },
    {
        "subject": "http://dbpedia.org/resource/Jenny_Harrison",
        "predicate": "http://dbpedia.org/ontology/wikiPageWikiLink",
        "object": "http://dbpedia.org/resource/Barry_Stroud"
    },
    {
        "subject": "http://dbpedia.org/resource/Jenny_Harrison",
        "predicate": "http://dbpedia.org/ontology/wikiPageWikiLink",
        "object": "http://dbpedia.org/resource/Ben_Bagdikian"
    },
    {
        "subject": "http://dbpedia.org/resource/Jenny_Harrison",
        "predicate": "http://dbpedia.org/ontology/wikiPageWikiLink",
        "object": "http://dbpedia.org/resource/Berkeley_APEC_Study_Center"
    },
    {
        "subject": "http://dbpedia.org/resource/Jenny_Harrison",
        "predicate": "http://dbpedia.org/ontology/wikiPageWikiLink",
        "object": "http://dbpedia.org/resource/Bernard_Maybeck"
    },
    {
        "subject": "http://dbpedia.org/resource/Jenny_Harrison",
        "predicate": "http://dbpedia.org/ontology/wikiPageWikiLink",
        "object": "http://dbpedia.org/resource/Bernard_Williams"
    },
    {
        "subject": "http://dbpedia.org/resource/Jenny_Harrison",
        "predicate": "http://dbpedia.org/ontology/wikiPageWikiLink",
        "object": "http://dbpedia.org/resource/Bernd_Sturmfels"
    },
    {
        "subject": "http://dbpedia.org/resource/Jenny_Harrison",
        "predicate": "http://dbpedia.org/ontology/wikiPageWikiLink",
        "object": "http://dbpedia.org/resource/Bharati_Mukherjee"
    },
    {
        "subject": "http://dbpedia.org/resource/Jenny_Harrison",
        "predicate": "http://dbpedia.org/ontology/wikiPageWikiLink",
        "object": "http://dbpedia.org/resource/Bill_Clinton"
    },
    {
        "subject": "http://dbpedia.org/resource/Jenny_Harrison",
        "predicate": "http://dbpedia.org/ontology/wikiPageWikiLink",
        "object": "http://dbpedia.org/resource/Blake_R._Van_Leer"
    },
    {
        "subject": "http://dbpedia.org/resource/Jenny_Harrison",
        "predicate": "http://dbpedia.org/ontology/wikiPageWikiLink",
        "object": "http://dbpedia.org/resource/Bob_Berring"
    },
    {
        "subject": "http://dbpedia.org/resource/Jenny_Harrison",
        "predicate": "http://dbpedia.org/ontology/wikiPageWikiLink",
        "object": "http://dbpedia.org/resource/Breakthrough_Prize_in_Life_Sciences"
    },
    {
        "subject": "http://dbpedia.org/resource/Jenny_Harrison",
        "predicate": "http://dbpedia.org/ontology/wikiPageWikiLink",
        "object": "http://dbpedia.org/resource/Brett_Simon"
    },
    {
        "subject": "http://dbpedia.org/resource/Jenny_Harrison",
        "predicate": "http://dbpedia.org/ontology/wikiPageWikiLink",
        "object": "http://dbpedia.org/resource/David_A._Patterson_(scientist)"
    },
    {
        "subject": "http://dbpedia.org/resource/Jenny_Harrison",
        "predicate": "http://dbpedia.org/ontology/wikiPageWikiLink",
        "object": "http://dbpedia.org/resource/David_A._Wagner"
    },
    {
        "subject": "http://dbpedia.org/resource/Jenny_Harrison",
        "predicate": "http://dbpedia.org/ontology/wikiPageWikiLink",
        "object": "http://dbpedia.org/resource/David_Aldous"
    },
    {
        "subject": "http://dbpedia.org/resource/Jenny_Harrison",
        "predicate": "http://dbpedia.org/ontology/wikiPageWikiLink",
        "object": "http://dbpedia.org/resource/David_B._Wake"
    },
    {
        "subject": "http://dbpedia.org/resource/Jenny_Harrison",
        "predicate": "http://dbpedia.org/ontology/wikiPageWikiLink",
        "object": "http://dbpedia.org/resource/David_Barstow"
    },
    {
        "subject": "http://dbpedia.org/resource/Jenny_Harrison",
        "predicate": "http://dbpedia.org/ontology/wikiPageWikiLink",
        "object": "http://dbpedia.org/resource/David_Blackwell"
    },
    {
        "subject": "http://dbpedia.org/resource/Jenny_Harrison",
        "predicate": "http://dbpedia.org/ontology/wikiPageWikiLink",
        "object": "http://dbpedia.org/resource/David_Brading"
    },
    {
        "subject": "http://dbpedia.org/resource/Jenny_Harrison",
        "predicate": "http://dbpedia.org/ontology/wikiPageWikiLink",
        "object": "http://dbpedia.org/resource/David_Card"
    },
    {
        "subject": "http://dbpedia.org/resource/Jenny_Harrison",
        "predicate": "http://dbpedia.org/ontology/wikiPageWikiLink",
        "object": "http://dbpedia.org/resource/David_Collier_(political_scientist)"
    },
    {
        "subject": "http://dbpedia.org/resource/Jenny_Harrison",
        "predicate": "http://dbpedia.org/ontology/wikiPageWikiLink",
        "object": "http://dbpedia.org/resource/David_Culler"
    },
    {
        "subject": "http://dbpedia.org/resource/Jenny_Harrison",
        "predicate": "http://dbpedia.org/ontology/wikiPageWikiLink",
        "object": "http://dbpedia.org/resource/David_Donoho"
    },
    {
        "subject": "http://dbpedia.org/resource/Jenny_Harrison",
        "predicate": "http://dbpedia.org/ontology/wikiPageWikiLink",
        "object": "http://dbpedia.org/resource/David_Eisenbud"
    },
    {
        "subject": "http://dbpedia.org/resource/Jenny_Harrison",
        "predicate": "http://dbpedia.org/ontology/wikiPageWikiLink",
        "object": "http://dbpedia.org/resource/David_Hollinger"
    },
    {
        "subject": "http://dbpedia.org/resource/Jenny_Harrison",
        "predicate": "http://dbpedia.org/ontology/wikiPageWikiLink",
        "object": "http://dbpedia.org/resource/David_Messerschmitt"
    },
    {
        "subject": "http://dbpedia.org/resource/Jenny_Harrison",
        "predicate": "http://dbpedia.org/ontology/wikiPageWikiLink",
        "object": "http://dbpedia.org/resource/David_Patterson_(computer_scientist)"
    },
    {
        "subject": "http://dbpedia.org/resource/Jenny_Harrison",
        "predicate": "http://dbpedia.org/ontology/wikiPageWikiLink",
        "object": "http://dbpedia.org/resource/David_Romer"
    },
    {
        "subject": "http://dbpedia.org/resource/Jenny_Harrison",
        "predicate": "http://dbpedia.org/ontology/wikiPageWikiLink",
        "object": "http://dbpedia.org/resource/David_Teece"
    },
    {
        "subject": "http://dbpedia.org/resource/Jenny_Harrison",
        "predicate": "http://dbpedia.org/ontology/wikiPageWikiLink",
        "object": "http://dbpedia.org/resource/Dawn_Song"
    },
    {
        "subject": "http://dbpedia.org/resource/Jenny_Harrison",
        "predicate": "http://dbpedia.org/ontology/wikiPageWikiLink",
        "object": "http://dbpedia.org/resource/Dengue_fever"
    },
    {
        "subject": "http://dbpedia.org/resource/Jenny_Harrison",
        "predicate": "http://dbpedia.org/ontology/wikiPageWikiLink",
        "object": "http://dbpedia.org/resource/Derek_Van_Rheenen"
    },
    {
        "subject": "http://dbpedia.org/resource/Jenny_Harrison",
        "predicate": "http://dbpedia.org/ontology/wikiPageWikiLink",
        "object": "http://dbpedia.org/resource/Allan_Jacobs"
    },
    {
        "subject": "http://dbpedia.org/resource/Jenny_Harrison",
        "predicate": "http://dbpedia.org/ontology/wikiPageWikiLink",
        "object": "http://dbpedia.org/resource/Allan_Sly"
    },
    {
        "subject": "http://dbpedia.org/resource/Jenny_Harrison",
        "predicate": "http://dbpedia.org/ontology/wikiPageWikiLink",
        "object": "http://dbpedia.org/resource/Anisotropy"
    },
    {
        "subject": "http://dbpedia.org/resource/Jenny_Harrison",
        "predicate": "http://dbpedia.org/ontology/wikiPageWikiLink",
        "object": "http://dbpedia.org/resource/AnnaLee_Saxenian"
    },
    {
        "subject": "http://dbpedia.org/resource/Jenny_Harrison",
        "predicate": "http://dbpedia.org/ontology/wikiPageWikiLink",
        "object": "http://dbpedia.org/resource/Anthony_Newcomb"
    },
    {
        "subject": "http://dbpedia.org/resource/Jenny_Harrison",
        "predicate": "http://dbpedia.org/ontology/wikiPageWikiLink",
        "object": "http://dbpedia.org/resource/Horace_Barker"
    },
    {
        "subject": "http://dbpedia.org/resource/Jenny_Harrison",
        "predicate": "http://dbpedia.org/ontology/wikiPageWikiLink",
        "object": "http://dbpedia.org/resource/Howard_Hughes_Medical_Institute"
    },
    {
        "subject": "http://dbpedia.org/resource/Jenny_Harrison",
        "predicate": "http://dbpedia.org/ontology/wikiPageWikiLink",
        "object": "http://dbpedia.org/resource/Howard_Schachman"
    },
    {
        "subject": "http://dbpedia.org/resource/Jenny_Harrison",
        "predicate": "http://dbpedia.org/ontology/wikiPageWikiLink",
        "object": "http://dbpedia.org/resource/Hubert_Dreyfus"
    },
    {
        "subject": "http://dbpedia.org/resource/Jenny_Harrison",
        "predicate": "http://dbpedia.org/ontology/wikiPageWikiLink",
        "object": "http://dbpedia.org/resource/Hugh_Bradner"
    },
    {
        "subject": "http://dbpedia.org/resource/Jenny_Harrison",
        "predicate": "http://dbpedia.org/ontology/wikiPageWikiLink",
        "object": "http://dbpedia.org/resource/Hydrogen"
    },
    {
        "subject": "http://dbpedia.org/resource/Jenny_Harrison",
        "predicate": "http://dbpedia.org/ontology/wikiPageWikiLink",
        "object": "http://dbpedia.org/resource/John_Ousterhout"
    },
    {
        "subject": "http://dbpedia.org/resource/Jenny_Harrison",
        "predicate": "http://dbpedia.org/ontology/wikiPageWikiLink",
        "object": "http://dbpedia.org/resource/John_Prausnitz"
    },
    {
        "subject": "http://dbpedia.org/resource/Jenny_Harrison",
        "predicate": "http://dbpedia.org/ontology/wikiPageWikiLink",
        "object": "http://dbpedia.org/resource/John_Roy_Whinnery"
    },
    {
        "subject": "http://dbpedia.org/resource/Jenny_Harrison",
        "predicate": "http://dbpedia.org/ontology/wikiPageWikiLink",
        "object": "http://dbpedia.org/resource/John_Searle"
    },
    {
        "subject": "http://dbpedia.org/resource/Jenny_Harrison",
        "predicate": "http://dbpedia.org/ontology/wikiPageWikiLink",
        "object": "http://dbpedia.org/resource/John_Yoo"
    },
    {
        "subject": "http://dbpedia.org/resource/Jenny_Harrison",
        "predicate": "http://dbpedia.org/ontology/wikiPageWikiLink",
        "object": "http://dbpedia.org/resource/Jon_H._Else"
    },
    {
        "subject": "http://dbpedia.org/resource/Jenny_Harrison",
        "predicate": "http://dbpedia.org/ontology/wikiPageWikiLink",
        "object": "http://dbpedia.org/resource/Jonathan_Simon"
    },
    {
        "subject": "http://dbpedia.org/resource/Jenny_Harrison",
        "predicate": "http://dbpedia.org/ontology/wikiPageWikiLink",
        "object": "http://dbpedia.org/resource/Joseph_M._Hellerstein"
    },
    {
        "subject": "http://dbpedia.org/resource/Jenny_Harrison",
        "predicate": "http://dbpedia.org/ontology/wikiPageWikiLink",
        "object": "http://dbpedia.org/resource/Joseph_R._Levenson"
    },
    {
        "subject": "http://dbpedia.org/resource/Jenny_Harrison",
        "predicate": "http://dbpedia.org/ontology/wikiPageWikiLink",
        "object": "http://dbpedia.org/resource/Josiah_Royce"
    },
    {
        "subject": "http://dbpedia.org/resource/Jenny_Harrison",
        "predicate": "http://dbpedia.org/ontology/wikiPageWikiLink",
        "object": "http://dbpedia.org/resource/Judith_Butler"
    },
    {
        "subject": "http://dbpedia.org/resource/Jenny_Harrison",
        "predicate": "http://dbpedia.org/ontology/wikiPageWikiLink",
        "object": "http://dbpedia.org/resource/Julia_Hall_Bowman_Robinson"
    },
    {
        "subject": "http://dbpedia.org/resource/Jenny_Harrison",
        "predicate": "http://dbpedia.org/ontology/wikiPageWikiLink",
        "object": "http://dbpedia.org/resource/Julia_Robinson_Mathematics_Festival"
    }
]