[
    {
        "subject": "http://dbpedia.org/resource/Jo_Boaler",
        "predicate": "http://dbpedia.org/ontology/wikiPageWikiLink",
        "object": "http://dbpedia.org/resource/Calouste_Gulbenkian"
    },
    {
        "subject": "http://dbpedia.org/resource/Jo_Boaler",
        "predicate": "http://dbpedia.org/ontology/wikiPageWikiLink",
        "object": "http://dbpedia.org/resource/Carl_Gombrich"
    },
    {
        "subject": "http://dbpedia.org/resource/Jo_Boaler",
        "predicate": "http://dbpedia.org/ontology/wikiPageWikiLink",
        "object": "http://dbpedia.org/resource/Ben_Connable"
    },
    {
        "subject": "http://dbpedia.org/resource/Jo_Boaler",
        "predicate": "http://dbpedia.org/ontology/wikiPageWikiLink",
        "object": "http://dbpedia.org/resource/Benjamin_Cohen_(journalist)"
    },
    {
        "subject": "http://dbpedia.org/resource/Jo_Boaler",
        "predicate": "http://dbpedia.org/ontology/wikiPageWikiLink",
        "object": "http://dbpedia.org/resource/Pratap_Chandra_Lal"
    },
    {
        "subject": "http://dbpedia.org/resource/Jo_Boaler",
        "predicate": "http://dbpedia.org/ontology/wikiPageWikiLink",
        "object": "http://dbpedia.org/resource/President_of_the_Dewan_Negara"
    },
    {
        "subject": "http://dbpedia.org/resource/Jo_Boaler",
        "predicate": "http://dbpedia.org/ontology/wikiPageWikiLink",
        "object": "http://dbpedia.org/resource/Prime_Minister_of_Punjab"
    },
    {
        "subject": "http://dbpedia.org/resource/Jo_Boaler",
        "predicate": "http://dbpedia.org/ontology/wikiPageWikiLink",
        "object": "http://dbpedia.org/resource/Prince_Mateen_of_Brunei"
    },
    {
        "subject": "http://dbpedia.org/resource/Jo_Boaler",
        "predicate": "http://dbpedia.org/ontology/wikiPageWikiLink",
        "object": "http://dbpedia.org/resource/Princess_Antonia,_Duchess_of_Wellington"
    },
    {
        "subject": "http://dbpedia.org/resource/Jo_Boaler",
        "predicate": "http://dbpedia.org/ontology/wikiPageWikiLink",
        "object": "http://dbpedia.org/resource/Princess_Margarita_of_Baden"
    },
    {
        "subject": "http://dbpedia.org/resource/Jo_Boaler",
        "predicate": "http://dbpedia.org/ontology/wikiPageWikiLink",
        "object": "http://dbpedia.org/resource/Principality_Building_Society"
    },
    {
        "subject": "http://dbpedia.org/resource/Jo_Boaler",
        "predicate": "http://dbpedia.org/ontology/wikiPageWikiLink",
        "object": "http://dbpedia.org/resource/Pritam_Singh_(Singaporean_politician)"
    },
    {
        "subject": "http://dbpedia.org/resource/Jo_Boaler",
        "predicate": "http://dbpedia.org/ontology/wikiPageWikiLink",
        "object": "http://dbpedia.org/resource/Prosecutor_of_the_International_Criminal_Court"
    },
    {
        "subject": "http://dbpedia.org/resource/Jo_Boaler",
        "predicate": "http://dbpedia.org/ontology/wikiPageWikiLink",
        "object": "http://dbpedia.org/resource/Punch_(magazine)"
    },
    {
        "subject": "http://dbpedia.org/resource/Jo_Boaler",
        "predicate": "http://dbpedia.org/ontology/wikiPageWikiLink",
        "object": "http://dbpedia.org/resource/Quaid-i-Azam_University"
    },
    {
        "subject": "http://dbpedia.org/resource/Jo_Boaler",
        "predicate": "http://dbpedia.org/ontology/wikiPageWikiLink",
        "object": "http://dbpedia.org/resource/Queen_(band)"
    },
    {
        "subject": "http://dbpedia.org/resource/Jo_Boaler",
        "predicate": "http://dbpedia.org/ontology/wikiPageWikiLink",
        "object": "http://dbpedia.org/resource/Quentin_Crisp"
    },
    {
        "subject": "http://dbpedia.org/resource/Jo_Boaler",
        "predicate": "http://dbpedia.org/ontology/wikiPageWikiLink",
        "object": "http://dbpedia.org/resource/Qui-Lim_Choo"
    },
    {
        "subject": "http://dbpedia.org/resource/Jo_Boaler",
        "predicate": "http://dbpedia.org/ontology/wikiPageWikiLink",
        "object": "http://dbpedia.org/resource/Robert_Springett"
    },
    {
        "subject": "http://dbpedia.org/resource/Jo_Boaler",
        "predicate": "http://dbpedia.org/ontology/wikiPageWikiLink",
        "object": "http://dbpedia.org/resource/Robert_Street"
    },
    {
        "subject": "http://dbpedia.org/resource/Jo_Boaler",
        "predicate": "http://dbpedia.org/ontology/wikiPageWikiLink",
        "object": "http://dbpedia.org/resource/Robin_Auld"
    },
    {
        "subject": "http://dbpedia.org/resource/Jo_Boaler",
        "predicate": "http://dbpedia.org/ontology/wikiPageWikiLink",
        "object": "http://dbpedia.org/resource/Robin_Stevens_(author)"
    },
    {
        "subject": "http://dbpedia.org/resource/Jo_Boaler",
        "predicate": "http://dbpedia.org/ontology/wikiPageWikiLink",
        "object": "http://dbpedia.org/resource/Robin_Ward_(priest)"
    },
    {
        "subject": "http://dbpedia.org/resource/Jo_Boaler",
        "predicate": "http://dbpedia.org/ontology/wikiPageWikiLink",
        "object": "http://dbpedia.org/resource/Roger_Combes"
    },
    {
        "subject": "http://dbpedia.org/resource/Jo_Boaler",
        "predicate": "http://dbpedia.org/ontology/wikiPageWikiLink",
        "object": "http://dbpedia.org/resource/Roger_Hawkins_(politician)"
    },
    {
        "subject": "http://dbpedia.org/resource/Jo_Boaler",
        "predicate": "http://dbpedia.org/ontology/wikiPageWikiLink",
        "object": "http://dbpedia.org/resource/Roger_Lambart,_13th_Earl_of_Cavan"
    },
    {
        "subject": "http://dbpedia.org/resource/Jo_Boaler",
        "predicate": "http://dbpedia.org/ontology/wikiPageWikiLink",
        "object": "http://dbpedia.org/resource/Roger_Royle"
    },
    {
        "subject": "http://dbpedia.org/resource/Jo_Boaler",
        "predicate": "http://dbpedia.org/ontology/wikiPageWikiLink",
        "object": "http://dbpedia.org/resource/Rohan_Pethiyagoda"
    },
    {
        "subject": "http://dbpedia.org/resource/Jo_Boaler",
        "predicate": "http://dbpedia.org/ontology/wikiPageWikiLink",
        "object": "http://dbpedia.org/resource/Romanticism"
    },
    {
        "subject": "http://dbpedia.org/resource/Jo_Boaler",
        "predicate": "http://dbpedia.org/ontology/wikiPageWikiLink",
        "object": "http://dbpedia.org/resource/Ronald_Moody"
    },
    {
        "subject": "http://dbpedia.org/resource/Jo_Boaler",
        "predicate": "http://dbpedia.org/ontology/wikiPageWikiLink",
        "object": "http://dbpedia.org/resource/Ronald_Norman_(businessman)"
    },
    {
        "subject": "http://dbpedia.org/resource/Jo_Boaler",
        "predicate": "http://dbpedia.org/ontology/wikiPageWikiLink",
        "object": "http://dbpedia.org/resource/Ronen_Hoffman"
    },
    {
        "subject": "http://dbpedia.org/resource/Jo_Boaler",
        "predicate": "http://dbpedia.org/ontology/wikiPageWikiLink",
        "object": "http://dbpedia.org/resource/Rory_Bremner"
    },
    {
        "subject": "http://dbpedia.org/resource/Jo_Boaler",
        "predicate": "http://dbpedia.org/ontology/wikiPageWikiLink",
        "object": "http://dbpedia.org/resource/Rory_Tapner"
    },
    {
        "subject": "http://dbpedia.org/resource/Jo_Boaler",
        "predicate": "http://dbpedia.org/ontology/wikiPageWikiLink",
        "object": "http://dbpedia.org/resource/Rosemary_Lain-Priestley"
    },
    {
        "subject": "http://dbpedia.org/resource/Jo_Boaler",
        "predicate": "http://dbpedia.org/ontology/wikiPageWikiLink",
        "object": "http://dbpedia.org/resource/Rosemary_Timperley"
    },
    {
        "subject": "http://dbpedia.org/resource/Jo_Boaler",
        "predicate": "http://dbpedia.org/ontology/wikiPageWikiLink",
        "object": "http://dbpedia.org/resource/Ross_Raisin"
    },
    {
        "subject": "http://dbpedia.org/resource/Jo_Boaler",
        "predicate": "http://dbpedia.org/ontology/wikiPageWikiLink",
        "object": "http://dbpedia.org/resource/Rowland_Allanson-Winn,_5th_Baron_Headley"
    },
    {
        "subject": "http://dbpedia.org/resource/Jo_Boaler",
        "predicate": "http://dbpedia.org/ontology/wikiPageWikiLink",
        "object": "http://dbpedia.org/resource/Roxy_Music"
    },
    {
        "subject": "http://dbpedia.org/resource/Jo_Boaler",
        "predicate": "http://dbpedia.org/ontology/wikiPageWikiLink",
        "object": "http://dbpedia.org/resource/Roy_Screech"
    },
    {
        "subject": "http://dbpedia.org/resource/Jo_Boaler",
        "predicate": "http://dbpedia.org/ontology/wikiPageWikiLink",
        "object": "http://dbpedia.org/resource/Royal_Air_Force"
    },
    {
        "subject": "http://dbpedia.org/resource/Jo_Boaler",
        "predicate": "http://dbpedia.org/ontology/wikiPageWikiLink",
        "object": "http://dbpedia.org/resource/Royal_Astronomical_Society"
    },
    {
        "subject": "http://dbpedia.org/resource/Jo_Boaler",
        "predicate": "http://dbpedia.org/ontology/wikiPageWikiLink",
        "object": "http://dbpedia.org/resource/Royal_Australian_Air_Force"
    },
    {
        "subject": "http://dbpedia.org/resource/Jo_Boaler",
        "predicate": "http://dbpedia.org/ontology/wikiPageWikiLink",
        "object": "http://dbpedia.org/resource/Royal_College_of_Music"
    },
    {
        "subject": "http://dbpedia.org/resource/Jo_Boaler",
        "predicate": "http://dbpedia.org/ontology/wikiPageWikiLink",
        "object": "http://dbpedia.org/resource/Royal_College_of_Nursing"
    },
    {
        "subject": "http://dbpedia.org/resource/Jo_Boaler",
        "predicate": "http://dbpedia.org/ontology/wikiPageWikiLink",
        "object": "http://dbpedia.org/resource/Royal_College_of_Psychiatrists"
    },
    {
        "subject": "http://dbpedia.org/resource/Jo_Boaler",
        "predicate": "http://dbpedia.org/ontology/wikiPageWikiLink",
        "object": "http://dbpedia.org/resource/Royal_Geographical_Society"
    },
    {
        "subject": "http://dbpedia.org/resource/Jo_Boaler",
        "predicate": "http://dbpedia.org/ontology/wikiPageWikiLink",
        "object": "http://dbpedia.org/resource/Royal_Institute_of_British_Architects"
    },
    {
        "subject": "http://dbpedia.org/resource/Jo_Boaler",
        "predicate": "http://dbpedia.org/ontology/wikiPageWikiLink",
        "object": "http://dbpedia.org/resource/Royal_Military_Academy_Sandhurst"
    },
    {
        "subject": "http://dbpedia.org/resource/Jo_Boaler",
        "predicate": "http://dbpedia.org/ontology/wikiPageWikiLink",
        "object": "http://dbpedia.org/resource/Royal_National_Institute_of_Blind_People"
    },
    {
        "subject": "http://dbpedia.org/resource/Jo_Boaler",
        "predicate": "http://dbpedia.org/ontology/wikiPageWikiLink",
        "object": "http://dbpedia.org/resource/Royal_Opera_House"
    },
    {
        "subject": "http://dbpedia.org/resource/Jo_Boaler",
        "predicate": "http://dbpedia.org/ontology/wikiPageWikiLink",
        "object": "http://dbpedia.org/resource/Royal_Society_of_Chemistry"
    },
    {
        "subject": "http://dbpedia.org/resource/Jo_Boaler",
        "predicate": "http://dbpedia.org/ontology/wikiPageWikiLink",
        "object": "http://dbpedia.org/resource/Rudolph_Peters"
    },
    {
        "subject": "http://dbpedia.org/resource/Jo_Boaler",
        "predicate": "http://dbpedia.org/ontology/wikiPageWikiLink",
        "object": "http://dbpedia.org/resource/Sam_Instone"
    },
    {
        "subject": "http://dbpedia.org/resource/Jo_Boaler",
        "predicate": "http://dbpedia.org/ontology/wikiPageWikiLink",
        "object": "http://dbpedia.org/resource/Sania_Nishtar"
    },
    {
        "subject": "http://dbpedia.org/resource/Jo_Boaler",
        "predicate": "http://dbpedia.org/ontology/wikiPageWikiLink",
        "object": "http://dbpedia.org/resource/Sarah_Newton"
    },
    {
        "subject": "http://dbpedia.org/resource/Jo_Boaler",
        "predicate": "http://dbpedia.org/ontology/wikiPageWikiLink",
        "object": "http://dbpedia.org/resource/Sarah_Olney"
    },
    {
        "subject": "http://dbpedia.org/resource/Jo_Boaler",
        "predicate": "http://dbpedia.org/ontology/wikiPageWikiLink",
        "object": "http://dbpedia.org/resource/Sarah_Wollaston"
    },
    {
        "subject": "http://dbpedia.org/resource/Jo_Boaler",
        "predicate": "http://dbpedia.org/ontology/wikiPageWikiLink",
        "object": "http://dbpedia.org/resource/Sarhad_University_of_Science_and_Information_Technology"
    },
    {
        "subject": "http://dbpedia.org/resource/Jo_Boaler",
        "predicate": "http://dbpedia.org/ontology/wikiPageWikiLink",
        "object": "http://dbpedia.org/resource/Sarojini_Naidu"
    },
    {
        "subject": "http://dbpedia.org/resource/Jo_Boaler",
        "predicate": "http://dbpedia.org/ontology/wikiPageWikiLink",
        "object": "http://dbpedia.org/resource/Elan_Journo"
    },
    {
        "subject": "http://dbpedia.org/resource/Jo_Boaler",
        "predicate": "http://dbpedia.org/ontology/wikiPageWikiLink",
        "object": "http://dbpedia.org/resource/Eleanor_Plumer"
    },
    {
        "subject": "http://dbpedia.org/resource/Jo_Boaler",
        "predicate": "http://dbpedia.org/ontology/wikiPageWikiLink",
        "object": "http://dbpedia.org/resource/Eleni_Stavrou"
    },
    {
        "subject": "http://dbpedia.org/resource/Jo_Boaler",
        "predicate": "http://dbpedia.org/ontology/wikiPageWikiLink",
        "object": "http://dbpedia.org/resource/Michael_Barry_(television_producer)"
    },
    {
        "subject": "http://dbpedia.org/resource/Jo_Boaler",
        "predicate": "http://dbpedia.org/ontology/wikiPageWikiLink",
        "object": "http://dbpedia.org/resource/Michael_Burgess_(coroner)"
    },
    {
        "subject": "http://dbpedia.org/resource/Jo_Boaler",
        "predicate": "http://dbpedia.org/ontology/wikiPageWikiLink",
        "object": "http://dbpedia.org/resource/Michael_Chandler_(priest)"
    },
    {
        "subject": "http://dbpedia.org/resource/Jo_Boaler",
        "predicate": "http://dbpedia.org/ontology/wikiPageWikiLink",
        "object": "http://dbpedia.org/resource/Michael_Roberts_(writer)"
    },
    {
        "subject": "http://dbpedia.org/resource/Jo_Boaler",
        "predicate": "http://dbpedia.org/ontology/wikiPageWikiLink",
        "object": "http://dbpedia.org/resource/Michael_White_(author)"
    },
    {
        "subject": "http://dbpedia.org/resource/Jo_Boaler",
        "predicate": "http://dbpedia.org/ontology/wikiPageWikiLink",
        "object": "http://dbpedia.org/resource/Morning_Star_(London_newspaper)"
    },
    {
        "subject": "http://dbpedia.org/resource/Jo_Boaler",
        "predicate": "http://dbpedia.org/ontology/wikiPageWikiLink",
        "object": "http://dbpedia.org/resource/Harold_Moody_(physician)"
    },
    {
        "subject": "http://dbpedia.org/resource/Jo_Boaler",
        "predicate": "http://dbpedia.org/ontology/wikiPageWikiLink",
        "object": "http://dbpedia.org/resource/Harold_Watkinson,_1st_Viscount_Watkinson"
    },
    {
        "subject": "http://dbpedia.org/resource/Jo_Boaler",
        "predicate": "http://dbpedia.org/ontology/wikiPageWikiLink",
        "object": "http://dbpedia.org/resource/Menon_Marath"
    },
    {
        "subject": "http://dbpedia.org/resource/Jo_Boaler",
        "predicate": "http://dbpedia.org/ontology/wikiPageWikiLink",
        "object": "http://dbpedia.org/resource/Henry_George_Purchase"
    },
    {
        "subject": "http://dbpedia.org/resource/Jo_Boaler",
        "predicate": "http://dbpedia.org/ontology/wikiPageWikiLink",
        "object": "http://dbpedia.org/resource/Henry_John_Stedman_Cotton"
    },
    {
        "subject": "http://dbpedia.org/resource/Jo_Boaler",
        "predicate": "http://dbpedia.org/ontology/wikiPageWikiLink",
        "object": "http://dbpedia.org/resource/Nobel_Prize_in_Chemistry"
    },
    {
        "subject": "http://dbpedia.org/resource/Jo_Boaler",
        "predicate": "http://dbpedia.org/ontology/wikiPageWikiLink",
        "object": "http://dbpedia.org/resource/Justin_Hayward_Young"
    },
    {
        "subject": "http://dbpedia.org/resource/Jo_Boaler",
        "predicate": "http://dbpedia.org/ontology/wikiPageWikiLink",
        "object": "http://dbpedia.org/resource/Juwan_Fouad_Masum"
    },
    {
        "subject": "http://dbpedia.org/resource/Jo_Boaler",
        "predicate": "http://dbpedia.org/ontology/wikiPageWikiLink",
        "object": "http://dbpedia.org/resource/Kenneth_Robinson_(priest)"
    },
    {
        "subject": "http://dbpedia.org/resource/Jo_Boaler",
        "predicate": "http://dbpedia.org/ontology/wikiPageWikiLink",
        "object": "http://dbpedia.org/resource/Victor_Negus"
    },
    {
        "subject": "http://dbpedia.org/resource/Jo_Boaler",
        "predicate": "http://dbpedia.org/ontology/wikiPageWikiLink",
        "object": "http://dbpedia.org/resource/Barney_Pityana"
    },
    {
        "subject": "http://dbpedia.org/resource/Jo_Boaler",
        "predicate": "http://dbpedia.org/ontology/wikiPageWikiLink",
        "object": "http://dbpedia.org/resource/Barry_Davies"
    },
    {
        "subject": "http://dbpedia.org/resource/Jo_Boaler",
        "predicate": "http://dbpedia.org/ontology/wikiPageWikiLink",
        "object": "http://dbpedia.org/resource/Barry_North"
    },
    {
        "subject": "http://dbpedia.org/resource/Jo_Boaler",
        "predicate": "http://dbpedia.org/ontology/wikiPageWikiLink",
        "object": "http://dbpedia.org/resource/Bell_Labs"
    },
    {
        "subject": "http://dbpedia.org/resource/Jo_Boaler",
        "predicate": "http://dbpedia.org/ontology/wikiPageWikiLink",
        "object": "http://dbpedia.org/resource/Ben_Goldacre"
    },
    {
        "subject": "http://dbpedia.org/resource/Jo_Boaler",
        "predicate": "http://dbpedia.org/ontology/wikiPageWikiLink",
        "object": "http://dbpedia.org/resource/Bentley"
    },
    {
        "subject": "http://dbpedia.org/resource/Jo_Boaler",
        "predicate": "http://dbpedia.org/ontology/wikiPageWikiLink",
        "object": "http://dbpedia.org/resource/Berhaneyesus_Demerew_Souraphiel"
    },
    {
        "subject": "http://dbpedia.org/resource/Jo_Boaler",
        "predicate": "http://dbpedia.org/ontology/wikiPageWikiLink",
        "object": "http://dbpedia.org/resource/Bernardino_Le\u00f3n"
    },
    {
        "subject": "http://dbpedia.org/resource/Jo_Boaler",
        "predicate": "http://dbpedia.org/ontology/wikiPageWikiLink",
        "object": "http://dbpedia.org/resource/Bijan_Daneshmand"
    },
    {
        "subject": "http://dbpedia.org/resource/Jo_Boaler",
        "predicate": "http://dbpedia.org/ontology/wikiPageWikiLink",
        "object": "http://dbpedia.org/resource/Bill_Strang_(engineer)"
    },
    {
        "subject": "http://dbpedia.org/resource/Jo_Boaler",
        "predicate": "http://dbpedia.org/ontology/wikiPageWikiLink",
        "object": "http://dbpedia.org/resource/Birkbeck,_University_of_London"
    },
    {
        "subject": "http://dbpedia.org/resource/Jo_Boaler",
        "predicate": "http://dbpedia.org/ontology/wikiPageWikiLink",
        "object": "http://dbpedia.org/resource/Bloc_Party"
    },
    {
        "subject": "http://dbpedia.org/resource/Jo_Boaler",
        "predicate": "http://dbpedia.org/ontology/wikiPageWikiLink",
        "object": "http://dbpedia.org/resource/Bloomberg_Television"
    },
    {
        "subject": "http://dbpedia.org/resource/Jo_Boaler",
        "predicate": "http://dbpedia.org/ontology/wikiPageWikiLink",
        "object": "http://dbpedia.org/resource/Bob_Frankford"
    },
    {
        "subject": "http://dbpedia.org/resource/Jo_Boaler",
        "predicate": "http://dbpedia.org/ontology/wikiPageWikiLink",
        "object": "http://dbpedia.org/resource/Bob_Halstead"
    },
    {
        "subject": "http://dbpedia.org/resource/Jo_Boaler",
        "predicate": "http://dbpedia.org/ontology/wikiPageWikiLink",
        "object": "http://dbpedia.org/resource/Bob_Seely"
    },
    {
        "subject": "http://dbpedia.org/resource/Jo_Boaler",
        "predicate": "http://dbpedia.org/ontology/wikiPageWikiLink",
        "object": "http://dbpedia.org/resource/Bobbie_Cheema-Grubb"
    },
    {
        "subject": "http://dbpedia.org/resource/Jo_Boaler",
        "predicate": "http://dbpedia.org/ontology/wikiPageWikiLink",
        "object": "http://dbpedia.org/resource/Booker_Prize"
    },
    {
        "subject": "http://dbpedia.org/resource/Jo_Boaler",
        "predicate": "http://dbpedia.org/ontology/wikiPageWikiLink",
        "object": "http://dbpedia.org/resource/Boris_Karloff"
    },
    {
        "subject": "http://dbpedia.org/resource/Jo_Boaler",
        "predicate": "http://dbpedia.org/ontology/wikiPageWikiLink",
        "object": "http://dbpedia.org/resource/Boris_Townsend"
    },
    {
        "subject": "http://dbpedia.org/resource/Jo_Boaler",
        "predicate": "http://dbpedia.org/ontology/wikiPageWikiLink",
        "object": "http://dbpedia.org/resource/Brandon_Lewis"
    }
]