[
    {
        "subject": "http://dbpedia.org/resource/Kaisa_Matom\u00e4ki",
        "predicate": "http://dbpedia.org/ontology/wikiPageWikiLink",
        "object": "http://dbpedia.org/resource/Kaisa_Matom\u00e4ki"
    },
    {
        "subject": "http://dbpedia.org/resource/Kaisa_Matom\u00e4ki",
        "predicate": "http://dbpedia.org/ontology/wikiPageWikiLink",
        "object": "http://dbpedia.org/resource/Kaisa_Matom\u00e4ki"
    },
    {
        "subject": "http://dbpedia.org/resource/Kaisa_Matom\u00e4ki",
        "predicate": "http://dbpedia.org/ontology/wikiPageWikiLink",
        "object": "http://dbpedia.org/resource/Metal\u2013insulator_transition"
    },
    {
        "subject": "http://dbpedia.org/resource/Kaisa_Matom\u00e4ki",
        "predicate": "http://dbpedia.org/ontology/wikiPageWikiLink",
        "object": "http://dbpedia.org/resource/Boltzmann_equation"
    },
    {
        "subject": "http://dbpedia.org/resource/Kaisa_Matom\u00e4ki",
        "predicate": "http://dbpedia.org/ontology/wikiPageWikiLink",
        "object": "http://dbpedia.org/resource/Almost_Mathieu_operator"
    },
    {
        "subject": "http://dbpedia.org/resource/Kaisa_Matom\u00e4ki",
        "predicate": "http://dbpedia.org/ontology/wikiPageWikiLink",
        "object": "http://dbpedia.org/resource/Homogeneous_space"
    },
    {
        "subject": "http://dbpedia.org/resource/Kaisa_Matom\u00e4ki",
        "predicate": "http://dbpedia.org/ontology/wikiPageWikiLink",
        "object": "http://dbpedia.org/resource/Homotopy_type_theory"
    },
    {
        "subject": "http://dbpedia.org/resource/Kaisa_Matom\u00e4ki",
        "predicate": "http://dbpedia.org/ontology/wikiPageWikiLink",
        "object": "http://dbpedia.org/resource/Riemann_surface"
    },
    {
        "subject": "http://dbpedia.org/resource/Kaisa_Matom\u00e4ki",
        "predicate": "http://dbpedia.org/ontology/wikiPageWikiLink",
        "object": "http://dbpedia.org/resource/United_States_dollar"
    },
    {
        "subject": "http://dbpedia.org/resource/Kaisa_Matom\u00e4ki",
        "predicate": "http://dbpedia.org/ontology/wikiPageWikiLink",
        "object": "http://dbpedia.org/resource/Decomposition_of_spectrum_(functional_analysis)"
    },
    {
        "subject": "http://dbpedia.org/resource/Kaisa_Matom\u00e4ki",
        "predicate": "http://dbpedia.org/ontology/wikiPageWikiLink",
        "object": "http://dbpedia.org/resource/Dynamical_system"
    },
    {
        "subject": "http://dbpedia.org/resource/Kaisa_Matom\u00e4ki",
        "predicate": "http://dbpedia.org/ontology/wikiPageWikiLink",
        "object": "http://dbpedia.org/resource/Iwasawa_theory"
    },
    {
        "subject": "http://dbpedia.org/resource/Kaisa_Matom\u00e4ki",
        "predicate": "http://dbpedia.org/ontology/wikiPageWikiLink",
        "object": "http://dbpedia.org/resource/L-function"
    },
    {
        "subject": "http://dbpedia.org/resource/Kaisa_Matom\u00e4ki",
        "predicate": "http://dbpedia.org/ontology/wikiPageWikiLink",
        "object": "http://dbpedia.org/resource/Lie_group"
    },
    {
        "subject": "http://dbpedia.org/resource/Kaisa_Matom\u00e4ki",
        "predicate": "http://dbpedia.org/ontology/wikiPageWikiLink",
        "object": "http://dbpedia.org/resource/List_of_mathematics_awards"
    },
    {
        "subject": "http://dbpedia.org/resource/Kaisa_Matom\u00e4ki",
        "predicate": "http://dbpedia.org/ontology/wikiPageWikiLink",
        "object": "http://dbpedia.org/resource/Category:Lists_of_women_scientists"
    },
    {
        "subject": "http://dbpedia.org/resource/Kaisa_Matom\u00e4ki",
        "predicate": "http://dbpedia.org/ontology/wikiPageWikiLink",
        "object": "http://dbpedia.org/resource/Maryam_Mirzakhani"
    },
    {
        "subject": "http://dbpedia.org/resource/Kaisa_Matom\u00e4ki",
        "predicate": "http://dbpedia.org/ontology/wikiPageWikiLink",
        "object": "http://dbpedia.org/resource/Ruth_Lyttle_Satter"
    },
    {
        "subject": "http://dbpedia.org/resource/Kaisa_Matom\u00e4ki",
        "predicate": "http://dbpedia.org/ontology/wikiPageWikiLink",
        "object": "http://dbpedia.org/resource/Low-dimensional_topology"
    },
    {
        "subject": "http://dbpedia.org/resource/Kaisa_Matom\u00e4ki",
        "predicate": "http://dbpedia.org/ontology/wikiPageWikiLink",
        "object": "http://dbpedia.org/resource/Conformal_geometry"
    },
    {
        "subject": "http://dbpedia.org/resource/Kaisa_Matom\u00e4ki",
        "predicate": "http://dbpedia.org/ontology/wikiPageWikiLink",
        "object": "http://dbpedia.org/resource/Ergodicity"
    },
    {
        "subject": "http://dbpedia.org/resource/Kaisa_Matom\u00e4ki",
        "predicate": "http://dbpedia.org/ontology/wikiPageWikiLink",
        "object": "http://dbpedia.org/resource/Commutative_algebra"
    },
    {
        "subject": "http://dbpedia.org/resource/Kaisa_Matom\u00e4ki",
        "predicate": "http://dbpedia.org/ontology/wikiPageWikiLink",
        "object": "http://dbpedia.org/resource/Complex_dynamics"
    },
    {
        "subject": "http://dbpedia.org/resource/Kaisa_Matom\u00e4ki",
        "predicate": "http://dbpedia.org/ontology/wikiPageWikiLink",
        "object": "http://dbpedia.org/resource/Category:United_States_science-related_lists"
    },
    {
        "subject": "http://dbpedia.org/resource/Kaisa_Matom\u00e4ki",
        "predicate": "http://dbpedia.org/ontology/wikiPageWikiLink",
        "object": "http://dbpedia.org/resource/Quasiperiodicity"
    },
    {
        "subject": "http://dbpedia.org/resource/Kaisa_Matom\u00e4ki",
        "predicate": "http://dbpedia.org/ontology/wikiPageWikiLink",
        "object": "http://dbpedia.org/resource/Category:Science_awards_honoring_women"
    },
    {
        "subject": "http://dbpedia.org/resource/Kaisa_Matom\u00e4ki",
        "predicate": "http://dbpedia.org/ontology/wikiPageWikiLink",
        "object": "http://dbpedia.org/resource/Joint_Mathematics_Meetings"
    },
    {
        "subject": "http://dbpedia.org/resource/Kaisa_Matom\u00e4ki",
        "predicate": "http://dbpedia.org/ontology/wikiPageWikiLink",
        "object": "http://dbpedia.org/resource/Algebraic_geometry"
    },
    {
        "subject": "http://dbpedia.org/resource/Kaisa_Matom\u00e4ki",
        "predicate": "http://dbpedia.org/ontology/wikiPageWikiLink",
        "object": "http://dbpedia.org/resource/American_Mathematical_Society"
    },
    {
        "subject": "http://dbpedia.org/resource/Kaisa_Matom\u00e4ki",
        "predicate": "http://dbpedia.org/ontology/wikiPageWikiLink",
        "object": "http://dbpedia.org/resource/3-manifold"
    },
    {
        "subject": "http://dbpedia.org/resource/Kaisa_Matom\u00e4ki",
        "predicate": "http://dbpedia.org/ontology/wikiPageWikiLink",
        "object": "http://dbpedia.org/resource/Dusa_McDuff"
    },
    {
        "subject": "http://dbpedia.org/resource/Kaisa_Matom\u00e4ki",
        "predicate": "http://dbpedia.org/ontology/wikiPageWikiLink",
        "object": "http://dbpedia.org/resource/Fields_Medal"
    },
    {
        "subject": "http://dbpedia.org/resource/Kaisa_Matom\u00e4ki",
        "predicate": "http://dbpedia.org/ontology/wikiPageWikiLink",
        "object": "http://dbpedia.org/resource/Number_theory"
    },
    {
        "subject": "http://dbpedia.org/resource/Kaisa_Matom\u00e4ki",
        "predicate": "http://dbpedia.org/ontology/wikiPageWikiLink",
        "object": "http://dbpedia.org/resource/P-adic_number"
    },
    {
        "subject": "http://dbpedia.org/resource/Kaisa_Matom\u00e4ki",
        "predicate": "http://dbpedia.org/ontology/wikiPageWikiLink",
        "object": "http://dbpedia.org/resource/Partial_differential_equation"
    },
    {
        "subject": "http://dbpedia.org/resource/Kaisa_Matom\u00e4ki",
        "predicate": "http://dbpedia.org/ontology/wikiPageWikiLink",
        "object": "http://dbpedia.org/resource/Discrete_geometry"
    },
    {
        "subject": "http://dbpedia.org/resource/Kaisa_Matom\u00e4ki",
        "predicate": "http://dbpedia.org/ontology/wikiPageWikiLink",
        "object": "http://dbpedia.org/resource/Discrete_group"
    },
    {
        "subject": "http://dbpedia.org/resource/Kaisa_Matom\u00e4ki",
        "predicate": "http://dbpedia.org/ontology/wikiPageWikiLink",
        "object": "http://dbpedia.org/resource/Isospectral"
    },
    {
        "subject": "http://dbpedia.org/resource/Kaisa_Matom\u00e4ki",
        "predicate": "http://dbpedia.org/ontology/wikiPageWikiLink",
        "object": "http://dbpedia.org/resource/Journal_of_the_European_Mathematical_Society"
    },
    {
        "subject": "http://dbpedia.org/resource/Kaisa_Matom\u00e4ki",
        "predicate": "http://dbpedia.org/ontology/wikiPageWikiLink",
        "object": "http://dbpedia.org/resource/Karen_E._Smith"
    },
    {
        "subject": "http://dbpedia.org/resource/Kaisa_Matom\u00e4ki",
        "predicate": "http://dbpedia.org/ontology/wikiPageWikiLink",
        "object": "http://dbpedia.org/resource/Wavelet"
    },
    {
        "subject": "http://dbpedia.org/resource/Kaisa_Matom\u00e4ki",
        "predicate": "http://dbpedia.org/ontology/wikiPageWikiLink",
        "object": "http://dbpedia.org/resource/Riemannian_manifold"
    },
    {
        "subject": "http://dbpedia.org/resource/Kaisa_Matom\u00e4ki",
        "predicate": "http://dbpedia.org/ontology/wikiPageWikiLink",
        "object": "http://dbpedia.org/resource/Potential_theory"
    },
    {
        "subject": "http://dbpedia.org/resource/Kaisa_Matom\u00e4ki",
        "predicate": "http://dbpedia.org/ontology/wikiPageWikiLink",
        "object": "http://dbpedia.org/resource/Arithmetic_dynamics"
    },
    {
        "subject": "http://dbpedia.org/resource/Kaisa_Matom\u00e4ki",
        "predicate": "http://dbpedia.org/ontology/wikiPageWikiLink",
        "object": "http://dbpedia.org/resource/Category:American_science_and_technology_awards"
    },
    {
        "subject": "http://dbpedia.org/resource/Kaisa_Matom\u00e4ki",
        "predicate": "http://dbpedia.org/ontology/wikiPageWikiLink",
        "object": "http://dbpedia.org/resource/Category:Awards_established_in_1990"
    },
    {
        "subject": "http://dbpedia.org/resource/Kaisa_Matom\u00e4ki",
        "predicate": "http://dbpedia.org/ontology/wikiPageWikiLink",
        "object": "http://dbpedia.org/resource/Category:Awards_of_the_American_Mathematical_Society"
    },
    {
        "subject": "http://dbpedia.org/resource/Kaisa_Matom\u00e4ki",
        "predicate": "http://dbpedia.org/ontology/wikiPageWikiLink",
        "object": "http://dbpedia.org/resource/Category:International_awards"
    },
    {
        "subject": "http://dbpedia.org/resource/Kaisa_Matom\u00e4ki",
        "predicate": "http://dbpedia.org/ontology/wikiPageWikiLink",
        "object": "http://dbpedia.org/resource/Category:Women_in_mathematics"
    },
    {
        "subject": "http://dbpedia.org/resource/Kaisa_Matom\u00e4ki",
        "predicate": "http://dbpedia.org/ontology/wikiPageWikiLink",
        "object": "http://dbpedia.org/resource/Joan_Birman"
    },
    {
        "subject": "http://dbpedia.org/resource/Kaisa_Matom\u00e4ki",
        "predicate": "http://dbpedia.org/ontology/wikiPageWikiLink",
        "object": "http://dbpedia.org/resource/K3_surface"
    },
    {
        "subject": "http://dbpedia.org/resource/Kaisa_Matom\u00e4ki",
        "predicate": "http://dbpedia.org/ontology/wikiPageWikiLink",
        "object": "http://dbpedia.org/resource/Kaisa_Matom\u00e4ki"
    },
    {
        "subject": "http://dbpedia.org/resource/Kaisa_Matom\u00e4ki",
        "predicate": "http://dbpedia.org/ontology/wikiPageWikiLink",
        "object": "http://dbpedia.org/resource/Kinetic_theory_of_gases"
    },
    {
        "subject": "http://dbpedia.org/resource/Kaisa_Matom\u00e4ki",
        "predicate": "http://dbpedia.org/ontology/wikiPageWikiLink",
        "object": "http://dbpedia.org/resource/Symplectic_geometry"
    },
    {
        "subject": "http://dbpedia.org/resource/Kaisa_Matom\u00e4ki",
        "predicate": "http://dbpedia.org/ontology/wikiPageWikiLink",
        "object": "http://dbpedia.org/resource/Syzygy_(mathematics)"
    },
    {
        "subject": "http://dbpedia.org/resource/Kaisa_Matom\u00e4ki",
        "predicate": "http://dbpedia.org/ontology/wikiPageWikiLink",
        "object": "http://dbpedia.org/resource/Moduli_space"
    },
    {
        "subject": "http://dbpedia.org/resource/Kaisa_Matom\u00e4ki",
        "predicate": "http://dbpedia.org/ontology/wikiPageWikiLink",
        "object": "http://dbpedia.org/resource/Association_for_Women_in_Science"
    },
    {
        "subject": "http://dbpedia.org/resource/Kaisa_Matom\u00e4ki",
        "predicate": "http://dbpedia.org/ontology/wikiPageWikiLink",
        "object": "http://dbpedia.org/resource/Green's_conjecture"
    },
    {
        "subject": "http://dbpedia.org/resource/Kaisa_Matom\u00e4ki",
        "predicate": "http://dbpedia.org/ontology/wikiPageWikiLink",
        "object": "http://dbpedia.org/resource/K\u00e4hler_manifold"
    },
    {
        "subject": "http://dbpedia.org/resource/Kaisa_Matom\u00e4ki",
        "predicate": "http://dbpedia.org/ontology/wikiPageWikiLink",
        "object": "http://dbpedia.org/resource/Real_projective_plane"
    },
    {
        "subject": "http://dbpedia.org/resource/Kaisa_Matom\u00e4ki",
        "predicate": "http://dbpedia.org/ontology/wikiPageWikiLink",
        "object": "http://dbpedia.org/resource/Category:Lists_of_mathematicians_by_award"
    },
    {
        "subject": "http://dbpedia.org/resource/Kaisa_Matom\u00e4ki",
        "predicate": "http://dbpedia.org/ontology/wikiPageWikiLink",
        "object": "http://dbpedia.org/resource/Sijue_Wu"
    },
    {
        "subject": "http://dbpedia.org/resource/Kaisa_Matom\u00e4ki",
        "predicate": "http://dbpedia.org/ontology/wikiPageWikiLink",
        "object": "http://dbpedia.org/resource/Non-perturbative"
    },
    {
        "subject": "http://dbpedia.org/resource/Kaisa_Matom\u00e4ki",
        "predicate": "http://dbpedia.org/ontology/wikiPageWikiLink",
        "object": "http://dbpedia.org/resource/Sphere_packing"
    },
    {
        "subject": "http://dbpedia.org/resource/Kaisa_Matom\u00e4ki",
        "predicate": "http://dbpedia.org/ontology/wikiPageWikiLink",
        "object": "http://dbpedia.org/resource/Spectral_geometry"
    },
    {
        "subject": "http://dbpedia.org/resource/Kaisa_Matom\u00e4ki",
        "predicate": "http://dbpedia.org/ontology/wikiPageWikiLink",
        "object": "http://dbpedia.org/resource/Multiplicative_functions"
    },
    {
        "subject": "http://dbpedia.org/resource/Kaisa_Matom\u00e4ki",
        "predicate": "http://dbpedia.org/ontology/wikiPageWikiLink",
        "object": "http://dbpedia.org/resource/File:Abigail_Thompson.jpg"
    },
    {
        "subject": "http://dbpedia.org/resource/Kaisa_Matom\u00e4ki",
        "predicate": "http://dbpedia.org/ontology/wikiPageWikiLink",
        "object": "http://dbpedia.org/resource/File:Hee_oh.jpg"
    },
    {
        "subject": "http://dbpedia.org/resource/Kaisa_Matom\u00e4ki",
        "predicate": "http://dbpedia.org/ontology/wikiPageWikiLink",
        "object": "http://dbpedia.org/resource/File:Laure_Saint-Raymond_2012.png"
    },
    {
        "subject": "http://dbpedia.org/resource/Kaisa_Matom\u00e4ki",
        "predicate": "http://dbpedia.org/ontology/wikiPageWikiLink",
        "object": "http://dbpedia.org/resource/File:Sijue_Wu.jpg"
    },
    {
        "subject": "http://dbpedia.org/resource/Kaisa_Matom\u00e4ki",
        "predicate": "http://dbpedia.org/ontology/wikiPageWikiLink",
        "object": "http://dbpedia.org/resource/File:Sun_Yung_Alice_Chang.jpg"
    },
    {
        "subject": "http://dbpedia.org/resource/Kaisa_Matom\u00e4ki",
        "predicate": "http://dbpedia.org/ontology/wikiPageWikiLink",
        "object": "http://dbpedia.org/resource/File:Svetlana_Jitomirskaya_(cropped).jpg"
    },
    {
        "subject": "http://dbpedia.org/resource/Kaisa_Matom\u00e4ki",
        "predicate": "http://dbpedia.org/ontology/wikiPageWikiLink",
        "object": "http://dbpedia.org/resource/Hydrodynamic_limit"
    },
    {
        "subject": "http://dbpedia.org/resource/Kaisa_Matom\u00e4ki",
        "predicate": "http://dbpedia.org/ontology/wikiPageWikiLink",
        "object": "http://dbpedia.org/resource/Kodaira_problem"
    },
    {
        "subject": "http://dbpedia.org/resource/Kaisa_Matom\u00e4ki",
        "predicate": "http://dbpedia.org/ontology/wikiPageWikiLink",
        "object": "http://dbpedia.org/resource/File:Maryam_Mirzakhani_in_Seoul_2014.jpg"
    },
    {
        "subject": "http://dbpedia.org/resource/Kaisa_Matom\u00e4ki",
        "predicate": "http://dbpedia.org/ontology/wikiPageWikiLink",
        "object": "http://dbpedia.org/resource/File:Ingrid_Daubechies_(2005).jpg"
    },
    {
        "subject": "http://dbpedia.org/resource/Kaisa_Matom\u00e4ki",
        "predicate": "http://dbpedia.org/ontology/wikiPageWikiLink",
        "object": "http://dbpedia.org/resource/File:Lai_Sang_Young.jpg"
    },
    {
        "subject": "http://dbpedia.org/resource/Kaisa_Matom\u00e4ki",
        "predicate": "http://dbpedia.org/ontology/wikiPageWikiLink",
        "object": "http://dbpedia.org/resource/File:ClaireVoisinBMC2014.JPG"
    },
    {
        "subject": "http://dbpedia.org/resource/Kaisa_Matom\u00e4ki",
        "predicate": "http://dbpedia.org/ontology/wikiPageWikiLink",
        "object": "http://dbpedia.org/resource/File:Maryna_Vazovska_MFO_2013_crop.jpg"
    },
    {
        "subject": "http://dbpedia.org/resource/Kaisa_Matom\u00e4ki",
        "predicate": "http://dbpedia.org/ontology/wikiPageWikiLink",
        "object": "http://dbpedia.org/resource/File:Dusa_McDuff.jpg"
    },
    {
        "subject": "http://dbpedia.org/resource/Kaisa_Matom\u00e4ki",
        "predicate": "http://dbpedia.org/ontology/wikiPageWikiLink",
        "object": "http://dbpedia.org/resource/California_Institute_of_Technology"
    },
    {
        "subject": "http://dbpedia.org/resource/Kaisa_Matom\u00e4ki",
        "predicate": "http://dbpedia.org/ontology/wikiPageWikiLink",
        "object": "http://dbpedia.org/resource/Canadian_Mathematical_Society"
    },
    {
        "subject": "http://dbpedia.org/resource/Kaisa_Matom\u00e4ki",
        "predicate": "http://dbpedia.org/ontology/wikiPageWikiLink",
        "object": "http://dbpedia.org/resource/Princeton,_New_Jersey"
    },
    {
        "subject": "http://dbpedia.org/resource/Kaisa_Matom\u00e4ki",
        "predicate": "http://dbpedia.org/ontology/wikiPageWikiLink",
        "object": "http://dbpedia.org/resource/University_of_Texas_at_Austin"
    },
    {
        "subject": "http://dbpedia.org/resource/Kaisa_Matom\u00e4ki",
        "predicate": "http://dbpedia.org/ontology/wikiPageWikiLink",
        "object": "http://dbpedia.org/resource/Category:Living_people"
    },
    {
        "subject": "http://dbpedia.org/resource/Kaisa_Matom\u00e4ki",
        "predicate": "http://dbpedia.org/ontology/wikiPageWikiLink",
        "object": "http://dbpedia.org/resource/McGill_University"
    },
    {
        "subject": "http://dbpedia.org/resource/Kaisa_Matom\u00e4ki",
        "predicate": "http://dbpedia.org/ontology/wikiPageWikiLink",
        "object": "http://dbpedia.org/resource/Rutgers_University"
    },
    {
        "subject": "http://dbpedia.org/resource/Kaisa_Matom\u00e4ki",
        "predicate": "http://dbpedia.org/ontology/wikiPageWikiLink",
        "object": "http://dbpedia.org/resource/Stanford_University"
    },
    {
        "subject": "http://dbpedia.org/resource/Kaisa_Matom\u00e4ki",
        "predicate": "http://dbpedia.org/ontology/wikiPageWikiLink",
        "object": "http://dbpedia.org/resource/Category:1988_births"
    },
    {
        "subject": "http://dbpedia.org/resource/Kaisa_Matom\u00e4ki",
        "predicate": "http://dbpedia.org/ontology/wikiPageWikiLink",
        "object": "http://dbpedia.org/resource/Category:Canadian_mathematicians"
    },
    {
        "subject": "http://dbpedia.org/resource/Kaisa_Matom\u00e4ki",
        "predicate": "http://dbpedia.org/ontology/wikiPageWikiLink",
        "object": "http://dbpedia.org/resource/Category:Number_theorists"
    },
    {
        "subject": "http://dbpedia.org/resource/Kaisa_Matom\u00e4ki",
        "predicate": "http://dbpedia.org/ontology/wikiPageWikiLink",
        "object": "http://dbpedia.org/resource/Category:Recipients_of_the_SASTRA_Ramanujan_Prize"
    },
    {
        "subject": "http://dbpedia.org/resource/Kaisa_Matom\u00e4ki",
        "predicate": "http://dbpedia.org/ontology/wikiPageWikiLink",
        "object": "http://dbpedia.org/resource/University_of_Turku"
    },
    {
        "subject": "http://dbpedia.org/resource/Kaisa_Matom\u00e4ki",
        "predicate": "http://dbpedia.org/ontology/wikiPageWikiLink",
        "object": "http://dbpedia.org/resource/Breakthrough_Prize_in_Mathematics"
    },
    {
        "subject": "http://dbpedia.org/resource/Kaisa_Matom\u00e4ki",
        "predicate": "http://dbpedia.org/ontology/wikiPageWikiLink",
        "object": "http://dbpedia.org/resource/Number_theory"
    },
    {
        "subject": "http://dbpedia.org/resource/Kaisa_Matom\u00e4ki",
        "predicate": "http://dbpedia.org/ontology/wikiPageWikiLink",
        "object": "http://dbpedia.org/resource/SASTRA_Ramanujan_Prize"
    },
    {
        "subject": "http://dbpedia.org/resource/Kaisa_Matom\u00e4ki",
        "predicate": "http://dbpedia.org/ontology/wikiPageWikiLink",
        "object": "http://dbpedia.org/resource/Coxeter\u2013James_Prize"
    },
    {
        "subject": "http://dbpedia.org/resource/Kaisa_Matom\u00e4ki",
        "predicate": "http://dbpedia.org/ontology/wikiPageWikiLink",
        "object": "http://dbpedia.org/resource/Polish_Mathematical_Society"
    },
    {
        "subject": "http://dbpedia.org/resource/Kaisa_Matom\u00e4ki",
        "predicate": "http://dbpedia.org/ontology/wikiPageWikiLink",
        "object": "http://dbpedia.org/resource/Stefan_Banach_Prize"
    },
    {
        "subject": "http://dbpedia.org/resource/Kaisa_Matom\u00e4ki",
        "predicate": "http://dbpedia.org/ontology/wikiPageWikiLink",
        "object": "http://dbpedia.org/resource/Category:Polish_mathematicians"
    }
]