[
    {
        "subject": "http://dbpedia.org/resource/Karen_Saxe",
        "predicate": "http://dbpedia.org/ontology/wikiPageWikiLink",
        "object": "http://dbpedia.org/resource/Category:Banach_spaces"
    },
    {
        "subject": "http://dbpedia.org/resource/Karen_Saxe",
        "predicate": "http://dbpedia.org/ontology/wikiPageWikiLink",
        "object": "http://dbpedia.org/resource/Per_Enflo"
    },
    {
        "subject": "http://dbpedia.org/resource/Karen_Saxe",
        "predicate": "http://dbpedia.org/ontology/wikiPageWikiLink",
        "object": "http://dbpedia.org/resource/Robert_G._Bartle"
    },
    {
        "subject": "http://dbpedia.org/resource/Karen_Saxe",
        "predicate": "http://dbpedia.org/ontology/wikiPageWikiLink",
        "object": "http://dbpedia.org/resource/Category:Operator_theory"
    },
    {
        "subject": "http://dbpedia.org/resource/Karen_Saxe",
        "predicate": "http://dbpedia.org/ontology/wikiPageWikiLink",
        "object": "http://dbpedia.org/resource/Mathematics"
    },
    {
        "subject": "http://dbpedia.org/resource/Karen_Saxe",
        "predicate": "http://dbpedia.org/ontology/wikiPageWikiLink",
        "object": "http://dbpedia.org/resource/Nuclear_space"
    },
    {
        "subject": "http://dbpedia.org/resource/Karen_Saxe",
        "predicate": "http://dbpedia.org/ontology/wikiPageWikiLink",
        "object": "http://dbpedia.org/resource/Operator_(mathematics)"
    },
    {
        "subject": "http://dbpedia.org/resource/Karen_Saxe",
        "predicate": "http://dbpedia.org/ontology/wikiPageWikiLink",
        "object": "http://dbpedia.org/resource/Bounded_operator"
    },
    {
        "subject": "http://dbpedia.org/resource/Karen_Saxe",
        "predicate": "http://dbpedia.org/ontology/wikiPageWikiLink",
        "object": "http://dbpedia.org/resource/Relatively_compact_subspace"
    },
    {
        "subject": "http://dbpedia.org/resource/Karen_Saxe",
        "predicate": "http://dbpedia.org/ontology/wikiPageWikiLink",
        "object": "http://dbpedia.org/resource/Lp_space"
    },
    {
        "subject": "http://dbpedia.org/resource/Karen_Saxe",
        "predicate": "http://dbpedia.org/ontology/wikiPageWikiLink",
        "object": "http://dbpedia.org/resource/Compact_operator"
    },
    {
        "subject": "http://dbpedia.org/resource/Karen_Saxe",
        "predicate": "http://dbpedia.org/ontology/wikiPageWikiLink",
        "object": "http://dbpedia.org/resource/Functional_analysis"
    },
    {
        "subject": "http://dbpedia.org/resource/Karen_Saxe",
        "predicate": "http://dbpedia.org/ontology/wikiPageWikiLink",
        "object": "http://dbpedia.org/resource/Schauder_basis"
    },
    {
        "subject": "http://dbpedia.org/resource/Karen_Saxe",
        "predicate": "http://dbpedia.org/ontology/wikiPageWikiLink",
        "object": "http://dbpedia.org/resource/Mathematical_Reviews"
    },
    {
        "subject": "http://dbpedia.org/resource/Karen_Saxe",
        "predicate": "http://dbpedia.org/ontology/wikiPageWikiLink",
        "object": "http://dbpedia.org/resource/Banach_space"
    },
    {
        "subject": "http://dbpedia.org/resource/Karen_Saxe",
        "predicate": "http://dbpedia.org/ontology/wikiPageWikiLink",
        "object": "http://dbpedia.org/resource/Acta_Mathematica"
    },
    {
        "subject": "http://dbpedia.org/resource/Karen_Saxe",
        "predicate": "http://dbpedia.org/ontology/wikiPageWikiLink",
        "object": "http://dbpedia.org/resource/Tsirelson_space"
    },
    {
        "subject": "http://dbpedia.org/resource/Karen_Saxe",
        "predicate": "http://dbpedia.org/ontology/wikiPageWikiLink",
        "object": "http://dbpedia.org/resource/American_Mathematical_Monthly"
    },
    {
        "subject": "http://dbpedia.org/resource/Karen_Saxe",
        "predicate": "http://dbpedia.org/ontology/wikiPageWikiLink",
        "object": "http://dbpedia.org/resource/Graduate_Texts_in_Mathematics"
    },
    {
        "subject": "http://dbpedia.org/resource/Karen_Saxe",
        "predicate": "http://dbpedia.org/ontology/wikiPageWikiLink",
        "object": "http://dbpedia.org/resource/Karen_Saxe"
    },
    {
        "subject": "http://dbpedia.org/resource/Karen_Saxe",
        "predicate": "http://dbpedia.org/ontology/wikiPageWikiLink",
        "object": "http://dbpedia.org/resource/Hilbert_space"
    },
    {
        "subject": "http://dbpedia.org/resource/Karen_Saxe",
        "predicate": "http://dbpedia.org/ontology/wikiPageWikiLink",
        "object": "http://dbpedia.org/resource/Sequence_space"
    },
    {
        "subject": "http://dbpedia.org/resource/Karen_Saxe",
        "predicate": "http://dbpedia.org/ontology/wikiPageWikiLink",
        "object": "http://dbpedia.org/resource/Undergraduate_Texts_in_Mathematics"
    },
    {
        "subject": "http://dbpedia.org/resource/Karen_Saxe",
        "predicate": "http://dbpedia.org/ontology/wikiPageWikiLink",
        "object": "http://dbpedia.org/resource/Locally_convex"
    },
    {
        "subject": "http://dbpedia.org/resource/Karen_Saxe",
        "predicate": "http://dbpedia.org/ontology/wikiPageWikiLink",
        "object": "http://dbpedia.org/resource/Finite-rank_operator"
    },
    {
        "subject": "http://dbpedia.org/resource/Karen_Saxe",
        "predicate": "http://dbpedia.org/ontology/wikiPageWikiLink",
        "object": "http://dbpedia.org/resource/Lindenstrauss,_J."
    },
    {
        "subject": "http://dbpedia.org/resource/Karen_Saxe",
        "predicate": "http://dbpedia.org/ontology/wikiPageWikiLink",
        "object": "http://dbpedia.org/resource/Springer-Verlag"
    },
    {
        "subject": "http://dbpedia.org/resource/Karen_Saxe",
        "predicate": "http://dbpedia.org/ontology/wikiPageWikiLink",
        "object": "http://dbpedia.org/resource/Grothendieck"
    },
    {
        "subject": "http://dbpedia.org/resource/Karen_Saxe",
        "predicate": "http://dbpedia.org/ontology/wikiPageWikiLink",
        "object": "http://dbpedia.org/resource/Grothendieck,_A."
    },
    {
        "subject": "http://dbpedia.org/resource/Karen_Saxe",
        "predicate": "http://dbpedia.org/ontology/wikiPageWikiLink",
        "object": "http://dbpedia.org/resource/Paul_R._Halmos"
    },
    {
        "subject": "http://dbpedia.org/resource/Karen_Saxe",
        "predicate": "http://dbpedia.org/ontology/wikiPageWikiLink",
        "object": "http://dbpedia.org/resource/Compact_set"
    },
    {
        "subject": "http://dbpedia.org/resource/Karen_Saxe",
        "predicate": "http://dbpedia.org/ontology/wikiPageWikiLink",
        "object": "http://dbpedia.org/resource/File:MazurGes.jpg"
    },
    {
        "subject": "http://dbpedia.org/resource/Karen_Saxe",
        "predicate": "http://dbpedia.org/ontology/wikiPageWikiLink",
        "object": "http://dbpedia.org/resource/Canisius_College"
    },
    {
        "subject": "http://dbpedia.org/resource/Karen_Saxe",
        "predicate": "http://dbpedia.org/ontology/wikiPageWikiLink",
        "object": "http://dbpedia.org/resource/Quantum_mechanics"
    },
    {
        "subject": "http://dbpedia.org/resource/Karen_Saxe",
        "predicate": "http://dbpedia.org/ontology/wikiPageWikiLink",
        "object": "http://dbpedia.org/resource/Basis_(linear_algebra)"
    },
    {
        "subject": "http://dbpedia.org/resource/Karen_Saxe",
        "predicate": "http://dbpedia.org/ontology/wikiPageWikiLink",
        "object": "http://dbpedia.org/resource/Algorithm"
    },
    {
        "subject": "http://dbpedia.org/resource/Karen_Saxe",
        "predicate": "http://dbpedia.org/ontology/wikiPageWikiLink",
        "object": "http://dbpedia.org/resource/Category:Swedish_classical_pianists"
    },
    {
        "subject": "http://dbpedia.org/resource/Karen_Saxe",
        "predicate": "http://dbpedia.org/ontology/wikiPageWikiLink",
        "object": "http://dbpedia.org/resource/Applied_mathematics"
    },
    {
        "subject": "http://dbpedia.org/resource/Karen_Saxe",
        "predicate": "http://dbpedia.org/ontology/wikiPageWikiLink",
        "object": "http://dbpedia.org/resource/Approximation_algorithm"
    },
    {
        "subject": "http://dbpedia.org/resource/Karen_Saxe",
        "predicate": "http://dbpedia.org/ontology/wikiPageWikiLink",
        "object": "http://dbpedia.org/resource/Approximation_property"
    },
    {
        "subject": "http://dbpedia.org/resource/Karen_Saxe",
        "predicate": "http://dbpedia.org/ontology/wikiPageWikiLink",
        "object": "http://dbpedia.org/resource/Human_evolution"
    },
    {
        "subject": "http://dbpedia.org/resource/Karen_Saxe",
        "predicate": "http://dbpedia.org/ontology/wikiPageWikiLink",
        "object": "http://dbpedia.org/resource/Joram_Lindenstrauss"
    },
    {
        "subject": "http://dbpedia.org/resource/Karen_Saxe",
        "predicate": "http://dbpedia.org/ontology/wikiPageWikiLink",
        "object": "http://dbpedia.org/resource/Robert_G._Bartle"
    },
    {
        "subject": "http://dbpedia.org/resource/Karen_Saxe",
        "predicate": "http://dbpedia.org/ontology/wikiPageWikiLink",
        "object": "http://dbpedia.org/resource/DNA"
    },
    {
        "subject": "http://dbpedia.org/resource/Karen_Saxe",
        "predicate": "http://dbpedia.org/ontology/wikiPageWikiLink",
        "object": "http://dbpedia.org/resource/United_States"
    },
    {
        "subject": "http://dbpedia.org/resource/Karen_Saxe",
        "predicate": "http://dbpedia.org/ontology/wikiPageWikiLink",
        "object": "http://dbpedia.org/resource/University_of_California,_Berkeley"
    },
    {
        "subject": "http://dbpedia.org/resource/Karen_Saxe",
        "predicate": "http://dbpedia.org/ontology/wikiPageWikiLink",
        "object": "http://dbpedia.org/resource/Van_Cliburn_International_Piano_Competition"
    },
    {
        "subject": "http://dbpedia.org/resource/Karen_Saxe",
        "predicate": "http://dbpedia.org/ontology/wikiPageWikiLink",
        "object": "http://dbpedia.org/resource/Vector_space"
    },
    {
        "subject": "http://dbpedia.org/resource/Karen_Saxe",
        "predicate": "http://dbpedia.org/ontology/wikiPageWikiLink",
        "object": "http://dbpedia.org/resource/Invariant_subspace"
    },
    {
        "subject": "http://dbpedia.org/resource/Karen_Saxe",
        "predicate": "http://dbpedia.org/ontology/wikiPageWikiLink",
        "object": "http://dbpedia.org/resource/Invariant_subspace_problem"
    },
    {
        "subject": "http://dbpedia.org/resource/Karen_Saxe",
        "predicate": "http://dbpedia.org/ontology/wikiPageWikiLink",
        "object": "http://dbpedia.org/resource/Category:20th-century_American_male_musicians"
    },
    {
        "subject": "http://dbpedia.org/resource/Karen_Saxe",
        "predicate": "http://dbpedia.org/ontology/wikiPageWikiLink",
        "object": "http://dbpedia.org/resource/Category:20th-century_American_pianists"
    },
    {
        "subject": "http://dbpedia.org/resource/Karen_Saxe",
        "predicate": "http://dbpedia.org/ontology/wikiPageWikiLink",
        "object": "http://dbpedia.org/resource/Category:Living_people"
    },
    {
        "subject": "http://dbpedia.org/resource/Karen_Saxe",
        "predicate": "http://dbpedia.org/ontology/wikiPageWikiLink",
        "object": "http://dbpedia.org/resource/Columbus,_Ohio"
    },
    {
        "subject": "http://dbpedia.org/resource/Karen_Saxe",
        "predicate": "http://dbpedia.org/ontology/wikiPageWikiLink",
        "object": "http://dbpedia.org/resource/Complete_space"
    },
    {
        "subject": "http://dbpedia.org/resource/Karen_Saxe",
        "predicate": "http://dbpedia.org/ontology/wikiPageWikiLink",
        "object": "http://dbpedia.org/resource/Complex_number"
    },
    {
        "subject": "http://dbpedia.org/resource/Karen_Saxe",
        "predicate": "http://dbpedia.org/ontology/wikiPageWikiLink",
        "object": "http://dbpedia.org/resource/Computer_algebra"
    },
    {
        "subject": "http://dbpedia.org/resource/Karen_Saxe",
        "predicate": "http://dbpedia.org/ontology/wikiPageWikiLink",
        "object": "http://dbpedia.org/resource/Continuous_linear_operator"
    },
    {
        "subject": "http://dbpedia.org/resource/Karen_Saxe",
        "predicate": "http://dbpedia.org/ontology/wikiPageWikiLink",
        "object": "http://dbpedia.org/resource/Analysis_of_algorithms"
    },
    {
        "subject": "http://dbpedia.org/resource/Karen_Saxe",
        "predicate": "http://dbpedia.org/ontology/wikiPageWikiLink",
        "object": "http://dbpedia.org/resource/Category:Directors_of_the_Mittag-Leffler_Institute"
    },
    {
        "subject": "http://dbpedia.org/resource/Karen_Saxe",
        "predicate": "http://dbpedia.org/ontology/wikiPageWikiLink",
        "object": "http://dbpedia.org/resource/Mathematical_analysis"
    },
    {
        "subject": "http://dbpedia.org/resource/Karen_Saxe",
        "predicate": "http://dbpedia.org/ontology/wikiPageWikiLink",
        "object": "http://dbpedia.org/resource/Mathematical_biology"
    },
    {
        "subject": "http://dbpedia.org/resource/Karen_Saxe",
        "predicate": "http://dbpedia.org/ontology/wikiPageWikiLink",
        "object": "http://dbpedia.org/resource/Mathematical_problems"
    },
    {
        "subject": "http://dbpedia.org/resource/Karen_Saxe",
        "predicate": "http://dbpedia.org/ontology/wikiPageWikiLink",
        "object": "http://dbpedia.org/resource/Child_prodigy"
    },
    {
        "subject": "http://dbpedia.org/resource/Karen_Saxe",
        "predicate": "http://dbpedia.org/ontology/wikiPageWikiLink",
        "object": "http://dbpedia.org/resource/Norm_(mathematics)"
    },
    {
        "subject": "http://dbpedia.org/resource/Karen_Saxe",
        "predicate": "http://dbpedia.org/ontology/wikiPageWikiLink",
        "object": "http://dbpedia.org/resource/Old_World"
    },
    {
        "subject": "http://dbpedia.org/resource/Karen_Saxe",
        "predicate": "http://dbpedia.org/ontology/wikiPageWikiLink",
        "object": "http://dbpedia.org/resource/Operator_(mathematics)"
    },
    {
        "subject": "http://dbpedia.org/resource/Karen_Saxe",
        "predicate": "http://dbpedia.org/ontology/wikiPageWikiLink",
        "object": "http://dbpedia.org/resource/Operator_theory"
    },
    {
        "subject": "http://dbpedia.org/resource/Karen_Saxe",
        "predicate": "http://dbpedia.org/ontology/wikiPageWikiLink",
        "object": "http://dbpedia.org/resource/Scottish_Book"
    },
    {
        "subject": "http://dbpedia.org/resource/Karen_Saxe",
        "predicate": "http://dbpedia.org/ontology/wikiPageWikiLink",
        "object": "http://dbpedia.org/resource/Scottish_Caf\u00e9"
    },
    {
        "subject": "http://dbpedia.org/resource/Karen_Saxe",
        "predicate": "http://dbpedia.org/ontology/wikiPageWikiLink",
        "object": "http://dbpedia.org/resource/Category:KTH_Royal_Institute_of_Technology_faculty"
    },
    {
        "subject": "http://dbpedia.org/resource/Karen_Saxe",
        "predicate": "http://dbpedia.org/ontology/wikiPageWikiLink",
        "object": "http://dbpedia.org/resource/Category:Operator_theorists"
    },
    {
        "subject": "http://dbpedia.org/resource/Karen_Saxe",
        "predicate": "http://dbpedia.org/ontology/wikiPageWikiLink",
        "object": "http://dbpedia.org/resource/Category:Swedish_mathematicians"
    },
    {
        "subject": "http://dbpedia.org/resource/Karen_Saxe",
        "predicate": "http://dbpedia.org/ontology/wikiPageWikiLink",
        "object": "http://dbpedia.org/resource/Enrico_Bombieri"
    },
    {
        "subject": "http://dbpedia.org/resource/Karen_Saxe",
        "predicate": "http://dbpedia.org/ontology/wikiPageWikiLink",
        "object": "http://dbpedia.org/resource/Function_(mathematics)"
    },
    {
        "subject": "http://dbpedia.org/resource/Karen_Saxe",
        "predicate": "http://dbpedia.org/ontology/wikiPageWikiLink",
        "object": "http://dbpedia.org/resource/Gorham's_Cave"
    },
    {
        "subject": "http://dbpedia.org/resource/Karen_Saxe",
        "predicate": "http://dbpedia.org/ontology/wikiPageWikiLink",
        "object": "http://dbpedia.org/resource/Bounded_operator"
    },
    {
        "subject": "http://dbpedia.org/resource/Karen_Saxe",
        "predicate": "http://dbpedia.org/ontology/wikiPageWikiLink",
        "object": "http://dbpedia.org/resource/Mozart"
    },
    {
        "subject": "http://dbpedia.org/resource/Karen_Saxe",
        "predicate": "http://dbpedia.org/ontology/wikiPageWikiLink",
        "object": "http://dbpedia.org/resource/Milford_H._Wolpoff"
    },
    {
        "subject": "http://dbpedia.org/resource/Karen_Saxe",
        "predicate": "http://dbpedia.org/ontology/wikiPageWikiLink",
        "object": "http://dbpedia.org/resource/Miller_Institute"
    },
    {
        "subject": "http://dbpedia.org/resource/Karen_Saxe",
        "predicate": "http://dbpedia.org/ontology/wikiPageWikiLink",
        "object": "http://dbpedia.org/resource/Normed_algebra"
    },
    {
        "subject": "http://dbpedia.org/resource/Karen_Saxe",
        "predicate": "http://dbpedia.org/ontology/wikiPageWikiLink",
        "object": "http://dbpedia.org/resource/Category:Musicians_from_Stockholm"
    },
    {
        "subject": "http://dbpedia.org/resource/Karen_Saxe",
        "predicate": "http://dbpedia.org/ontology/wikiPageWikiLink",
        "object": "http://dbpedia.org/resource/Lipschitz_continuity"
    },
    {
        "subject": "http://dbpedia.org/resource/Karen_Saxe",
        "predicate": "http://dbpedia.org/ontology/wikiPageWikiLink",
        "object": "http://dbpedia.org/resource/Stanford_University"
    },
    {
        "subject": "http://dbpedia.org/resource/Karen_Saxe",
        "predicate": "http://dbpedia.org/ontology/wikiPageWikiLink",
        "object": "http://dbpedia.org/resource/Stefan_Banach"
    },
    {
        "subject": "http://dbpedia.org/resource/Karen_Saxe",
        "predicate": "http://dbpedia.org/ontology/wikiPageWikiLink",
        "object": "http://dbpedia.org/resource/Stochastic_processes"
    },
    {
        "subject": "http://dbpedia.org/resource/Karen_Saxe",
        "predicate": "http://dbpedia.org/ontology/wikiPageWikiLink",
        "object": "http://dbpedia.org/resource/Stockholm"
    },
    {
        "subject": "http://dbpedia.org/resource/Karen_Saxe",
        "predicate": "http://dbpedia.org/ontology/wikiPageWikiLink",
        "object": "http://dbpedia.org/resource/Stockholm_Concert_Hall"
    },
    {
        "subject": "http://dbpedia.org/resource/Karen_Saxe",
        "predicate": "http://dbpedia.org/ontology/wikiPageWikiLink",
        "object": "http://dbpedia.org/resource/Stockholm_University"
    },
    {
        "subject": "http://dbpedia.org/resource/Karen_Saxe",
        "predicate": "http://dbpedia.org/ontology/wikiPageWikiLink",
        "object": "http://dbpedia.org/resource/Closed_set"
    },
    {
        "subject": "http://dbpedia.org/resource/Karen_Saxe",
        "predicate": "http://dbpedia.org/ontology/wikiPageWikiLink",
        "object": "http://dbpedia.org/resource/Compact_operator"
    },
    {
        "subject": "http://dbpedia.org/resource/Karen_Saxe",
        "predicate": "http://dbpedia.org/ontology/wikiPageWikiLink",
        "object": "http://dbpedia.org/resource/Computational_geometry"
    },
    {
        "subject": "http://dbpedia.org/resource/Karen_Saxe",
        "predicate": "http://dbpedia.org/ontology/wikiPageWikiLink",
        "object": "http://dbpedia.org/resource/Computer_science"
    },
    {
        "subject": "http://dbpedia.org/resource/Karen_Saxe",
        "predicate": "http://dbpedia.org/ontology/wikiPageWikiLink",
        "object": "http://dbpedia.org/resource/\u00c9cole_Polytechnique"
    },
    {
        "subject": "http://dbpedia.org/resource/Karen_Saxe",
        "predicate": "http://dbpedia.org/ontology/wikiPageWikiLink",
        "object": "http://dbpedia.org/resource/Embedding"
    },
    {
        "subject": "http://dbpedia.org/resource/Karen_Saxe",
        "predicate": "http://dbpedia.org/ontology/wikiPageWikiLink",
        "object": "http://dbpedia.org/resource/Functional_analysis"
    },
    {
        "subject": "http://dbpedia.org/resource/Karen_Saxe",
        "predicate": "http://dbpedia.org/ontology/wikiPageWikiLink",
        "object": "http://dbpedia.org/resource/Schauder_basis"
    },
    {
        "subject": "http://dbpedia.org/resource/Karen_Saxe",
        "predicate": "http://dbpedia.org/ontology/wikiPageWikiLink",
        "object": "http://dbpedia.org/resource/Population_genetics"
    },
    {
        "subject": "http://dbpedia.org/resource/Karen_Saxe",
        "predicate": "http://dbpedia.org/ontology/wikiPageWikiLink",
        "object": "http://dbpedia.org/resource/Mathematical_Reviews"
    },
    {
        "subject": "http://dbpedia.org/resource/Karen_Saxe",
        "predicate": "http://dbpedia.org/ontology/wikiPageWikiLink",
        "object": "http://dbpedia.org/resource/Banach_space"
    }
]