[
    {
        "subject": "http://dbpedia.org/resource/Lillian_Pierce",
        "predicate": "http://dbpedia.org/ontology/wikiPageWikiLink",
        "object": "http://dbpedia.org/resource/Princeton,_New_Jersey"
    },
    {
        "subject": "http://dbpedia.org/resource/Lillian_Pierce",
        "predicate": "http://dbpedia.org/ontology/wikiPageWikiLink",
        "object": "http://dbpedia.org/resource/Princeton_University"
    },
    {
        "subject": "http://dbpedia.org/resource/Lillian_Pierce",
        "predicate": "http://dbpedia.org/ontology/wikiPageWikiLink",
        "object": "http://dbpedia.org/resource/Robin_Hartshorne"
    },
    {
        "subject": "http://dbpedia.org/resource/Lillian_Pierce",
        "predicate": "http://dbpedia.org/ontology/wikiPageWikiLink",
        "object": "http://dbpedia.org/resource/Royal_Medal"
    },
    {
        "subject": "http://dbpedia.org/resource/Lillian_Pierce",
        "predicate": "http://dbpedia.org/ontology/wikiPageWikiLink",
        "object": "http://dbpedia.org/resource/Entscheidungsproblem"
    },
    {
        "subject": "http://dbpedia.org/resource/Lillian_Pierce",
        "predicate": "http://dbpedia.org/ontology/wikiPageWikiLink",
        "object": "http://dbpedia.org/resource/MIT_Department_of_Mathematics"
    },
    {
        "subject": "http://dbpedia.org/resource/Lillian_Pierce",
        "predicate": "http://dbpedia.org/ontology/wikiPageWikiLink",
        "object": "http://dbpedia.org/resource/Morgan_Prize"
    },
    {
        "subject": "http://dbpedia.org/resource/Lillian_Pierce",
        "predicate": "http://dbpedia.org/ontology/wikiPageWikiLink",
        "object": "http://dbpedia.org/resource/Princeton_University_Department_of_Physics"
    },
    {
        "subject": "http://dbpedia.org/resource/Lillian_Pierce",
        "predicate": "http://dbpedia.org/ontology/wikiPageWikiLink",
        "object": "http://dbpedia.org/resource/Princeton_University_Graduate_School"
    },
    {
        "subject": "http://dbpedia.org/resource/Lillian_Pierce",
        "predicate": "http://dbpedia.org/ontology/wikiPageWikiLink",
        "object": "http://dbpedia.org/resource/Barry_Mazur"
    },
    {
        "subject": "http://dbpedia.org/resource/Lillian_Pierce",
        "predicate": "http://dbpedia.org/ontology/wikiPageWikiLink",
        "object": "http://dbpedia.org/resource/David_Gabai"
    },
    {
        "subject": "http://dbpedia.org/resource/Lillian_Pierce",
        "predicate": "http://dbpedia.org/ontology/wikiPageWikiLink",
        "object": "http://dbpedia.org/resource/Annals_of_Mathematics"
    },
    {
        "subject": "http://dbpedia.org/resource/Lillian_Pierce",
        "predicate": "http://dbpedia.org/ontology/wikiPageWikiLink",
        "object": "http://dbpedia.org/resource/John_Pardon"
    },
    {
        "subject": "http://dbpedia.org/resource/Lillian_Pierce",
        "predicate": "http://dbpedia.org/ontology/wikiPageWikiLink",
        "object": "http://dbpedia.org/resource/John_R._Stallings"
    },
    {
        "subject": "http://dbpedia.org/resource/Lillian_Pierce",
        "predicate": "http://dbpedia.org/ontology/wikiPageWikiLink",
        "object": "http://dbpedia.org/resource/John_Tate_(mathematician)"
    },
    {
        "subject": "http://dbpedia.org/resource/Lillian_Pierce",
        "predicate": "http://dbpedia.org/ontology/wikiPageWikiLink",
        "object": "http://dbpedia.org/resource/John_Tukey"
    },
    {
        "subject": "http://dbpedia.org/resource/Lillian_Pierce",
        "predicate": "http://dbpedia.org/ontology/wikiPageWikiLink",
        "object": "http://dbpedia.org/resource/John_von_Neumann"
    },
    {
        "subject": "http://dbpedia.org/resource/Lillian_Pierce",
        "predicate": "http://dbpedia.org/ontology/wikiPageWikiLink",
        "object": "http://dbpedia.org/resource/Paul_Erd\u0151s"
    },
    {
        "subject": "http://dbpedia.org/resource/Lillian_Pierce",
        "predicate": "http://dbpedia.org/ontology/wikiPageWikiLink",
        "object": "http://dbpedia.org/resource/Paul_Steinhardt"
    },
    {
        "subject": "http://dbpedia.org/resource/Lillian_Pierce",
        "predicate": "http://dbpedia.org/ontology/wikiPageWikiLink",
        "object": "http://dbpedia.org/resource/Peter_Ozsv\u00e1th"
    },
    {
        "subject": "http://dbpedia.org/resource/Lillian_Pierce",
        "predicate": "http://dbpedia.org/ontology/wikiPageWikiLink",
        "object": "http://dbpedia.org/resource/Peter_Sarnak"
    },
    {
        "subject": "http://dbpedia.org/resource/Lillian_Pierce",
        "predicate": "http://dbpedia.org/ontology/wikiPageWikiLink",
        "object": "http://dbpedia.org/resource/Richard_Taylor_(mathematician)"
    },
    {
        "subject": "http://dbpedia.org/resource/Lillian_Pierce",
        "predicate": "http://dbpedia.org/ontology/wikiPageWikiLink",
        "object": "http://dbpedia.org/resource/University_of_California,_Berkeley"
    },
    {
        "subject": "http://dbpedia.org/resource/Lillian_Pierce",
        "predicate": "http://dbpedia.org/ontology/wikiPageWikiLink",
        "object": "http://dbpedia.org/resource/University_of_California,_Los_Angeles"
    },
    {
        "subject": "http://dbpedia.org/resource/Lillian_Pierce",
        "predicate": "http://dbpedia.org/ontology/wikiPageWikiLink",
        "object": "http://dbpedia.org/resource/University_of_California,_San_Diego"
    },
    {
        "subject": "http://dbpedia.org/resource/Lillian_Pierce",
        "predicate": "http://dbpedia.org/ontology/wikiPageWikiLink",
        "object": "http://dbpedia.org/resource/University_of_Cambridge"
    },
    {
        "subject": "http://dbpedia.org/resource/Lillian_Pierce",
        "predicate": "http://dbpedia.org/ontology/wikiPageWikiLink",
        "object": "http://dbpedia.org/resource/University_of_Oxford"
    },
    {
        "subject": "http://dbpedia.org/resource/Lillian_Pierce",
        "predicate": "http://dbpedia.org/ontology/wikiPageWikiLink",
        "object": "http://dbpedia.org/resource/University_of_Paris"
    },
    {
        "subject": "http://dbpedia.org/resource/Lillian_Pierce",
        "predicate": "http://dbpedia.org/ontology/wikiPageWikiLink",
        "object": "http://dbpedia.org/resource/University_of_Pennsylvania"
    },
    {
        "subject": "http://dbpedia.org/resource/Lillian_Pierce",
        "predicate": "http://dbpedia.org/ontology/wikiPageWikiLink",
        "object": "http://dbpedia.org/resource/Infosys_Prize"
    },
    {
        "subject": "http://dbpedia.org/resource/Lillian_Pierce",
        "predicate": "http://dbpedia.org/ontology/wikiPageWikiLink",
        "object": "http://dbpedia.org/resource/Real_analysis"
    },
    {
        "subject": "http://dbpedia.org/resource/Lillian_Pierce",
        "predicate": "http://dbpedia.org/ontology/wikiPageWikiLink",
        "object": "http://dbpedia.org/resource/Levi_L._Conant_Prize"
    },
    {
        "subject": "http://dbpedia.org/resource/Lillian_Pierce",
        "predicate": "http://dbpedia.org/ontology/wikiPageWikiLink",
        "object": "http://dbpedia.org/resource/Lillian_Pierce"
    },
    {
        "subject": "http://dbpedia.org/resource/Lillian_Pierce",
        "predicate": "http://dbpedia.org/ontology/wikiPageWikiLink",
        "object": "http://dbpedia.org/resource/Rolf_Schock_Prizes"
    },
    {
        "subject": "http://dbpedia.org/resource/Lillian_Pierce",
        "predicate": "http://dbpedia.org/ontology/wikiPageWikiLink",
        "object": "http://dbpedia.org/resource/Sophie_Morel"
    },
    {
        "subject": "http://dbpedia.org/resource/Lillian_Pierce",
        "predicate": "http://dbpedia.org/ontology/wikiPageWikiLink",
        "object": "http://dbpedia.org/resource/Complex_analysis"
    },
    {
        "subject": "http://dbpedia.org/resource/Lillian_Pierce",
        "predicate": "http://dbpedia.org/ontology/wikiPageWikiLink",
        "object": "http://dbpedia.org/resource/Massachusetts_Institute_of_Technology"
    },
    {
        "subject": "http://dbpedia.org/resource/Lillian_Pierce",
        "predicate": "http://dbpedia.org/ontology/wikiPageWikiLink",
        "object": "http://dbpedia.org/resource/Mathematica"
    },
    {
        "subject": "http://dbpedia.org/resource/Lillian_Pierce",
        "predicate": "http://dbpedia.org/ontology/wikiPageWikiLink",
        "object": "http://dbpedia.org/resource/Mathematica_Policy_Research"
    },
    {
        "subject": "http://dbpedia.org/resource/Lillian_Pierce",
        "predicate": "http://dbpedia.org/ontology/wikiPageWikiLink",
        "object": "http://dbpedia.org/resource/Mathematics"
    },
    {
        "subject": "http://dbpedia.org/resource/Lillian_Pierce",
        "predicate": "http://dbpedia.org/ontology/wikiPageWikiLink",
        "object": "http://dbpedia.org/resource/Russian_language"
    },
    {
        "subject": "http://dbpedia.org/resource/Lillian_Pierce",
        "predicate": "http://dbpedia.org/ontology/wikiPageWikiLink",
        "object": "http://dbpedia.org/resource/George_David_Birkhoff_Prize"
    },
    {
        "subject": "http://dbpedia.org/resource/Lillian_Pierce",
        "predicate": "http://dbpedia.org/ontology/wikiPageWikiLink",
        "object": "http://dbpedia.org/resource/National_Medal_of_Science"
    },
    {
        "subject": "http://dbpedia.org/resource/Lillian_Pierce",
        "predicate": "http://dbpedia.org/ontology/wikiPageWikiLink",
        "object": "http://dbpedia.org/resource/Ostrowski_Prize"
    },
    {
        "subject": "http://dbpedia.org/resource/Lillian_Pierce",
        "predicate": "http://dbpedia.org/ontology/wikiPageWikiLink",
        "object": "http://dbpedia.org/resource/Sun-Yung_Alice_Chang"
    },
    {
        "subject": "http://dbpedia.org/resource/Lillian_Pierce",
        "predicate": "http://dbpedia.org/ontology/wikiPageWikiLink",
        "object": "http://dbpedia.org/resource/Edward_Witten"
    },
    {
        "subject": "http://dbpedia.org/resource/Lillian_Pierce",
        "predicate": "http://dbpedia.org/ontology/wikiPageWikiLink",
        "object": "http://dbpedia.org/resource/Elias_M._Stein"
    },
    {
        "subject": "http://dbpedia.org/resource/Lillian_Pierce",
        "predicate": "http://dbpedia.org/ontology/wikiPageWikiLink",
        "object": "http://dbpedia.org/resource/Elliott_H._Lieb"
    },
    {
        "subject": "http://dbpedia.org/resource/Lillian_Pierce",
        "predicate": "http://dbpedia.org/ontology/wikiPageWikiLink",
        "object": "http://dbpedia.org/resource/Elon_Lindenstrauss"
    },
    {
        "subject": "http://dbpedia.org/resource/Lillian_Pierce",
        "predicate": "http://dbpedia.org/ontology/wikiPageWikiLink",
        "object": "http://dbpedia.org/resource/Emil_Artin"
    },
    {
        "subject": "http://dbpedia.org/resource/Lillian_Pierce",
        "predicate": "http://dbpedia.org/ontology/wikiPageWikiLink",
        "object": "http://dbpedia.org/resource/Franklin_Institute_Awards"
    },
    {
        "subject": "http://dbpedia.org/resource/Lillian_Pierce",
        "predicate": "http://dbpedia.org/ontology/wikiPageWikiLink",
        "object": "http://dbpedia.org/resource/French_language"
    },
    {
        "subject": "http://dbpedia.org/resource/Lillian_Pierce",
        "predicate": "http://dbpedia.org/ontology/wikiPageWikiLink",
        "object": "http://dbpedia.org/resource/Game_theory"
    },
    {
        "subject": "http://dbpedia.org/resource/Lillian_Pierce",
        "predicate": "http://dbpedia.org/ontology/wikiPageWikiLink",
        "object": "http://dbpedia.org/resource/Geometry"
    },
    {
        "subject": "http://dbpedia.org/resource/Lillian_Pierce",
        "predicate": "http://dbpedia.org/ontology/wikiPageWikiLink",
        "object": "http://dbpedia.org/resource/George_David_Birkhoff"
    },
    {
        "subject": "http://dbpedia.org/resource/Lillian_Pierce",
        "predicate": "http://dbpedia.org/ontology/wikiPageWikiLink",
        "object": "http://dbpedia.org/resource/Gerd_Faltings"
    },
    {
        "subject": "http://dbpedia.org/resource/Lillian_Pierce",
        "predicate": "http://dbpedia.org/ontology/wikiPageWikiLink",
        "object": "http://dbpedia.org/resource/German_language"
    },
    {
        "subject": "http://dbpedia.org/resource/Lillian_Pierce",
        "predicate": "http://dbpedia.org/ontology/wikiPageWikiLink",
        "object": "http://dbpedia.org/resource/Goro_Shimura"
    },
    {
        "subject": "http://dbpedia.org/resource/Lillian_Pierce",
        "predicate": "http://dbpedia.org/ontology/wikiPageWikiLink",
        "object": "http://dbpedia.org/resource/Category:University_departments_in_the_United_States"
    },
    {
        "subject": "http://dbpedia.org/resource/Lillian_Pierce",
        "predicate": "http://dbpedia.org/ontology/wikiPageWikiLink",
        "object": "http://dbpedia.org/resource/Conway's_Game_of_Life"
    },
    {
        "subject": "http://dbpedia.org/resource/Lillian_Pierce",
        "predicate": "http://dbpedia.org/ontology/wikiPageWikiLink",
        "object": "http://dbpedia.org/resource/Andrei_Okounkov"
    },
    {
        "subject": "http://dbpedia.org/resource/Lillian_Pierce",
        "predicate": "http://dbpedia.org/ontology/wikiPageWikiLink",
        "object": "http://dbpedia.org/resource/Andrew_Wiles"
    },
    {
        "subject": "http://dbpedia.org/resource/Lillian_Pierce",
        "predicate": "http://dbpedia.org/ontology/wikiPageWikiLink",
        "object": "http://dbpedia.org/resource/Luther_P._Eisenhart"
    },
    {
        "subject": "http://dbpedia.org/resource/Lillian_Pierce",
        "predicate": "http://dbpedia.org/ontology/wikiPageWikiLink",
        "object": "http://dbpedia.org/resource/MIT"
    },
    {
        "subject": "http://dbpedia.org/resource/Lillian_Pierce",
        "predicate": "http://dbpedia.org/ontology/wikiPageWikiLink",
        "object": "http://dbpedia.org/resource/Shou-Wu_Zhang"
    },
    {
        "subject": "http://dbpedia.org/resource/Lillian_Pierce",
        "predicate": "http://dbpedia.org/ontology/wikiPageWikiLink",
        "object": "http://dbpedia.org/resource/Stanford_University"
    },
    {
        "subject": "http://dbpedia.org/resource/Lillian_Pierce",
        "predicate": "http://dbpedia.org/ontology/wikiPageWikiLink",
        "object": "http://dbpedia.org/resource/Steven_Zucker"
    },
    {
        "subject": "http://dbpedia.org/resource/Lillian_Pierce",
        "predicate": "http://dbpedia.org/ontology/wikiPageWikiLink",
        "object": "http://dbpedia.org/resource/Stony_Brook_University"
    },
    {
        "subject": "http://dbpedia.org/resource/Lillian_Pierce",
        "predicate": "http://dbpedia.org/ontology/wikiPageWikiLink",
        "object": "http://dbpedia.org/resource/Clay_Research_Award"
    },
    {
        "subject": "http://dbpedia.org/resource/Lillian_Pierce",
        "predicate": "http://dbpedia.org/ontology/wikiPageWikiLink",
        "object": "http://dbpedia.org/resource/Henri_Poincar\u00e9_Prize"
    },
    {
        "subject": "http://dbpedia.org/resource/Lillian_Pierce",
        "predicate": "http://dbpedia.org/ontology/wikiPageWikiLink",
        "object": "http://dbpedia.org/resource/Leroy_P._Steele_Prize"
    },
    {
        "subject": "http://dbpedia.org/resource/Lillian_Pierce",
        "predicate": "http://dbpedia.org/ontology/wikiPageWikiLink",
        "object": "http://dbpedia.org/resource/Teaching_assistant"
    },
    {
        "subject": "http://dbpedia.org/resource/Lillian_Pierce",
        "predicate": "http://dbpedia.org/ontology/wikiPageWikiLink",
        "object": "http://dbpedia.org/resource/Valentine_Bargmann"
    },
    {
        "subject": "http://dbpedia.org/resource/Lillian_Pierce",
        "predicate": "http://dbpedia.org/ontology/wikiPageWikiLink",
        "object": "http://dbpedia.org/resource/Steele_Prize"
    },
    {
        "subject": "http://dbpedia.org/resource/Lillian_Pierce",
        "predicate": "http://dbpedia.org/ontology/wikiPageWikiLink",
        "object": "http://dbpedia.org/resource/Bachelor_of_Arts"
    },
    {
        "subject": "http://dbpedia.org/resource/Lillian_Pierce",
        "predicate": "http://dbpedia.org/ontology/wikiPageWikiLink",
        "object": "http://dbpedia.org/resource/Category:Princeton_University"
    },
    {
        "subject": "http://dbpedia.org/resource/Lillian_Pierce",
        "predicate": "http://dbpedia.org/ontology/wikiPageWikiLink",
        "object": "http://dbpedia.org/resource/Category:Research_institutes_in_New_Jersey"
    },
    {
        "subject": "http://dbpedia.org/resource/Lillian_Pierce",
        "predicate": "http://dbpedia.org/ontology/wikiPageWikiLink",
        "object": "http://dbpedia.org/resource/CERN"
    },
    {
        "subject": "http://dbpedia.org/resource/Lillian_Pierce",
        "predicate": "http://dbpedia.org/ontology/wikiPageWikiLink",
        "object": "http://dbpedia.org/resource/Times_Higher_Education"
    },
    {
        "subject": "http://dbpedia.org/resource/Lillian_Pierce",
        "predicate": "http://dbpedia.org/ontology/wikiPageWikiLink",
        "object": "http://dbpedia.org/resource/Topology"
    },
    {
        "subject": "http://dbpedia.org/resource/Lillian_Pierce",
        "predicate": "http://dbpedia.org/ontology/wikiPageWikiLink",
        "object": "http://dbpedia.org/resource/Turing_Award"
    },
    {
        "subject": "http://dbpedia.org/resource/Lillian_Pierce",
        "predicate": "http://dbpedia.org/ontology/wikiPageWikiLink",
        "object": "http://dbpedia.org/resource/U.S._News_&_World_Report"
    },
    {
        "subject": "http://dbpedia.org/resource/Lillian_Pierce",
        "predicate": "http://dbpedia.org/ontology/wikiPageWikiLink",
        "object": "http://dbpedia.org/resource/Daubechies_wavelet"
    },
    {
        "subject": "http://dbpedia.org/resource/Lillian_Pierce",
        "predicate": "http://dbpedia.org/ontology/wikiPageWikiLink",
        "object": "http://dbpedia.org/resource/William_Feller"
    },
    {
        "subject": "http://dbpedia.org/resource/Lillian_Pierce",
        "predicate": "http://dbpedia.org/ontology/wikiPageWikiLink",
        "object": "http://dbpedia.org/resource/William_Thurston"
    },
    {
        "subject": "http://dbpedia.org/resource/Lillian_Pierce",
        "predicate": "http://dbpedia.org/ontology/wikiPageWikiLink",
        "object": "http://dbpedia.org/resource/Langlands_program"
    },
    {
        "subject": "http://dbpedia.org/resource/Lillian_Pierce",
        "predicate": "http://dbpedia.org/ontology/wikiPageWikiLink",
        "object": "http://dbpedia.org/resource/Robert_C._Gunning"
    },
    {
        "subject": "http://dbpedia.org/resource/Lillian_Pierce",
        "predicate": "http://dbpedia.org/ontology/wikiPageWikiLink",
        "object": "http://dbpedia.org/resource/Von_Neumann\u2013Morgenstern_utility_theorem"
    },
    {
        "subject": "http://dbpedia.org/resource/Lillian_Pierce",
        "predicate": "http://dbpedia.org/ontology/wikiPageWikiLink",
        "object": "http://dbpedia.org/resource/Akshay_Venkatesh"
    },
    {
        "subject": "http://dbpedia.org/resource/Lillian_Pierce",
        "predicate": "http://dbpedia.org/ontology/wikiPageWikiLink",
        "object": "http://dbpedia.org/resource/Alan_T._Waterman_Award"
    },
    {
        "subject": "http://dbpedia.org/resource/Lillian_Pierce",
        "predicate": "http://dbpedia.org/ontology/wikiPageWikiLink",
        "object": "http://dbpedia.org/resource/Alan_Turing"
    },
    {
        "subject": "http://dbpedia.org/resource/Lillian_Pierce",
        "predicate": "http://dbpedia.org/ontology/wikiPageWikiLink",
        "object": "http://dbpedia.org/resource/Albert_Einstein"
    },
    {
        "subject": "http://dbpedia.org/resource/Lillian_Pierce",
        "predicate": "http://dbpedia.org/ontology/wikiPageWikiLink",
        "object": "http://dbpedia.org/resource/Algebra"
    },
    {
        "subject": "http://dbpedia.org/resource/Lillian_Pierce",
        "predicate": "http://dbpedia.org/ontology/wikiPageWikiLink",
        "object": "http://dbpedia.org/resource/Alonzo_Church"
    },
    {
        "subject": "http://dbpedia.org/resource/Lillian_Pierce",
        "predicate": "http://dbpedia.org/ontology/wikiPageWikiLink",
        "object": "http://dbpedia.org/resource/American_Mathematical_Society"
    },
    {
        "subject": "http://dbpedia.org/resource/Lillian_Pierce",
        "predicate": "http://dbpedia.org/ontology/wikiPageWikiLink",
        "object": "http://dbpedia.org/resource/Dannie_Heineman_Prize_for_Mathematical_Physics"
    },
    {
        "subject": "http://dbpedia.org/resource/Lillian_Pierce",
        "predicate": "http://dbpedia.org/ontology/wikiPageWikiLink",
        "object": "http://dbpedia.org/resource/Duke_University"
    },
    {
        "subject": "http://dbpedia.org/resource/Lillian_Pierce",
        "predicate": "http://dbpedia.org/ontology/wikiPageWikiLink",
        "object": "http://dbpedia.org/resource/ETH_Zurich"
    },
    {
        "subject": "http://dbpedia.org/resource/Lillian_Pierce",
        "predicate": "http://dbpedia.org/ontology/wikiPageWikiLink",
        "object": "http://dbpedia.org/resource/Eugene_Wigner"
    },
    {
        "subject": "http://dbpedia.org/resource/Lillian_Pierce",
        "predicate": "http://dbpedia.org/ontology/wikiPageWikiLink",
        "object": "http://dbpedia.org/resource/Eugenio_Calabi"
    }
]