[
    {
        "subject": "http://dbpedia.org/resource/Lisa_Goldberg",
        "predicate": "http://dbpedia.org/ontology/wikiPageWikiLink",
        "object": "http://dbpedia.org/resource/Princeton_University_Press"
    },
    {
        "subject": "http://dbpedia.org/resource/Lisa_Goldberg",
        "predicate": "http://dbpedia.org/ontology/wikiPageWikiLink",
        "object": "http://dbpedia.org/resource/Anne_M._Leggett"
    },
    {
        "subject": "http://dbpedia.org/resource/Lisa_Goldberg",
        "predicate": "http://dbpedia.org/ontology/wikiPageWikiLink",
        "object": "http://dbpedia.org/resource/Bettye_Anne_Case"
    },
    {
        "subject": "http://dbpedia.org/resource/Lisa_Goldberg",
        "predicate": "http://dbpedia.org/ontology/wikiPageWikiLink",
        "object": "http://dbpedia.org/resource/Richard_S._Varga"
    },
    {
        "subject": "http://dbpedia.org/resource/Lisa_Goldberg",
        "predicate": "http://dbpedia.org/ontology/wikiPageWikiLink",
        "object": "http://dbpedia.org/resource/Linda_Petzold"
    },
    {
        "subject": "http://dbpedia.org/resource/Lisa_Goldberg",
        "predicate": "http://dbpedia.org/ontology/wikiPageWikiLink",
        "object": "http://dbpedia.org/resource/Category:2005_non-fiction_books"
    },
    {
        "subject": "http://dbpedia.org/resource/Lisa_Goldberg",
        "predicate": "http://dbpedia.org/ontology/wikiPageWikiLink",
        "object": "http://dbpedia.org/resource/Cora_Sadosky"
    },
    {
        "subject": "http://dbpedia.org/resource/Lisa_Goldberg",
        "predicate": "http://dbpedia.org/ontology/wikiPageWikiLink",
        "object": "http://dbpedia.org/resource/Two-body_problem_(career)"
    },
    {
        "subject": "http://dbpedia.org/resource/Lisa_Goldberg",
        "predicate": "http://dbpedia.org/ontology/wikiPageWikiLink",
        "object": "http://dbpedia.org/resource/Emmy_Noether"
    },
    {
        "subject": "http://dbpedia.org/resource/Lisa_Goldberg",
        "predicate": "http://dbpedia.org/ontology/wikiPageWikiLink",
        "object": "http://dbpedia.org/resource/Lisa_Goldberg"
    },
    {
        "subject": "http://dbpedia.org/resource/Lisa_Goldberg",
        "predicate": "http://dbpedia.org/ontology/wikiPageWikiLink",
        "object": "http://dbpedia.org/resource/Susan_Landau"
    },
    {
        "subject": "http://dbpedia.org/resource/Lisa_Goldberg",
        "predicate": "http://dbpedia.org/ontology/wikiPageWikiLink",
        "object": "http://dbpedia.org/resource/Category:Mathematics_books"
    },
    {
        "subject": "http://dbpedia.org/resource/Lisa_Goldberg",
        "predicate": "http://dbpedia.org/ontology/wikiPageWikiLink",
        "object": "http://dbpedia.org/resource/Cathleen_Synge_Morawetz"
    },
    {
        "subject": "http://dbpedia.org/resource/Lisa_Goldberg",
        "predicate": "http://dbpedia.org/ontology/wikiPageWikiLink",
        "object": "http://dbpedia.org/resource/Helen_Moore_(mathematician)"
    },
    {
        "subject": "http://dbpedia.org/resource/Lisa_Goldberg",
        "predicate": "http://dbpedia.org/ontology/wikiPageWikiLink",
        "object": "http://dbpedia.org/resource/Julia_Robinson"
    },
    {
        "subject": "http://dbpedia.org/resource/Lisa_Goldberg",
        "predicate": "http://dbpedia.org/ontology/wikiPageWikiLink",
        "object": "http://dbpedia.org/resource/European_Women_in_Mathematics"
    },
    {
        "subject": "http://dbpedia.org/resource/Lisa_Goldberg",
        "predicate": "http://dbpedia.org/ontology/wikiPageWikiLink",
        "object": "http://dbpedia.org/resource/Evelyn_Boyd_Granville"
    },
    {
        "subject": "http://dbpedia.org/resource/Lisa_Goldberg",
        "predicate": "http://dbpedia.org/ontology/wikiPageWikiLink",
        "object": "http://dbpedia.org/resource/Diane_Lambert"
    },
    {
        "subject": "http://dbpedia.org/resource/Lisa_Goldberg",
        "predicate": "http://dbpedia.org/ontology/wikiPageWikiLink",
        "object": "http://dbpedia.org/resource/History_of_mathematics"
    },
    {
        "subject": "http://dbpedia.org/resource/Lisa_Goldberg",
        "predicate": "http://dbpedia.org/ontology/wikiPageWikiLink",
        "object": "http://dbpedia.org/resource/Karen_E._Smith"
    },
    {
        "subject": "http://dbpedia.org/resource/Lisa_Goldberg",
        "predicate": "http://dbpedia.org/ontology/wikiPageWikiLink",
        "object": "http://dbpedia.org/resource/International_Congress_of_Mathematicians"
    },
    {
        "subject": "http://dbpedia.org/resource/Lisa_Goldberg",
        "predicate": "http://dbpedia.org/ontology/wikiPageWikiLink",
        "object": "http://dbpedia.org/resource/Association_for_Women_in_Mathematics"
    },
    {
        "subject": "http://dbpedia.org/resource/Lisa_Goldberg",
        "predicate": "http://dbpedia.org/ontology/wikiPageWikiLink",
        "object": "http://dbpedia.org/resource/Category:Women_in_mathematics"
    },
    {
        "subject": "http://dbpedia.org/resource/Lisa_Goldberg",
        "predicate": "http://dbpedia.org/ontology/wikiPageWikiLink",
        "object": "http://dbpedia.org/resource/Edited_volume"
    },
    {
        "subject": "http://dbpedia.org/resource/Lisa_Goldberg",
        "predicate": "http://dbpedia.org/ontology/wikiPageWikiLink",
        "object": "http://dbpedia.org/resource/Margaret_H._Wright"
    },
    {
        "subject": "http://dbpedia.org/resource/Lisa_Goldberg",
        "predicate": "http://dbpedia.org/ontology/wikiPageWikiLink",
        "object": "http://dbpedia.org/resource/Sofya_Kovalevskaya"
    },
    {
        "subject": "http://dbpedia.org/resource/Lisa_Goldberg",
        "predicate": "http://dbpedia.org/ontology/wikiPageWikiLink",
        "object": "http://dbpedia.org/resource/Fern_Hunt"
    },
    {
        "subject": "http://dbpedia.org/resource/Lisa_Goldberg",
        "predicate": "http://dbpedia.org/ontology/wikiPageWikiLink",
        "object": "http://dbpedia.org/resource/Timeline_of_women_in_mathematics"
    },
    {
        "subject": "http://dbpedia.org/resource/Lisa_Goldberg",
        "predicate": "http://dbpedia.org/ontology/wikiPageWikiLink",
        "object": "http://dbpedia.org/resource/Helene_Shapiro"
    },
    {
        "subject": "http://dbpedia.org/resource/Lisa_Goldberg",
        "predicate": "http://dbpedia.org/ontology/wikiPageWikiLink",
        "object": "http://dbpedia.org/resource/Lani_Wu"
    },
    {
        "subject": "http://dbpedia.org/resource/Lisa_Goldberg",
        "predicate": "http://dbpedia.org/ontology/wikiPageWikiLink",
        "object": "http://dbpedia.org/resource/Carlo_H._S\u00e9quin"
    },
    {
        "subject": "http://dbpedia.org/resource/Lisa_Goldberg",
        "predicate": "http://dbpedia.org/ontology/wikiPageWikiLink",
        "object": "http://dbpedia.org/resource/Roger_Penrose"
    },
    {
        "subject": "http://dbpedia.org/resource/Lisa_Goldberg",
        "predicate": "http://dbpedia.org/ontology/wikiPageWikiLink",
        "object": "http://dbpedia.org/resource/Ronald_Graham"
    },
    {
        "subject": "http://dbpedia.org/resource/Lisa_Goldberg",
        "predicate": "http://dbpedia.org/ontology/wikiPageWikiLink",
        "object": "http://dbpedia.org/resource/Shorty_Award"
    },
    {
        "subject": "http://dbpedia.org/resource/Lisa_Goldberg",
        "predicate": "http://dbpedia.org/ontology/wikiPageWikiLink",
        "object": "http://dbpedia.org/resource/Barry_Mazur"
    },
    {
        "subject": "http://dbpedia.org/resource/Lisa_Goldberg",
        "predicate": "http://dbpedia.org/ontology/wikiPageWikiLink",
        "object": "http://dbpedia.org/resource/Bobby_Seagull"
    },
    {
        "subject": "http://dbpedia.org/resource/Lisa_Goldberg",
        "predicate": "http://dbpedia.org/ontology/wikiPageWikiLink",
        "object": "http://dbpedia.org/resource/Brady_Haran"
    },
    {
        "subject": "http://dbpedia.org/resource/Lisa_Goldberg",
        "predicate": "http://dbpedia.org/ontology/wikiPageWikiLink",
        "object": "http://dbpedia.org/resource/Brian_Butterworth"
    },
    {
        "subject": "http://dbpedia.org/resource/Lisa_Goldberg",
        "predicate": "http://dbpedia.org/ontology/wikiPageWikiLink",
        "object": "http://dbpedia.org/resource/David_Eisenbud"
    },
    {
        "subject": "http://dbpedia.org/resource/Lisa_Goldberg",
        "predicate": "http://dbpedia.org/ontology/wikiPageWikiLink",
        "object": "http://dbpedia.org/resource/DeepMind"
    },
    {
        "subject": "http://dbpedia.org/resource/Lisa_Goldberg",
        "predicate": "http://dbpedia.org/ontology/wikiPageWikiLink",
        "object": "http://dbpedia.org/resource/Andrew_Booker_(mathematician)"
    },
    {
        "subject": "http://dbpedia.org/resource/Lisa_Goldberg",
        "predicate": "http://dbpedia.org/ontology/wikiPageWikiLink",
        "object": "http://dbpedia.org/resource/John_Urschel"
    },
    {
        "subject": "http://dbpedia.org/resource/Lisa_Goldberg",
        "predicate": "http://dbpedia.org/ontology/wikiPageWikiLink",
        "object": "http://dbpedia.org/resource/Johnny_Ball"
    },
    {
        "subject": "http://dbpedia.org/resource/Lisa_Goldberg",
        "predicate": "http://dbpedia.org/ontology/wikiPageWikiLink",
        "object": "http://dbpedia.org/resource/Periodic_Videos"
    },
    {
        "subject": "http://dbpedia.org/resource/Lisa_Goldberg",
        "predicate": "http://dbpedia.org/ontology/wikiPageWikiLink",
        "object": "http://dbpedia.org/resource/Persi_Diaconis"
    },
    {
        "subject": "http://dbpedia.org/resource/Lisa_Goldberg",
        "predicate": "http://dbpedia.org/ontology/wikiPageWikiLink",
        "object": "http://dbpedia.org/resource/Riemann_hypothesis"
    },
    {
        "subject": "http://dbpedia.org/resource/Lisa_Goldberg",
        "predicate": "http://dbpedia.org/ontology/wikiPageWikiLink",
        "object": "http://dbpedia.org/resource/Vicky_Neale"
    },
    {
        "subject": "http://dbpedia.org/resource/Lisa_Goldberg",
        "predicate": "http://dbpedia.org/ontology/wikiPageWikiLink",
        "object": "http://dbpedia.org/resource/Category:Recreational_mathematics"
    },
    {
        "subject": "http://dbpedia.org/resource/Lisa_Goldberg",
        "predicate": "http://dbpedia.org/ontology/wikiPageWikiLink",
        "object": "http://dbpedia.org/resource/Math_for_America"
    },
    {
        "subject": "http://dbpedia.org/resource/Lisa_Goldberg",
        "predicate": "http://dbpedia.org/ontology/wikiPageWikiLink",
        "object": "http://dbpedia.org/resource/Mathematical_Sciences_Research_Institute"
    },
    {
        "subject": "http://dbpedia.org/resource/Lisa_Goldberg",
        "predicate": "http://dbpedia.org/ontology/wikiPageWikiLink",
        "object": "http://dbpedia.org/resource/Matt_Parker"
    },
    {
        "subject": "http://dbpedia.org/resource/Lisa_Goldberg",
        "predicate": "http://dbpedia.org/ontology/wikiPageWikiLink",
        "object": "http://dbpedia.org/resource/Cliff_Stoll"
    },
    {
        "subject": "http://dbpedia.org/resource/Lisa_Goldberg",
        "predicate": "http://dbpedia.org/ontology/wikiPageWikiLink",
        "object": "http://dbpedia.org/resource/Clifford_Stoll"
    },
    {
        "subject": "http://dbpedia.org/resource/Lisa_Goldberg",
        "predicate": "http://dbpedia.org/ontology/wikiPageWikiLink",
        "object": "http://dbpedia.org/resource/Educational_entertainment"
    },
    {
        "subject": "http://dbpedia.org/resource/Lisa_Goldberg",
        "predicate": "http://dbpedia.org/ontology/wikiPageWikiLink",
        "object": "http://dbpedia.org/resource/Edward_Frenkel"
    },
    {
        "subject": "http://dbpedia.org/resource/Lisa_Goldberg",
        "predicate": "http://dbpedia.org/ontology/wikiPageWikiLink",
        "object": "http://dbpedia.org/resource/Elwyn_Berlekamp"
    },
    {
        "subject": "http://dbpedia.org/resource/Lisa_Goldberg",
        "predicate": "http://dbpedia.org/ontology/wikiPageWikiLink",
        "object": "http://dbpedia.org/resource/English_language"
    },
    {
        "subject": "http://dbpedia.org/resource/Lisa_Goldberg",
        "predicate": "http://dbpedia.org/ontology/wikiPageWikiLink",
        "object": "http://dbpedia.org/resource/The_New_York_Times"
    },
    {
        "subject": "http://dbpedia.org/resource/Lisa_Goldberg",
        "predicate": "http://dbpedia.org/ontology/wikiPageWikiLink",
        "object": "http://dbpedia.org/resource/The_Unmade_Podcast"
    },
    {
        "subject": "http://dbpedia.org/resource/Lisa_Goldberg",
        "predicate": "http://dbpedia.org/ontology/wikiPageWikiLink",
        "object": "http://dbpedia.org/resource/Lisa_Goldberg"
    },
    {
        "subject": "http://dbpedia.org/resource/Lisa_Goldberg",
        "predicate": "http://dbpedia.org/ontology/wikiPageWikiLink",
        "object": "http://dbpedia.org/resource/Simon_Singh"
    },
    {
        "subject": "http://dbpedia.org/resource/Lisa_Goldberg",
        "predicate": "http://dbpedia.org/ontology/wikiPageWikiLink",
        "object": "http://dbpedia.org/resource/Steve_Mould"
    },
    {
        "subject": "http://dbpedia.org/resource/Lisa_Goldberg",
        "predicate": "http://dbpedia.org/ontology/wikiPageWikiLink",
        "object": "http://dbpedia.org/resource/Steven_Strogatz"
    },
    {
        "subject": "http://dbpedia.org/resource/Lisa_Goldberg",
        "predicate": "http://dbpedia.org/ontology/wikiPageWikiLink",
        "object": "http://dbpedia.org/resource/Colm_Mulcahy"
    },
    {
        "subject": "http://dbpedia.org/resource/Lisa_Goldberg",
        "predicate": "http://dbpedia.org/ontology/wikiPageWikiLink",
        "object": "http://dbpedia.org/resource/Zvezdelina_Stankova"
    },
    {
        "subject": "http://dbpedia.org/resource/Lisa_Goldberg",
        "predicate": "http://dbpedia.org/ontology/wikiPageWikiLink",
        "object": "http://dbpedia.org/resource/Federico_Ardila"
    },
    {
        "subject": "http://dbpedia.org/resource/Lisa_Goldberg",
        "predicate": "http://dbpedia.org/ontology/wikiPageWikiLink",
        "object": "http://dbpedia.org/resource/Kraft_paper"
    },
    {
        "subject": "http://dbpedia.org/resource/Lisa_Goldberg",
        "predicate": "http://dbpedia.org/ontology/wikiPageWikiLink",
        "object": "http://dbpedia.org/resource/Kruskal's_tree_theorem"
    },
    {
        "subject": "http://dbpedia.org/resource/Lisa_Goldberg",
        "predicate": "http://dbpedia.org/ontology/wikiPageWikiLink",
        "object": "http://dbpedia.org/resource/Podcast"
    },
    {
        "subject": "http://dbpedia.org/resource/Lisa_Goldberg",
        "predicate": "http://dbpedia.org/ontology/wikiPageWikiLink",
        "object": "http://dbpedia.org/resource/BBC"
    },
    {
        "subject": "http://dbpedia.org/resource/Lisa_Goldberg",
        "predicate": "http://dbpedia.org/ontology/wikiPageWikiLink",
        "object": "http://dbpedia.org/resource/Tim_Harford"
    },
    {
        "subject": "http://dbpedia.org/resource/Lisa_Goldberg",
        "predicate": "http://dbpedia.org/ontology/wikiPageWikiLink",
        "object": "http://dbpedia.org/resource/Timothy_Browning"
    },
    {
        "subject": "http://dbpedia.org/resource/Lisa_Goldberg",
        "predicate": "http://dbpedia.org/ontology/wikiPageWikiLink",
        "object": "http://dbpedia.org/resource/Timothy_Gowers"
    },
    {
        "subject": "http://dbpedia.org/resource/Lisa_Goldberg",
        "predicate": "http://dbpedia.org/ontology/wikiPageWikiLink",
        "object": "http://dbpedia.org/resource/Tom_Scott_(entertainer)"
    },
    {
        "subject": "http://dbpedia.org/resource/Lisa_Goldberg",
        "predicate": "http://dbpedia.org/ontology/wikiPageWikiLink",
        "object": "http://dbpedia.org/resource/Tom_Scott_(presenter)"
    },
    {
        "subject": "http://dbpedia.org/resource/Lisa_Goldberg",
        "predicate": "http://dbpedia.org/ontology/wikiPageWikiLink",
        "object": "http://dbpedia.org/resource/Alex_Bellos"
    },
    {
        "subject": "http://dbpedia.org/resource/Lisa_Goldberg",
        "predicate": "http://dbpedia.org/ontology/wikiPageWikiLink",
        "object": "http://dbpedia.org/resource/3Blue1Brown"
    },
    {
        "subject": "http://dbpedia.org/resource/Lisa_Goldberg",
        "predicate": "http://dbpedia.org/ontology/wikiPageWikiLink",
        "object": "http://dbpedia.org/resource/Category:Education-related_YouTube_channels"
    },
    {
        "subject": "http://dbpedia.org/resource/Lisa_Goldberg",
        "predicate": "http://dbpedia.org/ontology/wikiPageWikiLink",
        "object": "http://dbpedia.org/resource/C\u00e9dric_Villani"
    },
    {
        "subject": "http://dbpedia.org/resource/Lisa_Goldberg",
        "predicate": "http://dbpedia.org/ontology/wikiPageWikiLink",
        "object": "http://dbpedia.org/resource/Edmund_Copeland"
    },
    {
        "subject": "http://dbpedia.org/resource/Lisa_Goldberg",
        "predicate": "http://dbpedia.org/ontology/wikiPageWikiLink",
        "object": "http://dbpedia.org/resource/Fermat's_Last_Theorem"
    },
    {
        "subject": "http://dbpedia.org/resource/Lisa_Goldberg",
        "predicate": "http://dbpedia.org/ontology/wikiPageWikiLink",
        "object": "http://dbpedia.org/resource/Carl_Pomerance"
    },
    {
        "subject": "http://dbpedia.org/resource/Lisa_Goldberg",
        "predicate": "http://dbpedia.org/ontology/wikiPageWikiLink",
        "object": "http://dbpedia.org/resource/Edmund_Harriss"
    },
    {
        "subject": "http://dbpedia.org/resource/Lisa_Goldberg",
        "predicate": "http://dbpedia.org/ontology/wikiPageWikiLink",
        "object": "http://dbpedia.org/resource/Rob_Eastaway"
    },
    {
        "subject": "http://dbpedia.org/resource/Lisa_Goldberg",
        "predicate": "http://dbpedia.org/ontology/wikiPageWikiLink",
        "object": "http://dbpedia.org/resource/Mariel_V\u00e1zquez"
    },
    {
        "subject": "http://dbpedia.org/resource/Lisa_Goldberg",
        "predicate": "http://dbpedia.org/ontology/wikiPageWikiLink",
        "object": "http://dbpedia.org/resource/Category:YouTube_channels_launched_in_2011"
    },
    {
        "subject": "http://dbpedia.org/resource/Lisa_Goldberg",
        "predicate": "http://dbpedia.org/ontology/wikiPageWikiLink",
        "object": "http://dbpedia.org/resource/Hannah_Fry"
    },
    {
        "subject": "http://dbpedia.org/resource/Lisa_Goldberg",
        "predicate": "http://dbpedia.org/ontology/wikiPageWikiLink",
        "object": "http://dbpedia.org/resource/Hello_Internet"
    },
    {
        "subject": "http://dbpedia.org/resource/Lisa_Goldberg",
        "predicate": "http://dbpedia.org/ontology/wikiPageWikiLink",
        "object": "http://dbpedia.org/resource/James_Maynard_(mathematician)"
    },
    {
        "subject": "http://dbpedia.org/resource/Lisa_Goldberg",
        "predicate": "http://dbpedia.org/ontology/wikiPageWikiLink",
        "object": "http://dbpedia.org/resource/Terence_Tao"
    },
    {
        "subject": "http://dbpedia.org/resource/Lisa_Goldberg",
        "predicate": "http://dbpedia.org/ontology/wikiPageWikiLink",
        "object": "http://dbpedia.org/resource/Jennifer_Rogers"
    },
    {
        "subject": "http://dbpedia.org/resource/Lisa_Goldberg",
        "predicate": "http://dbpedia.org/ontology/wikiPageWikiLink",
        "object": "http://dbpedia.org/resource/Category:2018_podcast_debuts"
    },
    {
        "subject": "http://dbpedia.org/resource/Lisa_Goldberg",
        "predicate": "http://dbpedia.org/ontology/wikiPageWikiLink",
        "object": "http://dbpedia.org/resource/Category:Mathematics_education"
    },
    {
        "subject": "http://dbpedia.org/resource/Lisa_Goldberg",
        "predicate": "http://dbpedia.org/ontology/wikiPageWikiLink",
        "object": "http://dbpedia.org/resource/Jim_Simons_(mathematician)"
    },
    {
        "subject": "http://dbpedia.org/resource/Lisa_Goldberg",
        "predicate": "http://dbpedia.org/ontology/wikiPageWikiLink",
        "object": "http://dbpedia.org/resource/John_Horton_Conway"
    },
    {
        "subject": "http://dbpedia.org/resource/Lisa_Goldberg",
        "predicate": "http://dbpedia.org/ontology/wikiPageWikiLink",
        "object": "http://dbpedia.org/resource/Katie_Mack_(astrophysicist)"
    },
    {
        "subject": "http://dbpedia.org/resource/Lisa_Goldberg",
        "predicate": "http://dbpedia.org/ontology/wikiPageWikiLink",
        "object": "http://dbpedia.org/resource/Ken_Ribet"
    },
    {
        "subject": "http://dbpedia.org/resource/Lisa_Goldberg",
        "predicate": "http://dbpedia.org/ontology/wikiPageWikiLink",
        "object": "http://dbpedia.org/resource/Laurence_Eaves"
    },
    {
        "subject": "http://dbpedia.org/resource/Lisa_Goldberg",
        "predicate": "http://dbpedia.org/ontology/wikiPageWikiLink",
        "object": "http://dbpedia.org/resource/Category:Science_podcasts"
    },
    {
        "subject": "http://dbpedia.org/resource/Lisa_Goldberg",
        "predicate": "http://dbpedia.org/ontology/wikiPageWikiLink",
        "object": "http://dbpedia.org/resource/Tadashi_Tokieda"
    }
]