[
    {
        "subject": "http://dbpedia.org/resource/Marjorie_V._Butcher",
        "predicate": "http://dbpedia.org/ontology/wikiPageWikiLink",
        "object": "http://dbpedia.org/resource/Princeton,_New_Jersey"
    },
    {
        "subject": "http://dbpedia.org/resource/Marjorie_V._Butcher",
        "predicate": "http://dbpedia.org/ontology/wikiPageWikiLink",
        "object": "http://dbpedia.org/resource/Robert_M._Thrall"
    },
    {
        "subject": "http://dbpedia.org/resource/Marjorie_V._Butcher",
        "predicate": "http://dbpedia.org/ontology/wikiPageWikiLink",
        "object": "http://dbpedia.org/resource/Schuette\u2013Nesbitt_formula"
    },
    {
        "subject": "http://dbpedia.org/resource/Marjorie_V._Butcher",
        "predicate": "http://dbpedia.org/ontology/wikiPageWikiLink",
        "object": "http://dbpedia.org/resource/Richard_Brauer"
    },
    {
        "subject": "http://dbpedia.org/resource/Marjorie_V._Butcher",
        "predicate": "http://dbpedia.org/ontology/wikiPageWikiLink",
        "object": "http://dbpedia.org/resource/University_of_Michigan"
    },
    {
        "subject": "http://dbpedia.org/resource/Marjorie_V._Butcher",
        "predicate": "http://dbpedia.org/ontology/wikiPageWikiLink",
        "object": "http://dbpedia.org/resource/University_of_Toronto"
    },
    {
        "subject": "http://dbpedia.org/resource/Marjorie_V._Butcher",
        "predicate": "http://dbpedia.org/ontology/wikiPageWikiLink",
        "object": "http://dbpedia.org/resource/Category:2001_deaths"
    },
    {
        "subject": "http://dbpedia.org/resource/Marjorie_V._Butcher",
        "predicate": "http://dbpedia.org/ontology/wikiPageWikiLink",
        "object": "http://dbpedia.org/resource/Emil_Artin"
    },
    {
        "subject": "http://dbpedia.org/resource/Marjorie_V._Butcher",
        "predicate": "http://dbpedia.org/ontology/wikiPageWikiLink",
        "object": "http://dbpedia.org/resource/Marjorie_V._Butcher"
    },
    {
        "subject": "http://dbpedia.org/resource/Marjorie_V._Butcher",
        "predicate": "http://dbpedia.org/ontology/wikiPageWikiLink",
        "object": "http://dbpedia.org/resource/Category:1912_births"
    },
    {
        "subject": "http://dbpedia.org/resource/Marjorie_V._Butcher",
        "predicate": "http://dbpedia.org/ontology/wikiPageWikiLink",
        "object": "http://dbpedia.org/resource/Category:20th-century_American_mathematicians"
    },
    {
        "subject": "http://dbpedia.org/resource/Marjorie_V._Butcher",
        "predicate": "http://dbpedia.org/ontology/wikiPageWikiLink",
        "object": "http://dbpedia.org/resource/Category:American_actuaries"
    },
    {
        "subject": "http://dbpedia.org/resource/Marjorie_V._Butcher",
        "predicate": "http://dbpedia.org/ontology/wikiPageWikiLink",
        "object": "http://dbpedia.org/resource/Category:University_of_Michigan_faculty"
    },
    {
        "subject": "http://dbpedia.org/resource/Marjorie_V._Butcher",
        "predicate": "http://dbpedia.org/ontology/wikiPageWikiLink",
        "object": "http://dbpedia.org/resource/Category:University_of_Toronto_alumni"
    },
    {
        "subject": "http://dbpedia.org/resource/Marjorie_V._Butcher",
        "predicate": "http://dbpedia.org/ontology/wikiPageWikiLink",
        "object": "http://dbpedia.org/resource/James_C._Hickman"
    },
    {
        "subject": "http://dbpedia.org/resource/Marjorie_V._Butcher",
        "predicate": "http://dbpedia.org/ontology/wikiPageWikiLink",
        "object": "http://dbpedia.org/resource/Actuarial_science"
    },
    {
        "subject": "http://dbpedia.org/resource/Marjorie_V._Butcher",
        "predicate": "http://dbpedia.org/ontology/wikiPageWikiLink",
        "object": "http://dbpedia.org/resource/American_Mathematical_Society"
    },
    {
        "subject": "http://dbpedia.org/resource/Marjorie_V._Butcher",
        "predicate": "http://dbpedia.org/ontology/wikiPageWikiLink",
        "object": "http://dbpedia.org/resource/Category:Canadian_actuaries"
    },
    {
        "subject": "http://dbpedia.org/resource/Marjorie_V._Butcher",
        "predicate": "http://dbpedia.org/ontology/wikiPageWikiLink",
        "object": "http://dbpedia.org/resource/Charles_W._Curtis"
    },
    {
        "subject": "http://dbpedia.org/resource/Marjorie_V._Butcher",
        "predicate": "http://dbpedia.org/ontology/wikiPageWikiLink",
        "object": "http://dbpedia.org/resource/Modular_representation_theory"
    },
    {
        "subject": "http://dbpedia.org/resource/Marjorie_V._Butcher",
        "predicate": "http://dbpedia.org/ontology/wikiPageWikiLink",
        "object": "http://dbpedia.org/resource/Institute_for_Advanced_Study"
    },
    {
        "subject": "http://dbpedia.org/resource/Marjorie_V._Butcher",
        "predicate": "http://dbpedia.org/ontology/wikiPageWikiLink",
        "object": "http://dbpedia.org/resource/Ontario"
    },
    {
        "subject": "http://dbpedia.org/resource/Marjorie_V._Butcher",
        "predicate": "http://dbpedia.org/ontology/wikiPageWikiLink",
        "object": "http://dbpedia.org/resource/Society_of_Actuaries"
    },
    {
        "subject": "http://dbpedia.org/resource/Marjorie_V._Butcher",
        "predicate": "http://dbpedia.org/ontology/wikiPageWikiLink",
        "object": "http://dbpedia.org/resource/Donald_R._Schuette"
    },
    {
        "subject": "http://dbpedia.org/resource/Marjorie_V._Butcher",
        "predicate": "http://dbpedia.org/ontology/wikiPageWikiLink",
        "object": "http://dbpedia.org/resource/Roland_Butcher"
    },
    {
        "subject": "http://dbpedia.org/resource/Marjorie_V._Butcher",
        "predicate": "http://dbpedia.org/ontology/wikiPageWikiLink",
        "object": "http://dbpedia.org/resource/Rory_Butcher"
    },
    {
        "subject": "http://dbpedia.org/resource/Marjorie_V._Butcher",
        "predicate": "http://dbpedia.org/ontology/wikiPageWikiLink",
        "object": "http://dbpedia.org/resource/Sam_Butcher"
    },
    {
        "subject": "http://dbpedia.org/resource/Marjorie_V._Butcher",
        "predicate": "http://dbpedia.org/ontology/wikiPageWikiLink",
        "object": "http://dbpedia.org/resource/Sam_Mitchell_(EastEnders)"
    },
    {
        "subject": "http://dbpedia.org/resource/Marjorie_V._Butcher",
        "predicate": "http://dbpedia.org/ontology/wikiPageWikiLink",
        "object": "http://dbpedia.org/resource/Morgan_Butcher"
    },
    {
        "subject": "http://dbpedia.org/resource/Marjorie_V._Butcher",
        "predicate": "http://dbpedia.org/ontology/wikiPageWikiLink",
        "object": "http://dbpedia.org/resource/Basil_Butcher"
    },
    {
        "subject": "http://dbpedia.org/resource/Marjorie_V._Butcher",
        "predicate": "http://dbpedia.org/ontology/wikiPageWikiLink",
        "object": "http://dbpedia.org/resource/Bilinda_Butcher"
    },
    {
        "subject": "http://dbpedia.org/resource/Marjorie_V._Butcher",
        "predicate": "http://dbpedia.org/ontology/wikiPageWikiLink",
        "object": "http://dbpedia.org/resource/Billy_Butcher"
    },
    {
        "subject": "http://dbpedia.org/resource/Marjorie_V._Butcher",
        "predicate": "http://dbpedia.org/ontology/wikiPageWikiLink",
        "object": "http://dbpedia.org/resource/David_Butcher"
    },
    {
        "subject": "http://dbpedia.org/resource/Marjorie_V._Butcher",
        "predicate": "http://dbpedia.org/ontology/wikiPageWikiLink",
        "object": "http://dbpedia.org/resource/David_Butcher_(cricketer)"
    },
    {
        "subject": "http://dbpedia.org/resource/Marjorie_V._Butcher",
        "predicate": "http://dbpedia.org/ontology/wikiPageWikiLink",
        "object": "http://dbpedia.org/resource/Jon_Butcher"
    },
    {
        "subject": "http://dbpedia.org/resource/Marjorie_V._Butcher",
        "predicate": "http://dbpedia.org/ontology/wikiPageWikiLink",
        "object": "http://dbpedia.org/resource/List_of_The_Boys_characters"
    },
    {
        "subject": "http://dbpedia.org/resource/Marjorie_V._Butcher",
        "predicate": "http://dbpedia.org/ontology/wikiPageWikiLink",
        "object": "http://dbpedia.org/resource/Richard_Butcher_(footballer)"
    },
    {
        "subject": "http://dbpedia.org/resource/Marjorie_V._Butcher",
        "predicate": "http://dbpedia.org/ontology/wikiPageWikiLink",
        "object": "http://dbpedia.org/resource/Ricky_Butcher"
    },
    {
        "subject": "http://dbpedia.org/resource/Marjorie_V._Butcher",
        "predicate": "http://dbpedia.org/ontology/wikiPageWikiLink",
        "object": "http://dbpedia.org/resource/Jacques_Butcher"
    },
    {
        "subject": "http://dbpedia.org/resource/Marjorie_V._Butcher",
        "predicate": "http://dbpedia.org/ontology/wikiPageWikiLink",
        "object": "http://dbpedia.org/resource/Max_Butcher"
    },
    {
        "subject": "http://dbpedia.org/resource/Marjorie_V._Butcher",
        "predicate": "http://dbpedia.org/ontology/wikiPageWikiLink",
        "object": "http://dbpedia.org/resource/Clyde_Butcher"
    },
    {
        "subject": "http://dbpedia.org/resource/Marjorie_V._Butcher",
        "predicate": "http://dbpedia.org/ontology/wikiPageWikiLink",
        "object": "http://dbpedia.org/resource/England"
    },
    {
        "subject": "http://dbpedia.org/resource/Marjorie_V._Butcher",
        "predicate": "http://dbpedia.org/ontology/wikiPageWikiLink",
        "object": "http://dbpedia.org/resource/Frank_Butcher"
    },
    {
        "subject": "http://dbpedia.org/resource/Marjorie_V._Butcher",
        "predicate": "http://dbpedia.org/ontology/wikiPageWikiLink",
        "object": "http://dbpedia.org/resource/French_language"
    },
    {
        "subject": "http://dbpedia.org/resource/Marjorie_V._Butcher",
        "predicate": "http://dbpedia.org/ontology/wikiPageWikiLink",
        "object": "http://dbpedia.org/resource/Garth_Butcher"
    },
    {
        "subject": "http://dbpedia.org/resource/Marjorie_V._Butcher",
        "predicate": "http://dbpedia.org/ontology/wikiPageWikiLink",
        "object": "http://dbpedia.org/resource/Gary_Butcher"
    },
    {
        "subject": "http://dbpedia.org/resource/Marjorie_V._Butcher",
        "predicate": "http://dbpedia.org/ontology/wikiPageWikiLink",
        "object": "http://dbpedia.org/resource/Ghosts_(2019_TV_series)"
    },
    {
        "subject": "http://dbpedia.org/resource/Marjorie_V._Butcher",
        "predicate": "http://dbpedia.org/ontology/wikiPageWikiLink",
        "object": "http://dbpedia.org/resource/Mo_Butcher"
    },
    {
        "subject": "http://dbpedia.org/resource/Marjorie_V._Butcher",
        "predicate": "http://dbpedia.org/ontology/wikiPageWikiLink",
        "object": "http://dbpedia.org/resource/Thomas_W._Butcher"
    },
    {
        "subject": "http://dbpedia.org/resource/Marjorie_V._Butcher",
        "predicate": "http://dbpedia.org/ontology/wikiPageWikiLink",
        "object": "http://dbpedia.org/resource/Liam_Butcher"
    },
    {
        "subject": "http://dbpedia.org/resource/Marjorie_V._Butcher",
        "predicate": "http://dbpedia.org/ontology/wikiPageWikiLink",
        "object": "http://dbpedia.org/resource/Lisa_Butcher"
    },
    {
        "subject": "http://dbpedia.org/resource/Marjorie_V._Butcher",
        "predicate": "http://dbpedia.org/ontology/wikiPageWikiLink",
        "object": "http://dbpedia.org/resource/Harry_Butcher_(racing_driver)"
    },
    {
        "subject": "http://dbpedia.org/resource/Marjorie_V._Butcher",
        "predicate": "http://dbpedia.org/ontology/wikiPageWikiLink",
        "object": "http://dbpedia.org/resource/Marjorie_V._Butcher"
    },
    {
        "subject": "http://dbpedia.org/resource/Marjorie_V._Butcher",
        "predicate": "http://dbpedia.org/ontology/wikiPageWikiLink",
        "object": "http://dbpedia.org/resource/May_Butcher"
    },
    {
        "subject": "http://dbpedia.org/resource/Marjorie_V._Butcher",
        "predicate": "http://dbpedia.org/ontology/wikiPageWikiLink",
        "object": "http://dbpedia.org/resource/A._J._Butcher"
    },
    {
        "subject": "http://dbpedia.org/resource/Marjorie_V._Butcher",
        "predicate": "http://dbpedia.org/ontology/wikiPageWikiLink",
        "object": "http://dbpedia.org/resource/Tiffany_Butcher"
    },
    {
        "subject": "http://dbpedia.org/resource/Marjorie_V._Butcher",
        "predicate": "http://dbpedia.org/ontology/wikiPageWikiLink",
        "object": "http://dbpedia.org/resource/Tim_Butcher"
    },
    {
        "subject": "http://dbpedia.org/resource/Marjorie_V._Butcher",
        "predicate": "http://dbpedia.org/ontology/wikiPageWikiLink",
        "object": "http://dbpedia.org/resource/Tom_Butcher"
    },
    {
        "subject": "http://dbpedia.org/resource/Marjorie_V._Butcher",
        "predicate": "http://dbpedia.org/ontology/wikiPageWikiLink",
        "object": "http://dbpedia.org/resource/Wendell_Butcher"
    },
    {
        "subject": "http://dbpedia.org/resource/Marjorie_V._Butcher",
        "predicate": "http://dbpedia.org/ontology/wikiPageWikiLink",
        "object": "http://dbpedia.org/resource/Will_Butcher"
    },
    {
        "subject": "http://dbpedia.org/resource/Marjorie_V._Butcher",
        "predicate": "http://dbpedia.org/ontology/wikiPageWikiLink",
        "object": "http://dbpedia.org/resource/Clare_Butcher"
    },
    {
        "subject": "http://dbpedia.org/resource/Marjorie_V._Butcher",
        "predicate": "http://dbpedia.org/ontology/wikiPageWikiLink",
        "object": "http://dbpedia.org/resource/Solomon_Butcher"
    },
    {
        "subject": "http://dbpedia.org/resource/Marjorie_V._Butcher",
        "predicate": "http://dbpedia.org/ontology/wikiPageWikiLink",
        "object": "http://dbpedia.org/resource/Adam_Butcher"
    },
    {
        "subject": "http://dbpedia.org/resource/Marjorie_V._Butcher",
        "predicate": "http://dbpedia.org/ontology/wikiPageWikiLink",
        "object": "http://dbpedia.org/resource/Alan_Butcher"
    },
    {
        "subject": "http://dbpedia.org/resource/Marjorie_V._Butcher",
        "predicate": "http://dbpedia.org/ontology/wikiPageWikiLink",
        "object": "http://dbpedia.org/resource/Dwight_D._Eisenhower"
    },
    {
        "subject": "http://dbpedia.org/resource/Marjorie_V._Butcher",
        "predicate": "http://dbpedia.org/ontology/wikiPageWikiLink",
        "object": "http://dbpedia.org/resource/EastEnders"
    },
    {
        "subject": "http://dbpedia.org/resource/Marjorie_V._Butcher",
        "predicate": "http://dbpedia.org/ontology/wikiPageWikiLink",
        "object": "http://dbpedia.org/resource/Fanny_Butcher"
    },
    {
        "subject": "http://dbpedia.org/resource/Marjorie_V._Butcher",
        "predicate": "http://dbpedia.org/ontology/wikiPageWikiLink",
        "object": "http://dbpedia.org/resource/Pat_Butcher"
    },
    {
        "subject": "http://dbpedia.org/resource/Marjorie_V._Butcher",
        "predicate": "http://dbpedia.org/ontology/wikiPageWikiLink",
        "object": "http://dbpedia.org/resource/Goler_T._Butcher"
    },
    {
        "subject": "http://dbpedia.org/resource/Marjorie_V._Butcher",
        "predicate": "http://dbpedia.org/ontology/wikiPageWikiLink",
        "object": "http://dbpedia.org/resource/Harry_C._Butcher"
    },
    {
        "subject": "http://dbpedia.org/resource/Marjorie_V._Butcher",
        "predicate": "http://dbpedia.org/ontology/wikiPageWikiLink",
        "object": "http://dbpedia.org/resource/Herbert_Butcher"
    },
    {
        "subject": "http://dbpedia.org/resource/Marjorie_V._Butcher",
        "predicate": "http://dbpedia.org/ontology/wikiPageWikiLink",
        "object": "http://dbpedia.org/resource/Jake_Butcher"
    },
    {
        "subject": "http://dbpedia.org/resource/Marjorie_V._Butcher",
        "predicate": "http://dbpedia.org/ontology/wikiPageWikiLink",
        "object": "http://dbpedia.org/resource/Janine_Butcher"
    },
    {
        "subject": "http://dbpedia.org/resource/Marjorie_V._Butcher",
        "predicate": "http://dbpedia.org/ontology/wikiPageWikiLink",
        "object": "http://dbpedia.org/resource/Jason_Butcher"
    },
    {
        "subject": "http://dbpedia.org/resource/Marjorie_V._Butcher",
        "predicate": "http://dbpedia.org/ontology/wikiPageWikiLink",
        "object": "http://dbpedia.org/resource/Terry_Butcher"
    },
    {
        "subject": "http://dbpedia.org/resource/Marjorie_V._Butcher",
        "predicate": "http://dbpedia.org/ontology/wikiPageWikiLink",
        "object": "http://dbpedia.org/resource/Margaret_Just_Butcher"
    },
    {
        "subject": "http://dbpedia.org/resource/Marjorie_V._Butcher",
        "predicate": "http://dbpedia.org/ontology/wikiPageWikiLink",
        "object": "http://dbpedia.org/resource/Paul_Butcher_(disambiguation)"
    },
    {
        "subject": "http://dbpedia.org/resource/Marjorie_V._Butcher",
        "predicate": "http://dbpedia.org/ontology/wikiPageWikiLink",
        "object": "http://dbpedia.org/resource/Stephen_Butcher_(disambiguation)"
    },
    {
        "subject": "http://dbpedia.org/resource/Marjorie_V._Butcher",
        "predicate": "http://dbpedia.org/ontology/wikiPageWikiLink",
        "object": "http://dbpedia.org/resource/Arthur_Butcher"
    },
    {
        "subject": "http://dbpedia.org/resource/Marjorie_V._Butcher",
        "predicate": "http://dbpedia.org/ontology/wikiPageWikiLink",
        "object": "http://dbpedia.org/resource/Category:English-language_occupational_surnames"
    },
    {
        "subject": "http://dbpedia.org/resource/Marjorie_V._Butcher",
        "predicate": "http://dbpedia.org/ontology/wikiPageWikiLink",
        "object": "http://dbpedia.org/resource/Category:English-language_surnames"
    },
    {
        "subject": "http://dbpedia.org/resource/Marjorie_V._Butcher",
        "predicate": "http://dbpedia.org/ontology/wikiPageWikiLink",
        "object": "http://dbpedia.org/resource/Category:Occupational_surnames"
    },
    {
        "subject": "http://dbpedia.org/resource/Marjorie_V._Butcher",
        "predicate": "http://dbpedia.org/ontology/wikiPageWikiLink",
        "object": "http://dbpedia.org/resource/Jim_Butcher"
    },
    {
        "subject": "http://dbpedia.org/resource/Marjorie_V._Butcher",
        "predicate": "http://dbpedia.org/ontology/wikiPageWikiLink",
        "object": "http://dbpedia.org/resource/Susan_Butcher"
    },
    {
        "subject": "http://dbpedia.org/resource/Marjorie_V._Butcher",
        "predicate": "http://dbpedia.org/ontology/wikiPageWikiLink",
        "object": "http://dbpedia.org/resource/Diane_Butcher"
    },
    {
        "subject": "http://dbpedia.org/resource/Marjorie_V._Butcher",
        "predicate": "http://dbpedia.org/ontology/wikiPageWikiLink",
        "object": "http://dbpedia.org/resource/Don_Butcher"
    },
    {
        "subject": "http://dbpedia.org/resource/Marjorie_V._Butcher",
        "predicate": "http://dbpedia.org/ontology/wikiPageWikiLink",
        "object": "http://dbpedia.org/resource/Donnie_Butcher"
    },
    {
        "subject": "http://dbpedia.org/resource/Marjorie_V._Butcher",
        "predicate": "http://dbpedia.org/ontology/wikiPageWikiLink",
        "object": "http://dbpedia.org/resource/Mark_Butcher"
    },
    {
        "subject": "http://dbpedia.org/resource/Marjorie_V._Butcher",
        "predicate": "http://dbpedia.org/ontology/wikiPageWikiLink",
        "object": "http://dbpedia.org/resource/Butcher"
    },
    {
        "subject": "http://dbpedia.org/resource/Marjorie_V._Butcher",
        "predicate": "http://dbpedia.org/ontology/wikiPageWikiLink",
        "object": "http://dbpedia.org/resource/Butcher_(Surrey_cricketer)"
    },
    {
        "subject": "http://dbpedia.org/resource/Marjorie_V._Butcher",
        "predicate": "http://dbpedia.org/ontology/wikiPageWikiLink",
        "object": "http://dbpedia.org/resource/Butcher_(disambiguation)"
    },
    {
        "subject": "http://dbpedia.org/resource/Marjorie_V._Butcher",
        "predicate": "http://dbpedia.org/ontology/wikiPageWikiLink",
        "object": "http://dbpedia.org/resource/Ian_Butcher"
    },
    {
        "subject": "http://dbpedia.org/resource/Marjorie_V._Butcher",
        "predicate": "http://dbpedia.org/ontology/wikiPageWikiLink",
        "object": "http://dbpedia.org/resource/Kristin_Butcher"
    },
    {
        "subject": "http://dbpedia.org/resource/Marjorie_V._Butcher",
        "predicate": "http://dbpedia.org/ontology/wikiPageWikiLink",
        "object": "http://dbpedia.org/resource/Mike_Butcher"
    },
    {
        "subject": "http://dbpedia.org/resource/Marjorie_V._Butcher",
        "predicate": "http://dbpedia.org/ontology/wikiPageWikiLink",
        "object": "http://dbpedia.org/resource/Necro_Butcher"
    },
    {
        "subject": "http://dbpedia.org/resource/Marjorie_V._Butcher",
        "predicate": "http://dbpedia.org/ontology/wikiPageWikiLink",
        "object": "http://dbpedia.org/resource/Old_English"
    },
    {
        "subject": "http://dbpedia.org/resource/Marjorie_V._Butcher",
        "predicate": "http://dbpedia.org/ontology/wikiPageWikiLink",
        "object": "http://dbpedia.org/resource/Old_French"
    },
    {
        "subject": "http://dbpedia.org/resource/Marjorie_V._Butcher",
        "predicate": "http://dbpedia.org/ontology/wikiPageWikiLink",
        "object": "http://dbpedia.org/resource/Bianca_Butcher"
    },
    {
        "subject": "http://dbpedia.org/resource/Marjorie_V._Butcher",
        "predicate": "http://dbpedia.org/ontology/wikiPageWikiLink",
        "object": "http://dbpedia.org/resource/William_Butcher"
    },
    {
        "subject": "http://dbpedia.org/resource/Marjorie_V._Butcher",
        "predicate": "http://dbpedia.org/ontology/wikiPageWikiLink",
        "object": "http://dbpedia.org/resource/Raegan_Butcher"
    }
]