[
    {
        "subject": "http://dbpedia.org/resource/Marta_Macho_Stadler",
        "predicate": "http://dbpedia.org/ontology/wikiPageWikiLink",
        "object": "http://dbpedia.org/resource/Psychomotor_education"
    },
    {
        "subject": "http://dbpedia.org/resource/Marta_Macho_Stadler",
        "predicate": "http://dbpedia.org/ontology/wikiPageWikiLink",
        "object": "http://dbpedia.org/resource/Public_universities"
    },
    {
        "subject": "http://dbpedia.org/resource/Marta_Macho_Stadler",
        "predicate": "http://dbpedia.org/ontology/wikiPageWikiLink",
        "object": "http://dbpedia.org/resource/Romain_Haguenauer"
    },
    {
        "subject": "http://dbpedia.org/resource/Marta_Macho_Stadler",
        "predicate": "http://dbpedia.org/ontology/wikiPageWikiLink",
        "object": "http://dbpedia.org/resource/Sami_Khiyami"
    },
    {
        "subject": "http://dbpedia.org/resource/Marta_Macho_Stadler",
        "predicate": "http://dbpedia.org/ontology/wikiPageWikiLink",
        "object": "http://dbpedia.org/resource/Biochemistry"
    },
    {
        "subject": "http://dbpedia.org/resource/Marta_Macho_Stadler",
        "predicate": "http://dbpedia.org/ontology/wikiPageWikiLink",
        "object": "http://dbpedia.org/resource/Biology"
    },
    {
        "subject": "http://dbpedia.org/resource/Marta_Macho_Stadler",
        "predicate": "http://dbpedia.org/ontology/wikiPageWikiLink",
        "object": "http://dbpedia.org/resource/Category:1971_establishments_in_France"
    },
    {
        "subject": "http://dbpedia.org/resource/Marta_Macho_Stadler",
        "predicate": "http://dbpedia.org/ontology/wikiPageWikiLink",
        "object": "http://dbpedia.org/resource/Antonin_Poncet"
    },
    {
        "subject": "http://dbpedia.org/resource/Marta_Macho_Stadler",
        "predicate": "http://dbpedia.org/ontology/wikiPageWikiLink",
        "object": "http://dbpedia.org/resource/Category:Buildings_and_structures_in_Rh\u00f4ne_(department)"
    },
    {
        "subject": "http://dbpedia.org/resource/Marta_Macho_Stadler",
        "predicate": "http://dbpedia.org/ontology/wikiPageWikiLink",
        "object": "http://dbpedia.org/resource/Hospices_Civils_de_Lyon"
    },
    {
        "subject": "http://dbpedia.org/resource/Marta_Macho_Stadler",
        "predicate": "http://dbpedia.org/ontology/wikiPageWikiLink",
        "object": "http://dbpedia.org/resource/List_of_modern_universities_in_Europe_(1801\u20131945)"
    },
    {
        "subject": "http://dbpedia.org/resource/Marta_Macho_Stadler",
        "predicate": "http://dbpedia.org/ontology/wikiPageWikiLink",
        "object": "http://dbpedia.org/resource/Patrick_Froehlich"
    },
    {
        "subject": "http://dbpedia.org/resource/Marta_Macho_Stadler",
        "predicate": "http://dbpedia.org/ontology/wikiPageWikiLink",
        "object": "http://dbpedia.org/resource/Regions_of_France"
    },
    {
        "subject": "http://dbpedia.org/resource/Marta_Macho_Stadler",
        "predicate": "http://dbpedia.org/ontology/wikiPageWikiLink",
        "object": "http://dbpedia.org/resource/Rh\u00f4ne-Alpes"
    },
    {
        "subject": "http://dbpedia.org/resource/Marta_Macho_Stadler",
        "predicate": "http://dbpedia.org/ontology/wikiPageWikiLink",
        "object": "http://dbpedia.org/resource/University_of_Lyon"
    },
    {
        "subject": "http://dbpedia.org/resource/Marta_Macho_Stadler",
        "predicate": "http://dbpedia.org/ontology/wikiPageWikiLink",
        "object": "http://dbpedia.org/resource/Villeurbanne"
    },
    {
        "subject": "http://dbpedia.org/resource/Marta_Macho_Stadler",
        "predicate": "http://dbpedia.org/ontology/wikiPageWikiLink",
        "object": "http://dbpedia.org/resource/Vincent_Calvez"
    },
    {
        "subject": "http://dbpedia.org/resource/Marta_Macho_Stadler",
        "predicate": "http://dbpedia.org/ontology/wikiPageWikiLink",
        "object": "http://dbpedia.org/resource/David_Servan-Schreiber"
    },
    {
        "subject": "http://dbpedia.org/resource/Marta_Macho_Stadler",
        "predicate": "http://dbpedia.org/ontology/wikiPageWikiLink",
        "object": "http://dbpedia.org/resource/John_Adrian_Bondy"
    },
    {
        "subject": "http://dbpedia.org/resource/Marta_Macho_Stadler",
        "predicate": "http://dbpedia.org/ontology/wikiPageWikiLink",
        "object": "http://dbpedia.org/resource/Pharmacy"
    },
    {
        "subject": "http://dbpedia.org/resource/Marta_Macho_Stadler",
        "predicate": "http://dbpedia.org/ontology/wikiPageWikiLink",
        "object": "http://dbpedia.org/resource/Mathematics"
    },
    {
        "subject": "http://dbpedia.org/resource/Marta_Macho_Stadler",
        "predicate": "http://dbpedia.org/ontology/wikiPageWikiLink",
        "object": "http://dbpedia.org/resource/Claude_Bernard"
    },
    {
        "subject": "http://dbpedia.org/resource/Marta_Macho_Stadler",
        "predicate": "http://dbpedia.org/ontology/wikiPageWikiLink",
        "object": "http://dbpedia.org/resource/Electrical_engineering"
    },
    {
        "subject": "http://dbpedia.org/resource/Marta_Macho_Stadler",
        "predicate": "http://dbpedia.org/ontology/wikiPageWikiLink",
        "object": "http://dbpedia.org/resource/Genevi\u00e8ve_Comte-Bellot"
    },
    {
        "subject": "http://dbpedia.org/resource/Marta_Macho_Stadler",
        "predicate": "http://dbpedia.org/ontology/wikiPageWikiLink",
        "object": "http://dbpedia.org/resource/Gilles_Salles"
    },
    {
        "subject": "http://dbpedia.org/resource/Marta_Macho_Stadler",
        "predicate": "http://dbpedia.org/ontology/wikiPageWikiLink",
        "object": "http://dbpedia.org/resource/Muhammad_Baydoun"
    },
    {
        "subject": "http://dbpedia.org/resource/Marta_Macho_Stadler",
        "predicate": "http://dbpedia.org/ontology/wikiPageWikiLink",
        "object": "http://dbpedia.org/resource/Theodora_Hatziioannou"
    },
    {
        "subject": "http://dbpedia.org/resource/Marta_Macho_Stadler",
        "predicate": "http://dbpedia.org/ontology/wikiPageWikiLink",
        "object": "http://dbpedia.org/resource/Physiologist"
    },
    {
        "subject": "http://dbpedia.org/resource/Marta_Macho_Stadler",
        "predicate": "http://dbpedia.org/ontology/wikiPageWikiLink",
        "object": "http://dbpedia.org/resource/Andr\u00e9_Vansteenberghe"
    },
    {
        "subject": "http://dbpedia.org/resource/Marta_Macho_Stadler",
        "predicate": "http://dbpedia.org/ontology/wikiPageWikiLink",
        "object": "http://dbpedia.org/resource/Louisa_Cadamuro"
    },
    {
        "subject": "http://dbpedia.org/resource/Marta_Macho_Stadler",
        "predicate": "http://dbpedia.org/ontology/wikiPageWikiLink",
        "object": "http://dbpedia.org/resource/Lyon"
    },
    {
        "subject": "http://dbpedia.org/resource/Marta_Macho_Stadler",
        "predicate": "http://dbpedia.org/ontology/wikiPageWikiLink",
        "object": "http://dbpedia.org/resource/Computer_science"
    },
    {
        "subject": "http://dbpedia.org/resource/Marta_Macho_Stadler",
        "predicate": "http://dbpedia.org/ontology/wikiPageWikiLink",
        "object": "http://dbpedia.org/resource/\u00c9cole_polytechnique_universitaire_de_l'universit\u00e9_Lyon-I"
    },
    {
        "subject": "http://dbpedia.org/resource/Marta_Macho_Stadler",
        "predicate": "http://dbpedia.org/ontology/wikiPageWikiLink",
        "object": "http://dbpedia.org/resource/Francis_Clarke_(mathematician)"
    },
    {
        "subject": "http://dbpedia.org/resource/Marta_Macho_Stadler",
        "predicate": "http://dbpedia.org/ontology/wikiPageWikiLink",
        "object": "http://dbpedia.org/resource/Physics"
    },
    {
        "subject": "http://dbpedia.org/resource/Marta_Macho_Stadler",
        "predicate": "http://dbpedia.org/ontology/wikiPageWikiLink",
        "object": "http://dbpedia.org/resource/Pierre_Auger_(biologist)"
    },
    {
        "subject": "http://dbpedia.org/resource/Marta_Macho_Stadler",
        "predicate": "http://dbpedia.org/ontology/wikiPageWikiLink",
        "object": "http://dbpedia.org/resource/Marivi_Fern\u00e1ndez-Serra"
    },
    {
        "subject": "http://dbpedia.org/resource/Marta_Macho_Stadler",
        "predicate": "http://dbpedia.org/ontology/wikiPageWikiLink",
        "object": "http://dbpedia.org/resource/Catherine_Tallon-Baudry"
    },
    {
        "subject": "http://dbpedia.org/resource/Marta_Macho_Stadler",
        "predicate": "http://dbpedia.org/ontology/wikiPageWikiLink",
        "object": "http://dbpedia.org/resource/V\u00e9ronique_Trillet-Lenoir"
    },
    {
        "subject": "http://dbpedia.org/resource/Marta_Macho_Stadler",
        "predicate": "http://dbpedia.org/ontology/wikiPageWikiLink",
        "object": "http://dbpedia.org/resource/8th_arrondissement_of_Lyon"
    },
    {
        "subject": "http://dbpedia.org/resource/Marta_Macho_Stadler",
        "predicate": "http://dbpedia.org/ontology/wikiPageWikiLink",
        "object": "http://dbpedia.org/resource/Academic_Ranking_of_World_Universities"
    },
    {
        "subject": "http://dbpedia.org/resource/Marta_Macho_Stadler",
        "predicate": "http://dbpedia.org/ontology/wikiPageWikiLink",
        "object": "http://dbpedia.org/resource/Academy_of_Lyon"
    },
    {
        "subject": "http://dbpedia.org/resource/Marta_Macho_Stadler",
        "predicate": "http://dbpedia.org/ontology/wikiPageWikiLink",
        "object": "http://dbpedia.org/resource/Ahmad_Ahmad"
    },
    {
        "subject": "http://dbpedia.org/resource/Marta_Macho_Stadler",
        "predicate": "http://dbpedia.org/ontology/wikiPageWikiLink",
        "object": "http://dbpedia.org/resource/Alice_Vansteenberghe"
    },
    {
        "subject": "http://dbpedia.org/resource/Marta_Macho_Stadler",
        "predicate": "http://dbpedia.org/ontology/wikiPageWikiLink",
        "object": "http://dbpedia.org/resource/C\u00e9cile_Mourer-Chauvir\u00e9"
    },
    {
        "subject": "http://dbpedia.org/resource/Marta_Macho_Stadler",
        "predicate": "http://dbpedia.org/ontology/wikiPageWikiLink",
        "object": "http://dbpedia.org/resource/Earth_science"
    },
    {
        "subject": "http://dbpedia.org/resource/Marta_Macho_Stadler",
        "predicate": "http://dbpedia.org/ontology/wikiPageWikiLink",
        "object": "http://dbpedia.org/resource/Nouria_Salehi"
    },
    {
        "subject": "http://dbpedia.org/resource/Marta_Macho_Stadler",
        "predicate": "http://dbpedia.org/ontology/wikiPageWikiLink",
        "object": "http://dbpedia.org/resource/Fokko_du_Cloux"
    },
    {
        "subject": "http://dbpedia.org/resource/Marta_Macho_Stadler",
        "predicate": "http://dbpedia.org/ontology/wikiPageWikiLink",
        "object": "http://dbpedia.org/resource/Isabelle_Daniel"
    },
    {
        "subject": "http://dbpedia.org/resource/Marta_Macho_Stadler",
        "predicate": "http://dbpedia.org/ontology/wikiPageWikiLink",
        "object": "http://dbpedia.org/resource/Primary_education"
    },
    {
        "subject": "http://dbpedia.org/resource/Marta_Macho_Stadler",
        "predicate": "http://dbpedia.org/ontology/wikiPageWikiLink",
        "object": "http://dbpedia.org/resource/Gwendal_Peizerat"
    },
    {
        "subject": "http://dbpedia.org/resource/Marta_Macho_Stadler",
        "predicate": "http://dbpedia.org/ontology/wikiPageWikiLink",
        "object": "http://dbpedia.org/resource/Higher_education"
    },
    {
        "subject": "http://dbpedia.org/resource/Marta_Macho_Stadler",
        "predicate": "http://dbpedia.org/ontology/wikiPageWikiLink",
        "object": "http://dbpedia.org/resource/Jean-Louis_Touraine"
    },
    {
        "subject": "http://dbpedia.org/resource/Marta_Macho_Stadler",
        "predicate": "http://dbpedia.org/ontology/wikiPageWikiLink",
        "object": "http://dbpedia.org/resource/Teaching_hospital"
    },
    {
        "subject": "http://dbpedia.org/resource/Marta_Macho_Stadler",
        "predicate": "http://dbpedia.org/ontology/wikiPageWikiLink",
        "object": "http://dbpedia.org/resource/Yasmine_Motarjemi"
    },
    {
        "subject": "http://dbpedia.org/resource/Marta_Macho_Stadler",
        "predicate": "http://dbpedia.org/ontology/wikiPageWikiLink",
        "object": "http://dbpedia.org/resource/Assile_Toufaily"
    },
    {
        "subject": "http://dbpedia.org/resource/Marta_Macho_Stadler",
        "predicate": "http://dbpedia.org/ontology/wikiPageWikiLink",
        "object": "http://dbpedia.org/resource/Category:Educational_institutions_established_in_1971"
    },
    {
        "subject": "http://dbpedia.org/resource/Marta_Macho_Stadler",
        "predicate": "http://dbpedia.org/ontology/wikiPageWikiLink",
        "object": "http://dbpedia.org/resource/Chemistry"
    },
    {
        "subject": "http://dbpedia.org/resource/Marta_Macho_Stadler",
        "predicate": "http://dbpedia.org/ontology/wikiPageWikiLink",
        "object": "http://dbpedia.org/resource/Category:Universities_in_Auvergne-Rh\u00f4ne-Alpes"
    },
    {
        "subject": "http://dbpedia.org/resource/Marta_Macho_Stadler",
        "predicate": "http://dbpedia.org/ontology/wikiPageWikiLink",
        "object": "http://dbpedia.org/resource/Jean-Louis_Nicolas"
    },
    {
        "subject": "http://dbpedia.org/resource/Marta_Macho_Stadler",
        "predicate": "http://dbpedia.org/ontology/wikiPageWikiLink",
        "object": "http://dbpedia.org/resource/Jean_Bellissard"
    },
    {
        "subject": "http://dbpedia.org/resource/Marta_Macho_Stadler",
        "predicate": "http://dbpedia.org/ontology/wikiPageWikiLink",
        "object": "http://dbpedia.org/resource/Jean_Decety"
    },
    {
        "subject": "http://dbpedia.org/resource/Marta_Macho_Stadler",
        "predicate": "http://dbpedia.org/ontology/wikiPageWikiLink",
        "object": "http://dbpedia.org/resource/Parc_de_la_T\u00eate_d'Or"
    },
    {
        "subject": "http://dbpedia.org/resource/Marta_Macho_Stadler",
        "predicate": "http://dbpedia.org/ontology/wikiPageWikiLink",
        "object": "http://dbpedia.org/resource/University_of_France"
    },
    {
        "subject": "http://dbpedia.org/resource/Marta_Macho_Stadler",
        "predicate": "http://dbpedia.org/ontology/wikiPageWikiLink",
        "object": "http://dbpedia.org/resource/Arrondissement"
    },
    {
        "subject": "http://dbpedia.org/resource/Marta_Macho_Stadler",
        "predicate": "http://dbpedia.org/ontology/wikiPageWikiLink",
        "object": "http://dbpedia.org/resource/Audiology"
    },
    {
        "subject": "http://dbpedia.org/resource/Marta_Macho_Stadler",
        "predicate": "http://dbpedia.org/ontology/wikiPageWikiLink",
        "object": "http://dbpedia.org/resource/Marine_Lorphelin"
    },
    {
        "subject": "http://dbpedia.org/resource/Marta_Macho_Stadler",
        "predicate": "http://dbpedia.org/ontology/wikiPageWikiLink",
        "object": "http://dbpedia.org/resource/Marta_Macho_Stadler"
    },
    {
        "subject": "http://dbpedia.org/resource/Marta_Macho_Stadler",
        "predicate": "http://dbpedia.org/ontology/wikiPageWikiLink",
        "object": "http://dbpedia.org/resource/Category:University_of_Lyon"
    },
    {
        "subject": "http://dbpedia.org/resource/Marta_Macho_Stadler",
        "predicate": "http://dbpedia.org/ontology/wikiPageWikiLink",
        "object": "http://dbpedia.org/resource/Category:Villeurbanne"
    },
    {
        "subject": "http://dbpedia.org/resource/Marta_Macho_Stadler",
        "predicate": "http://dbpedia.org/ontology/wikiPageWikiLink",
        "object": "http://dbpedia.org/resource/H\u00e9l\u00e8ne_Courtois"
    },
    {
        "subject": "http://dbpedia.org/resource/Marta_Macho_Stadler",
        "predicate": "http://dbpedia.org/ontology/wikiPageWikiLink",
        "object": "http://dbpedia.org/resource/Michelle_Schatzman"
    },
    {
        "subject": "http://dbpedia.org/resource/Marta_Macho_Stadler",
        "predicate": "http://dbpedia.org/ontology/wikiPageWikiLink",
        "object": "http://dbpedia.org/resource/Observatory"
    },
    {
        "subject": "http://dbpedia.org/resource/Marta_Macho_Stadler",
        "predicate": "http://dbpedia.org/ontology/wikiPageWikiLink",
        "object": "http://dbpedia.org/resource/Occupational_therapy"
    },
    {
        "subject": "http://dbpedia.org/resource/Marta_Macho_Stadler",
        "predicate": "http://dbpedia.org/ontology/wikiPageWikiLink",
        "object": "http://dbpedia.org/resource/Odontology"
    },
    {
        "subject": "http://dbpedia.org/resource/Marta_Macho_Stadler",
        "predicate": "http://dbpedia.org/ontology/wikiPageWikiLink",
        "object": "http://dbpedia.org/resource/Ophthalmology"
    },
    {
        "subject": "http://dbpedia.org/resource/Marta_Macho_Stadler",
        "predicate": "http://dbpedia.org/ontology/wikiPageWikiLink",
        "object": "http://dbpedia.org/resource/Rabesa_Zafera_Antoine"
    },
    {
        "subject": "http://dbpedia.org/resource/Marta_Macho_Stadler",
        "predicate": "http://dbpedia.org/ontology/wikiPageWikiLink",
        "object": "http://dbpedia.org/resource/Christian_Dumas"
    },
    {
        "subject": "http://dbpedia.org/resource/Marta_Macho_Stadler",
        "predicate": "http://dbpedia.org/ontology/wikiPageWikiLink",
        "object": "http://dbpedia.org/resource/Christian_Krattenthaler"
    },
    {
        "subject": "http://dbpedia.org/resource/Marta_Macho_Stadler",
        "predicate": "http://dbpedia.org/ontology/wikiPageWikiLink",
        "object": "http://dbpedia.org/resource/Sylvie_Benzoni"
    },
    {
        "subject": "http://dbpedia.org/resource/Marta_Macho_Stadler",
        "predicate": "http://dbpedia.org/ontology/wikiPageWikiLink",
        "object": "http://dbpedia.org/resource/Rapha\u00e8le_Herbin"
    },
    {
        "subject": "http://dbpedia.org/resource/Marta_Macho_Stadler",
        "predicate": "http://dbpedia.org/ontology/wikiPageWikiLink",
        "object": "http://dbpedia.org/resource/Mechanical_engineering"
    },
    {
        "subject": "http://dbpedia.org/resource/Marta_Macho_Stadler",
        "predicate": "http://dbpedia.org/ontology/wikiPageWikiLink",
        "object": "http://dbpedia.org/resource/Medicine"
    },
    {
        "subject": "http://dbpedia.org/resource/Marta_Macho_Stadler",
        "predicate": "http://dbpedia.org/ontology/wikiPageWikiLink",
        "object": "http://dbpedia.org/resource/Marie-France_Sagot"
    },
    {
        "subject": "http://dbpedia.org/resource/Marta_Macho_Stadler",
        "predicate": "http://dbpedia.org/ontology/wikiPageWikiLink",
        "object": "http://dbpedia.org/resource/Uwe_Rau"
    },
    {
        "subject": "http://dbpedia.org/resource/Marta_Macho_Stadler",
        "predicate": "http://dbpedia.org/ontology/wikiPageWikiLink",
        "object": "http://dbpedia.org/resource/Speech_therapy"
    },
    {
        "subject": "http://dbpedia.org/resource/Marta_Macho_Stadler",
        "predicate": "http://dbpedia.org/ontology/wikiPageWikiLink",
        "object": "http://dbpedia.org/resource/Patrick_Mehlen"
    },
    {
        "subject": "http://dbpedia.org/resource/Marta_Macho_Stadler",
        "predicate": "http://dbpedia.org/ontology/wikiPageWikiLink",
        "object": "http://dbpedia.org/resource/Tuna_Alt\u0131nel"
    },
    {
        "subject": "http://dbpedia.org/resource/Marta_Macho_Stadler",
        "predicate": "http://dbpedia.org/ontology/wikiPageWikiLink",
        "object": "http://dbpedia.org/resource/Teresa_Torres"
    },
    {
        "subject": "http://dbpedia.org/resource/Marta_Macho_Stadler",
        "predicate": "http://dbpedia.org/ontology/wikiPageWikiLink",
        "object": "http://dbpedia.org/resource/Public_school_(government_funded)"
    },
    {
        "subject": "http://dbpedia.org/resource/Marta_Macho_Stadler",
        "predicate": "http://dbpedia.org/ontology/wikiPageWikiLink",
        "object": "http://dbpedia.org/resource/Napoleon_I"
    },
    {
        "subject": "http://dbpedia.org/resource/Marta_Macho_Stadler",
        "predicate": "http://dbpedia.org/ontology/wikiPageWikiLink",
        "object": "http://dbpedia.org/resource/Physiotherapy"
    },
    {
        "subject": "http://dbpedia.org/resource/Marta_Macho_Stadler",
        "predicate": "http://dbpedia.org/ontology/wikiPageWikiLink",
        "object": "http://dbpedia.org/resource/Formal_education"
    },
    {
        "subject": "http://dbpedia.org/resource/Marta_Macho_Stadler",
        "predicate": "http://dbpedia.org/ontology/wikiPageWikiLink",
        "object": "http://dbpedia.org/resource/List_of_colleges_and_universities"
    },
    {
        "subject": "http://dbpedia.org/resource/Marta_Macho_Stadler",
        "predicate": "http://dbpedia.org/ontology/wikiPageWikiLink",
        "object": "http://dbpedia.org/resource/File:Claude_Bernard_5.jpg"
    },
    {
        "subject": "http://dbpedia.org/resource/Marta_Macho_Stadler",
        "predicate": "http://dbpedia.org/ontology/wikiPageWikiLink",
        "object": "http://dbpedia.org/resource/File:Antonin_Poncet.jpg"
    },
    {
        "subject": "http://dbpedia.org/resource/Marta_Macho_Stadler",
        "predicate": "http://dbpedia.org/ontology/wikiPageWikiLink",
        "object": "http://dbpedia.org/resource/File:IUFM_Croix_Rousse.JPG"
    },
    {
        "subject": "http://dbpedia.org/resource/Marta_Macho_Stadler",
        "predicate": "http://dbpedia.org/ontology/wikiPageWikiLink",
        "object": "http://dbpedia.org/resource/Category:Langevin_family"
    },
    {
        "subject": "http://dbpedia.org/resource/Marta_Macho_Stadler",
        "predicate": "http://dbpedia.org/ontology/wikiPageWikiLink",
        "object": "http://dbpedia.org/resource/Boulogne-Billancourt"
    },
    {
        "subject": "http://dbpedia.org/resource/Marta_Macho_Stadler",
        "predicate": "http://dbpedia.org/ontology/wikiPageWikiLink",
        "object": "http://dbpedia.org/resource/History_of_art"
    }
]