[
    {
        "subject": "http://dbpedia.org/resource/Mary_Silber",
        "predicate": "http://dbpedia.org/ontology/wikiPageWikiLink",
        "object": "http://dbpedia.org/resource/John_Silber"
    },
    {
        "subject": "http://dbpedia.org/resource/Mary_Silber",
        "predicate": "http://dbpedia.org/ontology/wikiPageWikiLink",
        "object": "http://dbpedia.org/resource/Silver_(disambiguation)"
    },
    {
        "subject": "http://dbpedia.org/resource/Mary_Silber",
        "predicate": "http://dbpedia.org/ontology/wikiPageWikiLink",
        "object": "http://dbpedia.org/resource/Max_I._Silber"
    },
    {
        "subject": "http://dbpedia.org/resource/Mary_Silber",
        "predicate": "http://dbpedia.org/ontology/wikiPageWikiLink",
        "object": "http://dbpedia.org/resource/German_language"
    },
    {
        "subject": "http://dbpedia.org/resource/Mary_Silber",
        "predicate": "http://dbpedia.org/ontology/wikiPageWikiLink",
        "object": "http://dbpedia.org/resource/Mitchell_D._Silber"
    },
    {
        "subject": "http://dbpedia.org/resource/Mary_Silber",
        "predicate": "http://dbpedia.org/ontology/wikiPageWikiLink",
        "object": "http://dbpedia.org/resource/Silver"
    },
    {
        "subject": "http://dbpedia.org/resource/Mary_Silber",
        "predicate": "http://dbpedia.org/ontology/wikiPageWikiLink",
        "object": "http://dbpedia.org/resource/Jane_Silber"
    },
    {
        "subject": "http://dbpedia.org/resource/Mary_Silber",
        "predicate": "http://dbpedia.org/ontology/wikiPageWikiLink",
        "object": "http://dbpedia.org/resource/Joan_Silber"
    },
    {
        "subject": "http://dbpedia.org/resource/Mary_Silber",
        "predicate": "http://dbpedia.org/ontology/wikiPageWikiLink",
        "object": "http://dbpedia.org/resource/Jules_C._Silber"
    },
    {
        "subject": "http://dbpedia.org/resource/Mary_Silber",
        "predicate": "http://dbpedia.org/ontology/wikiPageWikiLink",
        "object": "http://dbpedia.org/resource/Laura_Silber"
    },
    {
        "subject": "http://dbpedia.org/resource/Mary_Silber",
        "predicate": "http://dbpedia.org/ontology/wikiPageWikiLink",
        "object": "http://dbpedia.org/resource/Alexandra_Silber"
    },
    {
        "subject": "http://dbpedia.org/resource/Mary_Silber",
        "predicate": "http://dbpedia.org/ontology/wikiPageWikiLink",
        "object": "http://dbpedia.org/resource/Eddie_Silber"
    },
    {
        "subject": "http://dbpedia.org/resource/Mary_Silber",
        "predicate": "http://dbpedia.org/ontology/wikiPageWikiLink",
        "object": "http://dbpedia.org/resource/Otto_Silber"
    },
    {
        "subject": "http://dbpedia.org/resource/Mary_Silber",
        "predicate": "http://dbpedia.org/ontology/wikiPageWikiLink",
        "object": "http://dbpedia.org/resource/Christopher_Silber"
    },
    {
        "subject": "http://dbpedia.org/resource/Mary_Silber",
        "predicate": "http://dbpedia.org/ontology/wikiPageWikiLink",
        "object": "http://dbpedia.org/resource/Irwin_Silber"
    },
    {
        "subject": "http://dbpedia.org/resource/Mary_Silber",
        "predicate": "http://dbpedia.org/ontology/wikiPageWikiLink",
        "object": "http://dbpedia.org/resource/Category:German-language_surnames"
    },
    {
        "subject": "http://dbpedia.org/resource/Mary_Silber",
        "predicate": "http://dbpedia.org/ontology/wikiPageWikiLink",
        "object": "http://dbpedia.org/resource/Category:Jewish_surnames"
    },
    {
        "subject": "http://dbpedia.org/resource/Mary_Silber",
        "predicate": "http://dbpedia.org/ontology/wikiPageWikiLink",
        "object": "http://dbpedia.org/resource/Category:Yiddish-language_surnames"
    },
    {
        "subject": "http://dbpedia.org/resource/Mary_Silber",
        "predicate": "http://dbpedia.org/ontology/wikiPageWikiLink",
        "object": "http://dbpedia.org/resource/Katrina_Silber"
    },
    {
        "subject": "http://dbpedia.org/resource/Mary_Silber",
        "predicate": "http://dbpedia.org/ontology/wikiPageWikiLink",
        "object": "http://dbpedia.org/resource/Zilber"
    },
    {
        "subject": "http://dbpedia.org/resource/Mary_Silber",
        "predicate": "http://dbpedia.org/ontology/wikiPageWikiLink",
        "object": "http://dbpedia.org/resource/Marianne_Rafferty"
    },
    {
        "subject": "http://dbpedia.org/resource/Mary_Silber",
        "predicate": "http://dbpedia.org/ontology/wikiPageWikiLink",
        "object": "http://dbpedia.org/resource/Buriki_One"
    },
    {
        "subject": "http://dbpedia.org/resource/Mary_Silber",
        "predicate": "http://dbpedia.org/ontology/wikiPageWikiLink",
        "object": "http://dbpedia.org/resource/Sherman_Silber"
    },
    {
        "subject": "http://dbpedia.org/resource/Mary_Silber",
        "predicate": "http://dbpedia.org/ontology/wikiPageWikiLink",
        "object": "http://dbpedia.org/resource/Christoph_Silber"
    },
    {
        "subject": "http://dbpedia.org/resource/Mary_Silber",
        "predicate": "http://dbpedia.org/ontology/wikiPageWikiLink",
        "object": "http://dbpedia.org/resource/Mary_Silber"
    },
    {
        "subject": "http://dbpedia.org/resource/Mary_Silber",
        "predicate": "http://dbpedia.org/ontology/wikiPageWikiLink",
        "object": "http://dbpedia.org/resource/Silberman"
    },
    {
        "subject": "http://dbpedia.org/resource/Mary_Silber",
        "predicate": "http://dbpedia.org/ontology/wikiPageWikiLink",
        "object": "http://dbpedia.org/resource/Silverman"
    },
    {
        "subject": "http://dbpedia.org/resource/Mary_Silber",
        "predicate": "http://dbpedia.org/ontology/wikiPageWikiLink",
        "object": "http://dbpedia.org/resource/Stephen_Silber"
    },
    {
        "subject": "http://dbpedia.org/resource/Mary_Silber",
        "predicate": "http://dbpedia.org/ontology/wikiPageWikiLink",
        "object": "http://dbpedia.org/resource/William_L._Silber"
    },
    {
        "subject": "http://dbpedia.org/resource/Mary_Silber",
        "predicate": "http://dbpedia.org/ontology/wikiPageWikiLink",
        "object": "http://dbpedia.org/resource/Cabiria_Andreian_Cazacu"
    },
    {
        "subject": "http://dbpedia.org/resource/Mary_Silber",
        "predicate": "http://dbpedia.org/ontology/wikiPageWikiLink",
        "object": "http://dbpedia.org/resource/Camille_McKayle"
    },
    {
        "subject": "http://dbpedia.org/resource/Mary_Silber",
        "predicate": "http://dbpedia.org/ontology/wikiPageWikiLink",
        "object": "http://dbpedia.org/resource/Carina_Curto"
    },
    {
        "subject": "http://dbpedia.org/resource/Mary_Silber",
        "predicate": "http://dbpedia.org/ontology/wikiPageWikiLink",
        "object": "http://dbpedia.org/resource/Carol_Jane_Anger_Rieke"
    },
    {
        "subject": "http://dbpedia.org/resource/Mary_Silber",
        "predicate": "http://dbpedia.org/ontology/wikiPageWikiLink",
        "object": "http://dbpedia.org/resource/Carol_Wood"
    },
    {
        "subject": "http://dbpedia.org/resource/Mary_Silber",
        "predicate": "http://dbpedia.org/ontology/wikiPageWikiLink",
        "object": "http://dbpedia.org/resource/Carola-Bibiane_Sch\u00f6nlieb"
    },
    {
        "subject": "http://dbpedia.org/resource/Mary_Silber",
        "predicate": "http://dbpedia.org/ontology/wikiPageWikiLink",
        "object": "http://dbpedia.org/resource/Carole_Lacampagne"
    },
    {
        "subject": "http://dbpedia.org/resource/Mary_Silber",
        "predicate": "http://dbpedia.org/ontology/wikiPageWikiLink",
        "object": "http://dbpedia.org/resource/Carolina_Araujo_(mathematician)"
    },
    {
        "subject": "http://dbpedia.org/resource/Mary_Silber",
        "predicate": "http://dbpedia.org/ontology/wikiPageWikiLink",
        "object": "http://dbpedia.org/resource/Caroline_Series"
    },
    {
        "subject": "http://dbpedia.org/resource/Mary_Silber",
        "predicate": "http://dbpedia.org/ontology/wikiPageWikiLink",
        "object": "http://dbpedia.org/resource/Carolyn_A._Maher"
    },
    {
        "subject": "http://dbpedia.org/resource/Mary_Silber",
        "predicate": "http://dbpedia.org/ontology/wikiPageWikiLink",
        "object": "http://dbpedia.org/resource/Carolyn_Eisele"
    },
    {
        "subject": "http://dbpedia.org/resource/Mary_Silber",
        "predicate": "http://dbpedia.org/ontology/wikiPageWikiLink",
        "object": "http://dbpedia.org/resource/Carolyn_S._Gordon"
    },
    {
        "subject": "http://dbpedia.org/resource/Mary_Silber",
        "predicate": "http://dbpedia.org/ontology/wikiPageWikiLink",
        "object": "http://dbpedia.org/resource/Caryn_Navy"
    },
    {
        "subject": "http://dbpedia.org/resource/Mary_Silber",
        "predicate": "http://dbpedia.org/ontology/wikiPageWikiLink",
        "object": "http://dbpedia.org/resource/Ami_Radunskaya"
    },
    {
        "subject": "http://dbpedia.org/resource/Mary_Silber",
        "predicate": "http://dbpedia.org/ontology/wikiPageWikiLink",
        "object": "http://dbpedia.org/resource/Amy_C._King"
    },
    {
        "subject": "http://dbpedia.org/resource/Mary_Silber",
        "predicate": "http://dbpedia.org/ontology/wikiPageWikiLink",
        "object": "http://dbpedia.org/resource/Amy_Cohen-Corwin"
    },
    {
        "subject": "http://dbpedia.org/resource/Mary_Silber",
        "predicate": "http://dbpedia.org/ontology/wikiPageWikiLink",
        "object": "http://dbpedia.org/resource/Amy_Dahan"
    },
    {
        "subject": "http://dbpedia.org/resource/Mary_Silber",
        "predicate": "http://dbpedia.org/ontology/wikiPageWikiLink",
        "object": "http://dbpedia.org/resource/Beatrice_Meini"
    },
    {
        "subject": "http://dbpedia.org/resource/Mary_Silber",
        "predicate": "http://dbpedia.org/ontology/wikiPageWikiLink",
        "object": "http://dbpedia.org/resource/Beatrice_Pelloni"
    },
    {
        "subject": "http://dbpedia.org/resource/Mary_Silber",
        "predicate": "http://dbpedia.org/ontology/wikiPageWikiLink",
        "object": "http://dbpedia.org/resource/Beatrice_Rivi\u00e8re"
    },
    {
        "subject": "http://dbpedia.org/resource/Mary_Silber",
        "predicate": "http://dbpedia.org/ontology/wikiPageWikiLink",
        "object": "http://dbpedia.org/resource/Bego\u00f1a_Fern\u00e1ndez_(mathematician)"
    },
    {
        "subject": "http://dbpedia.org/resource/Mary_Silber",
        "predicate": "http://dbpedia.org/ontology/wikiPageWikiLink",
        "object": "http://dbpedia.org/resource/Priyanshi_Somani"
    },
    {
        "subject": "http://dbpedia.org/resource/Mary_Silber",
        "predicate": "http://dbpedia.org/ontology/wikiPageWikiLink",
        "object": "http://dbpedia.org/resource/Rosa_M._Morris"
    },
    {
        "subject": "http://dbpedia.org/resource/Mary_Silber",
        "predicate": "http://dbpedia.org/ontology/wikiPageWikiLink",
        "object": "http://dbpedia.org/resource/Rosalind_Tanner"
    },
    {
        "subject": "http://dbpedia.org/resource/Mary_Silber",
        "predicate": "http://dbpedia.org/ontology/wikiPageWikiLink",
        "object": "http://dbpedia.org/resource/Rose_Peltesohn"
    },
    {
        "subject": "http://dbpedia.org/resource/Mary_Silber",
        "predicate": "http://dbpedia.org/ontology/wikiPageWikiLink",
        "object": "http://dbpedia.org/resource/Rose_Whelan_Sedgewick"
    },
    {
        "subject": "http://dbpedia.org/resource/Mary_Silber",
        "predicate": "http://dbpedia.org/ontology/wikiPageWikiLink",
        "object": "http://dbpedia.org/resource/Rozetta_Zhilina"
    },
    {
        "subject": "http://dbpedia.org/resource/Mary_Silber",
        "predicate": "http://dbpedia.org/ontology/wikiPageWikiLink",
        "object": "http://dbpedia.org/resource/Sandra_Collins_(librarian)"
    },
    {
        "subject": "http://dbpedia.org/resource/Mary_Silber",
        "predicate": "http://dbpedia.org/ontology/wikiPageWikiLink",
        "object": "http://dbpedia.org/resource/Sara_Billey"
    },
    {
        "subject": "http://dbpedia.org/resource/Mary_Silber",
        "predicate": "http://dbpedia.org/ontology/wikiPageWikiLink",
        "object": "http://dbpedia.org/resource/Sarah_J._Greenwald"
    },
    {
        "subject": "http://dbpedia.org/resource/Mary_Silber",
        "predicate": "http://dbpedia.org/ontology/wikiPageWikiLink",
        "object": "http://dbpedia.org/resource/Sarah_Witherspoon"
    },
    {
        "subject": "http://dbpedia.org/resource/Mary_Silber",
        "predicate": "http://dbpedia.org/ontology/wikiPageWikiLink",
        "object": "http://dbpedia.org/resource/Elaine_Chew"
    },
    {
        "subject": "http://dbpedia.org/resource/Mary_Silber",
        "predicate": "http://dbpedia.org/ontology/wikiPageWikiLink",
        "object": "http://dbpedia.org/resource/Elaine_Cohen"
    },
    {
        "subject": "http://dbpedia.org/resource/Mary_Silber",
        "predicate": "http://dbpedia.org/ontology/wikiPageWikiLink",
        "object": "http://dbpedia.org/resource/Elayne_Arrington"
    },
    {
        "subject": "http://dbpedia.org/resource/Mary_Silber",
        "predicate": "http://dbpedia.org/ontology/wikiPageWikiLink",
        "object": "http://dbpedia.org/resource/Eleanor_Jones"
    },
    {
        "subject": "http://dbpedia.org/resource/Mary_Silber",
        "predicate": "http://dbpedia.org/ontology/wikiPageWikiLink",
        "object": "http://dbpedia.org/resource/Eleanor_Krawitz_Kolchin"
    },
    {
        "subject": "http://dbpedia.org/resource/Mary_Silber",
        "predicate": "http://dbpedia.org/ontology/wikiPageWikiLink",
        "object": "http://dbpedia.org/resource/Eleanor_Mollie_Horadam"
    },
    {
        "subject": "http://dbpedia.org/resource/Mary_Silber",
        "predicate": "http://dbpedia.org/ontology/wikiPageWikiLink",
        "object": "http://dbpedia.org/resource/Eleanor_P._Cushing"
    },
    {
        "subject": "http://dbpedia.org/resource/Mary_Silber",
        "predicate": "http://dbpedia.org/ontology/wikiPageWikiLink",
        "object": "http://dbpedia.org/resource/Eleanor_Rieffel"
    },
    {
        "subject": "http://dbpedia.org/resource/Mary_Silber",
        "predicate": "http://dbpedia.org/ontology/wikiPageWikiLink",
        "object": "http://dbpedia.org/resource/Elena_Braverman"
    },
    {
        "subject": "http://dbpedia.org/resource/Mary_Silber",
        "predicate": "http://dbpedia.org/ontology/wikiPageWikiLink",
        "object": "http://dbpedia.org/resource/Elena_Celledoni"
    },
    {
        "subject": "http://dbpedia.org/resource/Mary_Silber",
        "predicate": "http://dbpedia.org/ontology/wikiPageWikiLink",
        "object": "http://dbpedia.org/resource/Elena_Deza"
    },
    {
        "subject": "http://dbpedia.org/resource/Mary_Silber",
        "predicate": "http://dbpedia.org/ontology/wikiPageWikiLink",
        "object": "http://dbpedia.org/resource/Elena_Fern\u00e1ndez"
    },
    {
        "subject": "http://dbpedia.org/resource/Mary_Silber",
        "predicate": "http://dbpedia.org/ontology/wikiPageWikiLink",
        "object": "http://dbpedia.org/resource/Elena_Freda"
    },
    {
        "subject": "http://dbpedia.org/resource/Mary_Silber",
        "predicate": "http://dbpedia.org/ontology/wikiPageWikiLink",
        "object": "http://dbpedia.org/resource/Elena_Marchisotto"
    },
    {
        "subject": "http://dbpedia.org/resource/Mary_Silber",
        "predicate": "http://dbpedia.org/ontology/wikiPageWikiLink",
        "object": "http://dbpedia.org/resource/Elena_Moldovan_Popoviciu"
    },
    {
        "subject": "http://dbpedia.org/resource/Mary_Silber",
        "predicate": "http://dbpedia.org/ontology/wikiPageWikiLink",
        "object": "http://dbpedia.org/resource/Elena_V\u00e1zquez_Cend\u00f3n"
    },
    {
        "subject": "http://dbpedia.org/resource/Mary_Silber",
        "predicate": "http://dbpedia.org/ontology/wikiPageWikiLink",
        "object": "http://dbpedia.org/resource/Eleny_Ionel"
    },
    {
        "subject": "http://dbpedia.org/resource/Mary_Silber",
        "predicate": "http://dbpedia.org/ontology/wikiPageWikiLink",
        "object": "http://dbpedia.org/resource/Eleonora_Di_Nezza"
    },
    {
        "subject": "http://dbpedia.org/resource/Mary_Silber",
        "predicate": "http://dbpedia.org/ontology/wikiPageWikiLink",
        "object": "http://dbpedia.org/resource/Elham_Kazemi"
    },
    {
        "subject": "http://dbpedia.org/resource/Mary_Silber",
        "predicate": "http://dbpedia.org/ontology/wikiPageWikiLink",
        "object": "http://dbpedia.org/resource/Eliane_R._Rodrigues"
    },
    {
        "subject": "http://dbpedia.org/resource/Mary_Silber",
        "predicate": "http://dbpedia.org/ontology/wikiPageWikiLink",
        "object": "http://dbpedia.org/resource/Elisabeth_Larsson_(scientific_computing)"
    },
    {
        "subject": "http://dbpedia.org/resource/Mary_Silber",
        "predicate": "http://dbpedia.org/ontology/wikiPageWikiLink",
        "object": "http://dbpedia.org/resource/Elisabeth_M._Werner"
    },
    {
        "subject": "http://dbpedia.org/resource/Mary_Silber",
        "predicate": "http://dbpedia.org/ontology/wikiPageWikiLink",
        "object": "http://dbpedia.org/resource/Elisabeth_Vreede"
    },
    {
        "subject": "http://dbpedia.org/resource/Mary_Silber",
        "predicate": "http://dbpedia.org/ontology/wikiPageWikiLink",
        "object": "http://dbpedia.org/resource/Ene-Margit_Tiit"
    },
    {
        "subject": "http://dbpedia.org/resource/Mary_Silber",
        "predicate": "http://dbpedia.org/ontology/wikiPageWikiLink",
        "object": "http://dbpedia.org/resource/Enriqueta_Gonz\u00e1lez_Baz"
    },
    {
        "subject": "http://dbpedia.org/resource/Mary_Silber",
        "predicate": "http://dbpedia.org/ontology/wikiPageWikiLink",
        "object": "http://dbpedia.org/resource/Category:Lists_of_mathematicians"
    },
    {
        "subject": "http://dbpedia.org/resource/Mary_Silber",
        "predicate": "http://dbpedia.org/ontology/wikiPageWikiLink",
        "object": "http://dbpedia.org/resource/Category:Lists_of_women_by_occupation"
    },
    {
        "subject": "http://dbpedia.org/resource/Mary_Silber",
        "predicate": "http://dbpedia.org/ontology/wikiPageWikiLink",
        "object": "http://dbpedia.org/resource/Category:Lists_of_women_in_STEM_fields"
    },
    {
        "subject": "http://dbpedia.org/resource/Mary_Silber",
        "predicate": "http://dbpedia.org/ontology/wikiPageWikiLink",
        "object": "http://dbpedia.org/resource/Melania_Alvarez"
    },
    {
        "subject": "http://dbpedia.org/resource/Mary_Silber",
        "predicate": "http://dbpedia.org/ontology/wikiPageWikiLink",
        "object": "http://dbpedia.org/resource/Melody_Chan"
    },
    {
        "subject": "http://dbpedia.org/resource/Mary_Silber",
        "predicate": "http://dbpedia.org/ontology/wikiPageWikiLink",
        "object": "http://dbpedia.org/resource/Pauline_Mellon"
    },
    {
        "subject": "http://dbpedia.org/resource/Mary_Silber",
        "predicate": "http://dbpedia.org/ontology/wikiPageWikiLink",
        "object": "http://dbpedia.org/resource/Reiko_Miyaoka"
    },
    {
        "subject": "http://dbpedia.org/resource/Mary_Silber",
        "predicate": "http://dbpedia.org/ontology/wikiPageWikiLink",
        "object": "http://dbpedia.org/resource/Vera_Myller"
    },
    {
        "subject": "http://dbpedia.org/resource/Mary_Silber",
        "predicate": "http://dbpedia.org/ontology/wikiPageWikiLink",
        "object": "http://dbpedia.org/resource/Wendy_Myrvold"
    },
    {
        "subject": "http://dbpedia.org/resource/Mary_Silber",
        "predicate": "http://dbpedia.org/ontology/wikiPageWikiLink",
        "object": "http://dbpedia.org/resource/L\u00ea_Th\u1ecb_Thanh_Nh\u00e0n"
    },
    {
        "subject": "http://dbpedia.org/resource/Mary_Silber",
        "predicate": "http://dbpedia.org/ontology/wikiPageWikiLink",
        "object": "http://dbpedia.org/resource/M._B._W._Tent"
    },
    {
        "subject": "http://dbpedia.org/resource/Mary_Silber",
        "predicate": "http://dbpedia.org/ontology/wikiPageWikiLink",
        "object": "http://dbpedia.org/resource/M._Grazia_Speranza"
    },
    {
        "subject": "http://dbpedia.org/resource/Mary_Silber",
        "predicate": "http://dbpedia.org/ontology/wikiPageWikiLink",
        "object": "http://dbpedia.org/resource/Mabel_Minerva_Young"
    },
    {
        "subject": "http://dbpedia.org/resource/Mary_Silber",
        "predicate": "http://dbpedia.org/ontology/wikiPageWikiLink",
        "object": "http://dbpedia.org/resource/Megumi_Harada"
    },
    {
        "subject": "http://dbpedia.org/resource/Mary_Silber",
        "predicate": "http://dbpedia.org/ontology/wikiPageWikiLink",
        "object": "http://dbpedia.org/resource/Mei-Chu_Chang"
    }
]