[
    {
        "subject": "http://dbpedia.org/resource/M\u00e1rta_Sv\u00e9d",
        "predicate": "http://dbpedia.org/ontology/wikiPageWikiLink",
        "object": "http://dbpedia.org/resource/Crawlspace_(2004_film)"
    },
    {
        "subject": "http://dbpedia.org/resource/M\u00e1rta_Sv\u00e9d",
        "predicate": "http://dbpedia.org/ontology/wikiPageWikiLink",
        "object": "http://dbpedia.org/resource/El_Dorado_Airport_(Venezuela)"
    },
    {
        "subject": "http://dbpedia.org/resource/M\u00e1rta_Sv\u00e9d",
        "predicate": "http://dbpedia.org/ontology/wikiPageWikiLink",
        "object": "http://dbpedia.org/resource/Peter_Sved"
    },
    {
        "subject": "http://dbpedia.org/resource/M\u00e1rta_Sv\u00e9d",
        "predicate": "http://dbpedia.org/ontology/wikiPageWikiLink",
        "object": "http://dbpedia.org/resource/M\u00e1rta_Sv\u00e9d"
    },
    {
        "subject": "http://dbpedia.org/resource/M\u00e1rta_Sv\u00e9d",
        "predicate": "http://dbpedia.org/ontology/wikiPageWikiLink",
        "object": "http://dbpedia.org/resource/P\u00e1l_Tur\u00e1n"
    },
    {
        "subject": "http://dbpedia.org/resource/M\u00e1rta_Sv\u00e9d",
        "predicate": "http://dbpedia.org/ontology/wikiPageWikiLink",
        "object": "http://dbpedia.org/resource/Category:Mathematicians_from_Budapest"
    },
    {
        "subject": "http://dbpedia.org/resource/M\u00e1rta_Sv\u00e9d",
        "predicate": "http://dbpedia.org/ontology/wikiPageWikiLink",
        "object": "http://dbpedia.org/resource/Hongkou_District"
    },
    {
        "subject": "http://dbpedia.org/resource/M\u00e1rta_Sv\u00e9d",
        "predicate": "http://dbpedia.org/ontology/wikiPageWikiLink",
        "object": "http://dbpedia.org/resource/Paul_Erd\u0151s"
    },
    {
        "subject": "http://dbpedia.org/resource/M\u00e1rta_Sv\u00e9d",
        "predicate": "http://dbpedia.org/ontology/wikiPageWikiLink",
        "object": "http://dbpedia.org/resource/Category:1910_births"
    },
    {
        "subject": "http://dbpedia.org/resource/M\u00e1rta_Sv\u00e9d",
        "predicate": "http://dbpedia.org/ontology/wikiPageWikiLink",
        "object": "http://dbpedia.org/resource/Category:2005_deaths"
    },
    {
        "subject": "http://dbpedia.org/resource/M\u00e1rta_Sv\u00e9d",
        "predicate": "http://dbpedia.org/ontology/wikiPageWikiLink",
        "object": "http://dbpedia.org/resource/Category:Hungarian_emigrants_to_Australia"
    },
    {
        "subject": "http://dbpedia.org/resource/M\u00e1rta_Sv\u00e9d",
        "predicate": "http://dbpedia.org/ontology/wikiPageWikiLink",
        "object": "http://dbpedia.org/resource/George_Szekeres"
    },
    {
        "subject": "http://dbpedia.org/resource/M\u00e1rta_Sv\u00e9d",
        "predicate": "http://dbpedia.org/ontology/wikiPageWikiLink",
        "object": "http://dbpedia.org/resource/Macquarie_University"
    },
    {
        "subject": "http://dbpedia.org/resource/M\u00e1rta_Sv\u00e9d",
        "predicate": "http://dbpedia.org/ontology/wikiPageWikiLink",
        "object": "http://dbpedia.org/resource/Combinatorics"
    },
    {
        "subject": "http://dbpedia.org/resource/M\u00e1rta_Sv\u00e9d",
        "predicate": "http://dbpedia.org/ontology/wikiPageWikiLink",
        "object": "http://dbpedia.org/resource/Mathematician"
    },
    {
        "subject": "http://dbpedia.org/resource/M\u00e1rta_Sv\u00e9d",
        "predicate": "http://dbpedia.org/ontology/wikiPageWikiLink",
        "object": "http://dbpedia.org/resource/Australia"
    },
    {
        "subject": "http://dbpedia.org/resource/M\u00e1rta_Sv\u00e9d",
        "predicate": "http://dbpedia.org/ontology/wikiPageWikiLink",
        "object": "http://dbpedia.org/resource/Australians"
    },
    {
        "subject": "http://dbpedia.org/resource/M\u00e1rta_Sv\u00e9d",
        "predicate": "http://dbpedia.org/ontology/wikiPageWikiLink",
        "object": "http://dbpedia.org/resource/Category:Macquarie_University_faculty"
    },
    {
        "subject": "http://dbpedia.org/resource/M\u00e1rta_Sv\u00e9d",
        "predicate": "http://dbpedia.org/ontology/wikiPageWikiLink",
        "object": "http://dbpedia.org/resource/Budapest"
    },
    {
        "subject": "http://dbpedia.org/resource/M\u00e1rta_Sv\u00e9d",
        "predicate": "http://dbpedia.org/ontology/wikiPageWikiLink",
        "object": "http://dbpedia.org/resource/Category:Australian_mathematicians"
    },
    {
        "subject": "http://dbpedia.org/resource/M\u00e1rta_Sv\u00e9d",
        "predicate": "http://dbpedia.org/ontology/wikiPageWikiLink",
        "object": "http://dbpedia.org/resource/Adelaide"
    },
    {
        "subject": "http://dbpedia.org/resource/M\u00e1rta_Sv\u00e9d",
        "predicate": "http://dbpedia.org/ontology/wikiPageWikiLink",
        "object": "http://dbpedia.org/resource/Happy_ending_problem"
    },
    {
        "subject": "http://dbpedia.org/resource/M\u00e1rta_Sv\u00e9d",
        "predicate": "http://dbpedia.org/ontology/wikiPageWikiLink",
        "object": "http://dbpedia.org/resource/Happy_Ending_problem"
    },
    {
        "subject": "http://dbpedia.org/resource/M\u00e1rta_Sv\u00e9d",
        "predicate": "http://dbpedia.org/ontology/wikiPageWikiLink",
        "object": "http://dbpedia.org/resource/Category:Hungarian_Jews"
    },
    {
        "subject": "http://dbpedia.org/resource/M\u00e1rta_Sv\u00e9d",
        "predicate": "http://dbpedia.org/ontology/wikiPageWikiLink",
        "object": "http://dbpedia.org/resource/Category:20th-century_Hungarian_mathematicians"
    },
    {
        "subject": "http://dbpedia.org/resource/M\u00e1rta_Sv\u00e9d",
        "predicate": "http://dbpedia.org/ontology/wikiPageWikiLink",
        "object": "http://dbpedia.org/resource/Category:20th-century_women_mathematicians"
    },
    {
        "subject": "http://dbpedia.org/resource/M\u00e1rta_Sv\u00e9d",
        "predicate": "http://dbpedia.org/ontology/wikiPageWikiLink",
        "object": "http://dbpedia.org/resource/Category:Scientists_from_Sydney"
    },
    {
        "subject": "http://dbpedia.org/resource/M\u00e1rta_Sv\u00e9d",
        "predicate": "http://dbpedia.org/ontology/wikiPageWikiLink",
        "object": "http://dbpedia.org/resource/China"
    },
    {
        "subject": "http://dbpedia.org/resource/M\u00e1rta_Sv\u00e9d",
        "predicate": "http://dbpedia.org/ontology/wikiPageWikiLink",
        "object": "http://dbpedia.org/resource/Sydney"
    },
    {
        "subject": "http://dbpedia.org/resource/M\u00e1rta_Sv\u00e9d",
        "predicate": "http://dbpedia.org/ontology/wikiPageWikiLink",
        "object": "http://dbpedia.org/resource/Kingdom_of_Hungary"
    },
    {
        "subject": "http://dbpedia.org/resource/M\u00e1rta_Sv\u00e9d",
        "predicate": "http://dbpedia.org/ontology/wikiPageWikiLink",
        "object": "http://dbpedia.org/resource/New_Zealand"
    },
    {
        "subject": "http://dbpedia.org/resource/M\u00e1rta_Sv\u00e9d",
        "predicate": "http://dbpedia.org/ontology/wikiPageWikiLink",
        "object": "http://dbpedia.org/resource/Shanghai"
    },
    {
        "subject": "http://dbpedia.org/resource/M\u00e1rta_Sv\u00e9d",
        "predicate": "http://dbpedia.org/ontology/wikiPageWikiLink",
        "object": "http://dbpedia.org/resource/World_War_II"
    },
    {
        "subject": "http://dbpedia.org/resource/M\u00e1rta_Sv\u00e9d",
        "predicate": "http://dbpedia.org/ontology/wikiPageWikiLink",
        "object": "http://dbpedia.org/resource/M\u00e1rta_Sv\u00e9d"
    },
    {
        "subject": "http://dbpedia.org/resource/M\u00e1rta_Sv\u00e9d",
        "predicate": "http://dbpedia.org/ontology/wikiPageWikiLink",
        "object": "http://dbpedia.org/resource/Hungarian_people"
    },
    {
        "subject": "http://dbpedia.org/resource/M\u00e1rta_Sv\u00e9d",
        "predicate": "http://dbpedia.org/ontology/wikiPageWikiLink",
        "object": "http://dbpedia.org/resource/Projective_geometry"
    },
    {
        "subject": "http://dbpedia.org/resource/M\u00e1rta_Sv\u00e9d",
        "predicate": "http://dbpedia.org/ontology/wikiPageWikiLink",
        "object": "http://dbpedia.org/resource/Inversive_geometry"
    },
    {
        "subject": "http://dbpedia.org/resource/M\u00e1rta_Sv\u00e9d",
        "predicate": "http://dbpedia.org/ontology/wikiPageWikiLink",
        "object": "http://dbpedia.org/resource/Lewis_Carroll"
    },
    {
        "subject": "http://dbpedia.org/resource/M\u00e1rta_Sv\u00e9d",
        "predicate": "http://dbpedia.org/ontology/wikiPageWikiLink",
        "object": "http://dbpedia.org/resource/Category:Non-Euclidean_geometry"
    },
    {
        "subject": "http://dbpedia.org/resource/M\u00e1rta_Sv\u00e9d",
        "predicate": "http://dbpedia.org/ontology/wikiPageWikiLink",
        "object": "http://dbpedia.org/resource/Category:Mathematics_books"
    },
    {
        "subject": "http://dbpedia.org/resource/M\u00e1rta_Sv\u00e9d",
        "predicate": "http://dbpedia.org/ontology/wikiPageWikiLink",
        "object": "http://dbpedia.org/resource/Alice's_Adventures_in_Wonderland"
    },
    {
        "subject": "http://dbpedia.org/resource/M\u00e1rta_Sv\u00e9d",
        "predicate": "http://dbpedia.org/ontology/wikiPageWikiLink",
        "object": "http://dbpedia.org/resource/Non-Euclidean_geometry"
    },
    {
        "subject": "http://dbpedia.org/resource/M\u00e1rta_Sv\u00e9d",
        "predicate": "http://dbpedia.org/ontology/wikiPageWikiLink",
        "object": "http://dbpedia.org/resource/Internet_Archive"
    },
    {
        "subject": "http://dbpedia.org/resource/M\u00e1rta_Sv\u00e9d",
        "predicate": "http://dbpedia.org/ontology/wikiPageWikiLink",
        "object": "http://dbpedia.org/resource/Hyperbolic_geometry"
    },
    {
        "subject": "http://dbpedia.org/resource/M\u00e1rta_Sv\u00e9d",
        "predicate": "http://dbpedia.org/ontology/wikiPageWikiLink",
        "object": "http://dbpedia.org/resource/Category:1991_non-fiction_books"
    },
    {
        "subject": "http://dbpedia.org/resource/M\u00e1rta_Sv\u00e9d",
        "predicate": "http://dbpedia.org/ontology/wikiPageWikiLink",
        "object": "http://dbpedia.org/resource/Mathematical_Association_of_America"
    },
    {
        "subject": "http://dbpedia.org/resource/M\u00e1rta_Sv\u00e9d",
        "predicate": "http://dbpedia.org/ontology/wikiPageWikiLink",
        "object": "http://dbpedia.org/resource/M\u00e1rta_Sv\u00e9d"
    },
    {
        "subject": "http://dbpedia.org/resource/M\u00e1rta_Sv\u00e9d",
        "predicate": "http://dbpedia.org/ontology/wikiPageWikiLink",
        "object": "http://dbpedia.org/resource/Cabiria_Andreian_Cazacu"
    },
    {
        "subject": "http://dbpedia.org/resource/M\u00e1rta_Sv\u00e9d",
        "predicate": "http://dbpedia.org/ontology/wikiPageWikiLink",
        "object": "http://dbpedia.org/resource/Camille_McKayle"
    },
    {
        "subject": "http://dbpedia.org/resource/M\u00e1rta_Sv\u00e9d",
        "predicate": "http://dbpedia.org/ontology/wikiPageWikiLink",
        "object": "http://dbpedia.org/resource/Carina_Curto"
    },
    {
        "subject": "http://dbpedia.org/resource/M\u00e1rta_Sv\u00e9d",
        "predicate": "http://dbpedia.org/ontology/wikiPageWikiLink",
        "object": "http://dbpedia.org/resource/Carol_Jane_Anger_Rieke"
    },
    {
        "subject": "http://dbpedia.org/resource/M\u00e1rta_Sv\u00e9d",
        "predicate": "http://dbpedia.org/ontology/wikiPageWikiLink",
        "object": "http://dbpedia.org/resource/Carol_Wood"
    },
    {
        "subject": "http://dbpedia.org/resource/M\u00e1rta_Sv\u00e9d",
        "predicate": "http://dbpedia.org/ontology/wikiPageWikiLink",
        "object": "http://dbpedia.org/resource/Carola-Bibiane_Sch\u00f6nlieb"
    },
    {
        "subject": "http://dbpedia.org/resource/M\u00e1rta_Sv\u00e9d",
        "predicate": "http://dbpedia.org/ontology/wikiPageWikiLink",
        "object": "http://dbpedia.org/resource/Carole_Lacampagne"
    },
    {
        "subject": "http://dbpedia.org/resource/M\u00e1rta_Sv\u00e9d",
        "predicate": "http://dbpedia.org/ontology/wikiPageWikiLink",
        "object": "http://dbpedia.org/resource/Carolina_Araujo_(mathematician)"
    },
    {
        "subject": "http://dbpedia.org/resource/M\u00e1rta_Sv\u00e9d",
        "predicate": "http://dbpedia.org/ontology/wikiPageWikiLink",
        "object": "http://dbpedia.org/resource/Caroline_Series"
    },
    {
        "subject": "http://dbpedia.org/resource/M\u00e1rta_Sv\u00e9d",
        "predicate": "http://dbpedia.org/ontology/wikiPageWikiLink",
        "object": "http://dbpedia.org/resource/Carolyn_A._Maher"
    },
    {
        "subject": "http://dbpedia.org/resource/M\u00e1rta_Sv\u00e9d",
        "predicate": "http://dbpedia.org/ontology/wikiPageWikiLink",
        "object": "http://dbpedia.org/resource/Carolyn_Eisele"
    },
    {
        "subject": "http://dbpedia.org/resource/M\u00e1rta_Sv\u00e9d",
        "predicate": "http://dbpedia.org/ontology/wikiPageWikiLink",
        "object": "http://dbpedia.org/resource/Carolyn_S._Gordon"
    },
    {
        "subject": "http://dbpedia.org/resource/M\u00e1rta_Sv\u00e9d",
        "predicate": "http://dbpedia.org/ontology/wikiPageWikiLink",
        "object": "http://dbpedia.org/resource/Caryn_Navy"
    },
    {
        "subject": "http://dbpedia.org/resource/M\u00e1rta_Sv\u00e9d",
        "predicate": "http://dbpedia.org/ontology/wikiPageWikiLink",
        "object": "http://dbpedia.org/resource/Ami_Radunskaya"
    },
    {
        "subject": "http://dbpedia.org/resource/M\u00e1rta_Sv\u00e9d",
        "predicate": "http://dbpedia.org/ontology/wikiPageWikiLink",
        "object": "http://dbpedia.org/resource/Amy_C._King"
    },
    {
        "subject": "http://dbpedia.org/resource/M\u00e1rta_Sv\u00e9d",
        "predicate": "http://dbpedia.org/ontology/wikiPageWikiLink",
        "object": "http://dbpedia.org/resource/Amy_Cohen-Corwin"
    },
    {
        "subject": "http://dbpedia.org/resource/M\u00e1rta_Sv\u00e9d",
        "predicate": "http://dbpedia.org/ontology/wikiPageWikiLink",
        "object": "http://dbpedia.org/resource/Amy_Dahan"
    },
    {
        "subject": "http://dbpedia.org/resource/M\u00e1rta_Sv\u00e9d",
        "predicate": "http://dbpedia.org/ontology/wikiPageWikiLink",
        "object": "http://dbpedia.org/resource/Beatrice_Meini"
    },
    {
        "subject": "http://dbpedia.org/resource/M\u00e1rta_Sv\u00e9d",
        "predicate": "http://dbpedia.org/ontology/wikiPageWikiLink",
        "object": "http://dbpedia.org/resource/Beatrice_Pelloni"
    },
    {
        "subject": "http://dbpedia.org/resource/M\u00e1rta_Sv\u00e9d",
        "predicate": "http://dbpedia.org/ontology/wikiPageWikiLink",
        "object": "http://dbpedia.org/resource/Beatrice_Rivi\u00e8re"
    },
    {
        "subject": "http://dbpedia.org/resource/M\u00e1rta_Sv\u00e9d",
        "predicate": "http://dbpedia.org/ontology/wikiPageWikiLink",
        "object": "http://dbpedia.org/resource/Bego\u00f1a_Fern\u00e1ndez_(mathematician)"
    },
    {
        "subject": "http://dbpedia.org/resource/M\u00e1rta_Sv\u00e9d",
        "predicate": "http://dbpedia.org/ontology/wikiPageWikiLink",
        "object": "http://dbpedia.org/resource/Priyanshi_Somani"
    },
    {
        "subject": "http://dbpedia.org/resource/M\u00e1rta_Sv\u00e9d",
        "predicate": "http://dbpedia.org/ontology/wikiPageWikiLink",
        "object": "http://dbpedia.org/resource/Rosa_M._Morris"
    },
    {
        "subject": "http://dbpedia.org/resource/M\u00e1rta_Sv\u00e9d",
        "predicate": "http://dbpedia.org/ontology/wikiPageWikiLink",
        "object": "http://dbpedia.org/resource/Rosalind_Tanner"
    },
    {
        "subject": "http://dbpedia.org/resource/M\u00e1rta_Sv\u00e9d",
        "predicate": "http://dbpedia.org/ontology/wikiPageWikiLink",
        "object": "http://dbpedia.org/resource/Rose_Peltesohn"
    },
    {
        "subject": "http://dbpedia.org/resource/M\u00e1rta_Sv\u00e9d",
        "predicate": "http://dbpedia.org/ontology/wikiPageWikiLink",
        "object": "http://dbpedia.org/resource/Rose_Whelan_Sedgewick"
    },
    {
        "subject": "http://dbpedia.org/resource/M\u00e1rta_Sv\u00e9d",
        "predicate": "http://dbpedia.org/ontology/wikiPageWikiLink",
        "object": "http://dbpedia.org/resource/Rozetta_Zhilina"
    },
    {
        "subject": "http://dbpedia.org/resource/M\u00e1rta_Sv\u00e9d",
        "predicate": "http://dbpedia.org/ontology/wikiPageWikiLink",
        "object": "http://dbpedia.org/resource/Sandra_Collins_(librarian)"
    },
    {
        "subject": "http://dbpedia.org/resource/M\u00e1rta_Sv\u00e9d",
        "predicate": "http://dbpedia.org/ontology/wikiPageWikiLink",
        "object": "http://dbpedia.org/resource/Sara_Billey"
    },
    {
        "subject": "http://dbpedia.org/resource/M\u00e1rta_Sv\u00e9d",
        "predicate": "http://dbpedia.org/ontology/wikiPageWikiLink",
        "object": "http://dbpedia.org/resource/Sarah_J._Greenwald"
    },
    {
        "subject": "http://dbpedia.org/resource/M\u00e1rta_Sv\u00e9d",
        "predicate": "http://dbpedia.org/ontology/wikiPageWikiLink",
        "object": "http://dbpedia.org/resource/Sarah_Witherspoon"
    },
    {
        "subject": "http://dbpedia.org/resource/M\u00e1rta_Sv\u00e9d",
        "predicate": "http://dbpedia.org/ontology/wikiPageWikiLink",
        "object": "http://dbpedia.org/resource/Elaine_Chew"
    },
    {
        "subject": "http://dbpedia.org/resource/M\u00e1rta_Sv\u00e9d",
        "predicate": "http://dbpedia.org/ontology/wikiPageWikiLink",
        "object": "http://dbpedia.org/resource/Elaine_Cohen"
    },
    {
        "subject": "http://dbpedia.org/resource/M\u00e1rta_Sv\u00e9d",
        "predicate": "http://dbpedia.org/ontology/wikiPageWikiLink",
        "object": "http://dbpedia.org/resource/Elayne_Arrington"
    },
    {
        "subject": "http://dbpedia.org/resource/M\u00e1rta_Sv\u00e9d",
        "predicate": "http://dbpedia.org/ontology/wikiPageWikiLink",
        "object": "http://dbpedia.org/resource/Eleanor_Jones"
    },
    {
        "subject": "http://dbpedia.org/resource/M\u00e1rta_Sv\u00e9d",
        "predicate": "http://dbpedia.org/ontology/wikiPageWikiLink",
        "object": "http://dbpedia.org/resource/Eleanor_Krawitz_Kolchin"
    },
    {
        "subject": "http://dbpedia.org/resource/M\u00e1rta_Sv\u00e9d",
        "predicate": "http://dbpedia.org/ontology/wikiPageWikiLink",
        "object": "http://dbpedia.org/resource/Eleanor_Mollie_Horadam"
    },
    {
        "subject": "http://dbpedia.org/resource/M\u00e1rta_Sv\u00e9d",
        "predicate": "http://dbpedia.org/ontology/wikiPageWikiLink",
        "object": "http://dbpedia.org/resource/Eleanor_P._Cushing"
    },
    {
        "subject": "http://dbpedia.org/resource/M\u00e1rta_Sv\u00e9d",
        "predicate": "http://dbpedia.org/ontology/wikiPageWikiLink",
        "object": "http://dbpedia.org/resource/Eleanor_Rieffel"
    },
    {
        "subject": "http://dbpedia.org/resource/M\u00e1rta_Sv\u00e9d",
        "predicate": "http://dbpedia.org/ontology/wikiPageWikiLink",
        "object": "http://dbpedia.org/resource/Elena_Braverman"
    },
    {
        "subject": "http://dbpedia.org/resource/M\u00e1rta_Sv\u00e9d",
        "predicate": "http://dbpedia.org/ontology/wikiPageWikiLink",
        "object": "http://dbpedia.org/resource/Elena_Celledoni"
    },
    {
        "subject": "http://dbpedia.org/resource/M\u00e1rta_Sv\u00e9d",
        "predicate": "http://dbpedia.org/ontology/wikiPageWikiLink",
        "object": "http://dbpedia.org/resource/Elena_Deza"
    },
    {
        "subject": "http://dbpedia.org/resource/M\u00e1rta_Sv\u00e9d",
        "predicate": "http://dbpedia.org/ontology/wikiPageWikiLink",
        "object": "http://dbpedia.org/resource/Elena_Fern\u00e1ndez"
    },
    {
        "subject": "http://dbpedia.org/resource/M\u00e1rta_Sv\u00e9d",
        "predicate": "http://dbpedia.org/ontology/wikiPageWikiLink",
        "object": "http://dbpedia.org/resource/Elena_Freda"
    },
    {
        "subject": "http://dbpedia.org/resource/M\u00e1rta_Sv\u00e9d",
        "predicate": "http://dbpedia.org/ontology/wikiPageWikiLink",
        "object": "http://dbpedia.org/resource/Elena_Marchisotto"
    },
    {
        "subject": "http://dbpedia.org/resource/M\u00e1rta_Sv\u00e9d",
        "predicate": "http://dbpedia.org/ontology/wikiPageWikiLink",
        "object": "http://dbpedia.org/resource/Elena_Moldovan_Popoviciu"
    },
    {
        "subject": "http://dbpedia.org/resource/M\u00e1rta_Sv\u00e9d",
        "predicate": "http://dbpedia.org/ontology/wikiPageWikiLink",
        "object": "http://dbpedia.org/resource/Elena_V\u00e1zquez_Cend\u00f3n"
    },
    {
        "subject": "http://dbpedia.org/resource/M\u00e1rta_Sv\u00e9d",
        "predicate": "http://dbpedia.org/ontology/wikiPageWikiLink",
        "object": "http://dbpedia.org/resource/Eleny_Ionel"
    },
    {
        "subject": "http://dbpedia.org/resource/M\u00e1rta_Sv\u00e9d",
        "predicate": "http://dbpedia.org/ontology/wikiPageWikiLink",
        "object": "http://dbpedia.org/resource/Eleonora_Di_Nezza"
    },
    {
        "subject": "http://dbpedia.org/resource/M\u00e1rta_Sv\u00e9d",
        "predicate": "http://dbpedia.org/ontology/wikiPageWikiLink",
        "object": "http://dbpedia.org/resource/Elham_Kazemi"
    },
    {
        "subject": "http://dbpedia.org/resource/M\u00e1rta_Sv\u00e9d",
        "predicate": "http://dbpedia.org/ontology/wikiPageWikiLink",
        "object": "http://dbpedia.org/resource/Eliane_R._Rodrigues"
    },
    {
        "subject": "http://dbpedia.org/resource/M\u00e1rta_Sv\u00e9d",
        "predicate": "http://dbpedia.org/ontology/wikiPageWikiLink",
        "object": "http://dbpedia.org/resource/Elisabeth_Larsson_(scientific_computing)"
    },
    {
        "subject": "http://dbpedia.org/resource/M\u00e1rta_Sv\u00e9d",
        "predicate": "http://dbpedia.org/ontology/wikiPageWikiLink",
        "object": "http://dbpedia.org/resource/Elisabeth_M._Werner"
    }
]