[
    {
        "subject": "http://dbpedia.org/resource/Nina_Virchenko",
        "predicate": "http://dbpedia.org/ontology/wikiPageWikiLink",
        "object": "http://dbpedia.org/resource/Pyramid"
    },
    {
        "subject": "http://dbpedia.org/resource/Nina_Virchenko",
        "predicate": "http://dbpedia.org/ontology/wikiPageWikiLink",
        "object": "http://dbpedia.org/resource/Robert_Louis_Stevenson"
    },
    {
        "subject": "http://dbpedia.org/resource/Nina_Virchenko",
        "predicate": "http://dbpedia.org/ontology/wikiPageWikiLink",
        "object": "http://dbpedia.org/resource/Josyf_Slipyj"
    },
    {
        "subject": "http://dbpedia.org/resource/Nina_Virchenko",
        "predicate": "http://dbpedia.org/ontology/wikiPageWikiLink",
        "object": "http://dbpedia.org/resource/Republics_of_the_Soviet_Union"
    },
    {
        "subject": "http://dbpedia.org/resource/Nina_Virchenko",
        "predicate": "http://dbpedia.org/ontology/wikiPageWikiLink",
        "object": "http://dbpedia.org/resource/Volga"
    },
    {
        "subject": "http://dbpedia.org/resource/Nina_Virchenko",
        "predicate": "http://dbpedia.org/ontology/wikiPageWikiLink",
        "object": "http://dbpedia.org/resource/Duty"
    },
    {
        "subject": "http://dbpedia.org/resource/Nina_Virchenko",
        "predicate": "http://dbpedia.org/ontology/wikiPageWikiLink",
        "object": "http://dbpedia.org/resource/Category:2012_deaths"
    },
    {
        "subject": "http://dbpedia.org/resource/Nina_Virchenko",
        "predicate": "http://dbpedia.org/ontology/wikiPageWikiLink",
        "object": "http://dbpedia.org/resource/Category:Ukrainian_writers"
    },
    {
        "subject": "http://dbpedia.org/resource/Nina_Virchenko",
        "predicate": "http://dbpedia.org/ontology/wikiPageWikiLink",
        "object": "http://dbpedia.org/resource/Mordovia"
    },
    {
        "subject": "http://dbpedia.org/resource/Nina_Virchenko",
        "predicate": "http://dbpedia.org/ontology/wikiPageWikiLink",
        "object": "http://dbpedia.org/resource/Labor_camp"
    },
    {
        "subject": "http://dbpedia.org/resource/Nina_Virchenko",
        "predicate": "http://dbpedia.org/ontology/wikiPageWikiLink",
        "object": "http://dbpedia.org/resource/Lewis_Stevenson_(politician)"
    },
    {
        "subject": "http://dbpedia.org/resource/Nina_Virchenko",
        "predicate": "http://dbpedia.org/ontology/wikiPageWikiLink",
        "object": "http://dbpedia.org/resource/Lina_Kostenko"
    },
    {
        "subject": "http://dbpedia.org/resource/Nina_Virchenko",
        "predicate": "http://dbpedia.org/ontology/wikiPageWikiLink",
        "object": "http://dbpedia.org/resource/Stalin"
    },
    {
        "subject": "http://dbpedia.org/resource/Nina_Virchenko",
        "predicate": "http://dbpedia.org/ontology/wikiPageWikiLink",
        "object": "http://dbpedia.org/resource/Hope"
    },
    {
        "subject": "http://dbpedia.org/resource/Nina_Virchenko",
        "predicate": "http://dbpedia.org/ontology/wikiPageWikiLink",
        "object": "http://dbpedia.org/resource/Category:1931_births"
    },
    {
        "subject": "http://dbpedia.org/resource/Nina_Virchenko",
        "predicate": "http://dbpedia.org/ontology/wikiPageWikiLink",
        "object": "http://dbpedia.org/resource/William_Faulkner"
    },
    {
        "subject": "http://dbpedia.org/resource/Nina_Virchenko",
        "predicate": "http://dbpedia.org/ontology/wikiPageWikiLink",
        "object": "http://dbpedia.org/resource/Nina_Virchenko"
    },
    {
        "subject": "http://dbpedia.org/resource/Nina_Virchenko",
        "predicate": "http://dbpedia.org/ontology/wikiPageWikiLink",
        "object": "http://dbpedia.org/resource/Oscar_Wilde"
    },
    {
        "subject": "http://dbpedia.org/resource/Nina_Virchenko",
        "predicate": "http://dbpedia.org/ontology/wikiPageWikiLink",
        "object": "http://dbpedia.org/resource/Hamlet"
    },
    {
        "subject": "http://dbpedia.org/resource/Nina_Virchenko",
        "predicate": "http://dbpedia.org/ontology/wikiPageWikiLink",
        "object": "http://dbpedia.org/resource/Hemingway"
    },
    {
        "subject": "http://dbpedia.org/resource/Nina_Virchenko",
        "predicate": "http://dbpedia.org/ontology/wikiPageWikiLink",
        "object": "http://dbpedia.org/resource/Irkutsk"
    },
    {
        "subject": "http://dbpedia.org/resource/Nina_Virchenko",
        "predicate": "http://dbpedia.org/ontology/wikiPageWikiLink",
        "object": "http://dbpedia.org/resource/Ivan_Dziuba"
    },
    {
        "subject": "http://dbpedia.org/resource/Nina_Virchenko",
        "predicate": "http://dbpedia.org/ontology/wikiPageWikiLink",
        "object": "http://dbpedia.org/resource/James_Fenimore_Cooper"
    },
    {
        "subject": "http://dbpedia.org/resource/Nina_Virchenko",
        "predicate": "http://dbpedia.org/ontology/wikiPageWikiLink",
        "object": "http://dbpedia.org/resource/Taras_Shevchenko"
    },
    {
        "subject": "http://dbpedia.org/resource/Nina_Virchenko",
        "predicate": "http://dbpedia.org/ontology/wikiPageWikiLink",
        "object": "http://dbpedia.org/resource/Hunger"
    },
    {
        "subject": "http://dbpedia.org/resource/Nina_Virchenko",
        "predicate": "http://dbpedia.org/ontology/wikiPageWikiLink",
        "object": "http://dbpedia.org/resource/Arthur_Conan_Doyle"
    },
    {
        "subject": "http://dbpedia.org/resource/Nina_Virchenko",
        "predicate": "http://dbpedia.org/ontology/wikiPageWikiLink",
        "object": "http://dbpedia.org/resource/Charles_Dickens"
    },
    {
        "subject": "http://dbpedia.org/resource/Nina_Virchenko",
        "predicate": "http://dbpedia.org/ontology/wikiPageWikiLink",
        "object": "http://dbpedia.org/resource/KGB"
    },
    {
        "subject": "http://dbpedia.org/resource/Nina_Virchenko",
        "predicate": "http://dbpedia.org/ontology/wikiPageWikiLink",
        "object": "http://dbpedia.org/resource/Khabarovsk"
    },
    {
        "subject": "http://dbpedia.org/resource/Nina_Virchenko",
        "predicate": "http://dbpedia.org/ontology/wikiPageWikiLink",
        "object": "http://dbpedia.org/resource/Collaboration"
    },
    {
        "subject": "http://dbpedia.org/resource/Nina_Virchenko",
        "predicate": "http://dbpedia.org/ontology/wikiPageWikiLink",
        "object": "http://dbpedia.org/resource/Dictionary"
    },
    {
        "subject": "http://dbpedia.org/resource/Nina_Virchenko",
        "predicate": "http://dbpedia.org/ontology/wikiPageWikiLink",
        "object": "http://dbpedia.org/resource/Margaret_Mitchell"
    },
    {
        "subject": "http://dbpedia.org/resource/Nina_Virchenko",
        "predicate": "http://dbpedia.org/ontology/wikiPageWikiLink",
        "object": "http://dbpedia.org/resource/Mark_Twain"
    },
    {
        "subject": "http://dbpedia.org/resource/Nina_Virchenko",
        "predicate": "http://dbpedia.org/ontology/wikiPageWikiLink",
        "object": "http://dbpedia.org/resource/Philology"
    },
    {
        "subject": "http://dbpedia.org/resource/Nina_Virchenko",
        "predicate": "http://dbpedia.org/ontology/wikiPageWikiLink",
        "object": "http://dbpedia.org/resource/Lukash"
    },
    {
        "subject": "http://dbpedia.org/resource/Nina_Virchenko",
        "predicate": "http://dbpedia.org/ontology/wikiPageWikiLink",
        "object": "http://dbpedia.org/resource/Sixtiers"
    },
    {
        "subject": "http://dbpedia.org/resource/Nina_Virchenko",
        "predicate": "http://dbpedia.org/ontology/wikiPageWikiLink",
        "object": "http://dbpedia.org/resource/Publishing_house"
    },
    {
        "subject": "http://dbpedia.org/resource/Nina_Virchenko",
        "predicate": "http://dbpedia.org/ontology/wikiPageWikiLink",
        "object": "http://dbpedia.org/resource/Style_(fiction)"
    },
    {
        "subject": "http://dbpedia.org/resource/Nina_Virchenko",
        "predicate": "http://dbpedia.org/ontology/wikiPageWikiLink",
        "object": "http://dbpedia.org/resource/Shakespeares"
    },
    {
        "subject": "http://dbpedia.org/resource/Nina_Virchenko",
        "predicate": "http://dbpedia.org/ontology/wikiPageWikiLink",
        "object": "http://dbpedia.org/resource/National_Writers_Union_of_Ukraine"
    },
    {
        "subject": "http://dbpedia.org/resource/Nina_Virchenko",
        "predicate": "http://dbpedia.org/ontology/wikiPageWikiLink",
        "object": "http://dbpedia.org/resource/File:DocenkoR2011.jpg"
    },
    {
        "subject": "http://dbpedia.org/resource/Nina_Virchenko",
        "predicate": "http://dbpedia.org/ontology/wikiPageWikiLink",
        "object": "http://dbpedia.org/resource/San_Francisco"
    },
    {
        "subject": "http://dbpedia.org/resource/Nina_Virchenko",
        "predicate": "http://dbpedia.org/ontology/wikiPageWikiLink",
        "object": "http://dbpedia.org/resource/Batkivshchyna"
    },
    {
        "subject": "http://dbpedia.org/resource/Nina_Virchenko",
        "predicate": "http://dbpedia.org/ontology/wikiPageWikiLink",
        "object": "http://dbpedia.org/resource/David_Mandel"
    },
    {
        "subject": "http://dbpedia.org/resource/Nina_Virchenko",
        "predicate": "http://dbpedia.org/ontology/wikiPageWikiLink",
        "object": "http://dbpedia.org/resource/David_R._Marples"
    },
    {
        "subject": "http://dbpedia.org/resource/Nina_Virchenko",
        "predicate": "http://dbpedia.org/ontology/wikiPageWikiLink",
        "object": "http://dbpedia.org/resource/Revolution_of_Dignity"
    },
    {
        "subject": "http://dbpedia.org/resource/Nina_Virchenko",
        "predicate": "http://dbpedia.org/ontology/wikiPageWikiLink",
        "object": "http://dbpedia.org/resource/Right_Sector"
    },
    {
        "subject": "http://dbpedia.org/resource/Nina_Virchenko",
        "predicate": "http://dbpedia.org/ontology/wikiPageWikiLink",
        "object": "http://dbpedia.org/resource/University_of_Alberta"
    },
    {
        "subject": "http://dbpedia.org/resource/Nina_Virchenko",
        "predicate": "http://dbpedia.org/ontology/wikiPageWikiLink",
        "object": "http://dbpedia.org/resource/University_of_Ottawa"
    },
    {
        "subject": "http://dbpedia.org/resource/Nina_Virchenko",
        "predicate": "http://dbpedia.org/ontology/wikiPageWikiLink",
        "object": "http://dbpedia.org/resource/Viktor_Yanukovych"
    },
    {
        "subject": "http://dbpedia.org/resource/Nina_Virchenko",
        "predicate": "http://dbpedia.org/ontology/wikiPageWikiLink",
        "object": "http://dbpedia.org/resource/Volodymyr_Zelenskyy"
    },
    {
        "subject": "http://dbpedia.org/resource/Nina_Virchenko",
        "predicate": "http://dbpedia.org/ontology/wikiPageWikiLink",
        "object": "http://dbpedia.org/resource/E-International_Relations"
    },
    {
        "subject": "http://dbpedia.org/resource/Nina_Virchenko",
        "predicate": "http://dbpedia.org/ontology/wikiPageWikiLink",
        "object": "http://dbpedia.org/resource/East/West:_Journal_of_Ukrainian_Studies"
    },
    {
        "subject": "http://dbpedia.org/resource/Nina_Virchenko",
        "predicate": "http://dbpedia.org/ontology/wikiPageWikiLink",
        "object": "http://dbpedia.org/resource/International_Council_for_Central_and_East_European_Studies"
    },
    {
        "subject": "http://dbpedia.org/resource/Nina_Virchenko",
        "predicate": "http://dbpedia.org/ontology/wikiPageWikiLink",
        "object": "http://dbpedia.org/resource/Category:Living_people"
    },
    {
        "subject": "http://dbpedia.org/resource/Nina_Virchenko",
        "predicate": "http://dbpedia.org/ontology/wikiPageWikiLink",
        "object": "http://dbpedia.org/resource/National_Technical_University_of_Ukraine"
    },
    {
        "subject": "http://dbpedia.org/resource/Nina_Virchenko",
        "predicate": "http://dbpedia.org/ontology/wikiPageWikiLink",
        "object": "http://dbpedia.org/resource/Richard_Sakwa"
    },
    {
        "subject": "http://dbpedia.org/resource/Nina_Virchenko",
        "predicate": "http://dbpedia.org/ontology/wikiPageWikiLink",
        "object": "http://dbpedia.org/resource/Minsk_agreements"
    },
    {
        "subject": "http://dbpedia.org/resource/Nina_Virchenko",
        "predicate": "http://dbpedia.org/ontology/wikiPageWikiLink",
        "object": "http://dbpedia.org/resource/NATO"
    },
    {
        "subject": "http://dbpedia.org/resource/Nina_Virchenko",
        "predicate": "http://dbpedia.org/ontology/wikiPageWikiLink",
        "object": "http://dbpedia.org/resource/The_Nation"
    },
    {
        "subject": "http://dbpedia.org/resource/Nina_Virchenko",
        "predicate": "http://dbpedia.org/ontology/wikiPageWikiLink",
        "object": "http://dbpedia.org/resource/Andreas_Umland"
    },
    {
        "subject": "http://dbpedia.org/resource/Nina_Virchenko",
        "predicate": "http://dbpedia.org/ontology/wikiPageWikiLink",
        "object": "http://dbpedia.org/resource/Stephen_F._Cohen"
    },
    {
        "subject": "http://dbpedia.org/resource/Nina_Virchenko",
        "predicate": "http://dbpedia.org/ontology/wikiPageWikiLink",
        "object": "http://dbpedia.org/resource/Symposium"
    },
    {
        "subject": "http://dbpedia.org/resource/Nina_Virchenko",
        "predicate": "http://dbpedia.org/ontology/wikiPageWikiLink",
        "object": "http://dbpedia.org/resource/Category:1967_births"
    },
    {
        "subject": "http://dbpedia.org/resource/Nina_Virchenko",
        "predicate": "http://dbpedia.org/ontology/wikiPageWikiLink",
        "object": "http://dbpedia.org/resource/2022_Russian_invasion_of_Ukraine"
    },
    {
        "subject": "http://dbpedia.org/resource/Nina_Virchenko",
        "predicate": "http://dbpedia.org/ontology/wikiPageWikiLink",
        "object": "http://dbpedia.org/resource/American_Political_Science_Association"
    },
    {
        "subject": "http://dbpedia.org/resource/Nina_Virchenko",
        "predicate": "http://dbpedia.org/ontology/wikiPageWikiLink",
        "object": "http://dbpedia.org/resource/Euromaidan"
    },
    {
        "subject": "http://dbpedia.org/resource/Nina_Virchenko",
        "predicate": "http://dbpedia.org/ontology/wikiPageWikiLink",
        "object": "http://dbpedia.org/resource/European_Union"
    },
    {
        "subject": "http://dbpedia.org/resource/Nina_Virchenko",
        "predicate": "http://dbpedia.org/ontology/wikiPageWikiLink",
        "object": "http://dbpedia.org/resource/Nina_Virchenko"
    },
    {
        "subject": "http://dbpedia.org/resource/Nina_Virchenko",
        "predicate": "http://dbpedia.org/ontology/wikiPageWikiLink",
        "object": "http://dbpedia.org/resource/Ottawa"
    },
    {
        "subject": "http://dbpedia.org/resource/Nina_Virchenko",
        "predicate": "http://dbpedia.org/ontology/wikiPageWikiLink",
        "object": "http://dbpedia.org/resource/Journal_of_Labor_and_Society"
    },
    {
        "subject": "http://dbpedia.org/resource/Nina_Virchenko",
        "predicate": "http://dbpedia.org/ontology/wikiPageWikiLink",
        "object": "http://dbpedia.org/resource/Kees_van_der_Pijl"
    },
    {
        "subject": "http://dbpedia.org/resource/Nina_Virchenko",
        "predicate": "http://dbpedia.org/ontology/wikiPageWikiLink",
        "object": "http://dbpedia.org/resource/Jack_F._Matlock_Jr."
    },
    {
        "subject": "http://dbpedia.org/resource/Nina_Virchenko",
        "predicate": "http://dbpedia.org/ontology/wikiPageWikiLink",
        "object": "http://dbpedia.org/resource/Jacobin_(magazine)"
    },
    {
        "subject": "http://dbpedia.org/resource/Nina_Virchenko",
        "predicate": "http://dbpedia.org/ontology/wikiPageWikiLink",
        "object": "http://dbpedia.org/resource/Taras_Kuzio"
    },
    {
        "subject": "http://dbpedia.org/resource/Nina_Virchenko",
        "predicate": "http://dbpedia.org/ontology/wikiPageWikiLink",
        "object": "http://dbpedia.org/resource/The_Bulwark_(website)"
    },
    {
        "subject": "http://dbpedia.org/resource/Nina_Virchenko",
        "predicate": "http://dbpedia.org/ontology/wikiPageWikiLink",
        "object": "http://dbpedia.org/resource/The_Daily_Beast"
    },
    {
        "subject": "http://dbpedia.org/resource/Nina_Virchenko",
        "predicate": "http://dbpedia.org/ontology/wikiPageWikiLink",
        "object": "http://dbpedia.org/resource/Category:University_of_Ottawa_faculty"
    },
    {
        "subject": "http://dbpedia.org/resource/Nina_Virchenko",
        "predicate": "http://dbpedia.org/ontology/wikiPageWikiLink",
        "object": "http://dbpedia.org/resource/Category:Ukrainian_political_scientists"
    },
    {
        "subject": "http://dbpedia.org/resource/Nina_Virchenko",
        "predicate": "http://dbpedia.org/ontology/wikiPageWikiLink",
        "object": "http://dbpedia.org/resource/Svoboda_(political_party)"
    },
    {
        "subject": "http://dbpedia.org/resource/Nina_Virchenko",
        "predicate": "http://dbpedia.org/ontology/wikiPageWikiLink",
        "object": "http://dbpedia.org/resource/Polygraph.info"
    },
    {
        "subject": "http://dbpedia.org/resource/Nina_Virchenko",
        "predicate": "http://dbpedia.org/ontology/wikiPageWikiLink",
        "object": "http://dbpedia.org/resource/Oliver_Stone"
    },
    {
        "subject": "http://dbpedia.org/resource/Nina_Virchenko",
        "predicate": "http://dbpedia.org/ontology/wikiPageWikiLink",
        "object": "http://dbpedia.org/resource/Serhiy_Kvit"
    },
    {
        "subject": "http://dbpedia.org/resource/Nina_Virchenko",
        "predicate": "http://dbpedia.org/ontology/wikiPageWikiLink",
        "object": "http://dbpedia.org/resource/Seymour_Martin_Lipset"
    },
    {
        "subject": "http://dbpedia.org/resource/Nina_Virchenko",
        "predicate": "http://dbpedia.org/ontology/wikiPageWikiLink",
        "object": "http://dbpedia.org/resource/Shevchenko_Scientific_Society"
    },
    {
        "subject": "http://dbpedia.org/resource/Nina_Virchenko",
        "predicate": "http://dbpedia.org/ontology/wikiPageWikiLink",
        "object": "http://dbpedia.org/resource/Neo-Nazism"
    },
    {
        "subject": "http://dbpedia.org/resource/Nina_Virchenko",
        "predicate": "http://dbpedia.org/ontology/wikiPageWikiLink",
        "object": "http://dbpedia.org/resource/Luiz_Alberto_Moniz_Bandeira"
    },
    {
        "subject": "http://dbpedia.org/resource/Nina_Virchenko",
        "predicate": "http://dbpedia.org/ontology/wikiPageWikiLink",
        "object": "http://dbpedia.org/resource/Nationalities_Papers"
    },
    {
        "subject": "http://dbpedia.org/resource/Nina_Virchenko",
        "predicate": "http://dbpedia.org/ontology/wikiPageWikiLink",
        "object": "http://dbpedia.org/resource/Scarecrow_Press"
    },
    {
        "subject": "http://dbpedia.org/resource/Nina_Virchenko",
        "predicate": "http://dbpedia.org/ontology/wikiPageWikiLink",
        "object": "http://dbpedia.org/resource/Catholic_World_Report"
    },
    {
        "subject": "http://dbpedia.org/resource/Nina_Virchenko",
        "predicate": "http://dbpedia.org/ontology/wikiPageWikiLink",
        "object": "http://dbpedia.org/resource/Alexander_Sich"
    },
    {
        "subject": "http://dbpedia.org/resource/Nina_Virchenko",
        "predicate": "http://dbpedia.org/ontology/wikiPageWikiLink",
        "object": "http://dbpedia.org/resource/Zenon_E._Kohut"
    },
    {
        "subject": "http://dbpedia.org/resource/Nina_Virchenko",
        "predicate": "http://dbpedia.org/ontology/wikiPageWikiLink",
        "object": "http://dbpedia.org/resource/Bohdan_Harasymiw"
    },
    {
        "subject": "http://dbpedia.org/resource/Nina_Virchenko",
        "predicate": "http://dbpedia.org/ontology/wikiPageWikiLink",
        "object": "http://dbpedia.org/resource/Bohdan_Y._Nebesio"
    },
    {
        "subject": "http://dbpedia.org/resource/Nina_Virchenko",
        "predicate": "http://dbpedia.org/ontology/wikiPageWikiLink",
        "object": "http://dbpedia.org/resource/David_Lane_(academic)"
    },
    {
        "subject": "http://dbpedia.org/resource/Nina_Virchenko",
        "predicate": "http://dbpedia.org/ontology/wikiPageWikiLink",
        "object": "http://dbpedia.org/resource/European_Politics_and_Society"
    },
    {
        "subject": "http://dbpedia.org/resource/Nina_Virchenko",
        "predicate": "http://dbpedia.org/ontology/wikiPageWikiLink",
        "object": "http://dbpedia.org/resource/IBIS-TAIS"
    },
    {
        "subject": "http://dbpedia.org/resource/Nina_Virchenko",
        "predicate": "http://dbpedia.org/ontology/wikiPageWikiLink",
        "object": "http://dbpedia.org/resource/Ibidem-Verlag"
    },
    {
        "subject": "http://dbpedia.org/resource/Nina_Virchenko",
        "predicate": "http://dbpedia.org/ontology/wikiPageWikiLink",
        "object": "http://dbpedia.org/resource/International_Journal_of_Public_Administration"
    },
    {
        "subject": "http://dbpedia.org/resource/Nina_Virchenko",
        "predicate": "http://dbpedia.org/ontology/wikiPageWikiLink",
        "object": "http://dbpedia.org/resource/John_Foster_(economist)"
    }
]