[
    {
        "subject": "http://dbpedia.org/resource/Noriko_Yui",
        "predicate": "http://dbpedia.org/ontology/wikiPageWikiLink",
        "object": "http://dbpedia.org/resource/Canada"
    },
    {
        "subject": "http://dbpedia.org/resource/Noriko_Yui",
        "predicate": "http://dbpedia.org/ontology/wikiPageWikiLink",
        "object": "http://dbpedia.org/resource/Canadian_Broadcasting_Corporation"
    },
    {
        "subject": "http://dbpedia.org/resource/Noriko_Yui",
        "predicate": "http://dbpedia.org/ontology/wikiPageWikiLink",
        "object": "http://dbpedia.org/resource/Canadian_Football_League"
    },
    {
        "subject": "http://dbpedia.org/resource/Noriko_Yui",
        "predicate": "http://dbpedia.org/ontology/wikiPageWikiLink",
        "object": "http://dbpedia.org/resource/Canadian_Forces"
    },
    {
        "subject": "http://dbpedia.org/resource/Noriko_Yui",
        "predicate": "http://dbpedia.org/ontology/wikiPageWikiLink",
        "object": "http://dbpedia.org/resource/Canadian_Idol"
    },
    {
        "subject": "http://dbpedia.org/resource/Noriko_Yui",
        "predicate": "http://dbpedia.org/ontology/wikiPageWikiLink",
        "object": "http://dbpedia.org/resource/Carl_Voss"
    },
    {
        "subject": "http://dbpedia.org/resource/Noriko_Yui",
        "predicate": "http://dbpedia.org/ontology/wikiPageWikiLink",
        "object": "http://dbpedia.org/resource/Bedouin_Soundclash"
    },
    {
        "subject": "http://dbpedia.org/resource/Noriko_Yui",
        "predicate": "http://dbpedia.org/ontology/wikiPageWikiLink",
        "object": "http://dbpedia.org/resource/Premier_of_Alberta"
    },
    {
        "subject": "http://dbpedia.org/resource/Noriko_Yui",
        "predicate": "http://dbpedia.org/ontology/wikiPageWikiLink",
        "object": "http://dbpedia.org/resource/Premier_of_New_Brunswick"
    },
    {
        "subject": "http://dbpedia.org/resource/Noriko_Yui",
        "predicate": "http://dbpedia.org/ontology/wikiPageWikiLink",
        "object": "http://dbpedia.org/resource/Prime_Minister_of_Canada"
    },
    {
        "subject": "http://dbpedia.org/resource/Noriko_Yui",
        "predicate": "http://dbpedia.org/ontology/wikiPageWikiLink",
        "object": "http://dbpedia.org/resource/Princeton_University"
    },
    {
        "subject": "http://dbpedia.org/resource/Noriko_Yui",
        "predicate": "http://dbpedia.org/ontology/wikiPageWikiLink",
        "object": "http://dbpedia.org/resource/Queen's_University_at_Kingston"
    },
    {
        "subject": "http://dbpedia.org/resource/Noriko_Yui",
        "predicate": "http://dbpedia.org/ontology/wikiPageWikiLink",
        "object": "http://dbpedia.org/resource/Robertson_Davies"
    },
    {
        "subject": "http://dbpedia.org/resource/Noriko_Yui",
        "predicate": "http://dbpedia.org/ontology/wikiPageWikiLink",
        "object": "http://dbpedia.org/resource/Robin_Boadway"
    },
    {
        "subject": "http://dbpedia.org/resource/Noriko_Yui",
        "predicate": "http://dbpedia.org/ontology/wikiPageWikiLink",
        "object": "http://dbpedia.org/resource/Rohit_Aggarwala"
    },
    {
        "subject": "http://dbpedia.org/resource/Noriko_Yui",
        "predicate": "http://dbpedia.org/ontology/wikiPageWikiLink",
        "object": "http://dbpedia.org/resource/Roland_Michener"
    },
    {
        "subject": "http://dbpedia.org/resource/Noriko_Yui",
        "predicate": "http://dbpedia.org/ontology/wikiPageWikiLink",
        "object": "http://dbpedia.org/resource/Ronald_Lampman_Watts"
    },
    {
        "subject": "http://dbpedia.org/resource/Noriko_Yui",
        "predicate": "http://dbpedia.org/ontology/wikiPageWikiLink",
        "object": "http://dbpedia.org/resource/Rosa_Bruno-Jofr\u00e9"
    },
    {
        "subject": "http://dbpedia.org/resource/Noriko_Yui",
        "predicate": "http://dbpedia.org/ontology/wikiPageWikiLink",
        "object": "http://dbpedia.org/resource/Ross_Thatcher"
    },
    {
        "subject": "http://dbpedia.org/resource/Noriko_Yui",
        "predicate": "http://dbpedia.org/ontology/wikiPageWikiLink",
        "object": "http://dbpedia.org/resource/Royal_Bank_of_Canada"
    },
    {
        "subject": "http://dbpedia.org/resource/Noriko_Yui",
        "predicate": "http://dbpedia.org/ontology/wikiPageWikiLink",
        "object": "http://dbpedia.org/resource/Royal_Ontario_Museum"
    },
    {
        "subject": "http://dbpedia.org/resource/Noriko_Yui",
        "predicate": "http://dbpedia.org/ontology/wikiPageWikiLink",
        "object": "http://dbpedia.org/resource/Sandford_Fleming"
    },
    {
        "subject": "http://dbpedia.org/resource/Noriko_Yui",
        "predicate": "http://dbpedia.org/ontology/wikiPageWikiLink",
        "object": "http://dbpedia.org/resource/Sanofi"
    },
    {
        "subject": "http://dbpedia.org/resource/Noriko_Yui",
        "predicate": "http://dbpedia.org/ontology/wikiPageWikiLink",
        "object": "http://dbpedia.org/resource/Sarah_Harmer"
    },
    {
        "subject": "http://dbpedia.org/resource/Noriko_Yui",
        "predicate": "http://dbpedia.org/ontology/wikiPageWikiLink",
        "object": "http://dbpedia.org/resource/Sarita_Choudhury"
    },
    {
        "subject": "http://dbpedia.org/resource/Noriko_Yui",
        "predicate": "http://dbpedia.org/ontology/wikiPageWikiLink",
        "object": "http://dbpedia.org/resource/Meredith_Chivers"
    },
    {
        "subject": "http://dbpedia.org/resource/Noriko_Yui",
        "predicate": "http://dbpedia.org/ontology/wikiPageWikiLink",
        "object": "http://dbpedia.org/resource/Minister_of_International_Trade_(Canada)"
    },
    {
        "subject": "http://dbpedia.org/resource/Noriko_Yui",
        "predicate": "http://dbpedia.org/ontology/wikiPageWikiLink",
        "object": "http://dbpedia.org/resource/Priscilla_Galloway"
    },
    {
        "subject": "http://dbpedia.org/resource/Noriko_Yui",
        "predicate": "http://dbpedia.org/ontology/wikiPageWikiLink",
        "object": "http://dbpedia.org/resource/Canada_Pension_Plan_Investment_Board"
    },
    {
        "subject": "http://dbpedia.org/resource/Noriko_Yui",
        "predicate": "http://dbpedia.org/ontology/wikiPageWikiLink",
        "object": "http://dbpedia.org/resource/2010_Winter_Olympics"
    },
    {
        "subject": "http://dbpedia.org/resource/Noriko_Yui",
        "predicate": "http://dbpedia.org/ontology/wikiPageWikiLink",
        "object": "http://dbpedia.org/resource/Ba\u0146uta_Rubess"
    },
    {
        "subject": "http://dbpedia.org/resource/Noriko_Yui",
        "predicate": "http://dbpedia.org/ontology/wikiPageWikiLink",
        "object": "http://dbpedia.org/resource/Beatrice_Worsley"
    },
    {
        "subject": "http://dbpedia.org/resource/Noriko_Yui",
        "predicate": "http://dbpedia.org/ontology/wikiPageWikiLink",
        "object": "http://dbpedia.org/resource/Bell_Canada"
    },
    {
        "subject": "http://dbpedia.org/resource/Noriko_Yui",
        "predicate": "http://dbpedia.org/ontology/wikiPageWikiLink",
        "object": "http://dbpedia.org/resource/Bernard_Keble_Sandwell"
    },
    {
        "subject": "http://dbpedia.org/resource/Noriko_Yui",
        "predicate": "http://dbpedia.org/ontology/wikiPageWikiLink",
        "object": "http://dbpedia.org/resource/Bernice_Weldon_Sargent"
    },
    {
        "subject": "http://dbpedia.org/resource/Noriko_Yui",
        "predicate": "http://dbpedia.org/ontology/wikiPageWikiLink",
        "object": "http://dbpedia.org/resource/Bill_Buxton"
    },
    {
        "subject": "http://dbpedia.org/resource/Noriko_Yui",
        "predicate": "http://dbpedia.org/ontology/wikiPageWikiLink",
        "object": "http://dbpedia.org/resource/Blue_Rodeo"
    },
    {
        "subject": "http://dbpedia.org/resource/Noriko_Yui",
        "predicate": "http://dbpedia.org/ontology/wikiPageWikiLink",
        "object": "http://dbpedia.org/resource/David_A._Dodge"
    },
    {
        "subject": "http://dbpedia.org/resource/Noriko_Yui",
        "predicate": "http://dbpedia.org/ontology/wikiPageWikiLink",
        "object": "http://dbpedia.org/resource/David_Card"
    },
    {
        "subject": "http://dbpedia.org/resource/Noriko_Yui",
        "predicate": "http://dbpedia.org/ontology/wikiPageWikiLink",
        "object": "http://dbpedia.org/resource/David_Emerson"
    },
    {
        "subject": "http://dbpedia.org/resource/Noriko_Yui",
        "predicate": "http://dbpedia.org/ontology/wikiPageWikiLink",
        "object": "http://dbpedia.org/resource/David_J._Thomson"
    },
    {
        "subject": "http://dbpedia.org/resource/Noriko_Yui",
        "predicate": "http://dbpedia.org/ontology/wikiPageWikiLink",
        "object": "http://dbpedia.org/resource/David_Lloyd_Johnston"
    },
    {
        "subject": "http://dbpedia.org/resource/Noriko_Yui",
        "predicate": "http://dbpedia.org/ontology/wikiPageWikiLink",
        "object": "http://dbpedia.org/resource/Dawn_Dumont"
    },
    {
        "subject": "http://dbpedia.org/resource/Noriko_Yui",
        "predicate": "http://dbpedia.org/ontology/wikiPageWikiLink",
        "object": "http://dbpedia.org/resource/Dean_Armstrong"
    },
    {
        "subject": "http://dbpedia.org/resource/Noriko_Yui",
        "predicate": "http://dbpedia.org/ontology/wikiPageWikiLink",
        "object": "http://dbpedia.org/resource/Derek_Burney"
    },
    {
        "subject": "http://dbpedia.org/resource/Noriko_Yui",
        "predicate": "http://dbpedia.org/ontology/wikiPageWikiLink",
        "object": "http://dbpedia.org/resource/Andrew_Kalotay"
    },
    {
        "subject": "http://dbpedia.org/resource/Noriko_Yui",
        "predicate": "http://dbpedia.org/ontology/wikiPageWikiLink",
        "object": "http://dbpedia.org/resource/Anthony_J._Naldrett"
    },
    {
        "subject": "http://dbpedia.org/resource/Noriko_Yui",
        "predicate": "http://dbpedia.org/ontology/wikiPageWikiLink",
        "object": "http://dbpedia.org/resource/Hockey_Hall_of_Fame"
    },
    {
        "subject": "http://dbpedia.org/resource/Noriko_Yui",
        "predicate": "http://dbpedia.org/ontology/wikiPageWikiLink",
        "object": "http://dbpedia.org/resource/John_W._Berry_(psychologist)"
    },
    {
        "subject": "http://dbpedia.org/resource/Noriko_Yui",
        "predicate": "http://dbpedia.org/ontology/wikiPageWikiLink",
        "object": "http://dbpedia.org/resource/John_Weir_Foote"
    },
    {
        "subject": "http://dbpedia.org/resource/Noriko_Yui",
        "predicate": "http://dbpedia.org/ontology/wikiPageWikiLink",
        "object": "http://dbpedia.org/resource/Joseph_Petric"
    },
    {
        "subject": "http://dbpedia.org/resource/Noriko_Yui",
        "predicate": "http://dbpedia.org/ontology/wikiPageWikiLink",
        "object": "http://dbpedia.org/resource/Judge_Advocate_General_(Canada)"
    },
    {
        "subject": "http://dbpedia.org/resource/Noriko_Yui",
        "predicate": "http://dbpedia.org/ontology/wikiPageWikiLink",
        "object": "http://dbpedia.org/resource/Judith_Thompson"
    },
    {
        "subject": "http://dbpedia.org/resource/Noriko_Yui",
        "predicate": "http://dbpedia.org/ontology/wikiPageWikiLink",
        "object": "http://dbpedia.org/resource/Julie_Dickson"
    },
    {
        "subject": "http://dbpedia.org/resource/Noriko_Yui",
        "predicate": "http://dbpedia.org/ontology/wikiPageWikiLink",
        "object": "http://dbpedia.org/resource/Julie_Stewart-Binks"
    },
    {
        "subject": "http://dbpedia.org/resource/Noriko_Yui",
        "predicate": "http://dbpedia.org/ontology/wikiPageWikiLink",
        "object": "http://dbpedia.org/resource/Patrick_Deane_(professor)"
    },
    {
        "subject": "http://dbpedia.org/resource/Noriko_Yui",
        "predicate": "http://dbpedia.org/ontology/wikiPageWikiLink",
        "object": "http://dbpedia.org/resource/Paul_Dewar"
    },
    {
        "subject": "http://dbpedia.org/resource/Noriko_Yui",
        "predicate": "http://dbpedia.org/ontology/wikiPageWikiLink",
        "object": "http://dbpedia.org/resource/Paul_Martin"
    },
    {
        "subject": "http://dbpedia.org/resource/Noriko_Yui",
        "predicate": "http://dbpedia.org/ontology/wikiPageWikiLink",
        "object": "http://dbpedia.org/resource/Paul_Nicholas_Mason"
    },
    {
        "subject": "http://dbpedia.org/resource/Noriko_Yui",
        "predicate": "http://dbpedia.org/ontology/wikiPageWikiLink",
        "object": "http://dbpedia.org/resource/Pauline_Jewett"
    },
    {
        "subject": "http://dbpedia.org/resource/Noriko_Yui",
        "predicate": "http://dbpedia.org/ontology/wikiPageWikiLink",
        "object": "http://dbpedia.org/resource/Paulo_Ribenboim"
    },
    {
        "subject": "http://dbpedia.org/resource/Noriko_Yui",
        "predicate": "http://dbpedia.org/ontology/wikiPageWikiLink",
        "object": "http://dbpedia.org/resource/Peter_Lougheed"
    },
    {
        "subject": "http://dbpedia.org/resource/Noriko_Yui",
        "predicate": "http://dbpedia.org/ontology/wikiPageWikiLink",
        "object": "http://dbpedia.org/resource/Peter_Milliken"
    },
    {
        "subject": "http://dbpedia.org/resource/Noriko_Yui",
        "predicate": "http://dbpedia.org/ontology/wikiPageWikiLink",
        "object": "http://dbpedia.org/resource/Reporter"
    },
    {
        "subject": "http://dbpedia.org/resource/Noriko_Yui",
        "predicate": "http://dbpedia.org/ontology/wikiPageWikiLink",
        "object": "http://dbpedia.org/resource/Rob_Nicholson"
    },
    {
        "subject": "http://dbpedia.org/resource/Noriko_Yui",
        "predicate": "http://dbpedia.org/ontology/wikiPageWikiLink",
        "object": "http://dbpedia.org/resource/Robert_Charles_Wallace"
    },
    {
        "subject": "http://dbpedia.org/resource/Noriko_Yui",
        "predicate": "http://dbpedia.org/ontology/wikiPageWikiLink",
        "object": "http://dbpedia.org/resource/United_States"
    },
    {
        "subject": "http://dbpedia.org/resource/Noriko_Yui",
        "predicate": "http://dbpedia.org/ontology/wikiPageWikiLink",
        "object": "http://dbpedia.org/resource/University_of_North_Texas_Health_Science_Center"
    },
    {
        "subject": "http://dbpedia.org/resource/Noriko_Yui",
        "predicate": "http://dbpedia.org/ontology/wikiPageWikiLink",
        "object": "http://dbpedia.org/resource/University_of_Regina"
    },
    {
        "subject": "http://dbpedia.org/resource/Noriko_Yui",
        "predicate": "http://dbpedia.org/ontology/wikiPageWikiLink",
        "object": "http://dbpedia.org/resource/University_of_Toronto"
    },
    {
        "subject": "http://dbpedia.org/resource/Noriko_Yui",
        "predicate": "http://dbpedia.org/ontology/wikiPageWikiLink",
        "object": "http://dbpedia.org/resource/University_of_Waterloo"
    },
    {
        "subject": "http://dbpedia.org/resource/Noriko_Yui",
        "predicate": "http://dbpedia.org/ontology/wikiPageWikiLink",
        "object": "http://dbpedia.org/resource/University_of_Western_Ontario"
    },
    {
        "subject": "http://dbpedia.org/resource/Noriko_Yui",
        "predicate": "http://dbpedia.org/ontology/wikiPageWikiLink",
        "object": "http://dbpedia.org/resource/Vanessa_Morgan"
    },
    {
        "subject": "http://dbpedia.org/resource/Noriko_Yui",
        "predicate": "http://dbpedia.org/ontology/wikiPageWikiLink",
        "object": "http://dbpedia.org/resource/Veritasium"
    },
    {
        "subject": "http://dbpedia.org/resource/Noriko_Yui",
        "predicate": "http://dbpedia.org/ontology/wikiPageWikiLink",
        "object": "http://dbpedia.org/resource/Vibert_Douglas"
    },
    {
        "subject": "http://dbpedia.org/resource/Noriko_Yui",
        "predicate": "http://dbpedia.org/ontology/wikiPageWikiLink",
        "object": "http://dbpedia.org/resource/Victoria_Cross"
    },
    {
        "subject": "http://dbpedia.org/resource/Noriko_Yui",
        "predicate": "http://dbpedia.org/ontology/wikiPageWikiLink",
        "object": "http://dbpedia.org/resource/Vietnam_War"
    },
    {
        "subject": "http://dbpedia.org/resource/Noriko_Yui",
        "predicate": "http://dbpedia.org/ontology/wikiPageWikiLink",
        "object": "http://dbpedia.org/resource/Virginia_Douglas"
    },
    {
        "subject": "http://dbpedia.org/resource/Noriko_Yui",
        "predicate": "http://dbpedia.org/ontology/wikiPageWikiLink",
        "object": "http://dbpedia.org/resource/David_Chadwick_Smith"
    },
    {
        "subject": "http://dbpedia.org/resource/Noriko_Yui",
        "predicate": "http://dbpedia.org/ontology/wikiPageWikiLink",
        "object": "http://dbpedia.org/resource/David_Radler"
    },
    {
        "subject": "http://dbpedia.org/resource/Noriko_Yui",
        "predicate": "http://dbpedia.org/ontology/wikiPageWikiLink",
        "object": "http://dbpedia.org/resource/David_Siderovski"
    },
    {
        "subject": "http://dbpedia.org/resource/Noriko_Yui",
        "predicate": "http://dbpedia.org/ontology/wikiPageWikiLink",
        "object": "http://dbpedia.org/resource/CanWest"
    },
    {
        "subject": "http://dbpedia.org/resource/Noriko_Yui",
        "predicate": "http://dbpedia.org/ontology/wikiPageWikiLink",
        "object": "http://dbpedia.org/resource/Canadian_Interuniversity_Sport"
    },
    {
        "subject": "http://dbpedia.org/resource/Noriko_Yui",
        "predicate": "http://dbpedia.org/ontology/wikiPageWikiLink",
        "object": "http://dbpedia.org/resource/Don_Drummond_(economist)"
    },
    {
        "subject": "http://dbpedia.org/resource/Noriko_Yui",
        "predicate": "http://dbpedia.org/ontology/wikiPageWikiLink",
        "object": "http://dbpedia.org/resource/Donald_Akenson"
    },
    {
        "subject": "http://dbpedia.org/resource/Noriko_Yui",
        "predicate": "http://dbpedia.org/ontology/wikiPageWikiLink",
        "object": "http://dbpedia.org/resource/Earle_McLaughlin"
    },
    {
        "subject": "http://dbpedia.org/resource/Noriko_Yui",
        "predicate": "http://dbpedia.org/ontology/wikiPageWikiLink",
        "object": "http://dbpedia.org/resource/J._Douglas_Cunningham"
    },
    {
        "subject": "http://dbpedia.org/resource/Noriko_Yui",
        "predicate": "http://dbpedia.org/ontology/wikiPageWikiLink",
        "object": "http://dbpedia.org/resource/J._F._A._McManus"
    },
    {
        "subject": "http://dbpedia.org/resource/Noriko_Yui",
        "predicate": "http://dbpedia.org/ontology/wikiPageWikiLink",
        "object": "http://dbpedia.org/resource/J._Sidney_Bernstein"
    },
    {
        "subject": "http://dbpedia.org/resource/Noriko_Yui",
        "predicate": "http://dbpedia.org/ontology/wikiPageWikiLink",
        "object": "http://dbpedia.org/resource/John_Bates_Clark_Medal"
    },
    {
        "subject": "http://dbpedia.org/resource/Noriko_Yui",
        "predicate": "http://dbpedia.org/ontology/wikiPageWikiLink",
        "object": "http://dbpedia.org/resource/John_Burge"
    },
    {
        "subject": "http://dbpedia.org/resource/Noriko_Yui",
        "predicate": "http://dbpedia.org/ontology/wikiPageWikiLink",
        "object": "http://dbpedia.org/resource/Thomas_Cromwell_(Canadian_jurist)"
    },
    {
        "subject": "http://dbpedia.org/resource/Noriko_Yui",
        "predicate": "http://dbpedia.org/ontology/wikiPageWikiLink",
        "object": "http://dbpedia.org/resource/Ontario_Superior_Court"
    },
    {
        "subject": "http://dbpedia.org/resource/Noriko_Yui",
        "predicate": "http://dbpedia.org/ontology/wikiPageWikiLink",
        "object": "http://dbpedia.org/resource/1000_Awesome_Things"
    },
    {
        "subject": "http://dbpedia.org/resource/Noriko_Yui",
        "predicate": "http://dbpedia.org/ontology/wikiPageWikiLink",
        "object": "http://dbpedia.org/resource/Composer"
    },
    {
        "subject": "http://dbpedia.org/resource/Noriko_Yui",
        "predicate": "http://dbpedia.org/ontology/wikiPageWikiLink",
        "object": "http://dbpedia.org/resource/Concordia_University"
    },
    {
        "subject": "http://dbpedia.org/resource/Noriko_Yui",
        "predicate": "http://dbpedia.org/ontology/wikiPageWikiLink",
        "object": "http://dbpedia.org/resource/Conrad_Black"
    },
    {
        "subject": "http://dbpedia.org/resource/Noriko_Yui",
        "predicate": "http://dbpedia.org/ontology/wikiPageWikiLink",
        "object": "http://dbpedia.org/resource/Craig_MacTavish"
    },
    {
        "subject": "http://dbpedia.org/resource/Noriko_Yui",
        "predicate": "http://dbpedia.org/ontology/wikiPageWikiLink",
        "object": "http://dbpedia.org/resource/Craig_Walker_(writer)"
    },
    {
        "subject": "http://dbpedia.org/resource/Noriko_Yui",
        "predicate": "http://dbpedia.org/ontology/wikiPageWikiLink",
        "object": "http://dbpedia.org/resource/Ana_Siljak"
    }
]