[
    {
        "subject": "http://dbpedia.org/resource/Ragni_Piene",
        "predicate": "http://dbpedia.org/ontology/wikiPageWikiLink",
        "object": "http://dbpedia.org/resource/Carl_Anton_Bjerknes"
    },
    {
        "subject": "http://dbpedia.org/resource/Ragni_Piene",
        "predicate": "http://dbpedia.org/ontology/wikiPageWikiLink",
        "object": "http://dbpedia.org/resource/Carl_St\u00f8rmer"
    },
    {
        "subject": "http://dbpedia.org/resource/Ragni_Piene",
        "predicate": "http://dbpedia.org/ontology/wikiPageWikiLink",
        "object": "http://dbpedia.org/resource/Carsten_Smith"
    },
    {
        "subject": "http://dbpedia.org/resource/Ragni_Piene",
        "predicate": "http://dbpedia.org/ontology/wikiPageWikiLink",
        "object": "http://dbpedia.org/resource/Cascading_style_sheets"
    },
    {
        "subject": "http://dbpedia.org/resource/Ragni_Piene",
        "predicate": "http://dbpedia.org/ontology/wikiPageWikiLink",
        "object": "http://dbpedia.org/resource/Queen_Maud_Land"
    },
    {
        "subject": "http://dbpedia.org/resource/Ragni_Piene",
        "predicate": "http://dbpedia.org/ontology/wikiPageWikiLink",
        "object": "http://dbpedia.org/resource/Mahmood_Amiry-Moghaddam"
    },
    {
        "subject": "http://dbpedia.org/resource/Ragni_Piene",
        "predicate": "http://dbpedia.org/ontology/wikiPageWikiLink",
        "object": "http://dbpedia.org/resource/Norwegian_Nobel_Committee"
    },
    {
        "subject": "http://dbpedia.org/resource/Ragni_Piene",
        "predicate": "http://dbpedia.org/ontology/wikiPageWikiLink",
        "object": "http://dbpedia.org/resource/Norwegian_Polar_Institute"
    },
    {
        "subject": "http://dbpedia.org/resource/Ragni_Piene",
        "predicate": "http://dbpedia.org/ontology/wikiPageWikiLink",
        "object": "http://dbpedia.org/resource/Category:University_of_Oslo"
    },
    {
        "subject": "http://dbpedia.org/resource/Ragni_Piene",
        "predicate": "http://dbpedia.org/ontology/wikiPageWikiLink",
        "object": "http://dbpedia.org/resource/Bernt_\u00d8ksendal"
    },
    {
        "subject": "http://dbpedia.org/resource/Ragni_Piene",
        "predicate": "http://dbpedia.org/ontology/wikiPageWikiLink",
        "object": "http://dbpedia.org/resource/Hjalmar_Heiberg"
    },
    {
        "subject": "http://dbpedia.org/resource/Ragni_Piene",
        "predicate": "http://dbpedia.org/ontology/wikiPageWikiLink",
        "object": "http://dbpedia.org/resource/Hoel_Mountains"
    },
    {
        "subject": "http://dbpedia.org/resource/Ragni_Piene",
        "predicate": "http://dbpedia.org/ontology/wikiPageWikiLink",
        "object": "http://dbpedia.org/resource/Jon_Stephenson_von_Tetzchner"
    },
    {
        "subject": "http://dbpedia.org/resource/Ragni_Piene",
        "predicate": "http://dbpedia.org/ontology/wikiPageWikiLink",
        "object": "http://dbpedia.org/resource/Per_Fugelli"
    },
    {
        "subject": "http://dbpedia.org/resource/Ragni_Piene",
        "predicate": "http://dbpedia.org/ontology/wikiPageWikiLink",
        "object": "http://dbpedia.org/resource/Peter_Ludwig_Mejdell_Sylow"
    },
    {
        "subject": "http://dbpedia.org/resource/Ragni_Piene",
        "predicate": "http://dbpedia.org/ontology/wikiPageWikiLink",
        "object": "http://dbpedia.org/resource/Peter_Waage"
    },
    {
        "subject": "http://dbpedia.org/resource/Ragni_Piene",
        "predicate": "http://dbpedia.org/ontology/wikiPageWikiLink",
        "object": "http://dbpedia.org/resource/Petrit_Selimi"
    },
    {
        "subject": "http://dbpedia.org/resource/Ragni_Piene",
        "predicate": "http://dbpedia.org/ontology/wikiPageWikiLink",
        "object": "http://dbpedia.org/resource/C\u00e6sar_Peter_M\u00f8ller_Boeck"
    },
    {
        "subject": "http://dbpedia.org/resource/Ragni_Piene",
        "predicate": "http://dbpedia.org/ontology/wikiPageWikiLink",
        "object": "http://dbpedia.org/resource/Dag_Album"
    },
    {
        "subject": "http://dbpedia.org/resource/Ragni_Piene",
        "predicate": "http://dbpedia.org/ontology/wikiPageWikiLink",
        "object": "http://dbpedia.org/resource/University_of_Oslo"
    },
    {
        "subject": "http://dbpedia.org/resource/Ragni_Piene",
        "predicate": "http://dbpedia.org/ontology/wikiPageWikiLink",
        "object": "http://dbpedia.org/resource/Unni_Wikan"
    },
    {
        "subject": "http://dbpedia.org/resource/Ragni_Piene",
        "predicate": "http://dbpedia.org/ontology/wikiPageWikiLink",
        "object": "http://dbpedia.org/resource/Vilhelm_Aubert"
    },
    {
        "subject": "http://dbpedia.org/resource/Ragni_Piene",
        "predicate": "http://dbpedia.org/ontology/wikiPageWikiLink",
        "object": "http://dbpedia.org/resource/Ingebrigt_Johansson"
    },
    {
        "subject": "http://dbpedia.org/resource/Ragni_Piene",
        "predicate": "http://dbpedia.org/ontology/wikiPageWikiLink",
        "object": "http://dbpedia.org/resource/Ingrid_Eide"
    },
    {
        "subject": "http://dbpedia.org/resource/Ragni_Piene",
        "predicate": "http://dbpedia.org/ontology/wikiPageWikiLink",
        "object": "http://dbpedia.org/resource/Ivar_Asbj\u00f8rn_F\u00f8lling"
    },
    {
        "subject": "http://dbpedia.org/resource/Ragni_Piene",
        "predicate": "http://dbpedia.org/ontology/wikiPageWikiLink",
        "object": "http://dbpedia.org/resource/Ivar_Fr\u00f8nes"
    },
    {
        "subject": "http://dbpedia.org/resource/Ragni_Piene",
        "predicate": "http://dbpedia.org/ontology/wikiPageWikiLink",
        "object": "http://dbpedia.org/resource/Iver_B._Neumann"
    },
    {
        "subject": "http://dbpedia.org/resource/Ragni_Piene",
        "predicate": "http://dbpedia.org/ontology/wikiPageWikiLink",
        "object": "http://dbpedia.org/resource/Iver_Steen_Thomle"
    },
    {
        "subject": "http://dbpedia.org/resource/Ragni_Piene",
        "predicate": "http://dbpedia.org/ontology/wikiPageWikiLink",
        "object": "http://dbpedia.org/resource/Jan_Ivar_Pedersen"
    },
    {
        "subject": "http://dbpedia.org/resource/Ragni_Piene",
        "predicate": "http://dbpedia.org/ontology/wikiPageWikiLink",
        "object": "http://dbpedia.org/resource/K\u00e5re_Berg"
    },
    {
        "subject": "http://dbpedia.org/resource/Ragni_Piene",
        "predicate": "http://dbpedia.org/ontology/wikiPageWikiLink",
        "object": "http://dbpedia.org/resource/Mads_H._Anden\u00e6s"
    },
    {
        "subject": "http://dbpedia.org/resource/Ragni_Piene",
        "predicate": "http://dbpedia.org/ontology/wikiPageWikiLink",
        "object": "http://dbpedia.org/resource/\u00d8yvind_S._Bruland"
    },
    {
        "subject": "http://dbpedia.org/resource/Ragni_Piene",
        "predicate": "http://dbpedia.org/ontology/wikiPageWikiLink",
        "object": "http://dbpedia.org/resource/Ulla-Britt_Lilleaas"
    },
    {
        "subject": "http://dbpedia.org/resource/Ragni_Piene",
        "predicate": "http://dbpedia.org/ontology/wikiPageWikiLink",
        "object": "http://dbpedia.org/resource/Continuous_symmetry"
    },
    {
        "subject": "http://dbpedia.org/resource/Ragni_Piene",
        "predicate": "http://dbpedia.org/ontology/wikiPageWikiLink",
        "object": "http://dbpedia.org/resource/Anders_Bratholm"
    },
    {
        "subject": "http://dbpedia.org/resource/Ragni_Piene",
        "predicate": "http://dbpedia.org/ontology/wikiPageWikiLink",
        "object": "http://dbpedia.org/resource/Chief_Justice_of_the_Supreme_Court_of_Norway"
    },
    {
        "subject": "http://dbpedia.org/resource/Ragni_Piene",
        "predicate": "http://dbpedia.org/ontology/wikiPageWikiLink",
        "object": "http://dbpedia.org/resource/Chief_executive_officer"
    },
    {
        "subject": "http://dbpedia.org/resource/Ragni_Piene",
        "predicate": "http://dbpedia.org/ontology/wikiPageWikiLink",
        "object": "http://dbpedia.org/resource/Chief_technology_officer"
    },
    {
        "subject": "http://dbpedia.org/resource/Ragni_Piene",
        "predicate": "http://dbpedia.org/ontology/wikiPageWikiLink",
        "object": "http://dbpedia.org/resource/Geir_Ellingsrud"
    },
    {
        "subject": "http://dbpedia.org/resource/Ragni_Piene",
        "predicate": "http://dbpedia.org/ontology/wikiPageWikiLink",
        "object": "http://dbpedia.org/resource/Richard_Birkeland"
    },
    {
        "subject": "http://dbpedia.org/resource/Ragni_Piene",
        "predicate": "http://dbpedia.org/ontology/wikiPageWikiLink",
        "object": "http://dbpedia.org/resource/Peder_Carl_Lasson"
    },
    {
        "subject": "http://dbpedia.org/resource/Ragni_Piene",
        "predicate": "http://dbpedia.org/ontology/wikiPageWikiLink",
        "object": "http://dbpedia.org/resource/Ragnar_Winther"
    },
    {
        "subject": "http://dbpedia.org/resource/Ragni_Piene",
        "predicate": "http://dbpedia.org/ontology/wikiPageWikiLink",
        "object": "http://dbpedia.org/resource/Christian_August_Selmer"
    },
    {
        "subject": "http://dbpedia.org/resource/Ragni_Piene",
        "predicate": "http://dbpedia.org/ontology/wikiPageWikiLink",
        "object": "http://dbpedia.org/resource/Alf_Victor_Guldberg"
    },
    {
        "subject": "http://dbpedia.org/resource/Ragni_Piene",
        "predicate": "http://dbpedia.org/ontology/wikiPageWikiLink",
        "object": "http://dbpedia.org/resource/Edvard_Poulsson"
    },
    {
        "subject": "http://dbpedia.org/resource/Ragni_Piene",
        "predicate": "http://dbpedia.org/ontology/wikiPageWikiLink",
        "object": "http://dbpedia.org/resource/Einar_L\u00f8chen"
    },
    {
        "subject": "http://dbpedia.org/resource/Ragni_Piene",
        "predicate": "http://dbpedia.org/ontology/wikiPageWikiLink",
        "object": "http://dbpedia.org/resource/Elling_Holst"
    },
    {
        "subject": "http://dbpedia.org/resource/Ragni_Piene",
        "predicate": "http://dbpedia.org/ontology/wikiPageWikiLink",
        "object": "http://dbpedia.org/resource/Emil_Stang"
    },
    {
        "subject": "http://dbpedia.org/resource/Ragni_Piene",
        "predicate": "http://dbpedia.org/ontology/wikiPageWikiLink",
        "object": "http://dbpedia.org/resource/Emil_Stang_(born_1882)"
    },
    {
        "subject": "http://dbpedia.org/resource/Ragni_Piene",
        "predicate": "http://dbpedia.org/ontology/wikiPageWikiLink",
        "object": "http://dbpedia.org/resource/Frede_Castberg"
    },
    {
        "subject": "http://dbpedia.org/resource/Ragni_Piene",
        "predicate": "http://dbpedia.org/ontology/wikiPageWikiLink",
        "object": "http://dbpedia.org/resource/Frederik_Stang"
    },
    {
        "subject": "http://dbpedia.org/resource/Ragni_Piene",
        "predicate": "http://dbpedia.org/ontology/wikiPageWikiLink",
        "object": "http://dbpedia.org/resource/Fredrik_Barth"
    },
    {
        "subject": "http://dbpedia.org/resource/Ragni_Piene",
        "predicate": "http://dbpedia.org/ontology/wikiPageWikiLink",
        "object": "http://dbpedia.org/resource/Fredrik_Engelstad"
    },
    {
        "subject": "http://dbpedia.org/resource/Ragni_Piene",
        "predicate": "http://dbpedia.org/ontology/wikiPageWikiLink",
        "object": "http://dbpedia.org/resource/Fridtjof_Nansen"
    },
    {
        "subject": "http://dbpedia.org/resource/Ragni_Piene",
        "predicate": "http://dbpedia.org/ontology/wikiPageWikiLink",
        "object": "http://dbpedia.org/resource/G.H._Monrad-Krohn"
    },
    {
        "subject": "http://dbpedia.org/resource/Ragni_Piene",
        "predicate": "http://dbpedia.org/ontology/wikiPageWikiLink",
        "object": "http://dbpedia.org/resource/Gabriel_Langfeldt"
    },
    {
        "subject": "http://dbpedia.org/resource/Ragni_Piene",
        "predicate": "http://dbpedia.org/ontology/wikiPageWikiLink",
        "object": "http://dbpedia.org/resource/Geir_H\u00f8gsnes"
    },
    {
        "subject": "http://dbpedia.org/resource/Ragni_Piene",
        "predicate": "http://dbpedia.org/ontology/wikiPageWikiLink",
        "object": "http://dbpedia.org/resource/Geir_Lundestad"
    },
    {
        "subject": "http://dbpedia.org/resource/Ragni_Piene",
        "predicate": "http://dbpedia.org/ontology/wikiPageWikiLink",
        "object": "http://dbpedia.org/resource/Thomas_Christian_Wyller"
    },
    {
        "subject": "http://dbpedia.org/resource/Ragni_Piene",
        "predicate": "http://dbpedia.org/ontology/wikiPageWikiLink",
        "object": "http://dbpedia.org/resource/Thomas_Mathiesen"
    },
    {
        "subject": "http://dbpedia.org/resource/Ragni_Piene",
        "predicate": "http://dbpedia.org/ontology/wikiPageWikiLink",
        "object": "http://dbpedia.org/resource/Thoralf_Skolem"
    },
    {
        "subject": "http://dbpedia.org/resource/Ragni_Piene",
        "predicate": "http://dbpedia.org/ontology/wikiPageWikiLink",
        "object": "http://dbpedia.org/resource/Thorbj\u00f8rn_Jagland"
    },
    {
        "subject": "http://dbpedia.org/resource/Ragni_Piene",
        "predicate": "http://dbpedia.org/ontology/wikiPageWikiLink",
        "object": "http://dbpedia.org/resource/Erik_Alfsen"
    },
    {
        "subject": "http://dbpedia.org/resource/Ragni_Piene",
        "predicate": "http://dbpedia.org/ontology/wikiPageWikiLink",
        "object": "http://dbpedia.org/resource/Anton_Jervell"
    },
    {
        "subject": "http://dbpedia.org/resource/Ragni_Piene",
        "predicate": "http://dbpedia.org/ontology/wikiPageWikiLink",
        "object": "http://dbpedia.org/resource/Arne_Mastekaasa"
    },
    {
        "subject": "http://dbpedia.org/resource/Ragni_Piene",
        "predicate": "http://dbpedia.org/ontology/wikiPageWikiLink",
        "object": "http://dbpedia.org/resource/Arne_Sletsj\u00f8e"
    },
    {
        "subject": "http://dbpedia.org/resource/Ragni_Piene",
        "predicate": "http://dbpedia.org/ontology/wikiPageWikiLink",
        "object": "http://dbpedia.org/resource/Arnfinn_Laudal"
    },
    {
        "subject": "http://dbpedia.org/resource/Ragni_Piene",
        "predicate": "http://dbpedia.org/ontology/wikiPageWikiLink",
        "object": "http://dbpedia.org/resource/Bent_Rolstad"
    },
    {
        "subject": "http://dbpedia.org/resource/Ragni_Piene",
        "predicate": "http://dbpedia.org/ontology/wikiPageWikiLink",
        "object": "http://dbpedia.org/resource/Bernt_Hagtvet"
    },
    {
        "subject": "http://dbpedia.org/resource/Ragni_Piene",
        "predicate": "http://dbpedia.org/ontology/wikiPageWikiLink",
        "object": "http://dbpedia.org/resource/Lucy_Caroline_Smith"
    },
    {
        "subject": "http://dbpedia.org/resource/Ragni_Piene",
        "predicate": "http://dbpedia.org/ontology/wikiPageWikiLink",
        "object": "http://dbpedia.org/resource/Claus_Winter_Hjelm"
    },
    {
        "subject": "http://dbpedia.org/resource/Ragni_Piene",
        "predicate": "http://dbpedia.org/ontology/wikiPageWikiLink",
        "object": "http://dbpedia.org/resource/\u00d8ystein_Ore"
    },
    {
        "subject": "http://dbpedia.org/resource/Ragni_Piene",
        "predicate": "http://dbpedia.org/ontology/wikiPageWikiLink",
        "object": "http://dbpedia.org/resource/Peace_and_conflict_studies"
    },
    {
        "subject": "http://dbpedia.org/resource/Ragni_Piene",
        "predicate": "http://dbpedia.org/ontology/wikiPageWikiLink",
        "object": "http://dbpedia.org/resource/Ragni_Piene"
    },
    {
        "subject": "http://dbpedia.org/resource/Ragni_Piene",
        "predicate": "http://dbpedia.org/ontology/wikiPageWikiLink",
        "object": "http://dbpedia.org/resource/Willy_Pedersen"
    },
    {
        "subject": "http://dbpedia.org/resource/Ragni_Piene",
        "predicate": "http://dbpedia.org/ontology/wikiPageWikiLink",
        "object": "http://dbpedia.org/resource/Magnus_Andreas_Thulstrup"
    },
    {
        "subject": "http://dbpedia.org/resource/Ragni_Piene",
        "predicate": "http://dbpedia.org/ontology/wikiPageWikiLink",
        "object": "http://dbpedia.org/resource/Nils_Christian_Stenseth"
    },
    {
        "subject": "http://dbpedia.org/resource/Ragni_Piene",
        "predicate": "http://dbpedia.org/ontology/wikiPageWikiLink",
        "object": "http://dbpedia.org/resource/Tone_Sverdrup"
    },
    {
        "subject": "http://dbpedia.org/resource/Ragni_Piene",
        "predicate": "http://dbpedia.org/ontology/wikiPageWikiLink",
        "object": "http://dbpedia.org/resource/Axel_Thue"
    },
    {
        "subject": "http://dbpedia.org/resource/Ragni_Piene",
        "predicate": "http://dbpedia.org/ontology/wikiPageWikiLink",
        "object": "http://dbpedia.org/resource/Cato_Maximilian_Guldberg"
    },
    {
        "subject": "http://dbpedia.org/resource/Ragni_Piene",
        "predicate": "http://dbpedia.org/ontology/wikiPageWikiLink",
        "object": "http://dbpedia.org/resource/Tore_Schei"
    },
    {
        "subject": "http://dbpedia.org/resource/Ragni_Piene",
        "predicate": "http://dbpedia.org/ontology/wikiPageWikiLink",
        "object": "http://dbpedia.org/resource/Trond_Nordby"
    },
    {
        "subject": "http://dbpedia.org/resource/Ragni_Piene",
        "predicate": "http://dbpedia.org/ontology/wikiPageWikiLink",
        "object": "http://dbpedia.org/resource/Trygve_Haavelmo"
    },
    {
        "subject": "http://dbpedia.org/resource/Ragni_Piene",
        "predicate": "http://dbpedia.org/ontology/wikiPageWikiLink",
        "object": "http://dbpedia.org/resource/John_Grue"
    },
    {
        "subject": "http://dbpedia.org/resource/Ragni_Piene",
        "predicate": "http://dbpedia.org/ontology/wikiPageWikiLink",
        "object": "http://dbpedia.org/resource/Jon_Bing"
    },
    {
        "subject": "http://dbpedia.org/resource/Ragni_Piene",
        "predicate": "http://dbpedia.org/ontology/wikiPageWikiLink",
        "object": "http://dbpedia.org/resource/Jon_Storm-Mathisen"
    },
    {
        "subject": "http://dbpedia.org/resource/Ragni_Piene",
        "predicate": "http://dbpedia.org/ontology/wikiPageWikiLink",
        "object": "http://dbpedia.org/resource/File:Fridtjof_Nansen_LOC_03377u-3.jpg"
    },
    {
        "subject": "http://dbpedia.org/resource/Ragni_Piene",
        "predicate": "http://dbpedia.org/ontology/wikiPageWikiLink",
        "object": "http://dbpedia.org/resource/J\u00f8rn_Hurum"
    },
    {
        "subject": "http://dbpedia.org/resource/Ragni_Piene",
        "predicate": "http://dbpedia.org/ontology/wikiPageWikiLink",
        "object": "http://dbpedia.org/resource/Lars_Weis\u00e6th"
    },
    {
        "subject": "http://dbpedia.org/resource/Ragni_Piene",
        "predicate": "http://dbpedia.org/ontology/wikiPageWikiLink",
        "object": "http://dbpedia.org/resource/Nils_Retterst\u00f8l"
    },
    {
        "subject": "http://dbpedia.org/resource/Ragni_Piene",
        "predicate": "http://dbpedia.org/ontology/wikiPageWikiLink",
        "object": "http://dbpedia.org/resource/Adolf_Hoel"
    },
    {
        "subject": "http://dbpedia.org/resource/Ragni_Piene",
        "predicate": "http://dbpedia.org/ontology/wikiPageWikiLink",
        "object": "http://dbpedia.org/resource/Alexander_Pihl"
    },
    {
        "subject": "http://dbpedia.org/resource/Ragni_Piene",
        "predicate": "http://dbpedia.org/ontology/wikiPageWikiLink",
        "object": "http://dbpedia.org/resource/Dag_\u00d8sterberg"
    },
    {
        "subject": "http://dbpedia.org/resource/Ragni_Piene",
        "predicate": "http://dbpedia.org/ontology/wikiPageWikiLink",
        "object": "http://dbpedia.org/resource/Darwinius"
    },
    {
        "subject": "http://dbpedia.org/resource/Ragni_Piene",
        "predicate": "http://dbpedia.org/ontology/wikiPageWikiLink",
        "object": "http://dbpedia.org/resource/Erik_Gr\u00f8nseth"
    },
    {
        "subject": "http://dbpedia.org/resource/Ragni_Piene",
        "predicate": "http://dbpedia.org/ontology/wikiPageWikiLink",
        "object": "http://dbpedia.org/resource/Erling_Sandene"
    },
    {
        "subject": "http://dbpedia.org/resource/Ragni_Piene",
        "predicate": "http://dbpedia.org/ontology/wikiPageWikiLink",
        "object": "http://dbpedia.org/resource/Erling_St\u00f8rmer"
    },
    {
        "subject": "http://dbpedia.org/resource/Ragni_Piene",
        "predicate": "http://dbpedia.org/ontology/wikiPageWikiLink",
        "object": "http://dbpedia.org/resource/Ernst_Sejersted_Selmer"
    },
    {
        "subject": "http://dbpedia.org/resource/Ragni_Piene",
        "predicate": "http://dbpedia.org/ontology/wikiPageWikiLink",
        "object": "http://dbpedia.org/resource/Fields_Medal"
    },
    {
        "subject": "http://dbpedia.org/resource/Ragni_Piene",
        "predicate": "http://dbpedia.org/ontology/wikiPageWikiLink",
        "object": "http://dbpedia.org/resource/Francis_Bull"
    }
]