[
    {
        "subject": "http://dbpedia.org/resource/Topology_optimization",
        "predicate": "http://dbpedia.org/ontology/wikiPageWikiLink",
        "object": "http://dbpedia.org/resource/Inverse_problem"
    },
    {
        "subject": "http://dbpedia.org/resource/Topology_optimization",
        "predicate": "http://dbpedia.org/ontology/wikiPageWikiLink",
        "object": "http://dbpedia.org/resource/Pressure_vessel"
    },
    {
        "subject": "http://dbpedia.org/resource/Topology_optimization",
        "predicate": "http://dbpedia.org/ontology/wikiPageWikiLink",
        "object": "http://dbpedia.org/resource/Engineering"
    },
    {
        "subject": "http://dbpedia.org/resource/Topology_optimization",
        "predicate": "http://dbpedia.org/ontology/wikiPageWikiLink",
        "object": "http://dbpedia.org/resource/Structural_design"
    },
    {
        "subject": "http://dbpedia.org/resource/Topology_optimization",
        "predicate": "http://dbpedia.org/ontology/wikiPageWikiLink",
        "object": "http://dbpedia.org/resource/Design_Optimization"
    },
    {
        "subject": "http://dbpedia.org/resource/Topology_optimization",
        "predicate": "http://dbpedia.org/ontology/wikiPageWikiLink",
        "object": "http://dbpedia.org/resource/Surrogate_model"
    },
    {
        "subject": "http://dbpedia.org/resource/Topology_optimization",
        "predicate": "http://dbpedia.org/ontology/wikiPageWikiLink",
        "object": "http://dbpedia.org/resource/Airfoil"
    },
    {
        "subject": "http://dbpedia.org/resource/Topology_optimization",
        "predicate": "http://dbpedia.org/ontology/wikiPageWikiLink",
        "object": "http://dbpedia.org/resource/Category:Engineering_concepts"
    },
    {
        "subject": "http://dbpedia.org/resource/Topology_optimization",
        "predicate": "http://dbpedia.org/ontology/wikiPageWikiLink",
        "object": "http://dbpedia.org/resource/Space_mapping"
    },
    {
        "subject": "http://dbpedia.org/resource/Topology_optimization",
        "predicate": "http://dbpedia.org/ontology/wikiPageWikiLink",
        "object": "http://dbpedia.org/resource/Optimization"
    },
    {
        "subject": "http://dbpedia.org/resource/Topology_optimization",
        "predicate": "http://dbpedia.org/ontology/wikiPageWikiLink",
        "object": "http://dbpedia.org/resource/Topology_optimization"
    },
    {
        "subject": "http://dbpedia.org/resource/Topology_optimization",
        "predicate": "http://dbpedia.org/ontology/wikiPageWikiLink",
        "object": "http://dbpedia.org/resource/Shape_optimization"
    },
    {
        "subject": "http://dbpedia.org/resource/Topology_optimization",
        "predicate": "http://dbpedia.org/ontology/wikiPageWikiLink",
        "object": "http://dbpedia.org/resource/Topology_optimization"
    },
    {
        "subject": "http://dbpedia.org/resource/Topology_optimization",
        "predicate": "http://dbpedia.org/ontology/wikiPageWikiLink",
        "object": "http://dbpedia.org/resource/Energy_consumption"
    },
    {
        "subject": "http://dbpedia.org/resource/Topology_optimization",
        "predicate": "http://dbpedia.org/ontology/wikiPageWikiLink",
        "object": "http://dbpedia.org/resource/Environmental_issues"
    },
    {
        "subject": "http://dbpedia.org/resource/Topology_optimization",
        "predicate": "http://dbpedia.org/ontology/wikiPageWikiLink",
        "object": "http://dbpedia.org/resource/Metaheuristic"
    },
    {
        "subject": "http://dbpedia.org/resource/Topology_optimization",
        "predicate": "http://dbpedia.org/ontology/wikiPageWikiLink",
        "object": "http://dbpedia.org/resource/Pattern_search_(optimization)"
    },
    {
        "subject": "http://dbpedia.org/resource/Topology_optimization",
        "predicate": "http://dbpedia.org/ontology/wikiPageWikiLink",
        "object": "http://dbpedia.org/resource/Renewable_energy"
    },
    {
        "subject": "http://dbpedia.org/resource/Topology_optimization",
        "predicate": "http://dbpedia.org/ontology/wikiPageWikiLink",
        "object": "http://dbpedia.org/resource/Rhinoceros_3D"
    },
    {
        "subject": "http://dbpedia.org/resource/Topology_optimization",
        "predicate": "http://dbpedia.org/ontology/wikiPageWikiLink",
        "object": "http://dbpedia.org/resource/Deterministic_global_optimization"
    },
    {
        "subject": "http://dbpedia.org/resource/Topology_optimization",
        "predicate": "http://dbpedia.org/ontology/wikiPageWikiLink",
        "object": "http://dbpedia.org/resource/Creative_problem-solving"
    },
    {
        "subject": "http://dbpedia.org/resource/Topology_optimization",
        "predicate": "http://dbpedia.org/ontology/wikiPageWikiLink",
        "object": "http://dbpedia.org/resource/GenerativeComponents"
    },
    {
        "subject": "http://dbpedia.org/resource/Topology_optimization",
        "predicate": "http://dbpedia.org/ontology/wikiPageWikiLink",
        "object": "http://dbpedia.org/resource/Optimization_(mathematics)"
    },
    {
        "subject": "http://dbpedia.org/resource/Topology_optimization",
        "predicate": "http://dbpedia.org/ontology/wikiPageWikiLink",
        "object": "http://dbpedia.org/resource/Climate"
    },
    {
        "subject": "http://dbpedia.org/resource/Topology_optimization",
        "predicate": "http://dbpedia.org/ontology/wikiPageWikiLink",
        "object": "http://dbpedia.org/resource/Genetic_algorithm"
    },
    {
        "subject": "http://dbpedia.org/resource/Topology_optimization",
        "predicate": "http://dbpedia.org/ontology/wikiPageWikiLink",
        "object": "http://dbpedia.org/resource/Grasshopper_3D"
    },
    {
        "subject": "http://dbpedia.org/resource/Topology_optimization",
        "predicate": "http://dbpedia.org/ontology/wikiPageWikiLink",
        "object": "http://dbpedia.org/resource/Conceptual_design"
    },
    {
        "subject": "http://dbpedia.org/resource/Topology_optimization",
        "predicate": "http://dbpedia.org/ontology/wikiPageWikiLink",
        "object": "http://dbpedia.org/resource/Life-cycle_assessment"
    },
    {
        "subject": "http://dbpedia.org/resource/Topology_optimization",
        "predicate": "http://dbpedia.org/ontology/wikiPageWikiLink",
        "object": "http://dbpedia.org/resource/Machine_learning"
    },
    {
        "subject": "http://dbpedia.org/resource/Topology_optimization",
        "predicate": "http://dbpedia.org/ontology/wikiPageWikiLink",
        "object": "http://dbpedia.org/resource/Statistics"
    },
    {
        "subject": "http://dbpedia.org/resource/Topology_optimization",
        "predicate": "http://dbpedia.org/ontology/wikiPageWikiLink",
        "object": "http://dbpedia.org/resource/Computer-aided_design"
    },
    {
        "subject": "http://dbpedia.org/resource/Topology_optimization",
        "predicate": "http://dbpedia.org/ontology/wikiPageWikiLink",
        "object": "http://dbpedia.org/resource/Substructure_(engineering)"
    },
    {
        "subject": "http://dbpedia.org/resource/Topology_optimization",
        "predicate": "http://dbpedia.org/ontology/wikiPageWikiLink",
        "object": "http://dbpedia.org/resource/Surrogate_model"
    },
    {
        "subject": "http://dbpedia.org/resource/Topology_optimization",
        "predicate": "http://dbpedia.org/ontology/wikiPageWikiLink",
        "object": "http://dbpedia.org/resource/AutoCAD"
    },
    {
        "subject": "http://dbpedia.org/resource/Topology_optimization",
        "predicate": "http://dbpedia.org/ontology/wikiPageWikiLink",
        "object": "http://dbpedia.org/resource/Circulation_(Architecture)"
    },
    {
        "subject": "http://dbpedia.org/resource/Topology_optimization",
        "predicate": "http://dbpedia.org/ontology/wikiPageWikiLink",
        "object": "http://dbpedia.org/resource/Heating,_ventilation,_and_air_conditioning"
    },
    {
        "subject": "http://dbpedia.org/resource/Topology_optimization",
        "predicate": "http://dbpedia.org/ontology/wikiPageWikiLink",
        "object": "http://dbpedia.org/resource/Evolution"
    },
    {
        "subject": "http://dbpedia.org/resource/Topology_optimization",
        "predicate": "http://dbpedia.org/ontology/wikiPageWikiLink",
        "object": "http://dbpedia.org/resource/Norman_Foster,_Baron_Foster_of_Thames_Bank"
    },
    {
        "subject": "http://dbpedia.org/resource/Topology_optimization",
        "predicate": "http://dbpedia.org/ontology/wikiPageWikiLink",
        "object": "http://dbpedia.org/resource/Greenhouse_gas_emissions"
    },
    {
        "subject": "http://dbpedia.org/resource/Topology_optimization",
        "predicate": "http://dbpedia.org/ontology/wikiPageWikiLink",
        "object": "http://dbpedia.org/resource/Procedural_modeling"
    },
    {
        "subject": "http://dbpedia.org/resource/Topology_optimization",
        "predicate": "http://dbpedia.org/ontology/wikiPageWikiLink",
        "object": "http://dbpedia.org/resource/Arup_Group"
    },
    {
        "subject": "http://dbpedia.org/resource/Topology_optimization",
        "predicate": "http://dbpedia.org/ontology/wikiPageWikiLink",
        "object": "http://dbpedia.org/resource/Category:Architectural_design"
    },
    {
        "subject": "http://dbpedia.org/resource/Topology_optimization",
        "predicate": "http://dbpedia.org/ontology/wikiPageWikiLink",
        "object": "http://dbpedia.org/resource/Acoustical_engineering"
    },
    {
        "subject": "http://dbpedia.org/resource/Topology_optimization",
        "predicate": "http://dbpedia.org/ontology/wikiPageWikiLink",
        "object": "http://dbpedia.org/resource/Aesthetics"
    },
    {
        "subject": "http://dbpedia.org/resource/Topology_optimization",
        "predicate": "http://dbpedia.org/ontology/wikiPageWikiLink",
        "object": "http://dbpedia.org/resource/Autodesk_Revit"
    },
    {
        "subject": "http://dbpedia.org/resource/Topology_optimization",
        "predicate": "http://dbpedia.org/ontology/wikiPageWikiLink",
        "object": "http://dbpedia.org/resource/Building_information_modeling"
    },
    {
        "subject": "http://dbpedia.org/resource/Topology_optimization",
        "predicate": "http://dbpedia.org/ontology/wikiPageWikiLink",
        "object": "http://dbpedia.org/resource/Building_insulation"
    },
    {
        "subject": "http://dbpedia.org/resource/Topology_optimization",
        "predicate": "http://dbpedia.org/ontology/wikiPageWikiLink",
        "object": "http://dbpedia.org/resource/Sketchpad"
    },
    {
        "subject": "http://dbpedia.org/resource/Topology_optimization",
        "predicate": "http://dbpedia.org/ontology/wikiPageWikiLink",
        "object": "http://dbpedia.org/resource/Topology_optimization"
    },
    {
        "subject": "http://dbpedia.org/resource/Topology_optimization",
        "predicate": "http://dbpedia.org/ontology/wikiPageWikiLink",
        "object": "http://dbpedia.org/resource/Nonlinear_system"
    },
    {
        "subject": "http://dbpedia.org/resource/Topology_optimization",
        "predicate": "http://dbpedia.org/ontology/wikiPageWikiLink",
        "object": "http://dbpedia.org/resource/Retrofitting"
    },
    {
        "subject": "http://dbpedia.org/resource/Topology_optimization",
        "predicate": "http://dbpedia.org/ontology/wikiPageWikiLink",
        "object": "http://dbpedia.org/resource/File:Evolutionary_Algorithm.svg"
    },
    {
        "subject": "http://dbpedia.org/resource/Topology_optimization",
        "predicate": "http://dbpedia.org/ontology/wikiPageWikiLink",
        "object": "http://dbpedia.org/resource/File:L-Acoustics_Sound_Vision_MAPPING_MODE_2.jpg"
    },
    {
        "subject": "http://dbpedia.org/resource/Topology_optimization",
        "predicate": "http://dbpedia.org/ontology/wikiPageWikiLink",
        "object": "http://dbpedia.org/resource/File:Laminar_Cleanroom.jpg"
    },
    {
        "subject": "http://dbpedia.org/resource/Topology_optimization",
        "predicate": "http://dbpedia.org/ontology/wikiPageWikiLink",
        "object": "http://dbpedia.org/resource/File:Simulation-based_optimization_for_building_performance_studies.png"
    },
    {
        "subject": "http://dbpedia.org/resource/Topology_optimization",
        "predicate": "http://dbpedia.org/ontology/wikiPageWikiLink",
        "object": "http://dbpedia.org/resource/Cardiac_surgery"
    },
    {
        "subject": "http://dbpedia.org/resource/Topology_optimization",
        "predicate": "http://dbpedia.org/ontology/wikiPageWikiLink",
        "object": "http://dbpedia.org/resource/Cardiothoracic_surgery"
    },
    {
        "subject": "http://dbpedia.org/resource/Topology_optimization",
        "predicate": "http://dbpedia.org/ontology/wikiPageWikiLink",
        "object": "http://dbpedia.org/resource/Bayesian_inference"
    },
    {
        "subject": "http://dbpedia.org/resource/Topology_optimization",
        "predicate": "http://dbpedia.org/ontology/wikiPageWikiLink",
        "object": "http://dbpedia.org/resource/Precambrian"
    },
    {
        "subject": "http://dbpedia.org/resource/Topology_optimization",
        "predicate": "http://dbpedia.org/ontology/wikiPageWikiLink",
        "object": "http://dbpedia.org/resource/Quantum_mechanics"
    },
    {
        "subject": "http://dbpedia.org/resource/Topology_optimization",
        "predicate": "http://dbpedia.org/ontology/wikiPageWikiLink",
        "object": "http://dbpedia.org/resource/Quantum_stochastic_calculus"
    },
    {
        "subject": "http://dbpedia.org/resource/Topology_optimization",
        "predicate": "http://dbpedia.org/ontology/wikiPageWikiLink",
        "object": "http://dbpedia.org/resource/Electrochemistry"
    },
    {
        "subject": "http://dbpedia.org/resource/Topology_optimization",
        "predicate": "http://dbpedia.org/ontology/wikiPageWikiLink",
        "object": "http://dbpedia.org/resource/Electronic_engineering"
    },
    {
        "subject": "http://dbpedia.org/resource/Topology_optimization",
        "predicate": "http://dbpedia.org/ontology/wikiPageWikiLink",
        "object": "http://dbpedia.org/resource/Endocrinology"
    },
    {
        "subject": "http://dbpedia.org/resource/Topology_optimization",
        "predicate": "http://dbpedia.org/ontology/wikiPageWikiLink",
        "object": "http://dbpedia.org/resource/Environmental_engineering"
    },
    {
        "subject": "http://dbpedia.org/resource/Topology_optimization",
        "predicate": "http://dbpedia.org/ontology/wikiPageWikiLink",
        "object": "http://dbpedia.org/resource/Membrane_biology"
    },
    {
        "subject": "http://dbpedia.org/resource/Topology_optimization",
        "predicate": "http://dbpedia.org/ontology/wikiPageWikiLink",
        "object": "http://dbpedia.org/resource/Mesoscopic_physics"
    },
    {
        "subject": "http://dbpedia.org/resource/Topology_optimization",
        "predicate": "http://dbpedia.org/ontology/wikiPageWikiLink",
        "object": "http://dbpedia.org/resource/Metallurgy"
    },
    {
        "subject": "http://dbpedia.org/resource/Topology_optimization",
        "predicate": "http://dbpedia.org/ontology/wikiPageWikiLink",
        "object": "http://dbpedia.org/resource/Optical_physics"
    },
    {
        "subject": "http://dbpedia.org/resource/Topology_optimization",
        "predicate": "http://dbpedia.org/ontology/wikiPageWikiLink",
        "object": "http://dbpedia.org/resource/Biochemistry"
    },
    {
        "subject": "http://dbpedia.org/resource/Topology_optimization",
        "predicate": "http://dbpedia.org/ontology/wikiPageWikiLink",
        "object": "http://dbpedia.org/resource/Biological_chemistry"
    },
    {
        "subject": "http://dbpedia.org/resource/Topology_optimization",
        "predicate": "http://dbpedia.org/ontology/wikiPageWikiLink",
        "object": "http://dbpedia.org/resource/Blattner's_conjecture"
    },
    {
        "subject": "http://dbpedia.org/resource/Topology_optimization",
        "predicate": "http://dbpedia.org/ontology/wikiPageWikiLink",
        "object": "http://dbpedia.org/resource/Category:Recipients_of_the_Shanti_Swarup_Bhatnagar_Award_in_Biological_Science"
    },
    {
        "subject": "http://dbpedia.org/resource/Topology_optimization",
        "predicate": "http://dbpedia.org/ontology/wikiPageWikiLink",
        "object": "http://dbpedia.org/resource/Category:Lists_of_Indian_award_winners"
    },
    {
        "subject": "http://dbpedia.org/resource/Topology_optimization",
        "predicate": "http://dbpedia.org/ontology/wikiPageWikiLink",
        "object": "http://dbpedia.org/resource/Pharmacology"
    },
    {
        "subject": "http://dbpedia.org/resource/Topology_optimization",
        "predicate": "http://dbpedia.org/ontology/wikiPageWikiLink",
        "object": "http://dbpedia.org/resource/Remote_Sensing"
    },
    {
        "subject": "http://dbpedia.org/resource/Topology_optimization",
        "predicate": "http://dbpedia.org/ontology/wikiPageWikiLink",
        "object": "http://dbpedia.org/resource/Riemann_zeta_function"
    },
    {
        "subject": "http://dbpedia.org/resource/Topology_optimization",
        "predicate": "http://dbpedia.org/ontology/wikiPageWikiLink",
        "object": "http://dbpedia.org/resource/Cytogenetics"
    },
    {
        "subject": "http://dbpedia.org/resource/Topology_optimization",
        "predicate": "http://dbpedia.org/ontology/wikiPageWikiLink",
        "object": "http://dbpedia.org/resource/Cardiovascular"
    },
    {
        "subject": "http://dbpedia.org/resource/Topology_optimization",
        "predicate": "http://dbpedia.org/ontology/wikiPageWikiLink",
        "object": "http://dbpedia.org/resource/Inorganic_chemistry"
    },
    {
        "subject": "http://dbpedia.org/resource/Topology_optimization",
        "predicate": "http://dbpedia.org/ontology/wikiPageWikiLink",
        "object": "http://dbpedia.org/resource/Iwasawa_theory"
    },
    {
        "subject": "http://dbpedia.org/resource/Topology_optimization",
        "predicate": "http://dbpedia.org/ontology/wikiPageWikiLink",
        "object": "http://dbpedia.org/resource/Nanotechnology"
    },
    {
        "subject": "http://dbpedia.org/resource/Topology_optimization",
        "predicate": "http://dbpedia.org/ontology/wikiPageWikiLink",
        "object": "http://dbpedia.org/resource/Enzymology"
    },
    {
        "subject": "http://dbpedia.org/resource/Topology_optimization",
        "predicate": "http://dbpedia.org/ontology/wikiPageWikiLink",
        "object": "http://dbpedia.org/resource/Solid_state_chemistry"
    },
    {
        "subject": "http://dbpedia.org/resource/Topology_optimization",
        "predicate": "http://dbpedia.org/ontology/wikiPageWikiLink",
        "object": "http://dbpedia.org/resource/Complex_analysis"
    },
    {
        "subject": "http://dbpedia.org/resource/Topology_optimization",
        "predicate": "http://dbpedia.org/ontology/wikiPageWikiLink",
        "object": "http://dbpedia.org/resource/Conservation_biology"
    },
    {
        "subject": "http://dbpedia.org/resource/Topology_optimization",
        "predicate": "http://dbpedia.org/ontology/wikiPageWikiLink",
        "object": "http://dbpedia.org/resource/Cosmology"
    },
    {
        "subject": "http://dbpedia.org/resource/Topology_optimization",
        "predicate": "http://dbpedia.org/ontology/wikiPageWikiLink",
        "object": "http://dbpedia.org/resource/Council_of_Scientific_and_Industrial_Research"
    },
    {
        "subject": "http://dbpedia.org/resource/Topology_optimization",
        "predicate": "http://dbpedia.org/ontology/wikiPageWikiLink",
        "object": "http://dbpedia.org/resource/Matrix_function"
    },
    {
        "subject": "http://dbpedia.org/resource/Topology_optimization",
        "predicate": "http://dbpedia.org/ontology/wikiPageWikiLink",
        "object": "http://dbpedia.org/resource/Chemical_biology"
    },
    {
        "subject": "http://dbpedia.org/resource/Topology_optimization",
        "predicate": "http://dbpedia.org/ontology/wikiPageWikiLink",
        "object": "http://dbpedia.org/resource/Chemical_physics"
    },
    {
        "subject": "http://dbpedia.org/resource/Topology_optimization",
        "predicate": "http://dbpedia.org/ontology/wikiPageWikiLink",
        "object": "http://dbpedia.org/resource/Elliptic_partial_differential_equation"
    },
    {
        "subject": "http://dbpedia.org/resource/Topology_optimization",
        "predicate": "http://dbpedia.org/ontology/wikiPageWikiLink",
        "object": "http://dbpedia.org/resource/Genetics"
    },
    {
        "subject": "http://dbpedia.org/resource/Topology_optimization",
        "predicate": "http://dbpedia.org/ontology/wikiPageWikiLink",
        "object": "http://dbpedia.org/resource/Geochronology"
    },
    {
        "subject": "http://dbpedia.org/resource/Topology_optimization",
        "predicate": "http://dbpedia.org/ontology/wikiPageWikiLink",
        "object": "http://dbpedia.org/resource/Geodynamics"
    },
    {
        "subject": "http://dbpedia.org/resource/Topology_optimization",
        "predicate": "http://dbpedia.org/ontology/wikiPageWikiLink",
        "object": "http://dbpedia.org/resource/Nuclear_physics"
    },
    {
        "subject": "http://dbpedia.org/resource/Topology_optimization",
        "predicate": "http://dbpedia.org/ontology/wikiPageWikiLink",
        "object": "http://dbpedia.org/resource/Organic_chemistry"
    },
    {
        "subject": "http://dbpedia.org/resource/Topology_optimization",
        "predicate": "http://dbpedia.org/ontology/wikiPageWikiLink",
        "object": "http://dbpedia.org/resource/Operator_theory"
    },
    {
        "subject": "http://dbpedia.org/resource/Topology_optimization",
        "predicate": "http://dbpedia.org/ontology/wikiPageWikiLink",
        "object": "http://dbpedia.org/resource/Quantile_regression"
    },
    {
        "subject": "http://dbpedia.org/resource/Topology_optimization",
        "predicate": "http://dbpedia.org/ontology/wikiPageWikiLink",
        "object": "http://dbpedia.org/resource/Quantum_optics"
    }
]