[
    {
        "subject": "http://dbpedia.org/resource/\u00c9va_Tardos",
        "predicate": "http://dbpedia.org/ontology/wikiPageWikiLink",
        "object": "http://dbpedia.org/resource/Calculator"
    },
    {
        "subject": "http://dbpedia.org/resource/\u00c9va_Tardos",
        "predicate": "http://dbpedia.org/ontology/wikiPageWikiLink",
        "object": "http://dbpedia.org/resource/Carl_Sassenrath"
    },
    {
        "subject": "http://dbpedia.org/resource/\u00c9va_Tardos",
        "predicate": "http://dbpedia.org/ontology/wikiPageWikiLink",
        "object": "http://dbpedia.org/resource/Carroll_Morgan_(computer_scientist)"
    },
    {
        "subject": "http://dbpedia.org/resource/\u00c9va_Tardos",
        "predicate": "http://dbpedia.org/ontology/wikiPageWikiLink",
        "object": "http://dbpedia.org/resource/Cascading_Style_Sheets"
    },
    {
        "subject": "http://dbpedia.org/resource/\u00c9va_Tardos",
        "predicate": "http://dbpedia.org/ontology/wikiPageWikiLink",
        "object": "http://dbpedia.org/resource/Case-based_reasoning"
    },
    {
        "subject": "http://dbpedia.org/resource/\u00c9va_Tardos",
        "predicate": "http://dbpedia.org/ontology/wikiPageWikiLink",
        "object": "http://dbpedia.org/resource/Poul-Henning_Kamp"
    },
    {
        "subject": "http://dbpedia.org/resource/\u00c9va_Tardos",
        "predicate": "http://dbpedia.org/ontology/wikiPageWikiLink",
        "object": "http://dbpedia.org/resource/Process_mining"
    },
    {
        "subject": "http://dbpedia.org/resource/\u00c9va_Tardos",
        "predicate": "http://dbpedia.org/ontology/wikiPageWikiLink",
        "object": "http://dbpedia.org/resource/Program_optimization"
    },
    {
        "subject": "http://dbpedia.org/resource/\u00c9va_Tardos",
        "predicate": "http://dbpedia.org/ontology/wikiPageWikiLink",
        "object": "http://dbpedia.org/resource/Programmer"
    },
    {
        "subject": "http://dbpedia.org/resource/\u00c9va_Tardos",
        "predicate": "http://dbpedia.org/ontology/wikiPageWikiLink",
        "object": "http://dbpedia.org/resource/Prolog"
    },
    {
        "subject": "http://dbpedia.org/resource/\u00c9va_Tardos",
        "predicate": "http://dbpedia.org/ontology/wikiPageWikiLink",
        "object": "http://dbpedia.org/resource/Punched_card"
    },
    {
        "subject": "http://dbpedia.org/resource/\u00c9va_Tardos",
        "predicate": "http://dbpedia.org/ontology/wikiPageWikiLink",
        "object": "http://dbpedia.org/resource/Python_(programming_language)"
    },
    {
        "subject": "http://dbpedia.org/resource/\u00c9va_Tardos",
        "predicate": "http://dbpedia.org/ontology/wikiPageWikiLink",
        "object": "http://dbpedia.org/resource/Quantum_mechanics"
    },
    {
        "subject": "http://dbpedia.org/resource/\u00c9va_Tardos",
        "predicate": "http://dbpedia.org/ontology/wikiPageWikiLink",
        "object": "http://dbpedia.org/resource/QuickCheck"
    },
    {
        "subject": "http://dbpedia.org/resource/\u00c9va_Tardos",
        "predicate": "http://dbpedia.org/ontology/wikiPageWikiLink",
        "object": "http://dbpedia.org/resource/Robert_Sedgewick_(computer_scientist)"
    },
    {
        "subject": "http://dbpedia.org/resource/\u00c9va_Tardos",
        "predicate": "http://dbpedia.org/ontology/wikiPageWikiLink",
        "object": "http://dbpedia.org/resource/Robert_Sproull"
    },
    {
        "subject": "http://dbpedia.org/resource/\u00c9va_Tardos",
        "predicate": "http://dbpedia.org/ontology/wikiPageWikiLink",
        "object": "http://dbpedia.org/resource/Robert_Tappan_Morris"
    },
    {
        "subject": "http://dbpedia.org/resource/\u00c9va_Tardos",
        "predicate": "http://dbpedia.org/ontology/wikiPageWikiLink",
        "object": "http://dbpedia.org/resource/Robert_Tarjan"
    },
    {
        "subject": "http://dbpedia.org/resource/\u00c9va_Tardos",
        "predicate": "http://dbpedia.org/ontology/wikiPageWikiLink",
        "object": "http://dbpedia.org/resource/Robert_W._Floyd"
    },
    {
        "subject": "http://dbpedia.org/resource/\u00c9va_Tardos",
        "predicate": "http://dbpedia.org/ontology/wikiPageWikiLink",
        "object": "http://dbpedia.org/resource/Roberto_Ierusalimschy"
    },
    {
        "subject": "http://dbpedia.org/resource/\u00c9va_Tardos",
        "predicate": "http://dbpedia.org/ontology/wikiPageWikiLink",
        "object": "http://dbpedia.org/resource/Roberto_Pieraccini"
    },
    {
        "subject": "http://dbpedia.org/resource/\u00c9va_Tardos",
        "predicate": "http://dbpedia.org/ontology/wikiPageWikiLink",
        "object": "http://dbpedia.org/resource/Robin_Milner"
    },
    {
        "subject": "http://dbpedia.org/resource/\u00c9va_Tardos",
        "predicate": "http://dbpedia.org/ontology/wikiPageWikiLink",
        "object": "http://dbpedia.org/resource/Robotics"
    },
    {
        "subject": "http://dbpedia.org/resource/\u00c9va_Tardos",
        "predicate": "http://dbpedia.org/ontology/wikiPageWikiLink",
        "object": "http://dbpedia.org/resource/Rod_Canion"
    },
    {
        "subject": "http://dbpedia.org/resource/\u00c9va_Tardos",
        "predicate": "http://dbpedia.org/ontology/wikiPageWikiLink",
        "object": "http://dbpedia.org/resource/Roger_Hui"
    },
    {
        "subject": "http://dbpedia.org/resource/\u00c9va_Tardos",
        "predicate": "http://dbpedia.org/ontology/wikiPageWikiLink",
        "object": "http://dbpedia.org/resource/Roger_Moore_(computer_scientist)"
    },
    {
        "subject": "http://dbpedia.org/resource/\u00c9va_Tardos",
        "predicate": "http://dbpedia.org/ontology/wikiPageWikiLink",
        "object": "http://dbpedia.org/resource/Roger_Needham"
    },
    {
        "subject": "http://dbpedia.org/resource/\u00c9va_Tardos",
        "predicate": "http://dbpedia.org/ontology/wikiPageWikiLink",
        "object": "http://dbpedia.org/resource/Roland_Carl_Backhouse"
    },
    {
        "subject": "http://dbpedia.org/resource/\u00c9va_Tardos",
        "predicate": "http://dbpedia.org/ontology/wikiPageWikiLink",
        "object": "http://dbpedia.org/resource/Ron_Rivest"
    },
    {
        "subject": "http://dbpedia.org/resource/\u00c9va_Tardos",
        "predicate": "http://dbpedia.org/ontology/wikiPageWikiLink",
        "object": "http://dbpedia.org/resource/Ruby_(programming_language)"
    },
    {
        "subject": "http://dbpedia.org/resource/\u00c9va_Tardos",
        "predicate": "http://dbpedia.org/ontology/wikiPageWikiLink",
        "object": "http://dbpedia.org/resource/Rudolf_Bayer"
    },
    {
        "subject": "http://dbpedia.org/resource/\u00c9va_Tardos",
        "predicate": "http://dbpedia.org/ontology/wikiPageWikiLink",
        "object": "http://dbpedia.org/resource/Rudy_Rucker"
    },
    {
        "subject": "http://dbpedia.org/resource/\u00c9va_Tardos",
        "predicate": "http://dbpedia.org/ontology/wikiPageWikiLink",
        "object": "http://dbpedia.org/resource/Samir_Das"
    },
    {
        "subject": "http://dbpedia.org/resource/\u00c9va_Tardos",
        "predicate": "http://dbpedia.org/ontology/wikiPageWikiLink",
        "object": "http://dbpedia.org/resource/Samson_Abramsky"
    },
    {
        "subject": "http://dbpedia.org/resource/\u00c9va_Tardos",
        "predicate": "http://dbpedia.org/ontology/wikiPageWikiLink",
        "object": "http://dbpedia.org/resource/Sanjay_Ghemawat"
    },
    {
        "subject": "http://dbpedia.org/resource/\u00c9va_Tardos",
        "predicate": "http://dbpedia.org/ontology/wikiPageWikiLink",
        "object": "http://dbpedia.org/resource/Sanjeev_Arora"
    },
    {
        "subject": "http://dbpedia.org/resource/\u00c9va_Tardos",
        "predicate": "http://dbpedia.org/ontology/wikiPageWikiLink",
        "object": "http://dbpedia.org/resource/Sargur_Srihari"
    },
    {
        "subject": "http://dbpedia.org/resource/\u00c9va_Tardos",
        "predicate": "http://dbpedia.org/ontology/wikiPageWikiLink",
        "object": "http://dbpedia.org/resource/Scala_(programming_language)"
    },
    {
        "subject": "http://dbpedia.org/resource/\u00c9va_Tardos",
        "predicate": "http://dbpedia.org/ontology/wikiPageWikiLink",
        "object": "http://dbpedia.org/resource/Scheme_(programming_language)"
    },
    {
        "subject": "http://dbpedia.org/resource/\u00c9va_Tardos",
        "predicate": "http://dbpedia.org/ontology/wikiPageWikiLink",
        "object": "http://dbpedia.org/resource/Scientific_Time_Sharing_Corporation"
    },
    {
        "subject": "http://dbpedia.org/resource/\u00c9va_Tardos",
        "predicate": "http://dbpedia.org/ontology/wikiPageWikiLink",
        "object": "http://dbpedia.org/resource/Scott_Aaronson"
    },
    {
        "subject": "http://dbpedia.org/resource/\u00c9va_Tardos",
        "predicate": "http://dbpedia.org/ontology/wikiPageWikiLink",
        "object": "http://dbpedia.org/resource/Scott_Fahlman"
    },
    {
        "subject": "http://dbpedia.org/resource/\u00c9va_Tardos",
        "predicate": "http://dbpedia.org/ontology/wikiPageWikiLink",
        "object": "http://dbpedia.org/resource/Scott_Shenker"
    },
    {
        "subject": "http://dbpedia.org/resource/\u00c9va_Tardos",
        "predicate": "http://dbpedia.org/ontology/wikiPageWikiLink",
        "object": "http://dbpedia.org/resource/Eldon_C._Hall"
    },
    {
        "subject": "http://dbpedia.org/resource/\u00c9va_Tardos",
        "predicate": "http://dbpedia.org/ontology/wikiPageWikiLink",
        "object": "http://dbpedia.org/resource/Electronic_design_automation"
    },
    {
        "subject": "http://dbpedia.org/resource/\u00c9va_Tardos",
        "predicate": "http://dbpedia.org/ontology/wikiPageWikiLink",
        "object": "http://dbpedia.org/resource/End-user_development"
    },
    {
        "subject": "http://dbpedia.org/resource/\u00c9va_Tardos",
        "predicate": "http://dbpedia.org/ontology/wikiPageWikiLink",
        "object": "http://dbpedia.org/resource/Enterprise_architecture_planning"
    },
    {
        "subject": "http://dbpedia.org/resource/\u00c9va_Tardos",
        "predicate": "http://dbpedia.org/ontology/wikiPageWikiLink",
        "object": "http://dbpedia.org/resource/Entity-relationship_model"
    },
    {
        "subject": "http://dbpedia.org/resource/\u00c9va_Tardos",
        "predicate": "http://dbpedia.org/ontology/wikiPageWikiLink",
        "object": "http://dbpedia.org/resource/List_of_computing_people"
    },
    {
        "subject": "http://dbpedia.org/resource/\u00c9va_Tardos",
        "predicate": "http://dbpedia.org/ontology/wikiPageWikiLink",
        "object": "http://dbpedia.org/resource/MINIX"
    },
    {
        "subject": "http://dbpedia.org/resource/\u00c9va_Tardos",
        "predicate": "http://dbpedia.org/ontology/wikiPageWikiLink",
        "object": "http://dbpedia.org/resource/MIX"
    },
    {
        "subject": "http://dbpedia.org/resource/\u00c9va_Tardos",
        "predicate": "http://dbpedia.org/ontology/wikiPageWikiLink",
        "object": "http://dbpedia.org/resource/Mihai_Nadin"
    },
    {
        "subject": "http://dbpedia.org/resource/\u00c9va_Tardos",
        "predicate": "http://dbpedia.org/ontology/wikiPageWikiLink",
        "object": "http://dbpedia.org/resource/Monitor_(synchronization)"
    },
    {
        "subject": "http://dbpedia.org/resource/\u00c9va_Tardos",
        "predicate": "http://dbpedia.org/ontology/wikiPageWikiLink",
        "object": "http://dbpedia.org/resource/Moore_machine"
    },
    {
        "subject": "http://dbpedia.org/resource/\u00c9va_Tardos",
        "predicate": "http://dbpedia.org/ontology/wikiPageWikiLink",
        "object": "http://dbpedia.org/resource/Morris_worm"
    },
    {
        "subject": "http://dbpedia.org/resource/\u00c9va_Tardos",
        "predicate": "http://dbpedia.org/ontology/wikiPageWikiLink",
        "object": "http://dbpedia.org/resource/Natural_language_processing"
    },
    {
        "subject": "http://dbpedia.org/resource/\u00c9va_Tardos",
        "predicate": "http://dbpedia.org/ontology/wikiPageWikiLink",
        "object": "http://dbpedia.org/resource/Normalized_compression_distance"
    },
    {
        "subject": "http://dbpedia.org/resource/\u00c9va_Tardos",
        "predicate": "http://dbpedia.org/ontology/wikiPageWikiLink",
        "object": "http://dbpedia.org/resource/MD5"
    },
    {
        "subject": "http://dbpedia.org/resource/\u00c9va_Tardos",
        "predicate": "http://dbpedia.org/ontology/wikiPageWikiLink",
        "object": "http://dbpedia.org/resource/MMIX"
    },
    {
        "subject": "http://dbpedia.org/resource/\u00c9va_Tardos",
        "predicate": "http://dbpedia.org/ontology/wikiPageWikiLink",
        "object": "http://dbpedia.org/resource/Mesh_networking"
    },
    {
        "subject": "http://dbpedia.org/resource/\u00c9va_Tardos",
        "predicate": "http://dbpedia.org/ontology/wikiPageWikiLink",
        "object": "http://dbpedia.org/resource/Meta-learning"
    },
    {
        "subject": "http://dbpedia.org/resource/\u00c9va_Tardos",
        "predicate": "http://dbpedia.org/ontology/wikiPageWikiLink",
        "object": "http://dbpedia.org/resource/Peter_Bernus"
    },
    {
        "subject": "http://dbpedia.org/resource/\u00c9va_Tardos",
        "predicate": "http://dbpedia.org/ontology/wikiPageWikiLink",
        "object": "http://dbpedia.org/resource/SECD_machine"
    },
    {
        "subject": "http://dbpedia.org/resource/\u00c9va_Tardos",
        "predicate": "http://dbpedia.org/ontology/wikiPageWikiLink",
        "object": "http://dbpedia.org/resource/On_Lisp"
    },
    {
        "subject": "http://dbpedia.org/resource/\u00c9va_Tardos",
        "predicate": "http://dbpedia.org/ontology/wikiPageWikiLink",
        "object": "http://dbpedia.org/resource/Partially_observable_Markov_decision_process"
    },
    {
        "subject": "http://dbpedia.org/resource/\u00c9va_Tardos",
        "predicate": "http://dbpedia.org/ontology/wikiPageWikiLink",
        "object": "http://dbpedia.org/resource/Ubiquitous_computing"
    },
    {
        "subject": "http://dbpedia.org/resource/\u00c9va_Tardos",
        "predicate": "http://dbpedia.org/ontology/wikiPageWikiLink",
        "object": "http://dbpedia.org/resource/Programmable_calculator"
    },
    {
        "subject": "http://dbpedia.org/resource/\u00c9va_Tardos",
        "predicate": "http://dbpedia.org/ontology/wikiPageWikiLink",
        "object": "http://dbpedia.org/resource/Ken_Thompson_(computer_programmer)"
    },
    {
        "subject": "http://dbpedia.org/resource/\u00c9va_Tardos",
        "predicate": "http://dbpedia.org/ontology/wikiPageWikiLink",
        "object": "http://dbpedia.org/resource/Really_Achieving_Your_Childhood_Dreams"
    },
    {
        "subject": "http://dbpedia.org/resource/\u00c9va_Tardos",
        "predicate": "http://dbpedia.org/ontology/wikiPageWikiLink",
        "object": "http://dbpedia.org/resource/Cray_Research"
    },
    {
        "subject": "http://dbpedia.org/resource/\u00c9va_Tardos",
        "predicate": "http://dbpedia.org/ontology/wikiPageWikiLink",
        "object": "http://dbpedia.org/resource/Jeffrey_D._Ullman"
    },
    {
        "subject": "http://dbpedia.org/resource/\u00c9va_Tardos",
        "predicate": "http://dbpedia.org/ontology/wikiPageWikiLink",
        "object": "http://dbpedia.org/resource/Eugene_Luks"
    },
    {
        "subject": "http://dbpedia.org/resource/\u00c9va_Tardos",
        "predicate": "http://dbpedia.org/ontology/wikiPageWikiLink",
        "object": "http://dbpedia.org/resource/Nondeterministic_machine"
    },
    {
        "subject": "http://dbpedia.org/resource/\u00c9va_Tardos",
        "predicate": "http://dbpedia.org/ontology/wikiPageWikiLink",
        "object": "http://dbpedia.org/resource/Sankar_Pal"
    },
    {
        "subject": "http://dbpedia.org/resource/\u00c9va_Tardos",
        "predicate": "http://dbpedia.org/ontology/wikiPageWikiLink",
        "object": "http://dbpedia.org/resource/Bauer\u2013Fike_theorem"
    },
    {
        "subject": "http://dbpedia.org/resource/\u00c9va_Tardos",
        "predicate": "http://dbpedia.org/ontology/wikiPageWikiLink",
        "object": "http://dbpedia.org/resource/Bayesian_network"
    },
    {
        "subject": "http://dbpedia.org/resource/\u00c9va_Tardos",
        "predicate": "http://dbpedia.org/ontology/wikiPageWikiLink",
        "object": "http://dbpedia.org/resource/Ben_Shneiderman"
    },
    {
        "subject": "http://dbpedia.org/resource/\u00c9va_Tardos",
        "predicate": "http://dbpedia.org/ontology/wikiPageWikiLink",
        "object": "http://dbpedia.org/resource/Berkeley_Software_Distribution"
    },
    {
        "subject": "http://dbpedia.org/resource/\u00c9va_Tardos",
        "predicate": "http://dbpedia.org/ontology/wikiPageWikiLink",
        "object": "http://dbpedia.org/resource/Bernard_Galler"
    },
    {
        "subject": "http://dbpedia.org/resource/\u00c9va_Tardos",
        "predicate": "http://dbpedia.org/ontology/wikiPageWikiLink",
        "object": "http://dbpedia.org/resource/Bernhard_Sch\u00f6lkopf"
    },
    {
        "subject": "http://dbpedia.org/resource/\u00c9va_Tardos",
        "predicate": "http://dbpedia.org/ontology/wikiPageWikiLink",
        "object": "http://dbpedia.org/resource/Bernhard_Thalheim"
    },
    {
        "subject": "http://dbpedia.org/resource/\u00c9va_Tardos",
        "predicate": "http://dbpedia.org/ontology/wikiPageWikiLink",
        "object": "http://dbpedia.org/resource/Bert_Bos"
    },
    {
        "subject": "http://dbpedia.org/resource/\u00c9va_Tardos",
        "predicate": "http://dbpedia.org/ontology/wikiPageWikiLink",
        "object": "http://dbpedia.org/resource/Bert_Sutherland"
    },
    {
        "subject": "http://dbpedia.org/resource/\u00c9va_Tardos",
        "predicate": "http://dbpedia.org/ontology/wikiPageWikiLink",
        "object": "http://dbpedia.org/resource/Bertrand_Meyer"
    },
    {
        "subject": "http://dbpedia.org/resource/\u00c9va_Tardos",
        "predicate": "http://dbpedia.org/ontology/wikiPageWikiLink",
        "object": "http://dbpedia.org/resource/Betty_Holberton"
    },
    {
        "subject": "http://dbpedia.org/resource/\u00c9va_Tardos",
        "predicate": "http://dbpedia.org/ontology/wikiPageWikiLink",
        "object": "http://dbpedia.org/resource/Bigtable"
    },
    {
        "subject": "http://dbpedia.org/resource/\u00c9va_Tardos",
        "predicate": "http://dbpedia.org/ontology/wikiPageWikiLink",
        "object": "http://dbpedia.org/resource/Bill_Gates"
    },
    {
        "subject": "http://dbpedia.org/resource/\u00c9va_Tardos",
        "predicate": "http://dbpedia.org/ontology/wikiPageWikiLink",
        "object": "http://dbpedia.org/resource/Bill_Joy"
    },
    {
        "subject": "http://dbpedia.org/resource/\u00c9va_Tardos",
        "predicate": "http://dbpedia.org/ontology/wikiPageWikiLink",
        "object": "http://dbpedia.org/resource/Bjarne_Stroustrup"
    },
    {
        "subject": "http://dbpedia.org/resource/\u00c9va_Tardos",
        "predicate": "http://dbpedia.org/ontology/wikiPageWikiLink",
        "object": "http://dbpedia.org/resource/BlueJ"
    },
    {
        "subject": "http://dbpedia.org/resource/\u00c9va_Tardos",
        "predicate": "http://dbpedia.org/ontology/wikiPageWikiLink",
        "object": "http://dbpedia.org/resource/Bourne_shell"
    },
    {
        "subject": "http://dbpedia.org/resource/\u00c9va_Tardos",
        "predicate": "http://dbpedia.org/ontology/wikiPageWikiLink",
        "object": "http://dbpedia.org/resource/Brendan_Eich"
    },
    {
        "subject": "http://dbpedia.org/resource/\u00c9va_Tardos",
        "predicate": "http://dbpedia.org/ontology/wikiPageWikiLink",
        "object": "http://dbpedia.org/resource/Brian_Kernighan"
    },
    {
        "subject": "http://dbpedia.org/resource/\u00c9va_Tardos",
        "predicate": "http://dbpedia.org/ontology/wikiPageWikiLink",
        "object": "http://dbpedia.org/resource/Brian_Randell"
    },
    {
        "subject": "http://dbpedia.org/resource/\u00c9va_Tardos",
        "predicate": "http://dbpedia.org/ontology/wikiPageWikiLink",
        "object": "http://dbpedia.org/resource/David_A._Huffman"
    },
    {
        "subject": "http://dbpedia.org/resource/\u00c9va_Tardos",
        "predicate": "http://dbpedia.org/ontology/wikiPageWikiLink",
        "object": "http://dbpedia.org/resource/David_A._Wagner"
    },
    {
        "subject": "http://dbpedia.org/resource/\u00c9va_Tardos",
        "predicate": "http://dbpedia.org/ontology/wikiPageWikiLink",
        "object": "http://dbpedia.org/resource/David_C._Evans"
    },
    {
        "subject": "http://dbpedia.org/resource/\u00c9va_Tardos",
        "predicate": "http://dbpedia.org/ontology/wikiPageWikiLink",
        "object": "http://dbpedia.org/resource/David_Canfield_Smith"
    },
    {
        "subject": "http://dbpedia.org/resource/\u00c9va_Tardos",
        "predicate": "http://dbpedia.org/ontology/wikiPageWikiLink",
        "object": "http://dbpedia.org/resource/David_E._Shaw"
    },
    {
        "subject": "http://dbpedia.org/resource/\u00c9va_Tardos",
        "predicate": "http://dbpedia.org/ontology/wikiPageWikiLink",
        "object": "http://dbpedia.org/resource/David_Eppstein"
    }
]