[
    {
        "subject": "http://dbpedia.org/resource/Bob_and_Roberta_Smith",
        "predicate": "http://dbpedia.org/ontology/wikiPageWikiLink",
        "object": "http://dbpedia.org/resource/Rose_Finn-Kelcey"
    },
    {
        "subject": "http://dbpedia.org/resource/Bob_and_Roberta_Smith",
        "predicate": "http://dbpedia.org/ontology/wikiPageWikiLink",
        "object": "http://dbpedia.org/resource/Bob_and_Roberta_Smith"
    },
    {
        "subject": "http://dbpedia.org/resource/Bob_and_Roberta_Smith",
        "predicate": "http://dbpedia.org/ontology/wikiPageWikiLink",
        "object": "http://dbpedia.org/resource/David_Shrigley"
    },
    {
        "subject": "http://dbpedia.org/resource/Bob_and_Roberta_Smith",
        "predicate": "http://dbpedia.org/ontology/wikiPageWikiLink",
        "object": "http://dbpedia.org/resource/Peter_Liversidge"
    },
    {
        "subject": "http://dbpedia.org/resource/Bob_and_Roberta_Smith",
        "predicate": "http://dbpedia.org/ontology/wikiPageWikiLink",
        "object": "http://dbpedia.org/resource/Curator"
    },
    {
        "subject": "http://dbpedia.org/resource/Bob_and_Roberta_Smith",
        "predicate": "http://dbpedia.org/ontology/wikiPageWikiLink",
        "object": "http://dbpedia.org/resource/Paul_Stolper_Gallery"
    },
    {
        "subject": "http://dbpedia.org/resource/Bob_and_Roberta_Smith",
        "predicate": "http://dbpedia.org/ontology/wikiPageWikiLink",
        "object": "http://dbpedia.org/resource/Tanya_Ling"
    },
    {
        "subject": "http://dbpedia.org/resource/Bob_and_Roberta_Smith",
        "predicate": "http://dbpedia.org/ontology/wikiPageWikiLink",
        "object": "http://dbpedia.org/resource/Category:Art_exhibitions_in_London"
    },
    {
        "subject": "http://dbpedia.org/resource/Bob_and_Roberta_Smith",
        "predicate": "http://dbpedia.org/ontology/wikiPageWikiLink",
        "object": "http://dbpedia.org/resource/Category:Conceptual_art"
    },
    {
        "subject": "http://dbpedia.org/resource/Bob_and_Roberta_Smith",
        "predicate": "http://dbpedia.org/ontology/wikiPageWikiLink",
        "object": "http://dbpedia.org/resource/Category:Contemporary_art_exhibitions"
    },
    {
        "subject": "http://dbpedia.org/resource/Bob_and_Roberta_Smith",
        "predicate": "http://dbpedia.org/ontology/wikiPageWikiLink",
        "object": "http://dbpedia.org/resource/Nick_Crowe_(artist)"
    },
    {
        "subject": "http://dbpedia.org/resource/Bob_and_Roberta_Smith",
        "predicate": "http://dbpedia.org/ontology/wikiPageWikiLink",
        "object": "http://dbpedia.org/resource/Conceptual_art"
    },
    {
        "subject": "http://dbpedia.org/resource/Bob_and_Roberta_Smith",
        "predicate": "http://dbpedia.org/ontology/wikiPageWikiLink",
        "object": "http://dbpedia.org/resource/Stephen_Farthing"
    },
    {
        "subject": "http://dbpedia.org/resource/Bob_and_Roberta_Smith",
        "predicate": "http://dbpedia.org/ontology/wikiPageWikiLink",
        "object": "http://dbpedia.org/resource/Public_Carriage_Office"
    },
    {
        "subject": "http://dbpedia.org/resource/Bob_and_Roberta_Smith",
        "predicate": "http://dbpedia.org/ontology/wikiPageWikiLink",
        "object": "http://dbpedia.org/resource/Sarah_Staton"
    },
    {
        "subject": "http://dbpedia.org/resource/Bob_and_Roberta_Smith",
        "predicate": "http://dbpedia.org/ontology/wikiPageWikiLink",
        "object": "http://dbpedia.org/resource/Museum_docent"
    },
    {
        "subject": "http://dbpedia.org/resource/Bob_and_Roberta_Smith",
        "predicate": "http://dbpedia.org/ontology/wikiPageWikiLink",
        "object": "http://dbpedia.org/resource/Category:Installation_art"
    },
    {
        "subject": "http://dbpedia.org/resource/Bob_and_Roberta_Smith",
        "predicate": "http://dbpedia.org/ontology/wikiPageWikiLink",
        "object": "http://dbpedia.org/resource/Jessica_Voorsanger"
    },
    {
        "subject": "http://dbpedia.org/resource/Bob_and_Roberta_Smith",
        "predicate": "http://dbpedia.org/ontology/wikiPageWikiLink",
        "object": "http://dbpedia.org/resource/Adrian_Corker"
    },
    {
        "subject": "http://dbpedia.org/resource/Bob_and_Roberta_Smith",
        "predicate": "http://dbpedia.org/ontology/wikiPageWikiLink",
        "object": "http://dbpedia.org/resource/Alex_Katz"
    },
    {
        "subject": "http://dbpedia.org/resource/Bob_and_Roberta_Smith",
        "predicate": "http://dbpedia.org/ontology/wikiPageWikiLink",
        "object": "http://dbpedia.org/resource/Category:Young_British_Artists"
    },
    {
        "subject": "http://dbpedia.org/resource/Bob_and_Roberta_Smith",
        "predicate": "http://dbpedia.org/ontology/wikiPageWikiLink",
        "object": "http://dbpedia.org/resource/Fiona_Banner"
    },
    {
        "subject": "http://dbpedia.org/resource/Bob_and_Roberta_Smith",
        "predicate": "http://dbpedia.org/ontology/wikiPageWikiLink",
        "object": "http://dbpedia.org/resource/Folding_seat"
    },
    {
        "subject": "http://dbpedia.org/resource/Bob_and_Roberta_Smith",
        "predicate": "http://dbpedia.org/ontology/wikiPageWikiLink",
        "object": "http://dbpedia.org/resource/Ray_Richardson_(artist)"
    },
    {
        "subject": "http://dbpedia.org/resource/Bob_and_Roberta_Smith",
        "predicate": "http://dbpedia.org/ontology/wikiPageWikiLink",
        "object": "http://dbpedia.org/resource/Category:1999_in_London"
    },
    {
        "subject": "http://dbpedia.org/resource/Bob_and_Roberta_Smith",
        "predicate": "http://dbpedia.org/ontology/wikiPageWikiLink",
        "object": "http://dbpedia.org/resource/Category:1999_in_art"
    },
    {
        "subject": "http://dbpedia.org/resource/Bob_and_Roberta_Smith",
        "predicate": "http://dbpedia.org/ontology/wikiPageWikiLink",
        "object": "http://dbpedia.org/resource/Category:2000_in_London"
    },
    {
        "subject": "http://dbpedia.org/resource/Bob_and_Roberta_Smith",
        "predicate": "http://dbpedia.org/ontology/wikiPageWikiLink",
        "object": "http://dbpedia.org/resource/Category:2000_in_art"
    },
    {
        "subject": "http://dbpedia.org/resource/Bob_and_Roberta_Smith",
        "predicate": "http://dbpedia.org/ontology/wikiPageWikiLink",
        "object": "http://dbpedia.org/resource/Category:2001_in_London"
    },
    {
        "subject": "http://dbpedia.org/resource/Bob_and_Roberta_Smith",
        "predicate": "http://dbpedia.org/ontology/wikiPageWikiLink",
        "object": "http://dbpedia.org/resource/Category:2001_in_art"
    },
    {
        "subject": "http://dbpedia.org/resource/Bob_and_Roberta_Smith",
        "predicate": "http://dbpedia.org/ontology/wikiPageWikiLink",
        "object": "http://dbpedia.org/resource/Jemima_Stehli"
    },
    {
        "subject": "http://dbpedia.org/resource/Bob_and_Roberta_Smith",
        "predicate": "http://dbpedia.org/ontology/wikiPageWikiLink",
        "object": "http://dbpedia.org/resource/Lawrence_Weiner"
    },
    {
        "subject": "http://dbpedia.org/resource/Bob_and_Roberta_Smith",
        "predicate": "http://dbpedia.org/ontology/wikiPageWikiLink",
        "object": "http://dbpedia.org/resource/Art_gallery"
    },
    {
        "subject": "http://dbpedia.org/resource/Bob_and_Roberta_Smith",
        "predicate": "http://dbpedia.org/ontology/wikiPageWikiLink",
        "object": "http://dbpedia.org/resource/Aspex_Gallery"
    },
    {
        "subject": "http://dbpedia.org/resource/Bob_and_Roberta_Smith",
        "predicate": "http://dbpedia.org/ontology/wikiPageWikiLink",
        "object": "http://dbpedia.org/resource/Hoxton_Square"
    },
    {
        "subject": "http://dbpedia.org/resource/Bob_and_Roberta_Smith",
        "predicate": "http://dbpedia.org/ontology/wikiPageWikiLink",
        "object": "http://dbpedia.org/resource/Ikon_Gallery"
    },
    {
        "subject": "http://dbpedia.org/resource/Bob_and_Roberta_Smith",
        "predicate": "http://dbpedia.org/ontology/wikiPageWikiLink",
        "object": "http://dbpedia.org/resource/Bruce_McLean"
    },
    {
        "subject": "http://dbpedia.org/resource/Bob_and_Roberta_Smith",
        "predicate": "http://dbpedia.org/ontology/wikiPageWikiLink",
        "object": "http://dbpedia.org/resource/Paul_Conboy"
    },
    {
        "subject": "http://dbpedia.org/resource/Bob_and_Roberta_Smith",
        "predicate": "http://dbpedia.org/ontology/wikiPageWikiLink",
        "object": "http://dbpedia.org/resource/Chelsea_College_of_Art_&_Design"
    },
    {
        "subject": "http://dbpedia.org/resource/Bob_and_Roberta_Smith",
        "predicate": "http://dbpedia.org/ontology/wikiPageWikiLink",
        "object": "http://dbpedia.org/resource/Susie_Hamilton"
    },
    {
        "subject": "http://dbpedia.org/resource/Bob_and_Roberta_Smith",
        "predicate": "http://dbpedia.org/ontology/wikiPageWikiLink",
        "object": "http://dbpedia.org/resource/Christo_&_Jeanne-Claude"
    },
    {
        "subject": "http://dbpedia.org/resource/Bob_and_Roberta_Smith",
        "predicate": "http://dbpedia.org/ontology/wikiPageWikiLink",
        "object": "http://dbpedia.org/resource/Laurie_Clark"
    },
    {
        "subject": "http://dbpedia.org/resource/Bob_and_Roberta_Smith",
        "predicate": "http://dbpedia.org/ontology/wikiPageWikiLink",
        "object": "http://dbpedia.org/resource/London_Taxi"
    },
    {
        "subject": "http://dbpedia.org/resource/Bob_and_Roberta_Smith",
        "predicate": "http://dbpedia.org/ontology/wikiPageWikiLink",
        "object": "http://dbpedia.org/resource/APE_(artist)"
    },
    {
        "subject": "http://dbpedia.org/resource/Bob_and_Roberta_Smith",
        "predicate": "http://dbpedia.org/ontology/wikiPageWikiLink",
        "object": "http://dbpedia.org/resource/Abigail_Cohen"
    },
    {
        "subject": "http://dbpedia.org/resource/Bob_and_Roberta_Smith",
        "predicate": "http://dbpedia.org/ontology/wikiPageWikiLink",
        "object": "http://dbpedia.org/resource/Brian_Dawn_Chalkley"
    },
    {
        "subject": "http://dbpedia.org/resource/Bob_and_Roberta_Smith",
        "predicate": "http://dbpedia.org/ontology/wikiPageWikiLink",
        "object": "http://dbpedia.org/resource/Claudia_Reyes_(artist)"
    },
    {
        "subject": "http://dbpedia.org/resource/Bob_and_Roberta_Smith",
        "predicate": "http://dbpedia.org/ontology/wikiPageWikiLink",
        "object": "http://dbpedia.org/resource/David_Mackintosh_(artist)"
    },
    {
        "subject": "http://dbpedia.org/resource/Bob_and_Roberta_Smith",
        "predicate": "http://dbpedia.org/ontology/wikiPageWikiLink",
        "object": "http://dbpedia.org/resource/Die_Kunst"
    },
    {
        "subject": "http://dbpedia.org/resource/Bob_and_Roberta_Smith",
        "predicate": "http://dbpedia.org/ontology/wikiPageWikiLink",
        "object": "http://dbpedia.org/resource/Donald_Smith_(artist)"
    },
    {
        "subject": "http://dbpedia.org/resource/Bob_and_Roberta_Smith",
        "predicate": "http://dbpedia.org/ontology/wikiPageWikiLink",
        "object": "http://dbpedia.org/resource/Essor_Gallery"
    },
    {
        "subject": "http://dbpedia.org/resource/Bob_and_Roberta_Smith",
        "predicate": "http://dbpedia.org/ontology/wikiPageWikiLink",
        "object": "http://dbpedia.org/resource/File:Retrospective_with_Lawrence_Weiner_Cab_Exterior.jpg"
    },
    {
        "subject": "http://dbpedia.org/resource/Bob_and_Roberta_Smith",
        "predicate": "http://dbpedia.org/ontology/wikiPageWikiLink",
        "object": "http://dbpedia.org/resource/File:Stephen_Farthing,_RA_prepares_Chelsea_Cab_for_'Late_at_Tate_(Britain)'.jpg"
    },
    {
        "subject": "http://dbpedia.org/resource/Bob_and_Roberta_Smith",
        "predicate": "http://dbpedia.org/ontology/wikiPageWikiLink",
        "object": "http://dbpedia.org/resource/From_Space_Gallery"
    },
    {
        "subject": "http://dbpedia.org/resource/Bob_and_Roberta_Smith",
        "predicate": "http://dbpedia.org/ontology/wikiPageWikiLink",
        "object": "http://dbpedia.org/resource/Graham_Parker_(artist)"
    },
    {
        "subject": "http://dbpedia.org/resource/Bob_and_Roberta_Smith",
        "predicate": "http://dbpedia.org/ontology/wikiPageWikiLink",
        "object": "http://dbpedia.org/resource/Jess_Mallock"
    },
    {
        "subject": "http://dbpedia.org/resource/Bob_and_Roberta_Smith",
        "predicate": "http://dbpedia.org/ontology/wikiPageWikiLink",
        "object": "http://dbpedia.org/resource/Jon_Smith_(artist)"
    },
    {
        "subject": "http://dbpedia.org/resource/Bob_and_Roberta_Smith",
        "predicate": "http://dbpedia.org/ontology/wikiPageWikiLink",
        "object": "http://dbpedia.org/resource/Layla_Curtis"
    },
    {
        "subject": "http://dbpedia.org/resource/Bob_and_Roberta_Smith",
        "predicate": "http://dbpedia.org/ontology/wikiPageWikiLink",
        "object": "http://dbpedia.org/resource/Martin_Vincent"
    },
    {
        "subject": "http://dbpedia.org/resource/Bob_and_Roberta_Smith",
        "predicate": "http://dbpedia.org/ontology/wikiPageWikiLink",
        "object": "http://dbpedia.org/resource/Mike_Marshal_(artist)"
    },
    {
        "subject": "http://dbpedia.org/resource/Bob_and_Roberta_Smith",
        "predicate": "http://dbpedia.org/ontology/wikiPageWikiLink",
        "object": "http://dbpedia.org/resource/Peter_Harris_(artist)"
    },
    {
        "subject": "http://dbpedia.org/resource/Bob_and_Roberta_Smith",
        "predicate": "http://dbpedia.org/ontology/wikiPageWikiLink",
        "object": "http://dbpedia.org/resource/Rachel_Beckett"
    },
    {
        "subject": "http://dbpedia.org/resource/Bob_and_Roberta_Smith",
        "predicate": "http://dbpedia.org/ontology/wikiPageWikiLink",
        "object": "http://dbpedia.org/resource/Richard_Hylton"
    },
    {
        "subject": "http://dbpedia.org/resource/Bob_and_Roberta_Smith",
        "predicate": "http://dbpedia.org/ontology/wikiPageWikiLink",
        "object": "http://dbpedia.org/resource/Rob_Menzer"
    },
    {
        "subject": "http://dbpedia.org/resource/Bob_and_Roberta_Smith",
        "predicate": "http://dbpedia.org/ontology/wikiPageWikiLink",
        "object": "http://dbpedia.org/resource/Si_Sapsford"
    },
    {
        "subject": "http://dbpedia.org/resource/Bob_and_Roberta_Smith",
        "predicate": "http://dbpedia.org/ontology/wikiPageWikiLink",
        "object": "http://dbpedia.org/resource/Thomas_A._Clark_(artist)"
    },
    {
        "subject": "http://dbpedia.org/resource/Bob_and_Roberta_Smith",
        "predicate": "http://dbpedia.org/ontology/wikiPageWikiLink",
        "object": "http://dbpedia.org/resource/Jim_Medway"
    },
    {
        "subject": "http://dbpedia.org/resource/Bob_and_Roberta_Smith",
        "predicate": "http://dbpedia.org/ontology/wikiPageWikiLink",
        "object": "http://dbpedia.org/resource/Puffin_Books"
    },
    {
        "subject": "http://dbpedia.org/resource/Bob_and_Roberta_Smith",
        "predicate": "http://dbpedia.org/ontology/wikiPageWikiLink",
        "object": "http://dbpedia.org/resource/Quentin_Blake"
    },
    {
        "subject": "http://dbpedia.org/resource/Bob_and_Roberta_Smith",
        "predicate": "http://dbpedia.org/ontology/wikiPageWikiLink",
        "object": "http://dbpedia.org/resource/Roger_Penrose"
    },
    {
        "subject": "http://dbpedia.org/resource/Bob_and_Roberta_Smith",
        "predicate": "http://dbpedia.org/ontology/wikiPageWikiLink",
        "object": "http://dbpedia.org/resource/Royal_Academy_of_Engineering"
    },
    {
        "subject": "http://dbpedia.org/resource/Bob_and_Roberta_Smith",
        "predicate": "http://dbpedia.org/ontology/wikiPageWikiLink",
        "object": "http://dbpedia.org/resource/Royal_Institute_of_British_Architects"
    },
    {
        "subject": "http://dbpedia.org/resource/Bob_and_Roberta_Smith",
        "predicate": "http://dbpedia.org/ontology/wikiPageWikiLink",
        "object": "http://dbpedia.org/resource/Norman_Foster_(architect)"
    },
    {
        "subject": "http://dbpedia.org/resource/Bob_and_Roberta_Smith",
        "predicate": "http://dbpedia.org/ontology/wikiPageWikiLink",
        "object": "http://dbpedia.org/resource/Bob_and_Roberta_Smith"
    },
    {
        "subject": "http://dbpedia.org/resource/Bob_and_Roberta_Smith",
        "predicate": "http://dbpedia.org/ontology/wikiPageWikiLink",
        "object": "http://dbpedia.org/resource/David_Hockney"
    },
    {
        "subject": "http://dbpedia.org/resource/Bob_and_Roberta_Smith",
        "predicate": "http://dbpedia.org/ontology/wikiPageWikiLink",
        "object": "http://dbpedia.org/resource/Category:Drawing"
    },
    {
        "subject": "http://dbpedia.org/resource/Bob_and_Roberta_Smith",
        "predicate": "http://dbpedia.org/ontology/wikiPageWikiLink",
        "object": "http://dbpedia.org/resource/John_Ruskin"
    },
    {
        "subject": "http://dbpedia.org/resource/Bob_and_Roberta_Smith",
        "predicate": "http://dbpedia.org/ontology/wikiPageWikiLink",
        "object": "http://dbpedia.org/resource/Persil"
    },
    {
        "subject": "http://dbpedia.org/resource/Bob_and_Roberta_Smith",
        "predicate": "http://dbpedia.org/ontology/wikiPageWikiLink",
        "object": "http://dbpedia.org/resource/Victoria_and_Albert_Museum"
    },
    {
        "subject": "http://dbpedia.org/resource/Bob_and_Roberta_Smith",
        "predicate": "http://dbpedia.org/ontology/wikiPageWikiLink",
        "object": "http://dbpedia.org/resource/Category:Art_and_design_organizations"
    },
    {
        "subject": "http://dbpedia.org/resource/Bob_and_Roberta_Smith",
        "predicate": "http://dbpedia.org/ontology/wikiPageWikiLink",
        "object": "http://dbpedia.org/resource/Crayola"
    },
    {
        "subject": "http://dbpedia.org/resource/Bob_and_Roberta_Smith",
        "predicate": "http://dbpedia.org/ontology/wikiPageWikiLink",
        "object": "http://dbpedia.org/resource/Esm\u00e9e_Fairbairn_Foundation"
    },
    {
        "subject": "http://dbpedia.org/resource/Bob_and_Roberta_Smith",
        "predicate": "http://dbpedia.org/ontology/wikiPageWikiLink",
        "object": "http://dbpedia.org/resource/Chris_Riddell"
    },
    {
        "subject": "http://dbpedia.org/resource/Bob_and_Roberta_Smith",
        "predicate": "http://dbpedia.org/ontology/wikiPageWikiLink",
        "object": "http://dbpedia.org/resource/Gerald_Scarfe"
    },
    {
        "subject": "http://dbpedia.org/resource/Bob_and_Roberta_Smith",
        "predicate": "http://dbpedia.org/ontology/wikiPageWikiLink",
        "object": "http://dbpedia.org/resource/Andrew_Marr"
    },
    {
        "subject": "http://dbpedia.org/resource/Bob_and_Roberta_Smith",
        "predicate": "http://dbpedia.org/ontology/wikiPageWikiLink",
        "object": "http://dbpedia.org/resource/London_Borough_of_Hackney"
    },
    {
        "subject": "http://dbpedia.org/resource/Bob_and_Roberta_Smith",
        "predicate": "http://dbpedia.org/ontology/wikiPageWikiLink",
        "object": "http://dbpedia.org/resource/Daler-Rowney"
    },
    {
        "subject": "http://dbpedia.org/resource/Bob_and_Roberta_Smith",
        "predicate": "http://dbpedia.org/ontology/wikiPageWikiLink",
        "object": "http://dbpedia.org/resource/Financial_Times"
    },
    {
        "subject": "http://dbpedia.org/resource/Bob_and_Roberta_Smith",
        "predicate": "http://dbpedia.org/ontology/wikiPageWikiLink",
        "object": "http://dbpedia.org/resource/List_of_European_art_awards"
    },
    {
        "subject": "http://dbpedia.org/resource/Bob_and_Roberta_Smith",
        "predicate": "http://dbpedia.org/ontology/wikiPageWikiLink",
        "object": "http://dbpedia.org/resource/Heritage_Lottery_Fund"
    },
    {
        "subject": "http://dbpedia.org/resource/Bob_and_Roberta_Smith",
        "predicate": "http://dbpedia.org/ontology/wikiPageWikiLink",
        "object": "http://dbpedia.org/resource/Guild_of_St_George"
    },
    {
        "subject": "http://dbpedia.org/resource/Bob_and_Roberta_Smith",
        "predicate": "http://dbpedia.org/ontology/wikiPageWikiLink",
        "object": "http://dbpedia.org/resource/Arts_Council_England"
    },
    {
        "subject": "http://dbpedia.org/resource/Bob_and_Roberta_Smith",
        "predicate": "http://dbpedia.org/ontology/wikiPageWikiLink",
        "object": "http://dbpedia.org/resource/Category:Visual_arts_education"
    },
    {
        "subject": "http://dbpedia.org/resource/Bob_and_Roberta_Smith",
        "predicate": "http://dbpedia.org/ontology/wikiPageWikiLink",
        "object": "http://dbpedia.org/resource/Learning"
    },
    {
        "subject": "http://dbpedia.org/resource/Bob_and_Roberta_Smith",
        "predicate": "http://dbpedia.org/ontology/wikiPageWikiLink",
        "object": "http://dbpedia.org/resource/Category:British_art_awards"
    },
    {
        "subject": "http://dbpedia.org/resource/Bob_and_Roberta_Smith",
        "predicate": "http://dbpedia.org/ontology/wikiPageWikiLink",
        "object": "http://dbpedia.org/resource/Posy_Simmonds"
    },
    {
        "subject": "http://dbpedia.org/resource/Bob_and_Roberta_Smith",
        "predicate": "http://dbpedia.org/ontology/wikiPageWikiLink",
        "object": "http://dbpedia.org/resource/National_Lottery_(United_Kingdom)"
    },
    {
        "subject": "http://dbpedia.org/resource/Bob_and_Roberta_Smith",
        "predicate": "http://dbpedia.org/ontology/wikiPageWikiLink",
        "object": "http://dbpedia.org/resource/Victorian_era"
    },
    {
        "subject": "http://dbpedia.org/resource/Bob_and_Roberta_Smith",
        "predicate": "http://dbpedia.org/ontology/wikiPageWikiLink",
        "object": "http://dbpedia.org/resource/Paul_Hamlyn_Foundation"
    },
    {
        "subject": "http://dbpedia.org/resource/Bob_and_Roberta_Smith",
        "predicate": "http://dbpedia.org/ontology/wikiPageWikiLink",
        "object": "http://dbpedia.org/resource/Life_skill"
    }
]