[
    {
        "subject": "http://dbpedia.org/resource/Ida_Applebroog",
        "predicate": "http://dbpedia.org/ontology/wikiPageWikiLink",
        "object": "http://dbpedia.org/resource/California"
    },
    {
        "subject": "http://dbpedia.org/resource/Ida_Applebroog",
        "predicate": "http://dbpedia.org/ontology/wikiPageWikiLink",
        "object": "http://dbpedia.org/resource/California_State_University"
    },
    {
        "subject": "http://dbpedia.org/resource/Ida_Applebroog",
        "predicate": "http://dbpedia.org/ontology/wikiPageWikiLink",
        "object": "http://dbpedia.org/resource/Santa_Monica_College"
    },
    {
        "subject": "http://dbpedia.org/resource/Ida_Applebroog",
        "predicate": "http://dbpedia.org/ontology/wikiPageWikiLink",
        "object": "http://dbpedia.org/resource/School_of_the_Art_Institute_of_Chicago"
    },
    {
        "subject": "http://dbpedia.org/resource/Ida_Applebroog",
        "predicate": "http://dbpedia.org/ontology/wikiPageWikiLink",
        "object": "http://dbpedia.org/resource/Michiko_Itatani"
    },
    {
        "subject": "http://dbpedia.org/resource/Ida_Applebroog",
        "predicate": "http://dbpedia.org/ontology/wikiPageWikiLink",
        "object": "http://dbpedia.org/resource/Modernism"
    },
    {
        "subject": "http://dbpedia.org/resource/Ida_Applebroog",
        "predicate": "http://dbpedia.org/ontology/wikiPageWikiLink",
        "object": "http://dbpedia.org/resource/Woman's_Building"
    },
    {
        "subject": "http://dbpedia.org/resource/Ida_Applebroog",
        "predicate": "http://dbpedia.org/ontology/wikiPageWikiLink",
        "object": "http://dbpedia.org/resource/Ann_Page"
    },
    {
        "subject": "http://dbpedia.org/resource/Ida_Applebroog",
        "predicate": "http://dbpedia.org/ontology/wikiPageWikiLink",
        "object": "http://dbpedia.org/resource/Betye_Saar"
    },
    {
        "subject": "http://dbpedia.org/resource/Ida_Applebroog",
        "predicate": "http://dbpedia.org/ontology/wikiPageWikiLink",
        "object": "http://dbpedia.org/resource/Joyce_Treiman"
    },
    {
        "subject": "http://dbpedia.org/resource/Ida_Applebroog",
        "predicate": "http://dbpedia.org/ontology/wikiPageWikiLink",
        "object": "http://dbpedia.org/resource/Judy_Baca"
    },
    {
        "subject": "http://dbpedia.org/resource/Ida_Applebroog",
        "predicate": "http://dbpedia.org/ontology/wikiPageWikiLink",
        "object": "http://dbpedia.org/resource/Judy_Chicago"
    },
    {
        "subject": "http://dbpedia.org/resource/Ida_Applebroog",
        "predicate": "http://dbpedia.org/ontology/wikiPageWikiLink",
        "object": "http://dbpedia.org/resource/Patricia_Gonzalez"
    },
    {
        "subject": "http://dbpedia.org/resource/Ida_Applebroog",
        "predicate": "http://dbpedia.org/ontology/wikiPageWikiLink",
        "object": "http://dbpedia.org/resource/University_of_Southern_California"
    },
    {
        "subject": "http://dbpedia.org/resource/Ida_Applebroog",
        "predicate": "http://dbpedia.org/ontology/wikiPageWikiLink",
        "object": "http://dbpedia.org/resource/Deborah_Remington"
    },
    {
        "subject": "http://dbpedia.org/resource/Ida_Applebroog",
        "predicate": "http://dbpedia.org/ontology/wikiPageWikiLink",
        "object": "http://dbpedia.org/resource/Category:20th-century_American_women_artists"
    },
    {
        "subject": "http://dbpedia.org/resource/Ida_Applebroog",
        "predicate": "http://dbpedia.org/ontology/wikiPageWikiLink",
        "object": "http://dbpedia.org/resource/Melissa_Zink"
    },
    {
        "subject": "http://dbpedia.org/resource/Ida_Applebroog",
        "predicate": "http://dbpedia.org/ontology/wikiPageWikiLink",
        "object": "http://dbpedia.org/resource/George_Cohen"
    },
    {
        "subject": "http://dbpedia.org/resource/Ida_Applebroog",
        "predicate": "http://dbpedia.org/ontology/wikiPageWikiLink",
        "object": "http://dbpedia.org/resource/Glendale_Public_Library"
    },
    {
        "subject": "http://dbpedia.org/resource/Ida_Applebroog",
        "predicate": "http://dbpedia.org/ontology/wikiPageWikiLink",
        "object": "http://dbpedia.org/resource/Miriam_Schapiro"
    },
    {
        "subject": "http://dbpedia.org/resource/Ida_Applebroog",
        "predicate": "http://dbpedia.org/ontology/wikiPageWikiLink",
        "object": "http://dbpedia.org/resource/Nancy_Chunn"
    },
    {
        "subject": "http://dbpedia.org/resource/Ida_Applebroog",
        "predicate": "http://dbpedia.org/ontology/wikiPageWikiLink",
        "object": "http://dbpedia.org/resource/Nancy_Grossman"
    },
    {
        "subject": "http://dbpedia.org/resource/Ida_Applebroog",
        "predicate": "http://dbpedia.org/ontology/wikiPageWikiLink",
        "object": "http://dbpedia.org/resource/Nancy_Spero"
    },
    {
        "subject": "http://dbpedia.org/resource/Ida_Applebroog",
        "predicate": "http://dbpedia.org/ontology/wikiPageWikiLink",
        "object": "http://dbpedia.org/resource/Lili_Lakich"
    },
    {
        "subject": "http://dbpedia.org/resource/Ida_Applebroog",
        "predicate": "http://dbpedia.org/ontology/wikiPageWikiLink",
        "object": "http://dbpedia.org/resource/Linda_Vallejo"
    },
    {
        "subject": "http://dbpedia.org/resource/Ida_Applebroog",
        "predicate": "http://dbpedia.org/ontology/wikiPageWikiLink",
        "object": "http://dbpedia.org/resource/Los_Angeles"
    },
    {
        "subject": "http://dbpedia.org/resource/Ida_Applebroog",
        "predicate": "http://dbpedia.org/ontology/wikiPageWikiLink",
        "object": "http://dbpedia.org/resource/Computer_art"
    },
    {
        "subject": "http://dbpedia.org/resource/Ida_Applebroog",
        "predicate": "http://dbpedia.org/ontology/wikiPageWikiLink",
        "object": "http://dbpedia.org/resource/Feminist_art_movement"
    },
    {
        "subject": "http://dbpedia.org/resource/Ida_Applebroog",
        "predicate": "http://dbpedia.org/ontology/wikiPageWikiLink",
        "object": "http://dbpedia.org/resource/Painting"
    },
    {
        "subject": "http://dbpedia.org/resource/Ida_Applebroog",
        "predicate": "http://dbpedia.org/ontology/wikiPageWikiLink",
        "object": "http://dbpedia.org/resource/Pencil"
    },
    {
        "subject": "http://dbpedia.org/resource/Ida_Applebroog",
        "predicate": "http://dbpedia.org/ontology/wikiPageWikiLink",
        "object": "http://dbpedia.org/resource/Surrealism"
    },
    {
        "subject": "http://dbpedia.org/resource/Ida_Applebroog",
        "predicate": "http://dbpedia.org/ontology/wikiPageWikiLink",
        "object": "http://dbpedia.org/resource/Category:1937_births"
    },
    {
        "subject": "http://dbpedia.org/resource/Ida_Applebroog",
        "predicate": "http://dbpedia.org/ontology/wikiPageWikiLink",
        "object": "http://dbpedia.org/resource/Category:1990_deaths"
    },
    {
        "subject": "http://dbpedia.org/resource/Ida_Applebroog",
        "predicate": "http://dbpedia.org/ontology/wikiPageWikiLink",
        "object": "http://dbpedia.org/resource/Category:Northwestern_University_alumni"
    },
    {
        "subject": "http://dbpedia.org/resource/Ida_Applebroog",
        "predicate": "http://dbpedia.org/ontology/wikiPageWikiLink",
        "object": "http://dbpedia.org/resource/Category:School_of_the_Art_Institute_of_Chicago_alumni"
    },
    {
        "subject": "http://dbpedia.org/resource/Ida_Applebroog",
        "predicate": "http://dbpedia.org/ontology/wikiPageWikiLink",
        "object": "http://dbpedia.org/resource/Butler_Institute_of_American_Art"
    },
    {
        "subject": "http://dbpedia.org/resource/Ida_Applebroog",
        "predicate": "http://dbpedia.org/ontology/wikiPageWikiLink",
        "object": "http://dbpedia.org/resource/West_Los_Angeles"
    },
    {
        "subject": "http://dbpedia.org/resource/Ida_Applebroog",
        "predicate": "http://dbpedia.org/ontology/wikiPageWikiLink",
        "object": "http://dbpedia.org/resource/Alessandra_Comini"
    },
    {
        "subject": "http://dbpedia.org/resource/Ida_Applebroog",
        "predicate": "http://dbpedia.org/ontology/wikiPageWikiLink",
        "object": "http://dbpedia.org/resource/Cynthia_Carlson"
    },
    {
        "subject": "http://dbpedia.org/resource/Ida_Applebroog",
        "predicate": "http://dbpedia.org/ontology/wikiPageWikiLink",
        "object": "http://dbpedia.org/resource/Feminist_art_movement_in_the_United_States"
    },
    {
        "subject": "http://dbpedia.org/resource/Ida_Applebroog",
        "predicate": "http://dbpedia.org/ontology/wikiPageWikiLink",
        "object": "http://dbpedia.org/resource/Francis_de_Erdely"
    },
    {
        "subject": "http://dbpedia.org/resource/Ida_Applebroog",
        "predicate": "http://dbpedia.org/ontology/wikiPageWikiLink",
        "object": "http://dbpedia.org/resource/Northwestern_University"
    },
    {
        "subject": "http://dbpedia.org/resource/Ida_Applebroog",
        "predicate": "http://dbpedia.org/ontology/wikiPageWikiLink",
        "object": "http://dbpedia.org/resource/Pastels"
    },
    {
        "subject": "http://dbpedia.org/resource/Ida_Applebroog",
        "predicate": "http://dbpedia.org/ontology/wikiPageWikiLink",
        "object": "http://dbpedia.org/resource/Kim_Yasuda"
    },
    {
        "subject": "http://dbpedia.org/resource/Ida_Applebroog",
        "predicate": "http://dbpedia.org/ontology/wikiPageWikiLink",
        "object": "http://dbpedia.org/resource/Women_artists"
    },
    {
        "subject": "http://dbpedia.org/resource/Ida_Applebroog",
        "predicate": "http://dbpedia.org/ontology/wikiPageWikiLink",
        "object": "http://dbpedia.org/resource/Realism_(arts)"
    },
    {
        "subject": "http://dbpedia.org/resource/Ida_Applebroog",
        "predicate": "http://dbpedia.org/ontology/wikiPageWikiLink",
        "object": "http://dbpedia.org/resource/Jaune_Quick-to-See_Smith"
    },
    {
        "subject": "http://dbpedia.org/resource/Ida_Applebroog",
        "predicate": "http://dbpedia.org/ontology/wikiPageWikiLink",
        "object": "http://dbpedia.org/resource/Margaret_Wharton"
    },
    {
        "subject": "http://dbpedia.org/resource/Ida_Applebroog",
        "predicate": "http://dbpedia.org/ontology/wikiPageWikiLink",
        "object": "http://dbpedia.org/resource/Surrealist"
    },
    {
        "subject": "http://dbpedia.org/resource/Ida_Applebroog",
        "predicate": "http://dbpedia.org/ontology/wikiPageWikiLink",
        "object": "http://dbpedia.org/resource/Arlene_Raven"
    },
    {
        "subject": "http://dbpedia.org/resource/Ida_Applebroog",
        "predicate": "http://dbpedia.org/ontology/wikiPageWikiLink",
        "object": "http://dbpedia.org/resource/Category:Artists_from_Chicago"
    },
    {
        "subject": "http://dbpedia.org/resource/Ida_Applebroog",
        "predicate": "http://dbpedia.org/ontology/wikiPageWikiLink",
        "object": "http://dbpedia.org/resource/Category:Feminist_artists"
    },
    {
        "subject": "http://dbpedia.org/resource/Ida_Applebroog",
        "predicate": "http://dbpedia.org/ontology/wikiPageWikiLink",
        "object": "http://dbpedia.org/resource/Category:University_of_Southern_California_alumni"
    },
    {
        "subject": "http://dbpedia.org/resource/Ida_Applebroog",
        "predicate": "http://dbpedia.org/ontology/wikiPageWikiLink",
        "object": "http://dbpedia.org/resource/Cheri_Gaulke"
    },
    {
        "subject": "http://dbpedia.org/resource/Ida_Applebroog",
        "predicate": "http://dbpedia.org/ontology/wikiPageWikiLink",
        "object": "http://dbpedia.org/resource/Chicago"
    },
    {
        "subject": "http://dbpedia.org/resource/Ida_Applebroog",
        "predicate": "http://dbpedia.org/ontology/wikiPageWikiLink",
        "object": "http://dbpedia.org/resource/Joan_Semmel"
    },
    {
        "subject": "http://dbpedia.org/resource/Ida_Applebroog",
        "predicate": "http://dbpedia.org/ontology/wikiPageWikiLink",
        "object": "http://dbpedia.org/resource/June_Wayne"
    },
    {
        "subject": "http://dbpedia.org/resource/Ida_Applebroog",
        "predicate": "http://dbpedia.org/ontology/wikiPageWikiLink",
        "object": "http://dbpedia.org/resource/Kent_State_University"
    },
    {
        "subject": "http://dbpedia.org/resource/Ida_Applebroog",
        "predicate": "http://dbpedia.org/ontology/wikiPageWikiLink",
        "object": "http://dbpedia.org/resource/Susanna_Coffey"
    },
    {
        "subject": "http://dbpedia.org/resource/Ida_Applebroog",
        "predicate": "http://dbpedia.org/ontology/wikiPageWikiLink",
        "object": "http://dbpedia.org/resource/Sylvia_Sleigh"
    },
    {
        "subject": "http://dbpedia.org/resource/Ida_Applebroog",
        "predicate": "http://dbpedia.org/ontology/wikiPageWikiLink",
        "object": "http://dbpedia.org/resource/Hollis_Sigler"
    },
    {
        "subject": "http://dbpedia.org/resource/Ida_Applebroog",
        "predicate": "http://dbpedia.org/ontology/wikiPageWikiLink",
        "object": "http://dbpedia.org/resource/Mixed_media"
    },
    {
        "subject": "http://dbpedia.org/resource/Ida_Applebroog",
        "predicate": "http://dbpedia.org/ontology/wikiPageWikiLink",
        "object": "http://dbpedia.org/resource/D.J._Hall"
    },
    {
        "subject": "http://dbpedia.org/resource/Ida_Applebroog",
        "predicate": "http://dbpedia.org/ontology/wikiPageWikiLink",
        "object": "http://dbpedia.org/resource/Ida_Applebroog"
    },
    {
        "subject": "http://dbpedia.org/resource/Ida_Applebroog",
        "predicate": "http://dbpedia.org/ontology/wikiPageWikiLink",
        "object": "http://dbpedia.org/resource/Ida_Kohlmeyer"
    },
    {
        "subject": "http://dbpedia.org/resource/Ida_Applebroog",
        "predicate": "http://dbpedia.org/ontology/wikiPageWikiLink",
        "object": "http://dbpedia.org/resource/Illinois"
    },
    {
        "subject": "http://dbpedia.org/resource/Ida_Applebroog",
        "predicate": "http://dbpedia.org/ontology/wikiPageWikiLink",
        "object": "http://dbpedia.org/resource/National_Audubon_Society"
    },
    {
        "subject": "http://dbpedia.org/resource/Ida_Applebroog",
        "predicate": "http://dbpedia.org/ontology/wikiPageWikiLink",
        "object": "http://dbpedia.org/resource/New_Orleans"
    },
    {
        "subject": "http://dbpedia.org/resource/Ida_Applebroog",
        "predicate": "http://dbpedia.org/ontology/wikiPageWikiLink",
        "object": "http://dbpedia.org/resource/Rachel_Rosenthal"
    },
    {
        "subject": "http://dbpedia.org/resource/Ida_Applebroog",
        "predicate": "http://dbpedia.org/ontology/wikiPageWikiLink",
        "object": "http://dbpedia.org/resource/Sharon_Kopriva"
    },
    {
        "subject": "http://dbpedia.org/resource/Ida_Applebroog",
        "predicate": "http://dbpedia.org/ontology/wikiPageWikiLink",
        "object": "http://dbpedia.org/resource/Phyllis_Bramson"
    },
    {
        "subject": "http://dbpedia.org/resource/Ida_Applebroog",
        "predicate": "http://dbpedia.org/ontology/wikiPageWikiLink",
        "object": "http://dbpedia.org/resource/Ruth_Weisberg"
    },
    {
        "subject": "http://dbpedia.org/resource/Ida_Applebroog",
        "predicate": "http://dbpedia.org/ontology/wikiPageWikiLink",
        "object": "http://dbpedia.org/resource/Women's_Caucus_for_Art"
    },
    {
        "subject": "http://dbpedia.org/resource/Ida_Applebroog",
        "predicate": "http://dbpedia.org/ontology/wikiPageWikiLink",
        "object": "http://dbpedia.org/resource/Xerox_art"
    },
    {
        "subject": "http://dbpedia.org/resource/Ida_Applebroog",
        "predicate": "http://dbpedia.org/ontology/wikiPageWikiLink",
        "object": "http://dbpedia.org/resource/NYC_Health_+_Hospitals/Bellevue"
    },
    {
        "subject": "http://dbpedia.org/resource/Ida_Applebroog",
        "predicate": "http://dbpedia.org/ontology/wikiPageWikiLink",
        "object": "http://dbpedia.org/resource/Newcomb_College"
    },
    {
        "subject": "http://dbpedia.org/resource/Ida_Applebroog",
        "predicate": "http://dbpedia.org/ontology/wikiPageWikiLink",
        "object": "http://dbpedia.org/resource/Oklahoma_Art_Center"
    },
    {
        "subject": "http://dbpedia.org/resource/Ida_Applebroog",
        "predicate": "http://dbpedia.org/ontology/wikiPageWikiLink",
        "object": "http://dbpedia.org/resource/Realism_(visual_arts)"
    },
    {
        "subject": "http://dbpedia.org/resource/Ida_Applebroog",
        "predicate": "http://dbpedia.org/ontology/wikiPageWikiLink",
        "object": "http://dbpedia.org/resource/Etchings"
    },
    {
        "subject": "http://dbpedia.org/resource/Ida_Applebroog",
        "predicate": "http://dbpedia.org/ontology/wikiPageWikiLink",
        "object": "http://dbpedia.org/resource/Hillside_memorial_park_cemetery"
    },
    {
        "subject": "http://dbpedia.org/resource/Ida_Applebroog",
        "predicate": "http://dbpedia.org/ontology/wikiPageWikiLink",
        "object": "http://dbpedia.org/resource/Venice_Beach"
    },
    {
        "subject": "http://dbpedia.org/resource/Ida_Applebroog",
        "predicate": "http://dbpedia.org/ontology/wikiPageWikiLink",
        "object": "http://dbpedia.org/resource/Los_Angeles_Museum_of_Science_and_Industry"
    },
    {
        "subject": "http://dbpedia.org/resource/Ida_Applebroog",
        "predicate": "http://dbpedia.org/ontology/wikiPageWikiLink",
        "object": "http://dbpedia.org/resource/Art/West_Fine_Arts_Center"
    },
    {
        "subject": "http://dbpedia.org/resource/Ida_Applebroog",
        "predicate": "http://dbpedia.org/ontology/wikiPageWikiLink",
        "object": "http://dbpedia.org/resource/Bibiana_Suarez"
    },
    {
        "subject": "http://dbpedia.org/resource/Ida_Applebroog",
        "predicate": "http://dbpedia.org/ontology/wikiPageWikiLink",
        "object": "http://dbpedia.org/resource/Connie_Jenkins"
    },
    {
        "subject": "http://dbpedia.org/resource/Ida_Applebroog",
        "predicate": "http://dbpedia.org/ontology/wikiPageWikiLink",
        "object": "http://dbpedia.org/resource/Dee_Wolf"
    },
    {
        "subject": "http://dbpedia.org/resource/Ida_Applebroog",
        "predicate": "http://dbpedia.org/ontology/wikiPageWikiLink",
        "object": "http://dbpedia.org/resource/Ellen_Berman"
    },
    {
        "subject": "http://dbpedia.org/resource/Ida_Applebroog",
        "predicate": "http://dbpedia.org/ontology/wikiPageWikiLink",
        "object": "http://dbpedia.org/resource/File:Homewrecked_Series_What_is_This_Thing_Called_Love.jpg"
    },
    {
        "subject": "http://dbpedia.org/resource/Ida_Applebroog",
        "predicate": "http://dbpedia.org/ontology/wikiPageWikiLink",
        "object": "http://dbpedia.org/resource/Florence_Pierce"
    },
    {
        "subject": "http://dbpedia.org/resource/Ida_Applebroog",
        "predicate": "http://dbpedia.org/ontology/wikiPageWikiLink",
        "object": "http://dbpedia.org/resource/Gretchen_Lanes"
    },
    {
        "subject": "http://dbpedia.org/resource/Ida_Applebroog",
        "predicate": "http://dbpedia.org/ontology/wikiPageWikiLink",
        "object": "http://dbpedia.org/resource/Jean_Edelstein"
    },
    {
        "subject": "http://dbpedia.org/resource/Ida_Applebroog",
        "predicate": "http://dbpedia.org/ontology/wikiPageWikiLink",
        "object": "http://dbpedia.org/resource/Jere_Van_Syoc"
    },
    {
        "subject": "http://dbpedia.org/resource/Ida_Applebroog",
        "predicate": "http://dbpedia.org/ontology/wikiPageWikiLink",
        "object": "http://dbpedia.org/resource/Jeri_Allyn"
    },
    {
        "subject": "http://dbpedia.org/resource/Ida_Applebroog",
        "predicate": "http://dbpedia.org/ontology/wikiPageWikiLink",
        "object": "http://dbpedia.org/resource/Joanne_Brigham"
    },
    {
        "subject": "http://dbpedia.org/resource/Ida_Applebroog",
        "predicate": "http://dbpedia.org/ontology/wikiPageWikiLink",
        "object": "http://dbpedia.org/resource/Kahy_Jacobi"
    },
    {
        "subject": "http://dbpedia.org/resource/Ida_Applebroog",
        "predicate": "http://dbpedia.org/ontology/wikiPageWikiLink",
        "object": "http://dbpedia.org/resource/Kaylynn_Sullivan"
    },
    {
        "subject": "http://dbpedia.org/resource/Ida_Applebroog",
        "predicate": "http://dbpedia.org/ontology/wikiPageWikiLink",
        "object": "http://dbpedia.org/resource/Laurie_Pincus"
    },
    {
        "subject": "http://dbpedia.org/resource/Ida_Applebroog",
        "predicate": "http://dbpedia.org/ontology/wikiPageWikiLink",
        "object": "http://dbpedia.org/resource/Madden_Harkness"
    },
    {
        "subject": "http://dbpedia.org/resource/Ida_Applebroog",
        "predicate": "http://dbpedia.org/ontology/wikiPageWikiLink",
        "object": "http://dbpedia.org/resource/Nancy_Fried"
    },
    {
        "subject": "http://dbpedia.org/resource/Ida_Applebroog",
        "predicate": "http://dbpedia.org/ontology/wikiPageWikiLink",
        "object": "http://dbpedia.org/resource/Ruth_Ann_Anderson"
    }
]