[
    {
        "subject": "http://dbpedia.org/resource/Jim_Dine",
        "predicate": "http://dbpedia.org/ontology/wikiPageWikiLink",
        "object": "http://dbpedia.org/resource/Carl_Stokes"
    },
    {
        "subject": "http://dbpedia.org/resource/Jim_Dine",
        "predicate": "http://dbpedia.org/ontology/wikiPageWikiLink",
        "object": "http://dbpedia.org/resource/Category:2002_establishments_in_Ohio"
    },
    {
        "subject": "http://dbpedia.org/resource/Jim_Dine",
        "predicate": "http://dbpedia.org/ontology/wikiPageWikiLink",
        "object": "http://dbpedia.org/resource/List_of_United_States_federal_courthouses"
    },
    {
        "subject": "http://dbpedia.org/resource/Jim_Dine",
        "predicate": "http://dbpedia.org/ontology/wikiPageWikiLink",
        "object": "http://dbpedia.org/resource/United_States_Court_of_Appeals_for_the_Sixth_Circuit"
    },
    {
        "subject": "http://dbpedia.org/resource/Jim_Dine",
        "predicate": "http://dbpedia.org/ontology/wikiPageWikiLink",
        "object": "http://dbpedia.org/resource/United_States_Department_of_Justice_Antitrust_Division"
    },
    {
        "subject": "http://dbpedia.org/resource/Jim_Dine",
        "predicate": "http://dbpedia.org/ontology/wikiPageWikiLink",
        "object": "http://dbpedia.org/resource/United_States_District_Court_for_the_Northern_District_of_Ohio"
    },
    {
        "subject": "http://dbpedia.org/resource/Jim_Dine",
        "predicate": "http://dbpedia.org/ontology/wikiPageWikiLink",
        "object": "http://dbpedia.org/resource/United_States_Marshals_Service"
    },
    {
        "subject": "http://dbpedia.org/resource/Jim_Dine",
        "predicate": "http://dbpedia.org/ontology/wikiPageWikiLink",
        "object": "http://dbpedia.org/resource/United_States_magistrate_judge"
    },
    {
        "subject": "http://dbpedia.org/resource/Jim_Dine",
        "predicate": "http://dbpedia.org/ontology/wikiPageWikiLink",
        "object": "http://dbpedia.org/resource/Downtown_Cleveland"
    },
    {
        "subject": "http://dbpedia.org/resource/Jim_Dine",
        "predicate": "http://dbpedia.org/ontology/wikiPageWikiLink",
        "object": "http://dbpedia.org/resource/Category:Skyscraper_office_buildings_in_Cleveland"
    },
    {
        "subject": "http://dbpedia.org/resource/Jim_Dine",
        "predicate": "http://dbpedia.org/ontology/wikiPageWikiLink",
        "object": "http://dbpedia.org/resource/Mayor_of_Cleveland"
    },
    {
        "subject": "http://dbpedia.org/resource/Jim_Dine",
        "predicate": "http://dbpedia.org/ontology/wikiPageWikiLink",
        "object": "http://dbpedia.org/resource/Cleveland"
    },
    {
        "subject": "http://dbpedia.org/resource/Jim_Dine",
        "predicate": "http://dbpedia.org/ontology/wikiPageWikiLink",
        "object": "http://dbpedia.org/resource/General_Services_Administration"
    },
    {
        "subject": "http://dbpedia.org/resource/Jim_Dine",
        "predicate": "http://dbpedia.org/ontology/wikiPageWikiLink",
        "object": "http://dbpedia.org/resource/African_American"
    },
    {
        "subject": "http://dbpedia.org/resource/Jim_Dine",
        "predicate": "http://dbpedia.org/ontology/wikiPageWikiLink",
        "object": "http://dbpedia.org/resource/Bronze_sculpture"
    },
    {
        "subject": "http://dbpedia.org/resource/Jim_Dine",
        "predicate": "http://dbpedia.org/ontology/wikiPageWikiLink",
        "object": "http://dbpedia.org/resource/Category:Courthouses_in_Ohio"
    },
    {
        "subject": "http://dbpedia.org/resource/Jim_Dine",
        "predicate": "http://dbpedia.org/ontology/wikiPageWikiLink",
        "object": "http://dbpedia.org/resource/Category:Government_buildings_completed_in_2002"
    },
    {
        "subject": "http://dbpedia.org/resource/Jim_Dine",
        "predicate": "http://dbpedia.org/ontology/wikiPageWikiLink",
        "object": "http://dbpedia.org/resource/Kallmann_McKinnell_&_Wood"
    },
    {
        "subject": "http://dbpedia.org/resource/Jim_Dine",
        "predicate": "http://dbpedia.org/ontology/wikiPageWikiLink",
        "object": "http://dbpedia.org/resource/Terminal_Tower"
    },
    {
        "subject": "http://dbpedia.org/resource/Jim_Dine",
        "predicate": "http://dbpedia.org/ontology/wikiPageWikiLink",
        "object": "http://dbpedia.org/resource/Category:Federal_courthouses_in_the_United_States"
    },
    {
        "subject": "http://dbpedia.org/resource/Jim_Dine",
        "predicate": "http://dbpedia.org/ontology/wikiPageWikiLink",
        "object": "http://dbpedia.org/resource/Jim_Dine"
    },
    {
        "subject": "http://dbpedia.org/resource/Jim_Dine",
        "predicate": "http://dbpedia.org/ontology/wikiPageWikiLink",
        "object": "http://dbpedia.org/resource/Postmodern_architecture"
    },
    {
        "subject": "http://dbpedia.org/resource/Jim_Dine",
        "predicate": "http://dbpedia.org/ontology/wikiPageWikiLink",
        "object": "http://dbpedia.org/resource/Ohio"
    },
    {
        "subject": "http://dbpedia.org/resource/Jim_Dine",
        "predicate": "http://dbpedia.org/ontology/wikiPageWikiLink",
        "object": "http://dbpedia.org/resource/Skyscraper"
    },
    {
        "subject": "http://dbpedia.org/resource/Jim_Dine",
        "predicate": "http://dbpedia.org/ontology/wikiPageWikiLink",
        "object": "http://dbpedia.org/resource/United_States_Attorney"
    },
    {
        "subject": "http://dbpedia.org/resource/Jim_Dine",
        "predicate": "http://dbpedia.org/ontology/wikiPageWikiLink",
        "object": "http://dbpedia.org/resource/Venus_de_Milo"
    },
    {
        "subject": "http://dbpedia.org/resource/Jim_Dine",
        "predicate": "http://dbpedia.org/ontology/wikiPageWikiLink",
        "object": "http://dbpedia.org/resource/List_of_tallest_buildings_in_Cleveland"
    },
    {
        "subject": "http://dbpedia.org/resource/Jim_Dine",
        "predicate": "http://dbpedia.org/ontology/wikiPageWikiLink",
        "object": "http://dbpedia.org/resource/U.S._Probation_and_Pretrial_Services_System"
    },
    {
        "subject": "http://dbpedia.org/resource/Jim_Dine",
        "predicate": "http://dbpedia.org/ontology/wikiPageWikiLink",
        "object": "http://dbpedia.org/resource/Clerk_of_Court"
    },
    {
        "subject": "http://dbpedia.org/resource/Jim_Dine",
        "predicate": "http://dbpedia.org/ontology/wikiPageWikiLink",
        "object": "http://dbpedia.org/resource/United_States_Immigration_Court"
    },
    {
        "subject": "http://dbpedia.org/resource/Jim_Dine",
        "predicate": "http://dbpedia.org/ontology/wikiPageWikiLink",
        "object": "http://dbpedia.org/resource/California_Institute_of_the_Arts"
    },
    {
        "subject": "http://dbpedia.org/resource/Jim_Dine",
        "predicate": "http://dbpedia.org/ontology/wikiPageWikiLink",
        "object": "http://dbpedia.org/resource/Cannes_Film_Festival"
    },
    {
        "subject": "http://dbpedia.org/resource/Jim_Dine",
        "predicate": "http://dbpedia.org/ontology/wikiPageWikiLink",
        "object": "http://dbpedia.org/resource/Psychoanalysis"
    },
    {
        "subject": "http://dbpedia.org/resource/Jim_Dine",
        "predicate": "http://dbpedia.org/ontology/wikiPageWikiLink",
        "object": "http://dbpedia.org/resource/Robert_Morris_(artist)"
    },
    {
        "subject": "http://dbpedia.org/resource/Jim_Dine",
        "predicate": "http://dbpedia.org/ontology/wikiPageWikiLink",
        "object": "http://dbpedia.org/resource/Robert_Rauschenberg"
    },
    {
        "subject": "http://dbpedia.org/resource/Jim_Dine",
        "predicate": "http://dbpedia.org/ontology/wikiPageWikiLink",
        "object": "http://dbpedia.org/resource/San_Francisco_Museum_of_Modern_Art"
    },
    {
        "subject": "http://dbpedia.org/resource/Jim_Dine",
        "predicate": "http://dbpedia.org/ontology/wikiPageWikiLink",
        "object": "http://dbpedia.org/resource/School_of_the_Art_Institute_of_Chicago"
    },
    {
        "subject": "http://dbpedia.org/resource/Jim_Dine",
        "predicate": "http://dbpedia.org/ontology/wikiPageWikiLink",
        "object": "http://dbpedia.org/resource/Expressionist"
    },
    {
        "subject": "http://dbpedia.org/resource/Jim_Dine",
        "predicate": "http://dbpedia.org/ontology/wikiPageWikiLink",
        "object": "http://dbpedia.org/resource/National_Film_Theatre"
    },
    {
        "subject": "http://dbpedia.org/resource/Jim_Dine",
        "predicate": "http://dbpedia.org/ontology/wikiPageWikiLink",
        "object": "http://dbpedia.org/resource/New_Museum_of_Contemporary_Art"
    },
    {
        "subject": "http://dbpedia.org/resource/Jim_Dine",
        "predicate": "http://dbpedia.org/ontology/wikiPageWikiLink",
        "object": "http://dbpedia.org/resource/Beat_Generation"
    },
    {
        "subject": "http://dbpedia.org/resource/Jim_Dine",
        "predicate": "http://dbpedia.org/ontology/wikiPageWikiLink",
        "object": "http://dbpedia.org/resource/Bell_Laboratories"
    },
    {
        "subject": "http://dbpedia.org/resource/Jim_Dine",
        "predicate": "http://dbpedia.org/ontology/wikiPageWikiLink",
        "object": "http://dbpedia.org/resource/Bolex"
    },
    {
        "subject": "http://dbpedia.org/resource/Jim_Dine",
        "predicate": "http://dbpedia.org/ontology/wikiPageWikiLink",
        "object": "http://dbpedia.org/resource/Breast_cancer"
    },
    {
        "subject": "http://dbpedia.org/resource/Jim_Dine",
        "predicate": "http://dbpedia.org/ontology/wikiPageWikiLink",
        "object": "http://dbpedia.org/resource/Hunter_College"
    },
    {
        "subject": "http://dbpedia.org/resource/Jim_Dine",
        "predicate": "http://dbpedia.org/ontology/wikiPageWikiLink",
        "object": "http://dbpedia.org/resource/John_Simon_Guggenheim_Memorial_Foundation"
    },
    {
        "subject": "http://dbpedia.org/resource/Jim_Dine",
        "predicate": "http://dbpedia.org/ontology/wikiPageWikiLink",
        "object": "http://dbpedia.org/resource/Joseph_Cornell"
    },
    {
        "subject": "http://dbpedia.org/resource/Jim_Dine",
        "predicate": "http://dbpedia.org/ontology/wikiPageWikiLink",
        "object": "http://dbpedia.org/resource/Judson_Memorial_Church"
    },
    {
        "subject": "http://dbpedia.org/resource/Jim_Dine",
        "predicate": "http://dbpedia.org/ontology/wikiPageWikiLink",
        "object": "http://dbpedia.org/resource/Judy_Chicago"
    },
    {
        "subject": "http://dbpedia.org/resource/Jim_Dine",
        "predicate": "http://dbpedia.org/ontology/wikiPageWikiLink",
        "object": "http://dbpedia.org/resource/Paul_Brach"
    },
    {
        "subject": "http://dbpedia.org/resource/Jim_Dine",
        "predicate": "http://dbpedia.org/ontology/wikiPageWikiLink",
        "object": "http://dbpedia.org/resource/Paul_C\u00e9zanne"
    },
    {
        "subject": "http://dbpedia.org/resource/Jim_Dine",
        "predicate": "http://dbpedia.org/ontology/wikiPageWikiLink",
        "object": "http://dbpedia.org/resource/Robert_Kelly_(poet)"
    },
    {
        "subject": "http://dbpedia.org/resource/Jim_Dine",
        "predicate": "http://dbpedia.org/ontology/wikiPageWikiLink",
        "object": "http://dbpedia.org/resource/University_of_Illinois,_Urbana-Champaign"
    },
    {
        "subject": "http://dbpedia.org/resource/Jim_Dine",
        "predicate": "http://dbpedia.org/ontology/wikiPageWikiLink",
        "object": "http://dbpedia.org/resource/Vagina"
    },
    {
        "subject": "http://dbpedia.org/resource/Jim_Dine",
        "predicate": "http://dbpedia.org/ontology/wikiPageWikiLink",
        "object": "http://dbpedia.org/resource/Valie_Export"
    },
    {
        "subject": "http://dbpedia.org/resource/Jim_Dine",
        "predicate": "http://dbpedia.org/ontology/wikiPageWikiLink",
        "object": "http://dbpedia.org/resource/David_Antin"
    },
    {
        "subject": "http://dbpedia.org/resource/Jim_Dine",
        "predicate": "http://dbpedia.org/ontology/wikiPageWikiLink",
        "object": "http://dbpedia.org/resource/James_Tenney"
    },
    {
        "subject": "http://dbpedia.org/resource/Jim_Dine",
        "predicate": "http://dbpedia.org/ontology/wikiPageWikiLink",
        "object": "http://dbpedia.org/resource/Johannes_Birringer"
    },
    {
        "subject": "http://dbpedia.org/resource/Jim_Dine",
        "predicate": "http://dbpedia.org/ontology/wikiPageWikiLink",
        "object": "http://dbpedia.org/resource/Zuzanna_Janin"
    },
    {
        "subject": "http://dbpedia.org/resource/Jim_Dine",
        "predicate": "http://dbpedia.org/ontology/wikiPageWikiLink",
        "object": "http://dbpedia.org/resource/The_Second_Sex"
    },
    {
        "subject": "http://dbpedia.org/resource/Jim_Dine",
        "predicate": "http://dbpedia.org/ontology/wikiPageWikiLink",
        "object": "http://dbpedia.org/resource/Visual_artist"
    },
    {
        "subject": "http://dbpedia.org/resource/Jim_Dine",
        "predicate": "http://dbpedia.org/ontology/wikiPageWikiLink",
        "object": "http://dbpedia.org/resource/!Women_Art_Revolution"
    },
    {
        "subject": "http://dbpedia.org/resource/Jim_Dine",
        "predicate": "http://dbpedia.org/ontology/wikiPageWikiLink",
        "object": "http://dbpedia.org/resource/Category:20th-century_American_women_artists"
    },
    {
        "subject": "http://dbpedia.org/resource/Jim_Dine",
        "predicate": "http://dbpedia.org/ontology/wikiPageWikiLink",
        "object": "http://dbpedia.org/resource/Category:21st-century_American_women"
    },
    {
        "subject": "http://dbpedia.org/resource/Jim_Dine",
        "predicate": "http://dbpedia.org/ontology/wikiPageWikiLink",
        "object": "http://dbpedia.org/resource/Columbia_University"
    },
    {
        "subject": "http://dbpedia.org/resource/Jim_Dine",
        "predicate": "http://dbpedia.org/ontology/wikiPageWikiLink",
        "object": "http://dbpedia.org/resource/Complex_(magazine)"
    },
    {
        "subject": "http://dbpedia.org/resource/Jim_Dine",
        "predicate": "http://dbpedia.org/ontology/wikiPageWikiLink",
        "object": "http://dbpedia.org/resource/Matthew_Barney"
    },
    {
        "subject": "http://dbpedia.org/resource/Jim_Dine",
        "predicate": "http://dbpedia.org/ontology/wikiPageWikiLink",
        "object": "http://dbpedia.org/resource/Maya_Deren"
    },
    {
        "subject": "http://dbpedia.org/resource/Jim_Dine",
        "predicate": "http://dbpedia.org/ontology/wikiPageWikiLink",
        "object": "http://dbpedia.org/resource/Rutgers_University"
    },
    {
        "subject": "http://dbpedia.org/resource/Jim_Dine",
        "predicate": "http://dbpedia.org/ontology/wikiPageWikiLink",
        "object": "http://dbpedia.org/resource/Err\u00f3"
    },
    {
        "subject": "http://dbpedia.org/resource/Jim_Dine",
        "predicate": "http://dbpedia.org/ontology/wikiPageWikiLink",
        "object": "http://dbpedia.org/resource/Gender"
    },
    {
        "subject": "http://dbpedia.org/resource/Jim_Dine",
        "predicate": "http://dbpedia.org/ontology/wikiPageWikiLink",
        "object": "http://dbpedia.org/resource/Narcissism"
    },
    {
        "subject": "http://dbpedia.org/resource/Jim_Dine",
        "predicate": "http://dbpedia.org/ontology/wikiPageWikiLink",
        "object": "http://dbpedia.org/resource/Neo-Dada"
    },
    {
        "subject": "http://dbpedia.org/resource/Jim_Dine",
        "predicate": "http://dbpedia.org/ontology/wikiPageWikiLink",
        "object": "http://dbpedia.org/resource/United_States_Artists"
    },
    {
        "subject": "http://dbpedia.org/resource/Jim_Dine",
        "predicate": "http://dbpedia.org/ontology/wikiPageWikiLink",
        "object": "http://dbpedia.org/resource/Claes_Oldenburg"
    },
    {
        "subject": "http://dbpedia.org/resource/Jim_Dine",
        "predicate": "http://dbpedia.org/ontology/wikiPageWikiLink",
        "object": "http://dbpedia.org/resource/Clitoris"
    },
    {
        "subject": "http://dbpedia.org/resource/Jim_Dine",
        "predicate": "http://dbpedia.org/ontology/wikiPageWikiLink",
        "object": "http://dbpedia.org/resource/Category:California_Institute_of_the_Arts_faculty"
    },
    {
        "subject": "http://dbpedia.org/resource/Jim_Dine",
        "predicate": "http://dbpedia.org/ontology/wikiPageWikiLink",
        "object": "http://dbpedia.org/resource/Elsa_von_Freytag-Loringhoven"
    },
    {
        "subject": "http://dbpedia.org/resource/Jim_Dine",
        "predicate": "http://dbpedia.org/ontology/wikiPageWikiLink",
        "object": "http://dbpedia.org/resource/George_Brecht"
    },
    {
        "subject": "http://dbpedia.org/resource/Jim_Dine",
        "predicate": "http://dbpedia.org/ontology/wikiPageWikiLink",
        "object": "http://dbpedia.org/resource/Misogynist"
    },
    {
        "subject": "http://dbpedia.org/resource/Jim_Dine",
        "predicate": "http://dbpedia.org/ontology/wikiPageWikiLink",
        "object": "http://dbpedia.org/resource/Misogynistic"
    },
    {
        "subject": "http://dbpedia.org/resource/Jim_Dine",
        "predicate": "http://dbpedia.org/ontology/wikiPageWikiLink",
        "object": "http://dbpedia.org/resource/Mores"
    },
    {
        "subject": "http://dbpedia.org/resource/Jim_Dine",
        "predicate": "http://dbpedia.org/ontology/wikiPageWikiLink",
        "object": "http://dbpedia.org/resource/Museum_of_Modern_Art"
    },
    {
        "subject": "http://dbpedia.org/resource/Jim_Dine",
        "predicate": "http://dbpedia.org/ontology/wikiPageWikiLink",
        "object": "http://dbpedia.org/resource/Conceptual_art"
    },
    {
        "subject": "http://dbpedia.org/resource/Jim_Dine",
        "predicate": "http://dbpedia.org/ontology/wikiPageWikiLink",
        "object": "http://dbpedia.org/resource/Constructivism_(art)"
    },
    {
        "subject": "http://dbpedia.org/resource/Jim_Dine",
        "predicate": "http://dbpedia.org/ontology/wikiPageWikiLink",
        "object": "http://dbpedia.org/resource/The_Vagina_Monologues"
    },
    {
        "subject": "http://dbpedia.org/resource/Jim_Dine",
        "predicate": "http://dbpedia.org/ontology/wikiPageWikiLink",
        "object": "http://dbpedia.org/resource/Dan_Cameron"
    },
    {
        "subject": "http://dbpedia.org/resource/Jim_Dine",
        "predicate": "http://dbpedia.org/ontology/wikiPageWikiLink",
        "object": "http://dbpedia.org/resource/Figure-ground_(perception)"
    },
    {
        "subject": "http://dbpedia.org/resource/Jim_Dine",
        "predicate": "http://dbpedia.org/ontology/wikiPageWikiLink",
        "object": "http://dbpedia.org/resource/Off-broadway"
    },
    {
        "subject": "http://dbpedia.org/resource/Jim_Dine",
        "predicate": "http://dbpedia.org/ontology/wikiPageWikiLink",
        "object": "http://dbpedia.org/resource/Andy_Warhol"
    },
    {
        "subject": "http://dbpedia.org/resource/Jim_Dine",
        "predicate": "http://dbpedia.org/ontology/wikiPageWikiLink",
        "object": "http://dbpedia.org/resource/Antonin_Artaud"
    },
    {
        "subject": "http://dbpedia.org/resource/Jim_Dine",
        "predicate": "http://dbpedia.org/ontology/wikiPageWikiLink",
        "object": "http://dbpedia.org/resource/Simone_de_Beauvoir"
    },
    {
        "subject": "http://dbpedia.org/resource/Jim_Dine",
        "predicate": "http://dbpedia.org/ontology/wikiPageWikiLink",
        "object": "http://dbpedia.org/resource/Stan_Brakhage"
    },
    {
        "subject": "http://dbpedia.org/resource/Jim_Dine",
        "predicate": "http://dbpedia.org/ontology/wikiPageWikiLink",
        "object": "http://dbpedia.org/resource/Stanford_University_Libraries"
    },
    {
        "subject": "http://dbpedia.org/resource/Jim_Dine",
        "predicate": "http://dbpedia.org/ontology/wikiPageWikiLink",
        "object": "http://dbpedia.org/resource/State_University_of_New_York_at_New_Paltz"
    },
    {
        "subject": "http://dbpedia.org/resource/Jim_Dine",
        "predicate": "http://dbpedia.org/ontology/wikiPageWikiLink",
        "object": "http://dbpedia.org/resource/Steve_Reich"
    },
    {
        "subject": "http://dbpedia.org/resource/Jim_Dine",
        "predicate": "http://dbpedia.org/ontology/wikiPageWikiLink",
        "object": "http://dbpedia.org/resource/\u00c9douard_Manet"
    },
    {
        "subject": "http://dbpedia.org/resource/Jim_Dine",
        "predicate": "http://dbpedia.org/ontology/wikiPageWikiLink",
        "object": "http://dbpedia.org/resource/Feminist_art"
    },
    {
        "subject": "http://dbpedia.org/resource/Jim_Dine",
        "predicate": "http://dbpedia.org/ontology/wikiPageWikiLink",
        "object": "http://dbpedia.org/resource/Feminist_art_movement"
    },
    {
        "subject": "http://dbpedia.org/resource/Jim_Dine",
        "predicate": "http://dbpedia.org/ontology/wikiPageWikiLink",
        "object": "http://dbpedia.org/resource/Hot_Topic_(song)"
    }
]