[
    {
        "subject": "http://dbpedia.org/resource/Andy_Warhol",
        "predicate": "http://dbpedia.org/ontology/wikiPageWikiLink",
        "object": "http://dbpedia.org/resource/Category:Eurodance_albums"
    },
    {
        "subject": "http://dbpedia.org/resource/Andy_Warhol",
        "predicate": "http://dbpedia.org/ontology/wikiPageWikiLink",
        "object": "http://dbpedia.org/resource/Category:1993_albums"
    },
    {
        "subject": "http://dbpedia.org/resource/Andy_Warhol",
        "predicate": "http://dbpedia.org/ontology/wikiPageWikiLink",
        "object": "http://dbpedia.org/resource/Compact_Cassette"
    },
    {
        "subject": "http://dbpedia.org/resource/Andy_Warhol",
        "predicate": "http://dbpedia.org/ontology/wikiPageWikiLink",
        "object": "http://dbpedia.org/resource/Compact_disc"
    },
    {
        "subject": "http://dbpedia.org/resource/Andy_Warhol",
        "predicate": "http://dbpedia.org/ontology/wikiPageWikiLink",
        "object": "http://dbpedia.org/resource/French_language"
    },
    {
        "subject": "http://dbpedia.org/resource/Andy_Warhol",
        "predicate": "http://dbpedia.org/ontology/wikiPageWikiLink",
        "object": "http://dbpedia.org/resource/French_people"
    },
    {
        "subject": "http://dbpedia.org/resource/Andy_Warhol",
        "predicate": "http://dbpedia.org/ontology/wikiPageWikiLink",
        "object": "http://dbpedia.org/resource/Andy_Warhol"
    },
    {
        "subject": "http://dbpedia.org/resource/Andy_Warhol",
        "predicate": "http://dbpedia.org/ontology/wikiPageWikiLink",
        "object": "http://dbpedia.org/resource/Anthony_Monn"
    },
    {
        "subject": "http://dbpedia.org/resource/Andy_Warhol",
        "predicate": "http://dbpedia.org/ontology/wikiPageWikiLink",
        "object": "http://dbpedia.org/resource/Arrangement"
    },
    {
        "subject": "http://dbpedia.org/resource/Andy_Warhol",
        "predicate": "http://dbpedia.org/ontology/wikiPageWikiLink",
        "object": "http://dbpedia.org/resource/Bass_Bumpers"
    },
    {
        "subject": "http://dbpedia.org/resource/Andy_Warhol",
        "predicate": "http://dbpedia.org/ontology/wikiPageWikiLink",
        "object": "http://dbpedia.org/resource/Lili_Marleen"
    },
    {
        "subject": "http://dbpedia.org/resource/Andy_Warhol",
        "predicate": "http://dbpedia.org/ontology/wikiPageWikiLink",
        "object": "http://dbpedia.org/resource/Surrealism"
    },
    {
        "subject": "http://dbpedia.org/resource/Andy_Warhol",
        "predicate": "http://dbpedia.org/ontology/wikiPageWikiLink",
        "object": "http://dbpedia.org/resource/Tommie_Connor"
    },
    {
        "subject": "http://dbpedia.org/resource/Andy_Warhol",
        "predicate": "http://dbpedia.org/ontology/wikiPageWikiLink",
        "object": "http://dbpedia.org/resource/Lead_vocalist"
    },
    {
        "subject": "http://dbpedia.org/resource/Andy_Warhol",
        "predicate": "http://dbpedia.org/ontology/wikiPageWikiLink",
        "object": "http://dbpedia.org/resource/Alter_Ego_(Amanda_Lear_album)"
    },
    {
        "subject": "http://dbpedia.org/resource/Andy_Warhol",
        "predicate": "http://dbpedia.org/ontology/wikiPageWikiLink",
        "object": "http://dbpedia.org/resource/Amanda_Lear"
    },
    {
        "subject": "http://dbpedia.org/resource/Andy_Warhol",
        "predicate": "http://dbpedia.org/ontology/wikiPageWikiLink",
        "object": "http://dbpedia.org/resource/Follow_Me_(Amanda_Lear_song)"
    },
    {
        "subject": "http://dbpedia.org/resource/Andy_Warhol",
        "predicate": "http://dbpedia.org/ontology/wikiPageWikiLink",
        "object": "http://dbpedia.org/resource/France"
    },
    {
        "subject": "http://dbpedia.org/resource/Andy_Warhol",
        "predicate": "http://dbpedia.org/ontology/wikiPageWikiLink",
        "object": "http://dbpedia.org/resource/Nico"
    },
    {
        "subject": "http://dbpedia.org/resource/Andy_Warhol",
        "predicate": "http://dbpedia.org/ontology/wikiPageWikiLink",
        "object": "http://dbpedia.org/resource/Paris"
    },
    {
        "subject": "http://dbpedia.org/resource/Andy_Warhol",
        "predicate": "http://dbpedia.org/ontology/wikiPageWikiLink",
        "object": "http://dbpedia.org/resource/Fashion_Pack"
    },
    {
        "subject": "http://dbpedia.org/resource/Andy_Warhol",
        "predicate": "http://dbpedia.org/ontology/wikiPageWikiLink",
        "object": "http://dbpedia.org/resource/Hans_Leip"
    },
    {
        "subject": "http://dbpedia.org/resource/Andy_Warhol",
        "predicate": "http://dbpedia.org/ontology/wikiPageWikiLink",
        "object": "http://dbpedia.org/resource/The_Collection_(Amanda_Lear_album)"
    },
    {
        "subject": "http://dbpedia.org/resource/Andy_Warhol",
        "predicate": "http://dbpedia.org/ontology/wikiPageWikiLink",
        "object": "http://dbpedia.org/resource/Category:Amanda_Lear_albums"
    },
    {
        "subject": "http://dbpedia.org/resource/Andy_Warhol",
        "predicate": "http://dbpedia.org/ontology/wikiPageWikiLink",
        "object": "http://dbpedia.org/resource/John_Lennon"
    },
    {
        "subject": "http://dbpedia.org/resource/Andy_Warhol",
        "predicate": "http://dbpedia.org/ontology/wikiPageWikiLink",
        "object": "http://dbpedia.org/resource/Discogs"
    },
    {
        "subject": "http://dbpedia.org/resource/Andy_Warhol",
        "predicate": "http://dbpedia.org/ontology/wikiPageWikiLink",
        "object": "http://dbpedia.org/resource/Rate_Your_Music"
    },
    {
        "subject": "http://dbpedia.org/resource/Andy_Warhol",
        "predicate": "http://dbpedia.org/ontology/wikiPageWikiLink",
        "object": "http://dbpedia.org/resource/Norbert_Schultze"
    },
    {
        "subject": "http://dbpedia.org/resource/Andy_Warhol",
        "predicate": "http://dbpedia.org/ontology/wikiPageWikiLink",
        "object": "http://dbpedia.org/resource/Eurodance"
    },
    {
        "subject": "http://dbpedia.org/resource/Andy_Warhol",
        "predicate": "http://dbpedia.org/ontology/wikiPageWikiLink",
        "object": "http://dbpedia.org/resource/Exquisite_corpse"
    },
    {
        "subject": "http://dbpedia.org/resource/Andy_Warhol",
        "predicate": "http://dbpedia.org/ontology/wikiPageWikiLink",
        "object": "http://dbpedia.org/resource/Ben_Aaronovitch"
    },
    {
        "subject": "http://dbpedia.org/resource/Andy_Warhol",
        "predicate": "http://dbpedia.org/ontology/wikiPageWikiLink",
        "object": "http://dbpedia.org/resource/David_Bowie"
    },
    {
        "subject": "http://dbpedia.org/resource/Andy_Warhol",
        "predicate": "http://dbpedia.org/ontology/wikiPageWikiLink",
        "object": "http://dbpedia.org/resource/David_O._Selznick"
    },
    {
        "subject": "http://dbpedia.org/resource/Andy_Warhol",
        "predicate": "http://dbpedia.org/ontology/wikiPageWikiLink",
        "object": "http://dbpedia.org/resource/Humphrey_Bogart"
    },
    {
        "subject": "http://dbpedia.org/resource/Andy_Warhol",
        "predicate": "http://dbpedia.org/ontology/wikiPageWikiLink",
        "object": "http://dbpedia.org/resource/Josephine_Baker"
    },
    {
        "subject": "http://dbpedia.org/resource/Andy_Warhol",
        "predicate": "http://dbpedia.org/ontology/wikiPageWikiLink",
        "object": "http://dbpedia.org/resource/Judy_Garland"
    },
    {
        "subject": "http://dbpedia.org/resource/Andy_Warhol",
        "predicate": "http://dbpedia.org/ontology/wikiPageWikiLink",
        "object": "http://dbpedia.org/resource/Dear_Mrs_Bird"
    },
    {
        "subject": "http://dbpedia.org/resource/Andy_Warhol",
        "predicate": "http://dbpedia.org/ontology/wikiPageWikiLink",
        "object": "http://dbpedia.org/resource/Category:Nightclubs_in_London"
    },
    {
        "subject": "http://dbpedia.org/resource/Andy_Warhol",
        "predicate": "http://dbpedia.org/ontology/wikiPageWikiLink",
        "object": "http://dbpedia.org/resource/Matthew_Bourne"
    },
    {
        "subject": "http://dbpedia.org/resource/Andy_Warhol",
        "predicate": "http://dbpedia.org/ontology/wikiPageWikiLink",
        "object": "http://dbpedia.org/resource/Frank_Sinatra"
    },
    {
        "subject": "http://dbpedia.org/resource/Andy_Warhol",
        "predicate": "http://dbpedia.org/ontology/wikiPageWikiLink",
        "object": "http://dbpedia.org/resource/George_Michael"
    },
    {
        "subject": "http://dbpedia.org/resource/Andy_Warhol",
        "predicate": "http://dbpedia.org/ontology/wikiPageWikiLink",
        "object": "http://dbpedia.org/resource/Girls_Aloud"
    },
    {
        "subject": "http://dbpedia.org/resource/Andy_Warhol",
        "predicate": "http://dbpedia.org/ontology/wikiPageWikiLink",
        "object": "http://dbpedia.org/resource/Grace_Kelly"
    },
    {
        "subject": "http://dbpedia.org/resource/Andy_Warhol",
        "predicate": "http://dbpedia.org/ontology/wikiPageWikiLink",
        "object": "http://dbpedia.org/resource/Moon_Over_Soho"
    },
    {
        "subject": "http://dbpedia.org/resource/Andy_Warhol",
        "predicate": "http://dbpedia.org/ontology/wikiPageWikiLink",
        "object": "http://dbpedia.org/resource/The_Queen's_Sister"
    },
    {
        "subject": "http://dbpedia.org/resource/Andy_Warhol",
        "predicate": "http://dbpedia.org/ontology/wikiPageWikiLink",
        "object": "http://dbpedia.org/resource/The_Soldier's_Art"
    },
    {
        "subject": "http://dbpedia.org/resource/Andy_Warhol",
        "predicate": "http://dbpedia.org/ontology/wikiPageWikiLink",
        "object": "http://dbpedia.org/resource/Andy_Warhol"
    },
    {
        "subject": "http://dbpedia.org/resource/Andy_Warhol",
        "predicate": "http://dbpedia.org/ontology/wikiPageWikiLink",
        "object": "http://dbpedia.org/resource/Anne_Pigalle"
    },
    {
        "subject": "http://dbpedia.org/resource/Andy_Warhol",
        "predicate": "http://dbpedia.org/ontology/wikiPageWikiLink",
        "object": "http://dbpedia.org/resource/Anthony_Powell"
    },
    {
        "subject": "http://dbpedia.org/resource/Andy_Warhol",
        "predicate": "http://dbpedia.org/ontology/wikiPageWikiLink",
        "object": "http://dbpedia.org/resource/Leicester_Square"
    },
    {
        "subject": "http://dbpedia.org/resource/Andy_Warhol",
        "predicate": "http://dbpedia.org/ontology/wikiPageWikiLink",
        "object": "http://dbpedia.org/resource/Louise_Brooks"
    },
    {
        "subject": "http://dbpedia.org/resource/Andy_Warhol",
        "predicate": "http://dbpedia.org/ontology/wikiPageWikiLink",
        "object": "http://dbpedia.org/resource/Category:Music_venues_completed_in_1924"
    },
    {
        "subject": "http://dbpedia.org/resource/Andy_Warhol",
        "predicate": "http://dbpedia.org/ontology/wikiPageWikiLink",
        "object": "http://dbpedia.org/resource/Steve_Strange"
    },
    {
        "subject": "http://dbpedia.org/resource/Andy_Warhol",
        "predicate": "http://dbpedia.org/ontology/wikiPageWikiLink",
        "object": "http://dbpedia.org/resource/Ava_Gardner"
    },
    {
        "subject": "http://dbpedia.org/resource/Andy_Warhol",
        "predicate": "http://dbpedia.org/ontology/wikiPageWikiLink",
        "object": "http://dbpedia.org/resource/COVID-19_pandemic_in_the_United_Kingdom"
    },
    {
        "subject": "http://dbpedia.org/resource/Andy_Warhol",
        "predicate": "http://dbpedia.org/ontology/wikiPageWikiLink",
        "object": "http://dbpedia.org/resource/Tina_Turner"
    },
    {
        "subject": "http://dbpedia.org/resource/Andy_Warhol",
        "predicate": "http://dbpedia.org/ontology/wikiPageWikiLink",
        "object": "http://dbpedia.org/resource/Tony_Hancock"
    },
    {
        "subject": "http://dbpedia.org/resource/Andy_Warhol",
        "predicate": "http://dbpedia.org/ontology/wikiPageWikiLink",
        "object": "http://dbpedia.org/resource/Dress_code"
    },
    {
        "subject": "http://dbpedia.org/resource/Andy_Warhol",
        "predicate": "http://dbpedia.org/ontology/wikiPageWikiLink",
        "object": "http://dbpedia.org/resource/AJ_Pearce"
    },
    {
        "subject": "http://dbpedia.org/resource/Andy_Warhol",
        "predicate": "http://dbpedia.org/ontology/wikiPageWikiLink",
        "object": "http://dbpedia.org/resource/Absolute_Beginners_(film)"
    },
    {
        "subject": "http://dbpedia.org/resource/Andy_Warhol",
        "predicate": "http://dbpedia.org/ontology/wikiPageWikiLink",
        "object": "http://dbpedia.org/resource/Category:1924_establishments_in_England"
    },
    {
        "subject": "http://dbpedia.org/resource/Andy_Warhol",
        "predicate": "http://dbpedia.org/ontology/wikiPageWikiLink",
        "object": "http://dbpedia.org/resource/Downton_Abbey"
    },
    {
        "subject": "http://dbpedia.org/resource/Andy_Warhol",
        "predicate": "http://dbpedia.org/ontology/wikiPageWikiLink",
        "object": "http://dbpedia.org/resource/Dylan_Thomas"
    },
    {
        "subject": "http://dbpedia.org/resource/Andy_Warhol",
        "predicate": "http://dbpedia.org/ontology/wikiPageWikiLink",
        "object": "http://dbpedia.org/resource/Edgar_Wright"
    },
    {
        "subject": "http://dbpedia.org/resource/Andy_Warhol",
        "predicate": "http://dbpedia.org/ontology/wikiPageWikiLink",
        "object": "http://dbpedia.org/resource/Barbara_Pym"
    },
    {
        "subject": "http://dbpedia.org/resource/Andy_Warhol",
        "predicate": "http://dbpedia.org/ontology/wikiPageWikiLink",
        "object": "http://dbpedia.org/resource/No\u00ebl_Coward"
    },
    {
        "subject": "http://dbpedia.org/resource/Andy_Warhol",
        "predicate": "http://dbpedia.org/ontology/wikiPageWikiLink",
        "object": "http://dbpedia.org/resource/Charleston_(dance)"
    },
    {
        "subject": "http://dbpedia.org/resource/Andy_Warhol",
        "predicate": "http://dbpedia.org/ontology/wikiPageWikiLink",
        "object": "http://dbpedia.org/resource/Nightclub"
    },
    {
        "subject": "http://dbpedia.org/resource/Andy_Warhol",
        "predicate": "http://dbpedia.org/ontology/wikiPageWikiLink",
        "object": "http://dbpedia.org/resource/Harry_Gold"
    },
    {
        "subject": "http://dbpedia.org/resource/Andy_Warhol",
        "predicate": "http://dbpedia.org/ontology/wikiPageWikiLink",
        "object": "http://dbpedia.org/resource/Harry_Roy"
    },
    {
        "subject": "http://dbpedia.org/resource/Andy_Warhol",
        "predicate": "http://dbpedia.org/ontology/wikiPageWikiLink",
        "object": "http://dbpedia.org/resource/James_Mason"
    },
    {
        "subject": "http://dbpedia.org/resource/Andy_Warhol",
        "predicate": "http://dbpedia.org/ontology/wikiPageWikiLink",
        "object": "http://dbpedia.org/resource/Jennifer_Jones"
    },
    {
        "subject": "http://dbpedia.org/resource/Andy_Warhol",
        "predicate": "http://dbpedia.org/ontology/wikiPageWikiLink",
        "object": "http://dbpedia.org/resource/Coventry_Street"
    },
    {
        "subject": "http://dbpedia.org/resource/Andy_Warhol",
        "predicate": "http://dbpedia.org/ontology/wikiPageWikiLink",
        "object": "http://dbpedia.org/resource/The_Edge_of_Love"
    },
    {
        "subject": "http://dbpedia.org/resource/Andy_Warhol",
        "predicate": "http://dbpedia.org/ontology/wikiPageWikiLink",
        "object": "http://dbpedia.org/resource/The_Krays_(film)"
    },
    {
        "subject": "http://dbpedia.org/resource/Andy_Warhol",
        "predicate": "http://dbpedia.org/ontology/wikiPageWikiLink",
        "object": "http://dbpedia.org/resource/A_Dance_to_the_Music_of_Time"
    },
    {
        "subject": "http://dbpedia.org/resource/Andy_Warhol",
        "predicate": "http://dbpedia.org/ontology/wikiPageWikiLink",
        "object": "http://dbpedia.org/resource/Aga_Khan"
    },
    {
        "subject": "http://dbpedia.org/resource/Andy_Warhol",
        "predicate": "http://dbpedia.org/ontology/wikiPageWikiLink",
        "object": "http://dbpedia.org/resource/Jill_Paton_Walsh"
    },
    {
        "subject": "http://dbpedia.org/resource/Andy_Warhol",
        "predicate": "http://dbpedia.org/ontology/wikiPageWikiLink",
        "object": "http://dbpedia.org/resource/Kate_Atkinson_(writer)"
    },
    {
        "subject": "http://dbpedia.org/resource/Andy_Warhol",
        "predicate": "http://dbpedia.org/ontology/wikiPageWikiLink",
        "object": "http://dbpedia.org/resource/Kate_Quinn"
    },
    {
        "subject": "http://dbpedia.org/resource/Andy_Warhol",
        "predicate": "http://dbpedia.org/ontology/wikiPageWikiLink",
        "object": "http://dbpedia.org/resource/Ken_%22Snakehips%22_Johnson"
    },
    {
        "subject": "http://dbpedia.org/resource/Andy_Warhol",
        "predicate": "http://dbpedia.org/ontology/wikiPageWikiLink",
        "object": "http://dbpedia.org/resource/King_Ralph"
    },
    {
        "subject": "http://dbpedia.org/resource/Andy_Warhol",
        "predicate": "http://dbpedia.org/ontology/wikiPageWikiLink",
        "object": "http://dbpedia.org/resource/Last_Night_in_Soho"
    },
    {
        "subject": "http://dbpedia.org/resource/Andy_Warhol",
        "predicate": "http://dbpedia.org/ontology/wikiPageWikiLink",
        "object": "http://dbpedia.org/resource/Lauren_Bacall"
    },
    {
        "subject": "http://dbpedia.org/resource/Andy_Warhol",
        "predicate": "http://dbpedia.org/ontology/wikiPageWikiLink",
        "object": "http://dbpedia.org/resource/Cole_Porter"
    },
    {
        "subject": "http://dbpedia.org/resource/Andy_Warhol",
        "predicate": "http://dbpedia.org/ontology/wikiPageWikiLink",
        "object": "http://dbpedia.org/resource/Edward_VIII_of_the_United_Kingdom"
    },
    {
        "subject": "http://dbpedia.org/resource/Andy_Warhol",
        "predicate": "http://dbpedia.org/ontology/wikiPageWikiLink",
        "object": "http://dbpedia.org/resource/Transcription_(novel)"
    },
    {
        "subject": "http://dbpedia.org/resource/Andy_Warhol",
        "predicate": "http://dbpedia.org/ontology/wikiPageWikiLink",
        "object": "http://dbpedia.org/resource/West_End_of_London"
    },
    {
        "subject": "http://dbpedia.org/resource/Andy_Warhol",
        "predicate": "http://dbpedia.org/ontology/wikiPageWikiLink",
        "object": "http://dbpedia.org/resource/Dorothy_Dandridge"
    },
    {
        "subject": "http://dbpedia.org/resource/Andy_Warhol",
        "predicate": "http://dbpedia.org/ontology/wikiPageWikiLink",
        "object": "http://dbpedia.org/resource/Category:Entertainment_companies_established_in_1924"
    },
    {
        "subject": "http://dbpedia.org/resource/Andy_Warhol",
        "predicate": "http://dbpedia.org/ontology/wikiPageWikiLink",
        "object": "http://dbpedia.org/resource/Marlene_Dietrich"
    },
    {
        "subject": "http://dbpedia.org/resource/Andy_Warhol",
        "predicate": "http://dbpedia.org/ontology/wikiPageWikiLink",
        "object": "http://dbpedia.org/resource/Piccadilly"
    },
    {
        "subject": "http://dbpedia.org/resource/Andy_Warhol",
        "predicate": "http://dbpedia.org/ontology/wikiPageWikiLink",
        "object": "http://dbpedia.org/resource/I_Think_We're_Alone_Now"
    },
    {
        "subject": "http://dbpedia.org/resource/Andy_Warhol",
        "predicate": "http://dbpedia.org/ontology/wikiPageWikiLink",
        "object": "http://dbpedia.org/resource/Mickey_Rourke"
    },
    {
        "subject": "http://dbpedia.org/resource/Andy_Warhol",
        "predicate": "http://dbpedia.org/ontology/wikiPageWikiLink",
        "object": "http://dbpedia.org/resource/Sexual_Offences_Act_1967"
    },
    {
        "subject": "http://dbpedia.org/resource/Andy_Warhol",
        "predicate": "http://dbpedia.org/ontology/wikiPageWikiLink",
        "object": "http://dbpedia.org/resource/World_War_II"
    },
    {
        "subject": "http://dbpedia.org/resource/Andy_Warhol",
        "predicate": "http://dbpedia.org/ontology/wikiPageWikiLink",
        "object": "http://dbpedia.org/resource/Lord_Peter_Wimsey"
    },
    {
        "subject": "http://dbpedia.org/resource/Andy_Warhol",
        "predicate": "http://dbpedia.org/ontology/wikiPageWikiLink",
        "object": "http://dbpedia.org/resource/Ken_Snakehips_Johnson"
    },
    {
        "subject": "http://dbpedia.org/resource/Andy_Warhol",
        "predicate": "http://dbpedia.org/ontology/wikiPageWikiLink",
        "object": "http://dbpedia.org/resource/The_Attenbury_Emeralds"
    },
    {
        "subject": "http://dbpedia.org/resource/Andy_Warhol",
        "predicate": "http://dbpedia.org/ontology/wikiPageWikiLink",
        "object": "http://dbpedia.org/resource/Maxine_Cooper_Gomberg"
    }
]