[
    {
        "subject": "http://dbpedia.org/resource/Andy_Goldsworthy",
        "predicate": "http://dbpedia.org/ontology/wikiPageWikiLink",
        "object": "http://dbpedia.org/resource/California"
    },
    {
        "subject": "http://dbpedia.org/resource/Andy_Goldsworthy",
        "predicate": "http://dbpedia.org/ontology/wikiPageWikiLink",
        "object": "http://dbpedia.org/resource/Caltrans"
    },
    {
        "subject": "http://dbpedia.org/resource/Andy_Goldsworthy",
        "predicate": "http://dbpedia.org/ontology/wikiPageWikiLink",
        "object": "http://dbpedia.org/resource/Camp_Merriam,_California"
    },
    {
        "subject": "http://dbpedia.org/resource/Andy_Goldsworthy",
        "predicate": "http://dbpedia.org/ontology/wikiPageWikiLink",
        "object": "http://dbpedia.org/resource/Cannon"
    },
    {
        "subject": "http://dbpedia.org/resource/Andy_Goldsworthy",
        "predicate": "http://dbpedia.org/ontology/wikiPageWikiLink",
        "object": "http://dbpedia.org/resource/Category:Military_facilities_in_the_San_Francisco_Bay_Area"
    },
    {
        "subject": "http://dbpedia.org/resource/Andy_Goldsworthy",
        "predicate": "http://dbpedia.org/ontology/wikiPageWikiLink",
        "object": "http://dbpedia.org/resource/Presidio_Fire_Department"
    },
    {
        "subject": "http://dbpedia.org/resource/Andy_Goldsworthy",
        "predicate": "http://dbpedia.org/ontology/wikiPageWikiLink",
        "object": "http://dbpedia.org/resource/San_Francisco"
    },
    {
        "subject": "http://dbpedia.org/resource/Andy_Goldsworthy",
        "predicate": "http://dbpedia.org/ontology/wikiPageWikiLink",
        "object": "http://dbpedia.org/resource/San_Francisco_Bay"
    },
    {
        "subject": "http://dbpedia.org/resource/Andy_Goldsworthy",
        "predicate": "http://dbpedia.org/ontology/wikiPageWikiLink",
        "object": "http://dbpedia.org/resource/San_Francisco_County_Transportation_Authority"
    },
    {
        "subject": "http://dbpedia.org/resource/Andy_Goldsworthy",
        "predicate": "http://dbpedia.org/ontology/wikiPageWikiLink",
        "object": "http://dbpedia.org/resource/San_Francisco_Municipal_Railway"
    },
    {
        "subject": "http://dbpedia.org/resource/Andy_Goldsworthy",
        "predicate": "http://dbpedia.org/ontology/wikiPageWikiLink",
        "object": "http://dbpedia.org/resource/San_Francisco_Museum_of_Modern_Art"
    },
    {
        "subject": "http://dbpedia.org/resource/Andy_Goldsworthy",
        "predicate": "http://dbpedia.org/ontology/wikiPageWikiLink",
        "object": "http://dbpedia.org/resource/San_Francisco_National_Cemetery"
    },
    {
        "subject": "http://dbpedia.org/resource/Andy_Goldsworthy",
        "predicate": "http://dbpedia.org/ontology/wikiPageWikiLink",
        "object": "http://dbpedia.org/resource/San_Rafael,_California"
    },
    {
        "subject": "http://dbpedia.org/resource/Andy_Goldsworthy",
        "predicate": "http://dbpedia.org/ontology/wikiPageWikiLink",
        "object": "http://dbpedia.org/resource/Category:California_presidios"
    },
    {
        "subject": "http://dbpedia.org/resource/Andy_Goldsworthy",
        "predicate": "http://dbpedia.org/ontology/wikiPageWikiLink",
        "object": "http://dbpedia.org/resource/List_of_beaches_in_California"
    },
    {
        "subject": "http://dbpedia.org/resource/Andy_Goldsworthy",
        "predicate": "http://dbpedia.org/ontology/wikiPageWikiLink",
        "object": "http://dbpedia.org/resource/National_Historic_Landmark"
    },
    {
        "subject": "http://dbpedia.org/resource/Andy_Goldsworthy",
        "predicate": "http://dbpedia.org/ontology/wikiPageWikiLink",
        "object": "http://dbpedia.org/resource/Presidio_of_Sonoma"
    },
    {
        "subject": "http://dbpedia.org/resource/Andy_Goldsworthy",
        "predicate": "http://dbpedia.org/ontology/wikiPageWikiLink",
        "object": "http://dbpedia.org/resource/Base_Realignment_and_Closure_Commission"
    },
    {
        "subject": "http://dbpedia.org/resource/Andy_Goldsworthy",
        "predicate": "http://dbpedia.org/ontology/wikiPageWikiLink",
        "object": "http://dbpedia.org/resource/Battery_Chamberlin"
    },
    {
        "subject": "http://dbpedia.org/resource/Andy_Goldsworthy",
        "predicate": "http://dbpedia.org/ontology/wikiPageWikiLink",
        "object": "http://dbpedia.org/resource/Battle_of_Shiloh"
    },
    {
        "subject": "http://dbpedia.org/resource/Andy_Goldsworthy",
        "predicate": "http://dbpedia.org/ontology/wikiPageWikiLink",
        "object": "http://dbpedia.org/resource/Bear_Flag_Revolt"
    },
    {
        "subject": "http://dbpedia.org/resource/Andy_Goldsworthy",
        "predicate": "http://dbpedia.org/ontology/wikiPageWikiLink",
        "object": "http://dbpedia.org/resource/Category:Bay_Area_Ridge_Trail"
    },
    {
        "subject": "http://dbpedia.org/resource/Andy_Goldsworthy",
        "predicate": "http://dbpedia.org/ontology/wikiPageWikiLink",
        "object": "http://dbpedia.org/resource/Area_codes_415_and_628"
    },
    {
        "subject": "http://dbpedia.org/resource/Andy_Goldsworthy",
        "predicate": "http://dbpedia.org/ontology/wikiPageWikiLink",
        "object": "http://dbpedia.org/resource/Category:Natural_history_museums_in_California"
    },
    {
        "subject": "http://dbpedia.org/resource/Andy_Goldsworthy",
        "predicate": "http://dbpedia.org/ontology/wikiPageWikiLink",
        "object": "http://dbpedia.org/resource/Jonathan_Letterman"
    },
    {
        "subject": "http://dbpedia.org/resource/Andy_Goldsworthy",
        "predicate": "http://dbpedia.org/ontology/wikiPageWikiLink",
        "object": "http://dbpedia.org/resource/Joseph_Stilwell"
    },
    {
        "subject": "http://dbpedia.org/resource/Andy_Goldsworthy",
        "predicate": "http://dbpedia.org/ontology/wikiPageWikiLink",
        "object": "http://dbpedia.org/resource/Juan_Bautista_de_Anza"
    },
    {
        "subject": "http://dbpedia.org/resource/Andy_Goldsworthy",
        "predicate": "http://dbpedia.org/ontology/wikiPageWikiLink",
        "object": "http://dbpedia.org/resource/List_of_sovereign_states"
    },
    {
        "subject": "http://dbpedia.org/resource/Andy_Goldsworthy",
        "predicate": "http://dbpedia.org/ontology/wikiPageWikiLink",
        "object": "http://dbpedia.org/resource/US_Sixth_Army"
    },
    {
        "subject": "http://dbpedia.org/resource/Andy_Goldsworthy",
        "predicate": "http://dbpedia.org/ontology/wikiPageWikiLink",
        "object": "http://dbpedia.org/resource/United_States_Army"
    },
    {
        "subject": "http://dbpedia.org/resource/Andy_Goldsworthy",
        "predicate": "http://dbpedia.org/ontology/wikiPageWikiLink",
        "object": "http://dbpedia.org/resource/United_States_Army_Air_Corps"
    },
    {
        "subject": "http://dbpedia.org/resource/Andy_Goldsworthy",
        "predicate": "http://dbpedia.org/ontology/wikiPageWikiLink",
        "object": "http://dbpedia.org/resource/United_States_Army_Air_Forces"
    },
    {
        "subject": "http://dbpedia.org/resource/Andy_Goldsworthy",
        "predicate": "http://dbpedia.org/ontology/wikiPageWikiLink",
        "object": "http://dbpedia.org/resource/United_States_Army_Air_Service"
    },
    {
        "subject": "http://dbpedia.org/resource/Andy_Goldsworthy",
        "predicate": "http://dbpedia.org/ontology/wikiPageWikiLink",
        "object": "http://dbpedia.org/resource/United_States_Congress"
    },
    {
        "subject": "http://dbpedia.org/resource/Andy_Goldsworthy",
        "predicate": "http://dbpedia.org/ontology/wikiPageWikiLink",
        "object": "http://dbpedia.org/resource/United_States_Park_Police"
    },
    {
        "subject": "http://dbpedia.org/resource/Andy_Goldsworthy",
        "predicate": "http://dbpedia.org/ontology/wikiPageWikiLink",
        "object": "http://dbpedia.org/resource/Vietnam_War"
    },
    {
        "subject": "http://dbpedia.org/resource/Andy_Goldsworthy",
        "predicate": "http://dbpedia.org/ontology/wikiPageWikiLink",
        "object": "http://dbpedia.org/resource/Internment_of_Japanese_Americans"
    },
    {
        "subject": "http://dbpedia.org/resource/Andy_Goldsworthy",
        "predicate": "http://dbpedia.org/ontology/wikiPageWikiLink",
        "object": "http://dbpedia.org/resource/Spanish_missions_in_California"
    },
    {
        "subject": "http://dbpedia.org/resource/Andy_Goldsworthy",
        "predicate": "http://dbpedia.org/ontology/wikiPageWikiLink",
        "object": "http://dbpedia.org/resource/Letterman_Army_Hospital"
    },
    {
        "subject": "http://dbpedia.org/resource/Andy_Goldsworthy",
        "predicate": "http://dbpedia.org/ontology/wikiPageWikiLink",
        "object": "http://dbpedia.org/resource/Letterman_Digital_Arts_Center"
    },
    {
        "subject": "http://dbpedia.org/resource/Andy_Goldsworthy",
        "predicate": "http://dbpedia.org/ontology/wikiPageWikiLink",
        "object": "http://dbpedia.org/resource/Presidio_Go_Shuttle"
    },
    {
        "subject": "http://dbpedia.org/resource/Andy_Goldsworthy",
        "predicate": "http://dbpedia.org/ontology/wikiPageWikiLink",
        "object": "http://dbpedia.org/resource/Presidio_mutiny"
    },
    {
        "subject": "http://dbpedia.org/resource/Andy_Goldsworthy",
        "predicate": "http://dbpedia.org/ontology/wikiPageWikiLink",
        "object": "http://dbpedia.org/resource/North_American_Numbering_Plan"
    },
    {
        "subject": "http://dbpedia.org/resource/Andy_Goldsworthy",
        "predicate": "http://dbpedia.org/ontology/wikiPageWikiLink",
        "object": "http://dbpedia.org/resource/Tides_Foundation"
    },
    {
        "subject": "http://dbpedia.org/resource/Andy_Goldsworthy",
        "predicate": "http://dbpedia.org/ontology/wikiPageWikiLink",
        "object": "http://dbpedia.org/resource/104th_United_States_Congress"
    },
    {
        "subject": "http://dbpedia.org/resource/Andy_Goldsworthy",
        "predicate": "http://dbpedia.org/ontology/wikiPageWikiLink",
        "object": "http://dbpedia.org/resource/10th_Cavalry_Regiment_(United_States)"
    },
    {
        "subject": "http://dbpedia.org/resource/Andy_Goldsworthy",
        "predicate": "http://dbpedia.org/ontology/wikiPageWikiLink",
        "object": "http://dbpedia.org/resource/1906_San_Francisco_earthquake"
    },
    {
        "subject": "http://dbpedia.org/resource/Andy_Goldsworthy",
        "predicate": "http://dbpedia.org/ontology/wikiPageWikiLink",
        "object": "http://dbpedia.org/resource/Creative_commons"
    },
    {
        "subject": "http://dbpedia.org/resource/Andy_Goldsworthy",
        "predicate": "http://dbpedia.org/ontology/wikiPageWikiLink",
        "object": "http://dbpedia.org/resource/Medal_of_Honor"
    },
    {
        "subject": "http://dbpedia.org/resource/Andy_Goldsworthy",
        "predicate": "http://dbpedia.org/ontology/wikiPageWikiLink",
        "object": "http://dbpedia.org/resource/Russian_Civil_War"
    },
    {
        "subject": "http://dbpedia.org/resource/Andy_Goldsworthy",
        "predicate": "http://dbpedia.org/ontology/wikiPageWikiLink",
        "object": "http://dbpedia.org/resource/Category:San_Francisco_Bay_Trail"
    },
    {
        "subject": "http://dbpedia.org/resource/Andy_Goldsworthy",
        "predicate": "http://dbpedia.org/ontology/wikiPageWikiLink",
        "object": "http://dbpedia.org/resource/El_Polin_Spring"
    },
    {
        "subject": "http://dbpedia.org/resource/Andy_Goldsworthy",
        "predicate": "http://dbpedia.org/ontology/wikiPageWikiLink",
        "object": "http://dbpedia.org/resource/Environmental_education"
    },
    {
        "subject": "http://dbpedia.org/resource/Andy_Goldsworthy",
        "predicate": "http://dbpedia.org/ontology/wikiPageWikiLink",
        "object": "http://dbpedia.org/resource/Franklin_D._Roosevelt"
    },
    {
        "subject": "http://dbpedia.org/resource/Andy_Goldsworthy",
        "predicate": "http://dbpedia.org/ontology/wikiPageWikiLink",
        "object": "http://dbpedia.org/resource/Frederick_Funston"
    },
    {
        "subject": "http://dbpedia.org/resource/Andy_Goldsworthy",
        "predicate": "http://dbpedia.org/ontology/wikiPageWikiLink",
        "object": "http://dbpedia.org/resource/George_Henry_Thomas"
    },
    {
        "subject": "http://dbpedia.org/resource/Andy_Goldsworthy",
        "predicate": "http://dbpedia.org/ontology/wikiPageWikiLink",
        "object": "http://dbpedia.org/resource/George_Lucas"
    },
    {
        "subject": "http://dbpedia.org/resource/Andy_Goldsworthy",
        "predicate": "http://dbpedia.org/ontology/wikiPageWikiLink",
        "object": "http://dbpedia.org/resource/Golden_Gate"
    },
    {
        "subject": "http://dbpedia.org/resource/Andy_Goldsworthy",
        "predicate": "http://dbpedia.org/ontology/wikiPageWikiLink",
        "object": "http://dbpedia.org/resource/Golden_Gate_Bridge"
    },
    {
        "subject": "http://dbpedia.org/resource/Andy_Goldsworthy",
        "predicate": "http://dbpedia.org/ontology/wikiPageWikiLink",
        "object": "http://dbpedia.org/resource/Golden_Gate_National_Parks_Conservancy"
    },
    {
        "subject": "http://dbpedia.org/resource/Andy_Goldsworthy",
        "predicate": "http://dbpedia.org/ontology/wikiPageWikiLink",
        "object": "http://dbpedia.org/resource/Golden_Gate_National_Recreation_Area"
    },
    {
        "subject": "http://dbpedia.org/resource/Andy_Goldsworthy",
        "predicate": "http://dbpedia.org/ontology/wikiPageWikiLink",
        "object": "http://dbpedia.org/resource/Gordon_and_Betty_Moore_Foundation"
    },
    {
        "subject": "http://dbpedia.org/resource/Andy_Goldsworthy",
        "predicate": "http://dbpedia.org/ontology/wikiPageWikiLink",
        "object": "http://dbpedia.org/resource/Modoc_War"
    },
    {
        "subject": "http://dbpedia.org/resource/Andy_Goldsworthy",
        "predicate": "http://dbpedia.org/ontology/wikiPageWikiLink",
        "object": "http://dbpedia.org/resource/Consolidated_city-county"
    },
    {
        "subject": "http://dbpedia.org/resource/Andy_Goldsworthy",
        "predicate": "http://dbpedia.org/ontology/wikiPageWikiLink",
        "object": "http://dbpedia.org/resource/Crissy_Field"
    },
    {
        "subject": "http://dbpedia.org/resource/Andy_Goldsworthy",
        "predicate": "http://dbpedia.org/ontology/wikiPageWikiLink",
        "object": "http://dbpedia.org/resource/Theodore_Roosevelt"
    },
    {
        "subject": "http://dbpedia.org/resource/Andy_Goldsworthy",
        "predicate": "http://dbpedia.org/ontology/wikiPageWikiLink",
        "object": "http://dbpedia.org/resource/Category:Forts_on_the_National_Register_of_Historic_Places_in_California"
    },
    {
        "subject": "http://dbpedia.org/resource/Andy_Goldsworthy",
        "predicate": "http://dbpedia.org/ontology/wikiPageWikiLink",
        "object": "http://dbpedia.org/resource/Military_aviation"
    },
    {
        "subject": "http://dbpedia.org/resource/Andy_Goldsworthy",
        "predicate": "http://dbpedia.org/ontology/wikiPageWikiLink",
        "object": "http://dbpedia.org/resource/Andy_Goldsworthy"
    },
    {
        "subject": "http://dbpedia.org/resource/Andy_Goldsworthy",
        "predicate": "http://dbpedia.org/ontology/wikiPageWikiLink",
        "object": "http://dbpedia.org/resource/Lobos_Creek"
    },
    {
        "subject": "http://dbpedia.org/resource/Andy_Goldsworthy",
        "predicate": "http://dbpedia.org/ontology/wikiPageWikiLink",
        "object": "http://dbpedia.org/resource/Lucasfilm"
    },
    {
        "subject": "http://dbpedia.org/resource/Andy_Goldsworthy",
        "predicate": "http://dbpedia.org/ontology/wikiPageWikiLink",
        "object": "http://dbpedia.org/resource/California_Historical_Landmark"
    },
    {
        "subject": "http://dbpedia.org/resource/Andy_Goldsworthy",
        "predicate": "http://dbpedia.org/ontology/wikiPageWikiLink",
        "object": "http://dbpedia.org/resource/Sixth_United_States_Army"
    },
    {
        "subject": "http://dbpedia.org/resource/Andy_Goldsworthy",
        "predicate": "http://dbpedia.org/ontology/wikiPageWikiLink",
        "object": "http://dbpedia.org/resource/Starbucks_Coffee"
    },
    {
        "subject": "http://dbpedia.org/resource/Andy_Goldsworthy",
        "predicate": "http://dbpedia.org/ontology/wikiPageWikiLink",
        "object": "http://dbpedia.org/resource/ZIP_code"
    },
    {
        "subject": "http://dbpedia.org/resource/Andy_Goldsworthy",
        "predicate": "http://dbpedia.org/ontology/wikiPageWikiLink",
        "object": "http://dbpedia.org/resource/Category:1776_establishments_in_Alta_California"
    },
    {
        "subject": "http://dbpedia.org/resource/Andy_Goldsworthy",
        "predicate": "http://dbpedia.org/ontology/wikiPageWikiLink",
        "object": "http://dbpedia.org/resource/Category:1776_in_Alta_California"
    },
    {
        "subject": "http://dbpedia.org/resource/Andy_Goldsworthy",
        "predicate": "http://dbpedia.org/ontology/wikiPageWikiLink",
        "object": "http://dbpedia.org/resource/House_of_Air"
    },
    {
        "subject": "http://dbpedia.org/resource/Andy_Goldsworthy",
        "predicate": "http://dbpedia.org/ontology/wikiPageWikiLink",
        "object": "http://dbpedia.org/resource/Jos\u00e9_Joaqu\u00edn_Moraga"
    },
    {
        "subject": "http://dbpedia.org/resource/Andy_Goldsworthy",
        "predicate": "http://dbpedia.org/ontology/wikiPageWikiLink",
        "object": "http://dbpedia.org/resource/National_recreation_area"
    },
    {
        "subject": "http://dbpedia.org/resource/Andy_Goldsworthy",
        "predicate": "http://dbpedia.org/ontology/wikiPageWikiLink",
        "object": "http://dbpedia.org/resource/Urban_area"
    },
    {
        "subject": "http://dbpedia.org/resource/Andy_Goldsworthy",
        "predicate": "http://dbpedia.org/ontology/wikiPageWikiLink",
        "object": "http://dbpedia.org/resource/Pacific_Rim"
    },
    {
        "subject": "http://dbpedia.org/resource/Andy_Goldsworthy",
        "predicate": "http://dbpedia.org/ontology/wikiPageWikiLink",
        "object": "http://dbpedia.org/resource/Australia"
    },
    {
        "subject": "http://dbpedia.org/resource/Andy_Goldsworthy",
        "predicate": "http://dbpedia.org/ontology/wikiPageWikiLink",
        "object": "http://dbpedia.org/resource/Buffalo_Soldier"
    },
    {
        "subject": "http://dbpedia.org/resource/Andy_Goldsworthy",
        "predicate": "http://dbpedia.org/ontology/wikiPageWikiLink",
        "object": "http://dbpedia.org/resource/Category:Open-air_museums_in_California"
    },
    {
        "subject": "http://dbpedia.org/resource/Andy_Goldsworthy",
        "predicate": "http://dbpedia.org/ontology/wikiPageWikiLink",
        "object": "http://dbpedia.org/resource/Troy,_New_York"
    },
    {
        "subject": "http://dbpedia.org/resource/Andy_Goldsworthy",
        "predicate": "http://dbpedia.org/ontology/wikiPageWikiLink",
        "object": "http://dbpedia.org/resource/Tubac,_Arizona"
    },
    {
        "subject": "http://dbpedia.org/resource/Andy_Goldsworthy",
        "predicate": "http://dbpedia.org/ontology/wikiPageWikiLink",
        "object": "http://dbpedia.org/resource/U.S._Army"
    },
    {
        "subject": "http://dbpedia.org/resource/Andy_Goldsworthy",
        "predicate": "http://dbpedia.org/ontology/wikiPageWikiLink",
        "object": "http://dbpedia.org/resource/U.S._state"
    },
    {
        "subject": "http://dbpedia.org/resource/Andy_Goldsworthy",
        "predicate": "http://dbpedia.org/ontology/wikiPageWikiLink",
        "object": "http://dbpedia.org/resource/UC_Berkeley"
    },
    {
        "subject": "http://dbpedia.org/resource/Andy_Goldsworthy",
        "predicate": "http://dbpedia.org/ontology/wikiPageWikiLink",
        "object": "http://dbpedia.org/resource/Doyle_Drive_Replacement_Project"
    },
    {
        "subject": "http://dbpedia.org/resource/Andy_Goldsworthy",
        "predicate": "http://dbpedia.org/ontology/wikiPageWikiLink",
        "object": "http://dbpedia.org/resource/Dragonfly_Creek"
    },
    {
        "subject": "http://dbpedia.org/resource/Andy_Goldsworthy",
        "predicate": "http://dbpedia.org/ontology/wikiPageWikiLink",
        "object": "http://dbpedia.org/resource/Garrison"
    },
    {
        "subject": "http://dbpedia.org/resource/Andy_Goldsworthy",
        "predicate": "http://dbpedia.org/ontology/wikiPageWikiLink",
        "object": "http://dbpedia.org/resource/File:Victor_Adam_after_Louis_Choris_-_Vue_du_Presidio_san_Francisco,_1822.jpg"
    },
    {
        "subject": "http://dbpedia.org/resource/Andy_Goldsworthy",
        "predicate": "http://dbpedia.org/ontology/wikiPageWikiLink",
        "object": "http://dbpedia.org/resource/San_Francisco_Board_of_Supervisors"
    },
    {
        "subject": "http://dbpedia.org/resource/Andy_Goldsworthy",
        "predicate": "http://dbpedia.org/ontology/wikiPageWikiLink",
        "object": "http://dbpedia.org/resource/Fort_Point,_San_Francisco"
    },
    {
        "subject": "http://dbpedia.org/resource/Andy_Goldsworthy",
        "predicate": "http://dbpedia.org/ontology/wikiPageWikiLink",
        "object": "http://dbpedia.org/resource/30th_Infantry_Regiment_(United_States)"
    },
    {
        "subject": "http://dbpedia.org/resource/Andy_Goldsworthy",
        "predicate": "http://dbpedia.org/ontology/wikiPageWikiLink",
        "object": "http://dbpedia.org/resource/49-Mile_Scenic_Drive"
    },
    {
        "subject": "http://dbpedia.org/resource/Andy_Goldsworthy",
        "predicate": "http://dbpedia.org/ontology/wikiPageWikiLink",
        "object": "http://dbpedia.org/resource/African_American"
    },
    {
        "subject": "http://dbpedia.org/resource/Andy_Goldsworthy",
        "predicate": "http://dbpedia.org/ontology/wikiPageWikiLink",
        "object": "http://dbpedia.org/resource/Aleutian_Islands"
    }
]