[
    {
        "subject": "http://dbpedia.org/resource/Antony_Gormley",
        "predicate": "http://dbpedia.org/ontology/wikiPageWikiLink",
        "object": "http://dbpedia.org/resource/Caen"
    },
    {
        "subject": "http://dbpedia.org/resource/Antony_Gormley",
        "predicate": "http://dbpedia.org/ontology/wikiPageWikiLink",
        "object": "http://dbpedia.org/resource/Campanile"
    },
    {
        "subject": "http://dbpedia.org/resource/Antony_Gormley",
        "predicate": "http://dbpedia.org/ontology/wikiPageWikiLink",
        "object": "http://dbpedia.org/resource/Canon_(priest)"
    },
    {
        "subject": "http://dbpedia.org/resource/Antony_Gormley",
        "predicate": "http://dbpedia.org/ontology/wikiPageWikiLink",
        "object": "http://dbpedia.org/resource/Canterbury"
    },
    {
        "subject": "http://dbpedia.org/resource/Antony_Gormley",
        "predicate": "http://dbpedia.org/ontology/wikiPageWikiLink",
        "object": "http://dbpedia.org/resource/Canterbury_Christ_Church_University"
    },
    {
        "subject": "http://dbpedia.org/resource/Antony_Gormley",
        "predicate": "http://dbpedia.org/ontology/wikiPageWikiLink",
        "object": "http://dbpedia.org/resource/Ambulatory"
    },
    {
        "subject": "http://dbpedia.org/resource/Antony_Gormley",
        "predicate": "http://dbpedia.org/ontology/wikiPageWikiLink",
        "object": "http://dbpedia.org/resource/Prime_Minister_of_the_United_Kingdom"
    },
    {
        "subject": "http://dbpedia.org/resource/Antony_Gormley",
        "predicate": "http://dbpedia.org/ontology/wikiPageWikiLink",
        "object": "http://dbpedia.org/resource/Princess_of_Wales's_Royal_Regiment"
    },
    {
        "subject": "http://dbpedia.org/resource/Antony_Gormley",
        "predicate": "http://dbpedia.org/ontology/wikiPageWikiLink",
        "object": "http://dbpedia.org/resource/Queen_Victoria"
    },
    {
        "subject": "http://dbpedia.org/resource/Antony_Gormley",
        "predicate": "http://dbpedia.org/ontology/wikiPageWikiLink",
        "object": "http://dbpedia.org/resource/Robert_Willis_(engineer)"
    },
    {
        "subject": "http://dbpedia.org/resource/Antony_Gormley",
        "predicate": "http://dbpedia.org/ontology/wikiPageWikiLink",
        "object": "http://dbpedia.org/resource/Roman_Catholicism"
    },
    {
        "subject": "http://dbpedia.org/resource/Antony_Gormley",
        "predicate": "http://dbpedia.org/ontology/wikiPageWikiLink",
        "object": "http://dbpedia.org/resource/Romanesque_architecture"
    },
    {
        "subject": "http://dbpedia.org/resource/Antony_Gormley",
        "predicate": "http://dbpedia.org/ontology/wikiPageWikiLink",
        "object": "http://dbpedia.org/resource/Rose_Hudson-Wilkin"
    },
    {
        "subject": "http://dbpedia.org/resource/Antony_Gormley",
        "predicate": "http://dbpedia.org/ontology/wikiPageWikiLink",
        "object": "http://dbpedia.org/resource/San_Gregorio_Magno_al_Celio"
    },
    {
        "subject": "http://dbpedia.org/resource/Antony_Gormley",
        "predicate": "http://dbpedia.org/ontology/wikiPageWikiLink",
        "object": "http://dbpedia.org/resource/Sarah_Mullally"
    },
    {
        "subject": "http://dbpedia.org/resource/Antony_Gormley",
        "predicate": "http://dbpedia.org/ontology/wikiPageWikiLink",
        "object": "http://dbpedia.org/resource/Benedictine_monasteries"
    },
    {
        "subject": "http://dbpedia.org/resource/Antony_Gormley",
        "predicate": "http://dbpedia.org/ontology/wikiPageWikiLink",
        "object": "http://dbpedia.org/resource/Metropolitan_bishop"
    },
    {
        "subject": "http://dbpedia.org/resource/Antony_Gormley",
        "predicate": "http://dbpedia.org/ontology/wikiPageWikiLink",
        "object": "http://dbpedia.org/resource/Monarch"
    },
    {
        "subject": "http://dbpedia.org/resource/Antony_Gormley",
        "predicate": "http://dbpedia.org/ontology/wikiPageWikiLink",
        "object": "http://dbpedia.org/resource/Bede"
    },
    {
        "subject": "http://dbpedia.org/resource/Antony_Gormley",
        "predicate": "http://dbpedia.org/ontology/wikiPageWikiLink",
        "object": "http://dbpedia.org/resource/David_Monteith"
    },
    {
        "subject": "http://dbpedia.org/resource/Antony_Gormley",
        "predicate": "http://dbpedia.org/ontology/wikiPageWikiLink",
        "object": "http://dbpedia.org/resource/Defensive_wall"
    },
    {
        "subject": "http://dbpedia.org/resource/Antony_Gormley",
        "predicate": "http://dbpedia.org/ontology/wikiPageWikiLink",
        "object": "http://dbpedia.org/resource/Allan_Wicks"
    },
    {
        "subject": "http://dbpedia.org/resource/Antony_Gormley",
        "predicate": "http://dbpedia.org/ontology/wikiPageWikiLink",
        "object": "http://dbpedia.org/resource/Category:11th-century_church_buildings_in_England"
    },
    {
        "subject": "http://dbpedia.org/resource/Antony_Gormley",
        "predicate": "http://dbpedia.org/ontology/wikiPageWikiLink",
        "object": "http://dbpedia.org/resource/Category:Church_of_England_church_buildings_in_Kent"
    },
    {
        "subject": "http://dbpedia.org/resource/Antony_Gormley",
        "predicate": "http://dbpedia.org/ontology/wikiPageWikiLink",
        "object": "http://dbpedia.org/resource/Category:English_Gothic_architecture_in_Kent"
    },
    {
        "subject": "http://dbpedia.org/resource/Antony_Gormley",
        "predicate": "http://dbpedia.org/ontology/wikiPageWikiLink",
        "object": "http://dbpedia.org/resource/Category:English_churches_with_Norman_architecture"
    },
    {
        "subject": "http://dbpedia.org/resource/Antony_Gormley",
        "predicate": "http://dbpedia.org/ontology/wikiPageWikiLink",
        "object": "http://dbpedia.org/resource/Category:Grade_I_listed_buildings_in_Kent"
    },
    {
        "subject": "http://dbpedia.org/resource/Antony_Gormley",
        "predicate": "http://dbpedia.org/ontology/wikiPageWikiLink",
        "object": "http://dbpedia.org/resource/Category:Grade_I_listed_cathedrals"
    },
    {
        "subject": "http://dbpedia.org/resource/Antony_Gormley",
        "predicate": "http://dbpedia.org/ontology/wikiPageWikiLink",
        "object": "http://dbpedia.org/resource/Category:Tourist_attractions_in_Kent"
    },
    {
        "subject": "http://dbpedia.org/resource/Antony_Gormley",
        "predicate": "http://dbpedia.org/ontology/wikiPageWikiLink",
        "object": "http://dbpedia.org/resource/Archdeacon_of_Canterbury"
    },
    {
        "subject": "http://dbpedia.org/resource/Antony_Gormley",
        "predicate": "http://dbpedia.org/ontology/wikiPageWikiLink",
        "object": "http://dbpedia.org/resource/Archdeacon_of_Maidstone"
    },
    {
        "subject": "http://dbpedia.org/resource/Antony_Gormley",
        "predicate": "http://dbpedia.org/ontology/wikiPageWikiLink",
        "object": "http://dbpedia.org/resource/Architecture_of_the_medieval_cathedrals_of_England"
    },
    {
        "subject": "http://dbpedia.org/resource/Antony_Gormley",
        "predicate": "http://dbpedia.org/ontology/wikiPageWikiLink",
        "object": "http://dbpedia.org/resource/List_of_Gothic_Cathedrals_in_Europe"
    },
    {
        "subject": "http://dbpedia.org/resource/Antony_Gormley",
        "predicate": "http://dbpedia.org/ontology/wikiPageWikiLink",
        "object": "http://dbpedia.org/resource/Listed_building"
    },
    {
        "subject": "http://dbpedia.org/resource/Antony_Gormley",
        "predicate": "http://dbpedia.org/ontology/wikiPageWikiLink",
        "object": "http://dbpedia.org/resource/Religion_in_the_United_Kingdom"
    },
    {
        "subject": "http://dbpedia.org/resource/Antony_Gormley",
        "predicate": "http://dbpedia.org/ontology/wikiPageWikiLink",
        "object": "http://dbpedia.org/resource/Cultural_heritage"
    },
    {
        "subject": "http://dbpedia.org/resource/Antony_Gormley",
        "predicate": "http://dbpedia.org/ontology/wikiPageWikiLink",
        "object": "http://dbpedia.org/resource/University_of_Kent"
    },
    {
        "subject": "http://dbpedia.org/resource/Antony_Gormley",
        "predicate": "http://dbpedia.org/ontology/wikiPageWikiLink",
        "object": "http://dbpedia.org/resource/David_Flood_(organist)"
    },
    {
        "subject": "http://dbpedia.org/resource/Antony_Gormley",
        "predicate": "http://dbpedia.org/ontology/wikiPageWikiLink",
        "object": "http://dbpedia.org/resource/Dean_of_Canterbury"
    },
    {
        "subject": "http://dbpedia.org/resource/Antony_Gormley",
        "predicate": "http://dbpedia.org/ontology/wikiPageWikiLink",
        "object": "http://dbpedia.org/resource/Eadmer"
    },
    {
        "subject": "http://dbpedia.org/resource/Antony_Gormley",
        "predicate": "http://dbpedia.org/ontology/wikiPageWikiLink",
        "object": "http://dbpedia.org/resource/Eadwine_Psalter"
    },
    {
        "subject": "http://dbpedia.org/resource/Antony_Gormley",
        "predicate": "http://dbpedia.org/ontology/wikiPageWikiLink",
        "object": "http://dbpedia.org/resource/Stained_glass"
    },
    {
        "subject": "http://dbpedia.org/resource/Antony_Gormley",
        "predicate": "http://dbpedia.org/ontology/wikiPageWikiLink",
        "object": "http://dbpedia.org/resource/Lierne_(vault)"
    },
    {
        "subject": "http://dbpedia.org/resource/Antony_Gormley",
        "predicate": "http://dbpedia.org/ontology/wikiPageWikiLink",
        "object": "http://dbpedia.org/resource/Light_cruiser"
    },
    {
        "subject": "http://dbpedia.org/resource/Antony_Gormley",
        "predicate": "http://dbpedia.org/ontology/wikiPageWikiLink",
        "object": "http://dbpedia.org/resource/Will_Adam"
    },
    {
        "subject": "http://dbpedia.org/resource/Antony_Gormley",
        "predicate": "http://dbpedia.org/ontology/wikiPageWikiLink",
        "object": "http://dbpedia.org/resource/1382_Dover_Straits_earthquake"
    },
    {
        "subject": "http://dbpedia.org/resource/Antony_Gormley",
        "predicate": "http://dbpedia.org/ontology/wikiPageWikiLink",
        "object": "http://dbpedia.org/resource/Ernulf"
    },
    {
        "subject": "http://dbpedia.org/resource/Antony_Gormley",
        "predicate": "http://dbpedia.org/ontology/wikiPageWikiLink",
        "object": "http://dbpedia.org/resource/Ervin_Boss\u00e1nyi"
    },
    {
        "subject": "http://dbpedia.org/resource/Antony_Gormley",
        "predicate": "http://dbpedia.org/ontology/wikiPageWikiLink",
        "object": "http://dbpedia.org/resource/Votive_offering"
    },
    {
        "subject": "http://dbpedia.org/resource/Antony_Gormley",
        "predicate": "http://dbpedia.org/ontology/wikiPageWikiLink",
        "object": "http://dbpedia.org/resource/Will_no_one_rid_me_of_this_turbulent_priest%3F"
    },
    {
        "subject": "http://dbpedia.org/resource/Antony_Gormley",
        "predicate": "http://dbpedia.org/ontology/wikiPageWikiLink",
        "object": "http://dbpedia.org/resource/Christianity"
    },
    {
        "subject": "http://dbpedia.org/resource/Antony_Gormley",
        "predicate": "http://dbpedia.org/ontology/wikiPageWikiLink",
        "object": "http://dbpedia.org/resource/Church_Commissioners"
    },
    {
        "subject": "http://dbpedia.org/resource/Antony_Gormley",
        "predicate": "http://dbpedia.org/ontology/wikiPageWikiLink",
        "object": "http://dbpedia.org/resource/Church_of_England"
    },
    {
        "subject": "http://dbpedia.org/resource/Antony_Gormley",
        "predicate": "http://dbpedia.org/ontology/wikiPageWikiLink",
        "object": "http://dbpedia.org/resource/Civil_partnership_in_the_United_Kingdom"
    },
    {
        "subject": "http://dbpedia.org/resource/Antony_Gormley",
        "predicate": "http://dbpedia.org/ontology/wikiPageWikiLink",
        "object": "http://dbpedia.org/resource/Alexander_of_Canterbury"
    },
    {
        "subject": "http://dbpedia.org/resource/Antony_Gormley",
        "predicate": "http://dbpedia.org/ontology/wikiPageWikiLink",
        "object": "http://dbpedia.org/resource/Elizabeth_II"
    },
    {
        "subject": "http://dbpedia.org/resource/Antony_Gormley",
        "predicate": "http://dbpedia.org/ontology/wikiPageWikiLink",
        "object": "http://dbpedia.org/resource/Emma_of_Normandy"
    },
    {
        "subject": "http://dbpedia.org/resource/Antony_Gormley",
        "predicate": "http://dbpedia.org/ontology/wikiPageWikiLink",
        "object": "http://dbpedia.org/resource/English_Civil_War"
    },
    {
        "subject": "http://dbpedia.org/resource/Antony_Gormley",
        "predicate": "http://dbpedia.org/ontology/wikiPageWikiLink",
        "object": "http://dbpedia.org/resource/English_Gothic_architecture"
    },
    {
        "subject": "http://dbpedia.org/resource/Antony_Gormley",
        "predicate": "http://dbpedia.org/ontology/wikiPageWikiLink",
        "object": "http://dbpedia.org/resource/English_Gothic_stained_glass_windows"
    },
    {
        "subject": "http://dbpedia.org/resource/Antony_Gormley",
        "predicate": "http://dbpedia.org/ontology/wikiPageWikiLink",
        "object": "http://dbpedia.org/resource/English_Heritage"
    },
    {
        "subject": "http://dbpedia.org/resource/Antony_Gormley",
        "predicate": "http://dbpedia.org/ontology/wikiPageWikiLink",
        "object": "http://dbpedia.org/resource/English_Reformation"
    },
    {
        "subject": "http://dbpedia.org/resource/Antony_Gormley",
        "predicate": "http://dbpedia.org/ontology/wikiPageWikiLink",
        "object": "http://dbpedia.org/resource/Geoffrey_Chaucer"
    },
    {
        "subject": "http://dbpedia.org/resource/Antony_Gormley",
        "predicate": "http://dbpedia.org/ontology/wikiPageWikiLink",
        "object": "http://dbpedia.org/resource/Gerald_Hocken_Knight"
    },
    {
        "subject": "http://dbpedia.org/resource/Antony_Gormley",
        "predicate": "http://dbpedia.org/ontology/wikiPageWikiLink",
        "object": "http://dbpedia.org/resource/Gloucester_Cathedral"
    },
    {
        "subject": "http://dbpedia.org/resource/Antony_Gormley",
        "predicate": "http://dbpedia.org/ontology/wikiPageWikiLink",
        "object": "http://dbpedia.org/resource/Murder"
    },
    {
        "subject": "http://dbpedia.org/resource/Antony_Gormley",
        "predicate": "http://dbpedia.org/ontology/wikiPageWikiLink",
        "object": "http://dbpedia.org/resource/Crypt"
    },
    {
        "subject": "http://dbpedia.org/resource/Antony_Gormley",
        "predicate": "http://dbpedia.org/ontology/wikiPageWikiLink",
        "object": "http://dbpedia.org/resource/Thomas_Becket"
    },
    {
        "subject": "http://dbpedia.org/resource/Antony_Gormley",
        "predicate": "http://dbpedia.org/ontology/wikiPageWikiLink",
        "object": "http://dbpedia.org/resource/Thomas_Cranmer"
    },
    {
        "subject": "http://dbpedia.org/resource/Antony_Gormley",
        "predicate": "http://dbpedia.org/ontology/wikiPageWikiLink",
        "object": "http://dbpedia.org/resource/Pilgrim_badge"
    },
    {
        "subject": "http://dbpedia.org/resource/Antony_Gormley",
        "predicate": "http://dbpedia.org/ontology/wikiPageWikiLink",
        "object": "http://dbpedia.org/resource/Reginald_fitz_Jocelin"
    },
    {
        "subject": "http://dbpedia.org/resource/Antony_Gormley",
        "predicate": "http://dbpedia.org/ontology/wikiPageWikiLink",
        "object": "http://dbpedia.org/resource/Anglican_Communion"
    },
    {
        "subject": "http://dbpedia.org/resource/Antony_Gormley",
        "predicate": "http://dbpedia.org/ontology/wikiPageWikiLink",
        "object": "http://dbpedia.org/resource/Antony_Gormley"
    },
    {
        "subject": "http://dbpedia.org/resource/Antony_Gormley",
        "predicate": "http://dbpedia.org/ontology/wikiPageWikiLink",
        "object": "http://dbpedia.org/resource/Basilica"
    },
    {
        "subject": "http://dbpedia.org/resource/Antony_Gormley",
        "predicate": "http://dbpedia.org/ontology/wikiPageWikiLink",
        "object": "http://dbpedia.org/resource/Bertha_of_Kent"
    },
    {
        "subject": "http://dbpedia.org/resource/Antony_Gormley",
        "predicate": "http://dbpedia.org/ontology/wikiPageWikiLink",
        "object": "http://dbpedia.org/resource/Lyfing_(Archbishop_of_Canterbury)"
    },
    {
        "subject": "http://dbpedia.org/resource/Antony_Gormley",
        "predicate": "http://dbpedia.org/ontology/wikiPageWikiLink",
        "object": "http://dbpedia.org/resource/Caen_stone"
    },
    {
        "subject": "http://dbpedia.org/resource/Antony_Gormley",
        "predicate": "http://dbpedia.org/ontology/wikiPageWikiLink",
        "object": "http://dbpedia.org/resource/St_Martin's_Church,_Canterbury"
    },
    {
        "subject": "http://dbpedia.org/resource/Antony_Gormley",
        "predicate": "http://dbpedia.org/ontology/wikiPageWikiLink",
        "object": "http://dbpedia.org/resource/St_Peter_upon_Cornhill"
    },
    {
        "subject": "http://dbpedia.org/resource/Antony_Gormley",
        "predicate": "http://dbpedia.org/ontology/wikiPageWikiLink",
        "object": "http://dbpedia.org/resource/Stephen_Darlington"
    },
    {
        "subject": "http://dbpedia.org/resource/Antony_Gormley",
        "predicate": "http://dbpedia.org/ontology/wikiPageWikiLink",
        "object": "http://dbpedia.org/resource/Clement_Charlton_Palmer"
    },
    {
        "subject": "http://dbpedia.org/resource/Antony_Gormley",
        "predicate": "http://dbpedia.org/ontology/wikiPageWikiLink",
        "object": "http://dbpedia.org/resource/Cloister"
    },
    {
        "subject": "http://dbpedia.org/resource/Antony_Gormley",
        "predicate": "http://dbpedia.org/ontology/wikiPageWikiLink",
        "object": "http://dbpedia.org/resource/Common_room"
    },
    {
        "subject": "http://dbpedia.org/resource/Antony_Gormley",
        "predicate": "http://dbpedia.org/ontology/wikiPageWikiLink",
        "object": "http://dbpedia.org/resource/\u00c6lfheah_of_Canterbury"
    },
    {
        "subject": "http://dbpedia.org/resource/Antony_Gormley",
        "predicate": "http://dbpedia.org/ontology/wikiPageWikiLink",
        "object": "http://dbpedia.org/resource/\u00c6thelnoth_(archbishop_of_Canterbury)"
    },
    {
        "subject": "http://dbpedia.org/resource/Antony_Gormley",
        "predicate": "http://dbpedia.org/ontology/wikiPageWikiLink",
        "object": "http://dbpedia.org/resource/\u00c6thelred_the_Unready"
    },
    {
        "subject": "http://dbpedia.org/resource/Antony_Gormley",
        "predicate": "http://dbpedia.org/ontology/wikiPageWikiLink",
        "object": "http://dbpedia.org/resource/\u00c6thelric_II"
    },
    {
        "subject": "http://dbpedia.org/resource/Antony_Gormley",
        "predicate": "http://dbpedia.org/ontology/wikiPageWikiLink",
        "object": "http://dbpedia.org/resource/Fundraising"
    },
    {
        "subject": "http://dbpedia.org/resource/Antony_Gormley",
        "predicate": "http://dbpedia.org/ontology/wikiPageWikiLink",
        "object": "http://dbpedia.org/resource/Dean_(religion)"
    },
    {
        "subject": "http://dbpedia.org/resource/Antony_Gormley",
        "predicate": "http://dbpedia.org/ontology/wikiPageWikiLink",
        "object": "http://dbpedia.org/resource/Desiderius_Erasmus"
    },
    {
        "subject": "http://dbpedia.org/resource/Antony_Gormley",
        "predicate": "http://dbpedia.org/ontology/wikiPageWikiLink",
        "object": "http://dbpedia.org/resource/Philip_Moore_(organist)"
    },
    {
        "subject": "http://dbpedia.org/resource/Antony_Gormley",
        "predicate": "http://dbpedia.org/ontology/wikiPageWikiLink",
        "object": "http://dbpedia.org/resource/Pilgrim"
    },
    {
        "subject": "http://dbpedia.org/resource/Antony_Gormley",
        "predicate": "http://dbpedia.org/ontology/wikiPageWikiLink",
        "object": "http://dbpedia.org/resource/Pinnacle"
    },
    {
        "subject": "http://dbpedia.org/resource/Antony_Gormley",
        "predicate": "http://dbpedia.org/ontology/wikiPageWikiLink",
        "object": "http://dbpedia.org/resource/St_Edmund's_School"
    },
    {
        "subject": "http://dbpedia.org/resource/Antony_Gormley",
        "predicate": "http://dbpedia.org/ontology/wikiPageWikiLink",
        "object": "http://dbpedia.org/resource/Augustine_of_Canterbury"
    },
    {
        "subject": "http://dbpedia.org/resource/Antony_Gormley",
        "predicate": "http://dbpedia.org/ontology/wikiPageWikiLink",
        "object": "http://dbpedia.org/resource/Baldwin_of_Forde"
    },
    {
        "subject": "http://dbpedia.org/resource/Antony_Gormley",
        "predicate": "http://dbpedia.org/ontology/wikiPageWikiLink",
        "object": "http://dbpedia.org/resource/Buffs_(Royal_East_Kent_Regiment)"
    },
    {
        "subject": "http://dbpedia.org/resource/Antony_Gormley",
        "predicate": "http://dbpedia.org/ontology/wikiPageWikiLink",
        "object": "http://dbpedia.org/resource/Centre_of_excellence"
    },
    {
        "subject": "http://dbpedia.org/resource/Antony_Gormley",
        "predicate": "http://dbpedia.org/ontology/wikiPageWikiLink",
        "object": "http://dbpedia.org/resource/Toilets"
    },
    {
        "subject": "http://dbpedia.org/resource/Antony_Gormley",
        "predicate": "http://dbpedia.org/ontology/wikiPageWikiLink",
        "object": "http://dbpedia.org/resource/Trinity_College,_Cambridge"
    }
]