[
    {
        "subject": "http://dbpedia.org/resource/Anya_Gallaccio",
        "predicate": "http://dbpedia.org/ontology/wikiPageWikiLink",
        "object": "http://dbpedia.org/resource/Camberwell_College_of_Arts"
    },
    {
        "subject": "http://dbpedia.org/resource/Anya_Gallaccio",
        "predicate": "http://dbpedia.org/ontology/wikiPageWikiLink",
        "object": "http://dbpedia.org/resource/Camberwell_Grove"
    },
    {
        "subject": "http://dbpedia.org/resource/Anya_Gallaccio",
        "predicate": "http://dbpedia.org/ontology/wikiPageWikiLink",
        "object": "http://dbpedia.org/resource/Camberwell_Now"
    },
    {
        "subject": "http://dbpedia.org/resource/Anya_Gallaccio",
        "predicate": "http://dbpedia.org/ontology/wikiPageWikiLink",
        "object": "http://dbpedia.org/resource/Camberwell_Public_Baths"
    },
    {
        "subject": "http://dbpedia.org/resource/Anya_Gallaccio",
        "predicate": "http://dbpedia.org/ontology/wikiPageWikiLink",
        "object": "http://dbpedia.org/resource/Camberwell_Town_Hall,_London"
    },
    {
        "subject": "http://dbpedia.org/resource/Anya_Gallaccio",
        "predicate": "http://dbpedia.org/ontology/wikiPageWikiLink",
        "object": "http://dbpedia.org/resource/Camberwell_beauty"
    },
    {
        "subject": "http://dbpedia.org/resource/Anya_Gallaccio",
        "predicate": "http://dbpedia.org/ontology/wikiPageWikiLink",
        "object": "http://dbpedia.org/resource/Camberwell_railway_station_(England)"
    },
    {
        "subject": "http://dbpedia.org/resource/Anya_Gallaccio",
        "predicate": "http://dbpedia.org/ontology/wikiPageWikiLink",
        "object": "http://dbpedia.org/resource/Carolyn_Quinn"
    },
    {
        "subject": "http://dbpedia.org/resource/Anya_Gallaccio",
        "predicate": "http://dbpedia.org/ontology/wikiPageWikiLink",
        "object": "http://dbpedia.org/resource/Bedsit"
    },
    {
        "subject": "http://dbpedia.org/resource/Anya_Gallaccio",
        "predicate": "http://dbpedia.org/ontology/wikiPageWikiLink",
        "object": "http://dbpedia.org/resource/Bakerloo_line_extension_to_Camberwell"
    },
    {
        "subject": "http://dbpedia.org/resource/Anya_Gallaccio",
        "predicate": "http://dbpedia.org/ontology/wikiPageWikiLink",
        "object": "http://dbpedia.org/resource/Sarah_Lucas"
    },
    {
        "subject": "http://dbpedia.org/resource/Anya_Gallaccio",
        "predicate": "http://dbpedia.org/ontology/wikiPageWikiLink",
        "object": "http://dbpedia.org/resource/Sarah_Waters"
    },
    {
        "subject": "http://dbpedia.org/resource/Anya_Gallaccio",
        "predicate": "http://dbpedia.org/ontology/wikiPageWikiLink",
        "object": "http://dbpedia.org/resource/Save_the_Children"
    },
    {
        "subject": "http://dbpedia.org/resource/Anya_Gallaccio",
        "predicate": "http://dbpedia.org/ontology/wikiPageWikiLink",
        "object": "http://dbpedia.org/resource/Music_hall"
    },
    {
        "subject": "http://dbpedia.org/resource/Anya_Gallaccio",
        "predicate": "http://dbpedia.org/ontology/wikiPageWikiLink",
        "object": "http://dbpedia.org/resource/Category:Camberwell"
    },
    {
        "subject": "http://dbpedia.org/resource/Anya_Gallaccio",
        "predicate": "http://dbpedia.org/ontology/wikiPageWikiLink",
        "object": "http://dbpedia.org/resource/Basement_Jaxx"
    },
    {
        "subject": "http://dbpedia.org/resource/Anya_Gallaccio",
        "predicate": "http://dbpedia.org/ontology/wikiPageWikiLink",
        "object": "http://dbpedia.org/resource/Battersea"
    },
    {
        "subject": "http://dbpedia.org/resource/Anya_Gallaccio",
        "predicate": "http://dbpedia.org/ontology/wikiPageWikiLink",
        "object": "http://dbpedia.org/resource/Battersea_Power_Station"
    },
    {
        "subject": "http://dbpedia.org/resource/Anya_Gallaccio",
        "predicate": "http://dbpedia.org/ontology/wikiPageWikiLink",
        "object": "http://dbpedia.org/resource/Bedfordshire"
    },
    {
        "subject": "http://dbpedia.org/resource/Anya_Gallaccio",
        "predicate": "http://dbpedia.org/ontology/wikiPageWikiLink",
        "object": "http://dbpedia.org/resource/Ben_Watson_(footballer,_born_July_1985)"
    },
    {
        "subject": "http://dbpedia.org/resource/Anya_Gallaccio",
        "predicate": "http://dbpedia.org/ontology/wikiPageWikiLink",
        "object": "http://dbpedia.org/resource/David_McSavage"
    },
    {
        "subject": "http://dbpedia.org/resource/Anya_Gallaccio",
        "predicate": "http://dbpedia.org/ontology/wikiPageWikiLink",
        "object": "http://dbpedia.org/resource/Denmark_Hill"
    },
    {
        "subject": "http://dbpedia.org/resource/Anya_Gallaccio",
        "predicate": "http://dbpedia.org/ontology/wikiPageWikiLink",
        "object": "http://dbpedia.org/resource/Denmark_Hill_railway_station"
    },
    {
        "subject": "http://dbpedia.org/resource/Anya_Gallaccio",
        "predicate": "http://dbpedia.org/ontology/wikiPageWikiLink",
        "object": "http://dbpedia.org/resource/Anthropologist"
    },
    {
        "subject": "http://dbpedia.org/resource/Anya_Gallaccio",
        "predicate": "http://dbpedia.org/ontology/wikiPageWikiLink",
        "object": "http://dbpedia.org/resource/John_Ruskin"
    },
    {
        "subject": "http://dbpedia.org/resource/Anya_Gallaccio",
        "predicate": "http://dbpedia.org/ontology/wikiPageWikiLink",
        "object": "http://dbpedia.org/resource/Joseph_Chamberlain"
    },
    {
        "subject": "http://dbpedia.org/resource/Anya_Gallaccio",
        "predicate": "http://dbpedia.org/ontology/wikiPageWikiLink",
        "object": "http://dbpedia.org/resource/List_of_schools_in_Southwark"
    },
    {
        "subject": "http://dbpedia.org/resource/Anya_Gallaccio",
        "predicate": "http://dbpedia.org/ontology/wikiPageWikiLink",
        "object": "http://dbpedia.org/resource/Listed_building"
    },
    {
        "subject": "http://dbpedia.org/resource/Anya_Gallaccio",
        "predicate": "http://dbpedia.org/ontology/wikiPageWikiLink",
        "object": "http://dbpedia.org/resource/Peckham"
    },
    {
        "subject": "http://dbpedia.org/resource/Anya_Gallaccio",
        "predicate": "http://dbpedia.org/ontology/wikiPageWikiLink",
        "object": "http://dbpedia.org/resource/Peckham_Rye"
    },
    {
        "subject": "http://dbpedia.org/resource/Anya_Gallaccio",
        "predicate": "http://dbpedia.org/ontology/wikiPageWikiLink",
        "object": "http://dbpedia.org/resource/Peckham_Rye_railway_station"
    },
    {
        "subject": "http://dbpedia.org/resource/Anya_Gallaccio",
        "predicate": "http://dbpedia.org/ontology/wikiPageWikiLink",
        "object": "http://dbpedia.org/resource/Peter_Preston"
    },
    {
        "subject": "http://dbpedia.org/resource/Anya_Gallaccio",
        "predicate": "http://dbpedia.org/ontology/wikiPageWikiLink",
        "object": "http://dbpedia.org/resource/Robert_Browning"
    },
    {
        "subject": "http://dbpedia.org/resource/Anya_Gallaccio",
        "predicate": "http://dbpedia.org/ontology/wikiPageWikiLink",
        "object": "http://dbpedia.org/resource/Vera_Brittain"
    },
    {
        "subject": "http://dbpedia.org/resource/Anya_Gallaccio",
        "predicate": "http://dbpedia.org/ontology/wikiPageWikiLink",
        "object": "http://dbpedia.org/resource/Camberwell_carrot"
    },
    {
        "subject": "http://dbpedia.org/resource/Anya_Gallaccio",
        "predicate": "http://dbpedia.org/ontology/wikiPageWikiLink",
        "object": "http://dbpedia.org/resource/Dulwich_and_West_Norwood_(UK_Parliament_constituency)"
    },
    {
        "subject": "http://dbpedia.org/resource/Anya_Gallaccio",
        "predicate": "http://dbpedia.org/ontology/wikiPageWikiLink",
        "object": "http://dbpedia.org/resource/Inner_London_Education_Authority"
    },
    {
        "subject": "http://dbpedia.org/resource/Anya_Gallaccio",
        "predicate": "http://dbpedia.org/ontology/wikiPageWikiLink",
        "object": "http://dbpedia.org/resource/James_Ring"
    },
    {
        "subject": "http://dbpedia.org/resource/Anya_Gallaccio",
        "predicate": "http://dbpedia.org/ontology/wikiPageWikiLink",
        "object": "http://dbpedia.org/resource/Nymphalis_antiopa"
    },
    {
        "subject": "http://dbpedia.org/resource/Anya_Gallaccio",
        "predicate": "http://dbpedia.org/ontology/wikiPageWikiLink",
        "object": "http://dbpedia.org/resource/Common_land"
    },
    {
        "subject": "http://dbpedia.org/resource/Anya_Gallaccio",
        "predicate": "http://dbpedia.org/ontology/wikiPageWikiLink",
        "object": "http://dbpedia.org/resource/County_of_London"
    },
    {
        "subject": "http://dbpedia.org/resource/Anya_Gallaccio",
        "predicate": "http://dbpedia.org/ontology/wikiPageWikiLink",
        "object": "http://dbpedia.org/resource/Croydon"
    },
    {
        "subject": "http://dbpedia.org/resource/Anya_Gallaccio",
        "predicate": "http://dbpedia.org/ontology/wikiPageWikiLink",
        "object": "http://dbpedia.org/resource/Crystal_Palace,_London"
    },
    {
        "subject": "http://dbpedia.org/resource/Anya_Gallaccio",
        "predicate": "http://dbpedia.org/ontology/wikiPageWikiLink",
        "object": "http://dbpedia.org/resource/Mat_Collishaw"
    },
    {
        "subject": "http://dbpedia.org/resource/Anya_Gallaccio",
        "predicate": "http://dbpedia.org/ontology/wikiPageWikiLink",
        "object": "http://dbpedia.org/resource/Maudsley_Hospital"
    },
    {
        "subject": "http://dbpedia.org/resource/Anya_Gallaccio",
        "predicate": "http://dbpedia.org/ontology/wikiPageWikiLink",
        "object": "http://dbpedia.org/resource/Ruskin_Park"
    },
    {
        "subject": "http://dbpedia.org/resource/Anya_Gallaccio",
        "predicate": "http://dbpedia.org/ontology/wikiPageWikiLink",
        "object": "http://dbpedia.org/resource/Virgate"
    },
    {
        "subject": "http://dbpedia.org/resource/Anya_Gallaccio",
        "predicate": "http://dbpedia.org/ontology/wikiPageWikiLink",
        "object": "http://dbpedia.org/resource/R._White's_Lemonade"
    },
    {
        "subject": "http://dbpedia.org/resource/Anya_Gallaccio",
        "predicate": "http://dbpedia.org/ontology/wikiPageWikiLink",
        "object": "http://dbpedia.org/resource/List_of_people_from_Southwark"
    },
    {
        "subject": "http://dbpedia.org/resource/Anya_Gallaccio",
        "predicate": "http://dbpedia.org/ontology/wikiPageWikiLink",
        "object": "http://dbpedia.org/resource/City_of_London"
    },
    {
        "subject": "http://dbpedia.org/resource/Anya_Gallaccio",
        "predicate": "http://dbpedia.org/ontology/wikiPageWikiLink",
        "object": "http://dbpedia.org/resource/Clapham"
    },
    {
        "subject": "http://dbpedia.org/resource/Anya_Gallaccio",
        "predicate": "http://dbpedia.org/ontology/wikiPageWikiLink",
        "object": "http://dbpedia.org/resource/Clifford_Harper"
    },
    {
        "subject": "http://dbpedia.org/resource/Anya_Gallaccio",
        "predicate": "http://dbpedia.org/ontology/wikiPageWikiLink",
        "object": "http://dbpedia.org/resource/Edward_Burnett_Tylor"
    },
    {
        "subject": "http://dbpedia.org/resource/Anya_Gallaccio",
        "predicate": "http://dbpedia.org/ontology/wikiPageWikiLink",
        "object": "http://dbpedia.org/resource/Elizabeth_Patterson_Bonaparte"
    },
    {
        "subject": "http://dbpedia.org/resource/Anya_Gallaccio",
        "predicate": "http://dbpedia.org/ontology/wikiPageWikiLink",
        "object": "http://dbpedia.org/resource/Gary_Hume"
    },
    {
        "subject": "http://dbpedia.org/resource/Anya_Gallaccio",
        "predicate": "http://dbpedia.org/ontology/wikiPageWikiLink",
        "object": "http://dbpedia.org/resource/George_Gissing"
    },
    {
        "subject": "http://dbpedia.org/resource/Anya_Gallaccio",
        "predicate": "http://dbpedia.org/ontology/wikiPageWikiLink",
        "object": "http://dbpedia.org/resource/Giles_Gilbert_Scott"
    },
    {
        "subject": "http://dbpedia.org/resource/Anya_Gallaccio",
        "predicate": "http://dbpedia.org/ontology/wikiPageWikiLink",
        "object": "http://dbpedia.org/resource/Gillian_Wearing"
    },
    {
        "subject": "http://dbpedia.org/resource/Anya_Gallaccio",
        "predicate": "http://dbpedia.org/ontology/wikiPageWikiLink",
        "object": "http://dbpedia.org/resource/Goldsmiths,_University_of_London"
    },
    {
        "subject": "http://dbpedia.org/resource/Anya_Gallaccio",
        "predicate": "http://dbpedia.org/ontology/wikiPageWikiLink",
        "object": "http://dbpedia.org/resource/Govia_Thameslink_Railway"
    },
    {
        "subject": "http://dbpedia.org/resource/Anya_Gallaccio",
        "predicate": "http://dbpedia.org/ontology/wikiPageWikiLink",
        "object": "http://dbpedia.org/resource/Gravesend_railway_station"
    },
    {
        "subject": "http://dbpedia.org/resource/Anya_Gallaccio",
        "predicate": "http://dbpedia.org/ontology/wikiPageWikiLink",
        "object": "http://dbpedia.org/resource/Greater_London"
    },
    {
        "subject": "http://dbpedia.org/resource/Anya_Gallaccio",
        "predicate": "http://dbpedia.org/ontology/wikiPageWikiLink",
        "object": "http://dbpedia.org/resource/Mitcham_railway_station_(England)"
    },
    {
        "subject": "http://dbpedia.org/resource/Anya_Gallaccio",
        "predicate": "http://dbpedia.org/ontology/wikiPageWikiLink",
        "object": "http://dbpedia.org/resource/Morning_Star_(British_newspaper)"
    },
    {
        "subject": "http://dbpedia.org/resource/Anya_Gallaccio",
        "predicate": "http://dbpedia.org/ontology/wikiPageWikiLink",
        "object": "http://dbpedia.org/resource/Muriel_Spark"
    },
    {
        "subject": "http://dbpedia.org/resource/Anya_Gallaccio",
        "predicate": "http://dbpedia.org/ontology/wikiPageWikiLink",
        "object": "http://dbpedia.org/resource/The_Prime_of_Miss_Jean_Brodie_(novel)"
    },
    {
        "subject": "http://dbpedia.org/resource/Anya_Gallaccio",
        "predicate": "http://dbpedia.org/ontology/wikiPageWikiLink",
        "object": "http://dbpedia.org/resource/Thomas_Brodie-Sangster"
    },
    {
        "subject": "http://dbpedia.org/resource/Anya_Gallaccio",
        "predicate": "http://dbpedia.org/ontology/wikiPageWikiLink",
        "object": "http://dbpedia.org/resource/Thomas_Hood"
    },
    {
        "subject": "http://dbpedia.org/resource/Anya_Gallaccio",
        "predicate": "http://dbpedia.org/ontology/wikiPageWikiLink",
        "object": "http://dbpedia.org/resource/Britons_(historical)"
    },
    {
        "subject": "http://dbpedia.org/resource/Anya_Gallaccio",
        "predicate": "http://dbpedia.org/ontology/wikiPageWikiLink",
        "object": "http://dbpedia.org/resource/Dan_Leno"
    },
    {
        "subject": "http://dbpedia.org/resource/Anya_Gallaccio",
        "predicate": "http://dbpedia.org/ontology/wikiPageWikiLink",
        "object": "http://dbpedia.org/resource/Anglo-Saxons"
    },
    {
        "subject": "http://dbpedia.org/resource/Anya_Gallaccio",
        "predicate": "http://dbpedia.org/ontology/wikiPageWikiLink",
        "object": "http://dbpedia.org/resource/Angus_Fairhurst"
    },
    {
        "subject": "http://dbpedia.org/resource/Anya_Gallaccio",
        "predicate": "http://dbpedia.org/ontology/wikiPageWikiLink",
        "object": "http://dbpedia.org/resource/Anish_Kapoor"
    },
    {
        "subject": "http://dbpedia.org/resource/Anya_Gallaccio",
        "predicate": "http://dbpedia.org/ontology/wikiPageWikiLink",
        "object": "http://dbpedia.org/resource/Anya_Gallaccio"
    },
    {
        "subject": "http://dbpedia.org/resource/Anya_Gallaccio",
        "predicate": "http://dbpedia.org/ontology/wikiPageWikiLink",
        "object": "http://dbpedia.org/resource/Leprosy"
    },
    {
        "subject": "http://dbpedia.org/resource/Anya_Gallaccio",
        "predicate": "http://dbpedia.org/ontology/wikiPageWikiLink",
        "object": "http://dbpedia.org/resource/Liam_Gillick"
    },
    {
        "subject": "http://dbpedia.org/resource/Anya_Gallaccio",
        "predicate": "http://dbpedia.org/ontology/wikiPageWikiLink",
        "object": "http://dbpedia.org/resource/London_Borough_of_Lambeth"
    },
    {
        "subject": "http://dbpedia.org/resource/Anya_Gallaccio",
        "predicate": "http://dbpedia.org/ontology/wikiPageWikiLink",
        "object": "http://dbpedia.org/resource/London_Borough_of_Southwark"
    },
    {
        "subject": "http://dbpedia.org/resource/Anya_Gallaccio",
        "predicate": "http://dbpedia.org/ontology/wikiPageWikiLink",
        "object": "http://dbpedia.org/resource/London_County_Council"
    },
    {
        "subject": "http://dbpedia.org/resource/Anya_Gallaccio",
        "predicate": "http://dbpedia.org/ontology/wikiPageWikiLink",
        "object": "http://dbpedia.org/resource/London_Overground"
    },
    {
        "subject": "http://dbpedia.org/resource/Anya_Gallaccio",
        "predicate": "http://dbpedia.org/ontology/wikiPageWikiLink",
        "object": "http://dbpedia.org/resource/London_Underground"
    },
    {
        "subject": "http://dbpedia.org/resource/Anya_Gallaccio",
        "predicate": "http://dbpedia.org/ontology/wikiPageWikiLink",
        "object": "http://dbpedia.org/resource/Lorraine_Chase"
    },
    {
        "subject": "http://dbpedia.org/resource/Anya_Gallaccio",
        "predicate": "http://dbpedia.org/ontology/wikiPageWikiLink",
        "object": "http://dbpedia.org/resource/Loughborough_Junction_railway_station"
    },
    {
        "subject": "http://dbpedia.org/resource/Anya_Gallaccio",
        "predicate": "http://dbpedia.org/ontology/wikiPageWikiLink",
        "object": "http://dbpedia.org/resource/Camberwell_Collegiate_School"
    },
    {
        "subject": "http://dbpedia.org/resource/Anya_Gallaccio",
        "predicate": "http://dbpedia.org/ontology/wikiPageWikiLink",
        "object": "http://dbpedia.org/resource/Camberwell_Green"
    },
    {
        "subject": "http://dbpedia.org/resource/Anya_Gallaccio",
        "predicate": "http://dbpedia.org/ontology/wikiPageWikiLink",
        "object": "http://dbpedia.org/resource/Camberwell_and_Peckham_(UK_Parliament_constituency)"
    },
    {
        "subject": "http://dbpedia.org/resource/Anya_Gallaccio",
        "predicate": "http://dbpedia.org/ontology/wikiPageWikiLink",
        "object": "http://dbpedia.org/resource/Simon_Patterson_(artist)"
    },
    {
        "subject": "http://dbpedia.org/resource/Anya_Gallaccio",
        "predicate": "http://dbpedia.org/ontology/wikiPageWikiLink",
        "object": "http://dbpedia.org/resource/St_Pancras_railway_station"
    },
    {
        "subject": "http://dbpedia.org/resource/Anya_Gallaccio",
        "predicate": "http://dbpedia.org/ontology/wikiPageWikiLink",
        "object": "http://dbpedia.org/resource/Streatham_railway_station"
    },
    {
        "subject": "http://dbpedia.org/resource/Anya_Gallaccio",
        "predicate": "http://dbpedia.org/ontology/wikiPageWikiLink",
        "object": "http://dbpedia.org/resource/Zoe_Williams"
    },
    {
        "subject": "http://dbpedia.org/resource/Anya_Gallaccio",
        "predicate": "http://dbpedia.org/ontology/wikiPageWikiLink",
        "object": "http://dbpedia.org/resource/Ian_Jeffrey"
    },
    {
        "subject": "http://dbpedia.org/resource/Anya_Gallaccio",
        "predicate": "http://dbpedia.org/ontology/wikiPageWikiLink",
        "object": "http://dbpedia.org/resource/Glen_Baxter_(cartoonist)"
    },
    {
        "subject": "http://dbpedia.org/resource/Anya_Gallaccio",
        "predicate": "http://dbpedia.org/ontology/wikiPageWikiLink",
        "object": "http://dbpedia.org/resource/Public_house"
    },
    {
        "subject": "http://dbpedia.org/resource/Anya_Gallaccio",
        "predicate": "http://dbpedia.org/ontology/wikiPageWikiLink",
        "object": "http://dbpedia.org/resource/BBC_Radio_4"
    },
    {
        "subject": "http://dbpedia.org/resource/Anya_Gallaccio",
        "predicate": "http://dbpedia.org/ontology/wikiPageWikiLink",
        "object": "http://dbpedia.org/resource/Brixton"
    },
    {
        "subject": "http://dbpedia.org/resource/Anya_Gallaccio",
        "predicate": "http://dbpedia.org/ontology/wikiPageWikiLink",
        "object": "http://dbpedia.org/resource/Bromley_South_railway_station"
    },
    {
        "subject": "http://dbpedia.org/resource/Anya_Gallaccio",
        "predicate": "http://dbpedia.org/ontology/wikiPageWikiLink",
        "object": "http://dbpedia.org/resource/Addington_Square"
    },
    {
        "subject": "http://dbpedia.org/resource/Anya_Gallaccio",
        "predicate": "http://dbpedia.org/ontology/wikiPageWikiLink",
        "object": "http://dbpedia.org/resource/Category:District_centres_of_London"
    },
    {
        "subject": "http://dbpedia.org/resource/Anya_Gallaccio",
        "predicate": "http://dbpedia.org/ontology/wikiPageWikiLink",
        "object": "http://dbpedia.org/resource/Catford_railway_station"
    },
    {
        "subject": "http://dbpedia.org/resource/Anya_Gallaccio",
        "predicate": "http://dbpedia.org/ontology/wikiPageWikiLink",
        "object": "http://dbpedia.org/resource/Catherine_Dean_(artist)"
    }
]