[
    {
        "subject": "http://dbpedia.org/resource/Cleve_Gray",
        "predicate": "http://dbpedia.org/ontology/wikiPageWikiLink",
        "object": "http://dbpedia.org/resource/Barnett_Newman"
    },
    {
        "subject": "http://dbpedia.org/resource/Cleve_Gray",
        "predicate": "http://dbpedia.org/ontology/wikiPageWikiLink",
        "object": "http://dbpedia.org/resource/Betty_Parsons"
    },
    {
        "subject": "http://dbpedia.org/resource/Cleve_Gray",
        "predicate": "http://dbpedia.org/ontology/wikiPageWikiLink",
        "object": "http://dbpedia.org/resource/Richard_Tuttle"
    },
    {
        "subject": "http://dbpedia.org/resource/Cleve_Gray",
        "predicate": "http://dbpedia.org/ontology/wikiPageWikiLink",
        "object": "http://dbpedia.org/resource/United_States"
    },
    {
        "subject": "http://dbpedia.org/resource/Cleve_Gray",
        "predicate": "http://dbpedia.org/ontology/wikiPageWikiLink",
        "object": "http://dbpedia.org/resource/Designer"
    },
    {
        "subject": "http://dbpedia.org/resource/Cleve_Gray",
        "predicate": "http://dbpedia.org/ontology/wikiPageWikiLink",
        "object": "http://dbpedia.org/resource/Ruth_Vollmer"
    },
    {
        "subject": "http://dbpedia.org/resource/Cleve_Gray",
        "predicate": "http://dbpedia.org/ontology/wikiPageWikiLink",
        "object": "http://dbpedia.org/resource/Cleve_Gray"
    },
    {
        "subject": "http://dbpedia.org/resource/Cleve_Gray",
        "predicate": "http://dbpedia.org/ontology/wikiPageWikiLink",
        "object": "http://dbpedia.org/resource/Empire_State_Plaza"
    },
    {
        "subject": "http://dbpedia.org/resource/Cleve_Gray",
        "predicate": "http://dbpedia.org/ontology/wikiPageWikiLink",
        "object": "http://dbpedia.org/resource/Mino_Argento"
    },
    {
        "subject": "http://dbpedia.org/resource/Cleve_Gray",
        "predicate": "http://dbpedia.org/ontology/wikiPageWikiLink",
        "object": "http://dbpedia.org/resource/Anne_Ryan"
    },
    {
        "subject": "http://dbpedia.org/resource/Cleve_Gray",
        "predicate": "http://dbpedia.org/ontology/wikiPageWikiLink",
        "object": "http://dbpedia.org/resource/Category:People_from_Whitesboro,_New_York"
    },
    {
        "subject": "http://dbpedia.org/resource/Cleve_Gray",
        "predicate": "http://dbpedia.org/ontology/wikiPageWikiLink",
        "object": "http://dbpedia.org/resource/Painting"
    },
    {
        "subject": "http://dbpedia.org/resource/Cleve_Gray",
        "predicate": "http://dbpedia.org/ontology/wikiPageWikiLink",
        "object": "http://dbpedia.org/resource/Category:1907_births"
    },
    {
        "subject": "http://dbpedia.org/resource/Cleve_Gray",
        "predicate": "http://dbpedia.org/ontology/wikiPageWikiLink",
        "object": "http://dbpedia.org/resource/Category:1990_deaths"
    },
    {
        "subject": "http://dbpedia.org/resource/Cleve_Gray",
        "predicate": "http://dbpedia.org/ontology/wikiPageWikiLink",
        "object": "http://dbpedia.org/resource/Category:20th-century_American_male_artists"
    },
    {
        "subject": "http://dbpedia.org/resource/Cleve_Gray",
        "predicate": "http://dbpedia.org/ontology/wikiPageWikiLink",
        "object": "http://dbpedia.org/resource/Category:20th-century_American_painters"
    },
    {
        "subject": "http://dbpedia.org/resource/Cleve_Gray",
        "predicate": "http://dbpedia.org/ontology/wikiPageWikiLink",
        "object": "http://dbpedia.org/resource/Category:American_contemporary_painters"
    },
    {
        "subject": "http://dbpedia.org/resource/Cleve_Gray",
        "predicate": "http://dbpedia.org/ontology/wikiPageWikiLink",
        "object": "http://dbpedia.org/resource/Category:American_male_painters"
    },
    {
        "subject": "http://dbpedia.org/resource/Cleve_Gray",
        "predicate": "http://dbpedia.org/ontology/wikiPageWikiLink",
        "object": "http://dbpedia.org/resource/Category:Painters_from_New_York_City"
    },
    {
        "subject": "http://dbpedia.org/resource/Cleve_Gray",
        "predicate": "http://dbpedia.org/ontology/wikiPageWikiLink",
        "object": "http://dbpedia.org/resource/Abstraction"
    },
    {
        "subject": "http://dbpedia.org/resource/Cleve_Gray",
        "predicate": "http://dbpedia.org/ontology/wikiPageWikiLink",
        "object": "http://dbpedia.org/resource/Ad_Reinhardt"
    },
    {
        "subject": "http://dbpedia.org/resource/Cleve_Gray",
        "predicate": "http://dbpedia.org/ontology/wikiPageWikiLink",
        "object": "http://dbpedia.org/resource/Albright\u2013Knox_Art_Gallery"
    },
    {
        "subject": "http://dbpedia.org/resource/Cleve_Gray",
        "predicate": "http://dbpedia.org/ontology/wikiPageWikiLink",
        "object": "http://dbpedia.org/resource/Hans_Hofmann"
    },
    {
        "subject": "http://dbpedia.org/resource/Cleve_Gray",
        "predicate": "http://dbpedia.org/ontology/wikiPageWikiLink",
        "object": "http://dbpedia.org/resource/Helene_Aylon"
    },
    {
        "subject": "http://dbpedia.org/resource/Cleve_Gray",
        "predicate": "http://dbpedia.org/ontology/wikiPageWikiLink",
        "object": "http://dbpedia.org/resource/Jackson_Pollock"
    },
    {
        "subject": "http://dbpedia.org/resource/Cleve_Gray",
        "predicate": "http://dbpedia.org/ontology/wikiPageWikiLink",
        "object": "http://dbpedia.org/resource/Category:Abstract_expressionist_artists"
    },
    {
        "subject": "http://dbpedia.org/resource/Cleve_Gray",
        "predicate": "http://dbpedia.org/ontology/wikiPageWikiLink",
        "object": "http://dbpedia.org/resource/Monochromatic"
    },
    {
        "subject": "http://dbpedia.org/resource/Cleve_Gray",
        "predicate": "http://dbpedia.org/ontology/wikiPageWikiLink",
        "object": "http://dbpedia.org/resource/Newcastle,_ME"
    },
    {
        "subject": "http://dbpedia.org/resource/Cleve_Gray",
        "predicate": "http://dbpedia.org/ontology/wikiPageWikiLink",
        "object": "http://dbpedia.org/resource/Rothko"
    },
    {
        "subject": "http://dbpedia.org/resource/Cleve_Gray",
        "predicate": "http://dbpedia.org/ontology/wikiPageWikiLink",
        "object": "http://dbpedia.org/resource/Whitesboro,_NY"
    },
    {
        "subject": "http://dbpedia.org/resource/Cleve_Gray",
        "predicate": "http://dbpedia.org/ontology/wikiPageWikiLink",
        "object": "http://dbpedia.org/resource/Caio_Fonseca"
    },
    {
        "subject": "http://dbpedia.org/resource/Cleve_Gray",
        "predicate": "http://dbpedia.org/ontology/wikiPageWikiLink",
        "object": "http://dbpedia.org/resource/Candida_H\u00f6fer"
    },
    {
        "subject": "http://dbpedia.org/resource/Cleve_Gray",
        "predicate": "http://dbpedia.org/ontology/wikiPageWikiLink",
        "object": "http://dbpedia.org/resource/Carl_Andre"
    },
    {
        "subject": "http://dbpedia.org/resource/Cleve_Gray",
        "predicate": "http://dbpedia.org/ontology/wikiPageWikiLink",
        "object": "http://dbpedia.org/resource/Carl_Michael_von_Hausswolff"
    },
    {
        "subject": "http://dbpedia.org/resource/Cleve_Gray",
        "predicate": "http://dbpedia.org/ontology/wikiPageWikiLink",
        "object": "http://dbpedia.org/resource/Carole_Feuerman"
    },
    {
        "subject": "http://dbpedia.org/resource/Cleve_Gray",
        "predicate": "http://dbpedia.org/ontology/wikiPageWikiLink",
        "object": "http://dbpedia.org/resource/Carolee_Schneemann"
    },
    {
        "subject": "http://dbpedia.org/resource/Cleve_Gray",
        "predicate": "http://dbpedia.org/ontology/wikiPageWikiLink",
        "object": "http://dbpedia.org/resource/Carrie_Mae_Weems"
    },
    {
        "subject": "http://dbpedia.org/resource/Cleve_Gray",
        "predicate": "http://dbpedia.org/ontology/wikiPageWikiLink",
        "object": "http://dbpedia.org/resource/Robert_Longo"
    },
    {
        "subject": "http://dbpedia.org/resource/Cleve_Gray",
        "predicate": "http://dbpedia.org/ontology/wikiPageWikiLink",
        "object": "http://dbpedia.org/resource/Robert_Mangold"
    },
    {
        "subject": "http://dbpedia.org/resource/Cleve_Gray",
        "predicate": "http://dbpedia.org/ontology/wikiPageWikiLink",
        "object": "http://dbpedia.org/resource/Robert_Mapplethorpe"
    },
    {
        "subject": "http://dbpedia.org/resource/Cleve_Gray",
        "predicate": "http://dbpedia.org/ontology/wikiPageWikiLink",
        "object": "http://dbpedia.org/resource/Robert_Morris_(artist)"
    },
    {
        "subject": "http://dbpedia.org/resource/Cleve_Gray",
        "predicate": "http://dbpedia.org/ontology/wikiPageWikiLink",
        "object": "http://dbpedia.org/resource/Robert_Rauschenberg"
    },
    {
        "subject": "http://dbpedia.org/resource/Cleve_Gray",
        "predicate": "http://dbpedia.org/ontology/wikiPageWikiLink",
        "object": "http://dbpedia.org/resource/Robert_Smithson"
    },
    {
        "subject": "http://dbpedia.org/resource/Cleve_Gray",
        "predicate": "http://dbpedia.org/ontology/wikiPageWikiLink",
        "object": "http://dbpedia.org/resource/Rodney_Graham"
    },
    {
        "subject": "http://dbpedia.org/resource/Cleve_Gray",
        "predicate": "http://dbpedia.org/ontology/wikiPageWikiLink",
        "object": "http://dbpedia.org/resource/Roman_Opa\u0142ka"
    },
    {
        "subject": "http://dbpedia.org/resource/Cleve_Gray",
        "predicate": "http://dbpedia.org/ontology/wikiPageWikiLink",
        "object": "http://dbpedia.org/resource/Ronald_Bladen"
    },
    {
        "subject": "http://dbpedia.org/resource/Cleve_Gray",
        "predicate": "http://dbpedia.org/ontology/wikiPageWikiLink",
        "object": "http://dbpedia.org/resource/Ronald_Davis"
    },
    {
        "subject": "http://dbpedia.org/resource/Cleve_Gray",
        "predicate": "http://dbpedia.org/ontology/wikiPageWikiLink",
        "object": "http://dbpedia.org/resource/Ronnie_Landfield"
    },
    {
        "subject": "http://dbpedia.org/resource/Cleve_Gray",
        "predicate": "http://dbpedia.org/ontology/wikiPageWikiLink",
        "object": "http://dbpedia.org/resource/Rosemarie_Trockel"
    },
    {
        "subject": "http://dbpedia.org/resource/Cleve_Gray",
        "predicate": "http://dbpedia.org/ontology/wikiPageWikiLink",
        "object": "http://dbpedia.org/resource/Roxy_Paine"
    },
    {
        "subject": "http://dbpedia.org/resource/Cleve_Gray",
        "predicate": "http://dbpedia.org/ontology/wikiPageWikiLink",
        "object": "http://dbpedia.org/resource/Roy_Ascott"
    },
    {
        "subject": "http://dbpedia.org/resource/Cleve_Gray",
        "predicate": "http://dbpedia.org/ontology/wikiPageWikiLink",
        "object": "http://dbpedia.org/resource/Sam_Dillemans"
    },
    {
        "subject": "http://dbpedia.org/resource/Cleve_Gray",
        "predicate": "http://dbpedia.org/ontology/wikiPageWikiLink",
        "object": "http://dbpedia.org/resource/Sam_Francis"
    },
    {
        "subject": "http://dbpedia.org/resource/Cleve_Gray",
        "predicate": "http://dbpedia.org/ontology/wikiPageWikiLink",
        "object": "http://dbpedia.org/resource/Sam_Gilliam"
    },
    {
        "subject": "http://dbpedia.org/resource/Cleve_Gray",
        "predicate": "http://dbpedia.org/ontology/wikiPageWikiLink",
        "object": "http://dbpedia.org/resource/Sarah_Lucas"
    },
    {
        "subject": "http://dbpedia.org/resource/Cleve_Gray",
        "predicate": "http://dbpedia.org/ontology/wikiPageWikiLink",
        "object": "http://dbpedia.org/resource/Sarah_Sze"
    },
    {
        "subject": "http://dbpedia.org/resource/Cleve_Gray",
        "predicate": "http://dbpedia.org/ontology/wikiPageWikiLink",
        "object": "http://dbpedia.org/resource/Braco_Dimitrijevic"
    },
    {
        "subject": "http://dbpedia.org/resource/Cleve_Gray",
        "predicate": "http://dbpedia.org/ontology/wikiPageWikiLink",
        "object": "http://dbpedia.org/resource/Enrico_Garff"
    },
    {
        "subject": "http://dbpedia.org/resource/Cleve_Gray",
        "predicate": "http://dbpedia.org/ontology/wikiPageWikiLink",
        "object": "http://dbpedia.org/resource/Yasumasa_Morimura"
    },
    {
        "subject": "http://dbpedia.org/resource/Cleve_Gray",
        "predicate": "http://dbpedia.org/ontology/wikiPageWikiLink",
        "object": "http://dbpedia.org/resource/William_Powhida"
    },
    {
        "subject": "http://dbpedia.org/resource/Cleve_Gray",
        "predicate": "http://dbpedia.org/ontology/wikiPageWikiLink",
        "object": "http://dbpedia.org/resource/Sebastian_Diaz_Morales"
    },
    {
        "subject": "http://dbpedia.org/resource/Cleve_Gray",
        "predicate": "http://dbpedia.org/ontology/wikiPageWikiLink",
        "object": "http://dbpedia.org/resource/Sanejouand"
    },
    {
        "subject": "http://dbpedia.org/resource/Cleve_Gray",
        "predicate": "http://dbpedia.org/ontology/wikiPageWikiLink",
        "object": "http://dbpedia.org/resource/Bas_Jan_Ader"
    },
    {
        "subject": "http://dbpedia.org/resource/Cleve_Gray",
        "predicate": "http://dbpedia.org/ontology/wikiPageWikiLink",
        "object": "http://dbpedia.org/resource/Ben_Enwonwu"
    },
    {
        "subject": "http://dbpedia.org/resource/Cleve_Gray",
        "predicate": "http://dbpedia.org/ontology/wikiPageWikiLink",
        "object": "http://dbpedia.org/resource/Bill_Viola"
    },
    {
        "subject": "http://dbpedia.org/resource/Cleve_Gray",
        "predicate": "http://dbpedia.org/ontology/wikiPageWikiLink",
        "object": "http://dbpedia.org/resource/Bob_and_Roberta_Smith"
    },
    {
        "subject": "http://dbpedia.org/resource/Cleve_Gray",
        "predicate": "http://dbpedia.org/ontology/wikiPageWikiLink",
        "object": "http://dbpedia.org/resource/Brian_Clarke"
    },
    {
        "subject": "http://dbpedia.org/resource/Cleve_Gray",
        "predicate": "http://dbpedia.org/ontology/wikiPageWikiLink",
        "object": "http://dbpedia.org/resource/Brice_Marden"
    },
    {
        "subject": "http://dbpedia.org/resource/Cleve_Gray",
        "predicate": "http://dbpedia.org/ontology/wikiPageWikiLink",
        "object": "http://dbpedia.org/resource/David_Blatherwick_(artist)"
    },
    {
        "subject": "http://dbpedia.org/resource/Cleve_Gray",
        "predicate": "http://dbpedia.org/ontology/wikiPageWikiLink",
        "object": "http://dbpedia.org/resource/David_Hall_(video_artist)"
    },
    {
        "subject": "http://dbpedia.org/resource/Cleve_Gray",
        "predicate": "http://dbpedia.org/ontology/wikiPageWikiLink",
        "object": "http://dbpedia.org/resource/David_Hockney"
    },
    {
        "subject": "http://dbpedia.org/resource/Cleve_Gray",
        "predicate": "http://dbpedia.org/ontology/wikiPageWikiLink",
        "object": "http://dbpedia.org/resource/David_LaChapelle"
    },
    {
        "subject": "http://dbpedia.org/resource/Cleve_Gray",
        "predicate": "http://dbpedia.org/ontology/wikiPageWikiLink",
        "object": "http://dbpedia.org/resource/David_Salle"
    },
    {
        "subject": "http://dbpedia.org/resource/Cleve_Gray",
        "predicate": "http://dbpedia.org/ontology/wikiPageWikiLink",
        "object": "http://dbpedia.org/resource/Deborah_Butterfield"
    },
    {
        "subject": "http://dbpedia.org/resource/Cleve_Gray",
        "predicate": "http://dbpedia.org/ontology/wikiPageWikiLink",
        "object": "http://dbpedia.org/resource/Dennis_Oppenheim"
    },
    {
        "subject": "http://dbpedia.org/resource/Cleve_Gray",
        "predicate": "http://dbpedia.org/ontology/wikiPageWikiLink",
        "object": "http://dbpedia.org/resource/Antoni_Muntadas"
    },
    {
        "subject": "http://dbpedia.org/resource/Cleve_Gray",
        "predicate": "http://dbpedia.org/ontology/wikiPageWikiLink",
        "object": "http://dbpedia.org/resource/Howard_Hodgkin"
    },
    {
        "subject": "http://dbpedia.org/resource/Cleve_Gray",
        "predicate": "http://dbpedia.org/ontology/wikiPageWikiLink",
        "object": "http://dbpedia.org/resource/Hugo_Heyrman"
    },
    {
        "subject": "http://dbpedia.org/resource/Cleve_Gray",
        "predicate": "http://dbpedia.org/ontology/wikiPageWikiLink",
        "object": "http://dbpedia.org/resource/John_Nieto"
    },
    {
        "subject": "http://dbpedia.org/resource/Cleve_Gray",
        "predicate": "http://dbpedia.org/ontology/wikiPageWikiLink",
        "object": "http://dbpedia.org/resource/Joseph_Beuys"
    },
    {
        "subject": "http://dbpedia.org/resource/Cleve_Gray",
        "predicate": "http://dbpedia.org/ontology/wikiPageWikiLink",
        "object": "http://dbpedia.org/resource/Josignacio"
    },
    {
        "subject": "http://dbpedia.org/resource/Cleve_Gray",
        "predicate": "http://dbpedia.org/ontology/wikiPageWikiLink",
        "object": "http://dbpedia.org/resource/Jos\u00e9_Bernal"
    },
    {
        "subject": "http://dbpedia.org/resource/Cleve_Gray",
        "predicate": "http://dbpedia.org/ontology/wikiPageWikiLink",
        "object": "http://dbpedia.org/resource/Judy_Chicago"
    },
    {
        "subject": "http://dbpedia.org/resource/Cleve_Gray",
        "predicate": "http://dbpedia.org/ontology/wikiPageWikiLink",
        "object": "http://dbpedia.org/resource/Jules_Olitski"
    },
    {
        "subject": "http://dbpedia.org/resource/Cleve_Gray",
        "predicate": "http://dbpedia.org/ontology/wikiPageWikiLink",
        "object": "http://dbpedia.org/resource/Julian_Opie"
    },
    {
        "subject": "http://dbpedia.org/resource/Cleve_Gray",
        "predicate": "http://dbpedia.org/ontology/wikiPageWikiLink",
        "object": "http://dbpedia.org/resource/Julian_Schnabel"
    },
    {
        "subject": "http://dbpedia.org/resource/Cleve_Gray",
        "predicate": "http://dbpedia.org/ontology/wikiPageWikiLink",
        "object": "http://dbpedia.org/resource/Pat_Steir"
    },
    {
        "subject": "http://dbpedia.org/resource/Cleve_Gray",
        "predicate": "http://dbpedia.org/ontology/wikiPageWikiLink",
        "object": "http://dbpedia.org/resource/Paul_Henry_Ramirez"
    },
    {
        "subject": "http://dbpedia.org/resource/Cleve_Gray",
        "predicate": "http://dbpedia.org/ontology/wikiPageWikiLink",
        "object": "http://dbpedia.org/resource/Paul_McCarthy"
    },
    {
        "subject": "http://dbpedia.org/resource/Cleve_Gray",
        "predicate": "http://dbpedia.org/ontology/wikiPageWikiLink",
        "object": "http://dbpedia.org/resource/Paul_Thek"
    },
    {
        "subject": "http://dbpedia.org/resource/Cleve_Gray",
        "predicate": "http://dbpedia.org/ontology/wikiPageWikiLink",
        "object": "http://dbpedia.org/resource/Paula_Rego"
    },
    {
        "subject": "http://dbpedia.org/resource/Cleve_Gray",
        "predicate": "http://dbpedia.org/ontology/wikiPageWikiLink",
        "object": "http://dbpedia.org/resource/Peter_Doig"
    },
    {
        "subject": "http://dbpedia.org/resource/Cleve_Gray",
        "predicate": "http://dbpedia.org/ontology/wikiPageWikiLink",
        "object": "http://dbpedia.org/resource/Peter_Howson"
    },
    {
        "subject": "http://dbpedia.org/resource/Cleve_Gray",
        "predicate": "http://dbpedia.org/ontology/wikiPageWikiLink",
        "object": "http://dbpedia.org/resource/Peter_Reginato"
    },
    {
        "subject": "http://dbpedia.org/resource/Cleve_Gray",
        "predicate": "http://dbpedia.org/ontology/wikiPageWikiLink",
        "object": "http://dbpedia.org/resource/Peter_Voulkos"
    },
    {
        "subject": "http://dbpedia.org/resource/Cleve_Gray",
        "predicate": "http://dbpedia.org/ontology/wikiPageWikiLink",
        "object": "http://dbpedia.org/resource/Peter_Young_(artist)"
    },
    {
        "subject": "http://dbpedia.org/resource/Cleve_Gray",
        "predicate": "http://dbpedia.org/ontology/wikiPageWikiLink",
        "object": "http://dbpedia.org/resource/Petrit_Halilaj"
    },
    {
        "subject": "http://dbpedia.org/resource/Cleve_Gray",
        "predicate": "http://dbpedia.org/ontology/wikiPageWikiLink",
        "object": "http://dbpedia.org/resource/Ricardo_Estanislao_Zulueta"
    },
    {
        "subject": "http://dbpedia.org/resource/Cleve_Gray",
        "predicate": "http://dbpedia.org/ontology/wikiPageWikiLink",
        "object": "http://dbpedia.org/resource/Richard_Artschwager"
    },
    {
        "subject": "http://dbpedia.org/resource/Cleve_Gray",
        "predicate": "http://dbpedia.org/ontology/wikiPageWikiLink",
        "object": "http://dbpedia.org/resource/Richard_Deacon_(sculptor)"
    }
]