[
    {
        "subject": "http://dbpedia.org/resource/Danelle_Bergstrom",
        "predicate": "http://dbpedia.org/ontology/wikiPageWikiLink",
        "object": "http://dbpedia.org/resource/Caio_Fonseca"
    },
    {
        "subject": "http://dbpedia.org/resource/Danelle_Bergstrom",
        "predicate": "http://dbpedia.org/ontology/wikiPageWikiLink",
        "object": "http://dbpedia.org/resource/Candida_H\u00f6fer"
    },
    {
        "subject": "http://dbpedia.org/resource/Danelle_Bergstrom",
        "predicate": "http://dbpedia.org/ontology/wikiPageWikiLink",
        "object": "http://dbpedia.org/resource/Carl_Andre"
    },
    {
        "subject": "http://dbpedia.org/resource/Danelle_Bergstrom",
        "predicate": "http://dbpedia.org/ontology/wikiPageWikiLink",
        "object": "http://dbpedia.org/resource/Carl_Michael_von_Hausswolff"
    },
    {
        "subject": "http://dbpedia.org/resource/Danelle_Bergstrom",
        "predicate": "http://dbpedia.org/ontology/wikiPageWikiLink",
        "object": "http://dbpedia.org/resource/Carole_Feuerman"
    },
    {
        "subject": "http://dbpedia.org/resource/Danelle_Bergstrom",
        "predicate": "http://dbpedia.org/ontology/wikiPageWikiLink",
        "object": "http://dbpedia.org/resource/Carolee_Schneemann"
    },
    {
        "subject": "http://dbpedia.org/resource/Danelle_Bergstrom",
        "predicate": "http://dbpedia.org/ontology/wikiPageWikiLink",
        "object": "http://dbpedia.org/resource/Carrie_Mae_Weems"
    },
    {
        "subject": "http://dbpedia.org/resource/Danelle_Bergstrom",
        "predicate": "http://dbpedia.org/ontology/wikiPageWikiLink",
        "object": "http://dbpedia.org/resource/Robert_Longo"
    },
    {
        "subject": "http://dbpedia.org/resource/Danelle_Bergstrom",
        "predicate": "http://dbpedia.org/ontology/wikiPageWikiLink",
        "object": "http://dbpedia.org/resource/Robert_Mangold"
    },
    {
        "subject": "http://dbpedia.org/resource/Danelle_Bergstrom",
        "predicate": "http://dbpedia.org/ontology/wikiPageWikiLink",
        "object": "http://dbpedia.org/resource/Robert_Mapplethorpe"
    },
    {
        "subject": "http://dbpedia.org/resource/Danelle_Bergstrom",
        "predicate": "http://dbpedia.org/ontology/wikiPageWikiLink",
        "object": "http://dbpedia.org/resource/Robert_Morris_(artist)"
    },
    {
        "subject": "http://dbpedia.org/resource/Danelle_Bergstrom",
        "predicate": "http://dbpedia.org/ontology/wikiPageWikiLink",
        "object": "http://dbpedia.org/resource/Robert_Rauschenberg"
    },
    {
        "subject": "http://dbpedia.org/resource/Danelle_Bergstrom",
        "predicate": "http://dbpedia.org/ontology/wikiPageWikiLink",
        "object": "http://dbpedia.org/resource/Robert_Smithson"
    },
    {
        "subject": "http://dbpedia.org/resource/Danelle_Bergstrom",
        "predicate": "http://dbpedia.org/ontology/wikiPageWikiLink",
        "object": "http://dbpedia.org/resource/Rodney_Graham"
    },
    {
        "subject": "http://dbpedia.org/resource/Danelle_Bergstrom",
        "predicate": "http://dbpedia.org/ontology/wikiPageWikiLink",
        "object": "http://dbpedia.org/resource/Roman_Opa\u0142ka"
    },
    {
        "subject": "http://dbpedia.org/resource/Danelle_Bergstrom",
        "predicate": "http://dbpedia.org/ontology/wikiPageWikiLink",
        "object": "http://dbpedia.org/resource/Ronald_Bladen"
    },
    {
        "subject": "http://dbpedia.org/resource/Danelle_Bergstrom",
        "predicate": "http://dbpedia.org/ontology/wikiPageWikiLink",
        "object": "http://dbpedia.org/resource/Ronald_Davis"
    },
    {
        "subject": "http://dbpedia.org/resource/Danelle_Bergstrom",
        "predicate": "http://dbpedia.org/ontology/wikiPageWikiLink",
        "object": "http://dbpedia.org/resource/Ronnie_Landfield"
    },
    {
        "subject": "http://dbpedia.org/resource/Danelle_Bergstrom",
        "predicate": "http://dbpedia.org/ontology/wikiPageWikiLink",
        "object": "http://dbpedia.org/resource/Rosemarie_Trockel"
    },
    {
        "subject": "http://dbpedia.org/resource/Danelle_Bergstrom",
        "predicate": "http://dbpedia.org/ontology/wikiPageWikiLink",
        "object": "http://dbpedia.org/resource/Roxy_Paine"
    },
    {
        "subject": "http://dbpedia.org/resource/Danelle_Bergstrom",
        "predicate": "http://dbpedia.org/ontology/wikiPageWikiLink",
        "object": "http://dbpedia.org/resource/Roy_Ascott"
    },
    {
        "subject": "http://dbpedia.org/resource/Danelle_Bergstrom",
        "predicate": "http://dbpedia.org/ontology/wikiPageWikiLink",
        "object": "http://dbpedia.org/resource/Sam_Dillemans"
    },
    {
        "subject": "http://dbpedia.org/resource/Danelle_Bergstrom",
        "predicate": "http://dbpedia.org/ontology/wikiPageWikiLink",
        "object": "http://dbpedia.org/resource/Sam_Francis"
    },
    {
        "subject": "http://dbpedia.org/resource/Danelle_Bergstrom",
        "predicate": "http://dbpedia.org/ontology/wikiPageWikiLink",
        "object": "http://dbpedia.org/resource/Sam_Gilliam"
    },
    {
        "subject": "http://dbpedia.org/resource/Danelle_Bergstrom",
        "predicate": "http://dbpedia.org/ontology/wikiPageWikiLink",
        "object": "http://dbpedia.org/resource/Sarah_Lucas"
    },
    {
        "subject": "http://dbpedia.org/resource/Danelle_Bergstrom",
        "predicate": "http://dbpedia.org/ontology/wikiPageWikiLink",
        "object": "http://dbpedia.org/resource/Sarah_Sze"
    },
    {
        "subject": "http://dbpedia.org/resource/Danelle_Bergstrom",
        "predicate": "http://dbpedia.org/ontology/wikiPageWikiLink",
        "object": "http://dbpedia.org/resource/Braco_Dimitrijevic"
    },
    {
        "subject": "http://dbpedia.org/resource/Danelle_Bergstrom",
        "predicate": "http://dbpedia.org/ontology/wikiPageWikiLink",
        "object": "http://dbpedia.org/resource/Enrico_Garff"
    },
    {
        "subject": "http://dbpedia.org/resource/Danelle_Bergstrom",
        "predicate": "http://dbpedia.org/ontology/wikiPageWikiLink",
        "object": "http://dbpedia.org/resource/Yasumasa_Morimura"
    },
    {
        "subject": "http://dbpedia.org/resource/Danelle_Bergstrom",
        "predicate": "http://dbpedia.org/ontology/wikiPageWikiLink",
        "object": "http://dbpedia.org/resource/William_Powhida"
    },
    {
        "subject": "http://dbpedia.org/resource/Danelle_Bergstrom",
        "predicate": "http://dbpedia.org/ontology/wikiPageWikiLink",
        "object": "http://dbpedia.org/resource/Sebastian_Diaz_Morales"
    },
    {
        "subject": "http://dbpedia.org/resource/Danelle_Bergstrom",
        "predicate": "http://dbpedia.org/ontology/wikiPageWikiLink",
        "object": "http://dbpedia.org/resource/Sanejouand"
    },
    {
        "subject": "http://dbpedia.org/resource/Danelle_Bergstrom",
        "predicate": "http://dbpedia.org/ontology/wikiPageWikiLink",
        "object": "http://dbpedia.org/resource/Bas_Jan_Ader"
    },
    {
        "subject": "http://dbpedia.org/resource/Danelle_Bergstrom",
        "predicate": "http://dbpedia.org/ontology/wikiPageWikiLink",
        "object": "http://dbpedia.org/resource/Ben_Enwonwu"
    },
    {
        "subject": "http://dbpedia.org/resource/Danelle_Bergstrom",
        "predicate": "http://dbpedia.org/ontology/wikiPageWikiLink",
        "object": "http://dbpedia.org/resource/Bill_Viola"
    },
    {
        "subject": "http://dbpedia.org/resource/Danelle_Bergstrom",
        "predicate": "http://dbpedia.org/ontology/wikiPageWikiLink",
        "object": "http://dbpedia.org/resource/Bob_and_Roberta_Smith"
    },
    {
        "subject": "http://dbpedia.org/resource/Danelle_Bergstrom",
        "predicate": "http://dbpedia.org/ontology/wikiPageWikiLink",
        "object": "http://dbpedia.org/resource/Brian_Clarke"
    },
    {
        "subject": "http://dbpedia.org/resource/Danelle_Bergstrom",
        "predicate": "http://dbpedia.org/ontology/wikiPageWikiLink",
        "object": "http://dbpedia.org/resource/Brice_Marden"
    },
    {
        "subject": "http://dbpedia.org/resource/Danelle_Bergstrom",
        "predicate": "http://dbpedia.org/ontology/wikiPageWikiLink",
        "object": "http://dbpedia.org/resource/David_Blatherwick_(artist)"
    },
    {
        "subject": "http://dbpedia.org/resource/Danelle_Bergstrom",
        "predicate": "http://dbpedia.org/ontology/wikiPageWikiLink",
        "object": "http://dbpedia.org/resource/David_Hall_(video_artist)"
    },
    {
        "subject": "http://dbpedia.org/resource/Danelle_Bergstrom",
        "predicate": "http://dbpedia.org/ontology/wikiPageWikiLink",
        "object": "http://dbpedia.org/resource/David_Hockney"
    },
    {
        "subject": "http://dbpedia.org/resource/Danelle_Bergstrom",
        "predicate": "http://dbpedia.org/ontology/wikiPageWikiLink",
        "object": "http://dbpedia.org/resource/David_LaChapelle"
    },
    {
        "subject": "http://dbpedia.org/resource/Danelle_Bergstrom",
        "predicate": "http://dbpedia.org/ontology/wikiPageWikiLink",
        "object": "http://dbpedia.org/resource/David_Salle"
    },
    {
        "subject": "http://dbpedia.org/resource/Danelle_Bergstrom",
        "predicate": "http://dbpedia.org/ontology/wikiPageWikiLink",
        "object": "http://dbpedia.org/resource/Deborah_Butterfield"
    },
    {
        "subject": "http://dbpedia.org/resource/Danelle_Bergstrom",
        "predicate": "http://dbpedia.org/ontology/wikiPageWikiLink",
        "object": "http://dbpedia.org/resource/Dennis_Oppenheim"
    },
    {
        "subject": "http://dbpedia.org/resource/Danelle_Bergstrom",
        "predicate": "http://dbpedia.org/ontology/wikiPageWikiLink",
        "object": "http://dbpedia.org/resource/Antoni_Muntadas"
    },
    {
        "subject": "http://dbpedia.org/resource/Danelle_Bergstrom",
        "predicate": "http://dbpedia.org/ontology/wikiPageWikiLink",
        "object": "http://dbpedia.org/resource/Howard_Hodgkin"
    },
    {
        "subject": "http://dbpedia.org/resource/Danelle_Bergstrom",
        "predicate": "http://dbpedia.org/ontology/wikiPageWikiLink",
        "object": "http://dbpedia.org/resource/Hugo_Heyrman"
    },
    {
        "subject": "http://dbpedia.org/resource/Danelle_Bergstrom",
        "predicate": "http://dbpedia.org/ontology/wikiPageWikiLink",
        "object": "http://dbpedia.org/resource/John_Nieto"
    },
    {
        "subject": "http://dbpedia.org/resource/Danelle_Bergstrom",
        "predicate": "http://dbpedia.org/ontology/wikiPageWikiLink",
        "object": "http://dbpedia.org/resource/Joseph_Beuys"
    },
    {
        "subject": "http://dbpedia.org/resource/Danelle_Bergstrom",
        "predicate": "http://dbpedia.org/ontology/wikiPageWikiLink",
        "object": "http://dbpedia.org/resource/Josignacio"
    },
    {
        "subject": "http://dbpedia.org/resource/Danelle_Bergstrom",
        "predicate": "http://dbpedia.org/ontology/wikiPageWikiLink",
        "object": "http://dbpedia.org/resource/Jos\u00e9_Bernal"
    },
    {
        "subject": "http://dbpedia.org/resource/Danelle_Bergstrom",
        "predicate": "http://dbpedia.org/ontology/wikiPageWikiLink",
        "object": "http://dbpedia.org/resource/Judy_Chicago"
    },
    {
        "subject": "http://dbpedia.org/resource/Danelle_Bergstrom",
        "predicate": "http://dbpedia.org/ontology/wikiPageWikiLink",
        "object": "http://dbpedia.org/resource/Jules_Olitski"
    },
    {
        "subject": "http://dbpedia.org/resource/Danelle_Bergstrom",
        "predicate": "http://dbpedia.org/ontology/wikiPageWikiLink",
        "object": "http://dbpedia.org/resource/Julian_Opie"
    },
    {
        "subject": "http://dbpedia.org/resource/Danelle_Bergstrom",
        "predicate": "http://dbpedia.org/ontology/wikiPageWikiLink",
        "object": "http://dbpedia.org/resource/Julian_Schnabel"
    },
    {
        "subject": "http://dbpedia.org/resource/Danelle_Bergstrom",
        "predicate": "http://dbpedia.org/ontology/wikiPageWikiLink",
        "object": "http://dbpedia.org/resource/Pat_Steir"
    },
    {
        "subject": "http://dbpedia.org/resource/Danelle_Bergstrom",
        "predicate": "http://dbpedia.org/ontology/wikiPageWikiLink",
        "object": "http://dbpedia.org/resource/Paul_Henry_Ramirez"
    },
    {
        "subject": "http://dbpedia.org/resource/Danelle_Bergstrom",
        "predicate": "http://dbpedia.org/ontology/wikiPageWikiLink",
        "object": "http://dbpedia.org/resource/Paul_McCarthy"
    },
    {
        "subject": "http://dbpedia.org/resource/Danelle_Bergstrom",
        "predicate": "http://dbpedia.org/ontology/wikiPageWikiLink",
        "object": "http://dbpedia.org/resource/Paul_Thek"
    },
    {
        "subject": "http://dbpedia.org/resource/Danelle_Bergstrom",
        "predicate": "http://dbpedia.org/ontology/wikiPageWikiLink",
        "object": "http://dbpedia.org/resource/Paula_Rego"
    },
    {
        "subject": "http://dbpedia.org/resource/Danelle_Bergstrom",
        "predicate": "http://dbpedia.org/ontology/wikiPageWikiLink",
        "object": "http://dbpedia.org/resource/Peter_Doig"
    },
    {
        "subject": "http://dbpedia.org/resource/Danelle_Bergstrom",
        "predicate": "http://dbpedia.org/ontology/wikiPageWikiLink",
        "object": "http://dbpedia.org/resource/Peter_Howson"
    },
    {
        "subject": "http://dbpedia.org/resource/Danelle_Bergstrom",
        "predicate": "http://dbpedia.org/ontology/wikiPageWikiLink",
        "object": "http://dbpedia.org/resource/Peter_Reginato"
    },
    {
        "subject": "http://dbpedia.org/resource/Danelle_Bergstrom",
        "predicate": "http://dbpedia.org/ontology/wikiPageWikiLink",
        "object": "http://dbpedia.org/resource/Peter_Voulkos"
    },
    {
        "subject": "http://dbpedia.org/resource/Danelle_Bergstrom",
        "predicate": "http://dbpedia.org/ontology/wikiPageWikiLink",
        "object": "http://dbpedia.org/resource/Peter_Young_(artist)"
    },
    {
        "subject": "http://dbpedia.org/resource/Danelle_Bergstrom",
        "predicate": "http://dbpedia.org/ontology/wikiPageWikiLink",
        "object": "http://dbpedia.org/resource/Petrit_Halilaj"
    },
    {
        "subject": "http://dbpedia.org/resource/Danelle_Bergstrom",
        "predicate": "http://dbpedia.org/ontology/wikiPageWikiLink",
        "object": "http://dbpedia.org/resource/Ricardo_Estanislao_Zulueta"
    },
    {
        "subject": "http://dbpedia.org/resource/Danelle_Bergstrom",
        "predicate": "http://dbpedia.org/ontology/wikiPageWikiLink",
        "object": "http://dbpedia.org/resource/Richard_Artschwager"
    },
    {
        "subject": "http://dbpedia.org/resource/Danelle_Bergstrom",
        "predicate": "http://dbpedia.org/ontology/wikiPageWikiLink",
        "object": "http://dbpedia.org/resource/Richard_Deacon_(sculptor)"
    },
    {
        "subject": "http://dbpedia.org/resource/Danelle_Bergstrom",
        "predicate": "http://dbpedia.org/ontology/wikiPageWikiLink",
        "object": "http://dbpedia.org/resource/Richard_Diebenkorn"
    },
    {
        "subject": "http://dbpedia.org/resource/Danelle_Bergstrom",
        "predicate": "http://dbpedia.org/ontology/wikiPageWikiLink",
        "object": "http://dbpedia.org/resource/Richard_Hamilton_(artist)"
    },
    {
        "subject": "http://dbpedia.org/resource/Danelle_Bergstrom",
        "predicate": "http://dbpedia.org/ontology/wikiPageWikiLink",
        "object": "http://dbpedia.org/resource/Richard_Long_(artist)"
    },
    {
        "subject": "http://dbpedia.org/resource/Danelle_Bergstrom",
        "predicate": "http://dbpedia.org/ontology/wikiPageWikiLink",
        "object": "http://dbpedia.org/resource/Richard_Prince"
    },
    {
        "subject": "http://dbpedia.org/resource/Danelle_Bergstrom",
        "predicate": "http://dbpedia.org/ontology/wikiPageWikiLink",
        "object": "http://dbpedia.org/resource/Richard_Serra"
    },
    {
        "subject": "http://dbpedia.org/resource/Danelle_Bergstrom",
        "predicate": "http://dbpedia.org/ontology/wikiPageWikiLink",
        "object": "http://dbpedia.org/resource/Richard_Tuttle"
    },
    {
        "subject": "http://dbpedia.org/resource/Danelle_Bergstrom",
        "predicate": "http://dbpedia.org/ontology/wikiPageWikiLink",
        "object": "http://dbpedia.org/resource/Richard_Wilson_(sculptor)"
    },
    {
        "subject": "http://dbpedia.org/resource/Danelle_Bergstrom",
        "predicate": "http://dbpedia.org/ontology/wikiPageWikiLink",
        "object": "http://dbpedia.org/resource/Rineke_Dijkstra"
    },
    {
        "subject": "http://dbpedia.org/resource/Danelle_Bergstrom",
        "predicate": "http://dbpedia.org/ontology/wikiPageWikiLink",
        "object": "http://dbpedia.org/resource/Rita_Ackermann"
    },
    {
        "subject": "http://dbpedia.org/resource/Danelle_Bergstrom",
        "predicate": "http://dbpedia.org/ontology/wikiPageWikiLink",
        "object": "http://dbpedia.org/resource/Robert_Colescott"
    },
    {
        "subject": "http://dbpedia.org/resource/Danelle_Bergstrom",
        "predicate": "http://dbpedia.org/ontology/wikiPageWikiLink",
        "object": "http://dbpedia.org/resource/Robert_Gober"
    },
    {
        "subject": "http://dbpedia.org/resource/Danelle_Bergstrom",
        "predicate": "http://dbpedia.org/ontology/wikiPageWikiLink",
        "object": "http://dbpedia.org/resource/Robert_Goodnough"
    },
    {
        "subject": "http://dbpedia.org/resource/Danelle_Bergstrom",
        "predicate": "http://dbpedia.org/ontology/wikiPageWikiLink",
        "object": "http://dbpedia.org/resource/Robert_Graham_(sculptor)"
    },
    {
        "subject": "http://dbpedia.org/resource/Danelle_Bergstrom",
        "predicate": "http://dbpedia.org/ontology/wikiPageWikiLink",
        "object": "http://dbpedia.org/resource/Robert_Lazzarini"
    },
    {
        "subject": "http://dbpedia.org/resource/Danelle_Bergstrom",
        "predicate": "http://dbpedia.org/ontology/wikiPageWikiLink",
        "object": "http://dbpedia.org/resource/Charles_Hinman"
    },
    {
        "subject": "http://dbpedia.org/resource/Danelle_Bergstrom",
        "predicate": "http://dbpedia.org/ontology/wikiPageWikiLink",
        "object": "http://dbpedia.org/resource/DOT_DOT_DOT_(artist)"
    },
    {
        "subject": "http://dbpedia.org/resource/Danelle_Bergstrom",
        "predicate": "http://dbpedia.org/ontology/wikiPageWikiLink",
        "object": "http://dbpedia.org/resource/Valie_Export"
    },
    {
        "subject": "http://dbpedia.org/resource/Danelle_Bergstrom",
        "predicate": "http://dbpedia.org/ontology/wikiPageWikiLink",
        "object": "http://dbpedia.org/resource/Vanessa_Beecroft"
    },
    {
        "subject": "http://dbpedia.org/resource/Danelle_Bergstrom",
        "predicate": "http://dbpedia.org/ontology/wikiPageWikiLink",
        "object": "http://dbpedia.org/resource/Vija_Celmins"
    },
    {
        "subject": "http://dbpedia.org/resource/Danelle_Bergstrom",
        "predicate": "http://dbpedia.org/ontology/wikiPageWikiLink",
        "object": "http://dbpedia.org/resource/Vik_Muniz"
    },
    {
        "subject": "http://dbpedia.org/resource/Danelle_Bergstrom",
        "predicate": "http://dbpedia.org/ontology/wikiPageWikiLink",
        "object": "http://dbpedia.org/resource/Vikky_Alexander"
    },
    {
        "subject": "http://dbpedia.org/resource/Danelle_Bergstrom",
        "predicate": "http://dbpedia.org/ontology/wikiPageWikiLink",
        "object": "http://dbpedia.org/resource/Vito_Acconci"
    },
    {
        "subject": "http://dbpedia.org/resource/Danelle_Bergstrom",
        "predicate": "http://dbpedia.org/ontology/wikiPageWikiLink",
        "object": "http://dbpedia.org/resource/David_Simpson_(artist)"
    },
    {
        "subject": "http://dbpedia.org/resource/Danelle_Bergstrom",
        "predicate": "http://dbpedia.org/ontology/wikiPageWikiLink",
        "object": "http://dbpedia.org/resource/Deborah_Kass"
    },
    {
        "subject": "http://dbpedia.org/resource/Danelle_Bergstrom",
        "predicate": "http://dbpedia.org/ontology/wikiPageWikiLink",
        "object": "http://dbpedia.org/resource/Jake_and_Dinos_Chapman"
    },
    {
        "subject": "http://dbpedia.org/resource/Danelle_Bergstrom",
        "predicate": "http://dbpedia.org/ontology/wikiPageWikiLink",
        "object": "http://dbpedia.org/resource/Joel_Shapiro"
    },
    {
        "subject": "http://dbpedia.org/resource/Danelle_Bergstrom",
        "predicate": "http://dbpedia.org/ontology/wikiPageWikiLink",
        "object": "http://dbpedia.org/resource/John_Armleder"
    },
    {
        "subject": "http://dbpedia.org/resource/Danelle_Bergstrom",
        "predicate": "http://dbpedia.org/ontology/wikiPageWikiLink",
        "object": "http://dbpedia.org/resource/List_of_modern_artists"
    },
    {
        "subject": "http://dbpedia.org/resource/Danelle_Bergstrom",
        "predicate": "http://dbpedia.org/ontology/wikiPageWikiLink",
        "object": "http://dbpedia.org/resource/List_of_sculptors"
    },
    {
        "subject": "http://dbpedia.org/resource/Danelle_Bergstrom",
        "predicate": "http://dbpedia.org/ontology/wikiPageWikiLink",
        "object": "http://dbpedia.org/resource/Nuno_de_Campos"
    }
]