[
    {
        "subject": "http://dbpedia.org/resource/Eija-Liisa_Ahtila",
        "predicate": "http://dbpedia.org/ontology/wikiPageWikiLink",
        "object": "http://dbpedia.org/resource/A_K_Dolven"
    },
    {
        "subject": "http://dbpedia.org/resource/Eija-Liisa_Ahtila",
        "predicate": "http://dbpedia.org/ontology/wikiPageWikiLink",
        "object": "http://dbpedia.org/resource/Prince_Carl_Medal"
    },
    {
        "subject": "http://dbpedia.org/resource/Eija-Liisa_Ahtila",
        "predicate": "http://dbpedia.org/ontology/wikiPageWikiLink",
        "object": "http://dbpedia.org/resource/Prince_Eugen,_Duke_of_N\u00e4rke"
    },
    {
        "subject": "http://dbpedia.org/resource/Eija-Liisa_Ahtila",
        "predicate": "http://dbpedia.org/ontology/wikiPageWikiLink",
        "object": "http://dbpedia.org/resource/Elis_Eriksson"
    },
    {
        "subject": "http://dbpedia.org/resource/Eija-Liisa_Ahtila",
        "predicate": "http://dbpedia.org/ontology/wikiPageWikiLink",
        "object": "http://dbpedia.org/resource/Endre_Nemes"
    },
    {
        "subject": "http://dbpedia.org/resource/Eija-Liisa_Ahtila",
        "predicate": "http://dbpedia.org/ontology/wikiPageWikiLink",
        "object": "http://dbpedia.org/resource/Ursula_Munch-Petersen"
    },
    {
        "subject": "http://dbpedia.org/resource/Eija-Liisa_Ahtila",
        "predicate": "http://dbpedia.org/ontology/wikiPageWikiLink",
        "object": "http://dbpedia.org/resource/Bengt_Lindroos"
    },
    {
        "subject": "http://dbpedia.org/resource/Eija-Liisa_Ahtila",
        "predicate": "http://dbpedia.org/ontology/wikiPageWikiLink",
        "object": "http://dbpedia.org/resource/Benny_Motzfeldt"
    },
    {
        "subject": "http://dbpedia.org/resource/Eija-Liisa_Ahtila",
        "predicate": "http://dbpedia.org/ontology/wikiPageWikiLink",
        "object": "http://dbpedia.org/resource/Birger_Kaipiainen"
    },
    {
        "subject": "http://dbpedia.org/resource/Eija-Liisa_Ahtila",
        "predicate": "http://dbpedia.org/ontology/wikiPageWikiLink",
        "object": "http://dbpedia.org/resource/Annika_Ekdahl"
    },
    {
        "subject": "http://dbpedia.org/resource/Eija-Liisa_Ahtila",
        "predicate": "http://dbpedia.org/ontology/wikiPageWikiLink",
        "object": "http://dbpedia.org/resource/Juha_Leivisk\u00e4"
    },
    {
        "subject": "http://dbpedia.org/resource/Eija-Liisa_Ahtila",
        "predicate": "http://dbpedia.org/ontology/wikiPageWikiLink",
        "object": "http://dbpedia.org/resource/Pentti_Kaskipuro"
    },
    {
        "subject": "http://dbpedia.org/resource/Eija-Liisa_Ahtila",
        "predicate": "http://dbpedia.org/ontology/wikiPageWikiLink",
        "object": "http://dbpedia.org/resource/Per_Inge_Bj\u00f8rlo"
    },
    {
        "subject": "http://dbpedia.org/resource/Eija-Liisa_Ahtila",
        "predicate": "http://dbpedia.org/ontology/wikiPageWikiLink",
        "object": "http://dbpedia.org/resource/Per_Kirkeby"
    },
    {
        "subject": "http://dbpedia.org/resource/Eija-Liisa_Ahtila",
        "predicate": "http://dbpedia.org/ontology/wikiPageWikiLink",
        "object": "http://dbpedia.org/resource/Robert_Jacobsen"
    },
    {
        "subject": "http://dbpedia.org/resource/Eija-Liisa_Ahtila",
        "predicate": "http://dbpedia.org/ontology/wikiPageWikiLink",
        "object": "http://dbpedia.org/resource/C.Th._S\u00f8rensen"
    },
    {
        "subject": "http://dbpedia.org/resource/Eija-Liisa_Ahtila",
        "predicate": "http://dbpedia.org/ontology/wikiPageWikiLink",
        "object": "http://dbpedia.org/resource/Vibeke_Klint"
    },
    {
        "subject": "http://dbpedia.org/resource/Eija-Liisa_Ahtila",
        "predicate": "http://dbpedia.org/ontology/wikiPageWikiLink",
        "object": "http://dbpedia.org/resource/Viljo_Revell"
    },
    {
        "subject": "http://dbpedia.org/resource/Eija-Liisa_Ahtila",
        "predicate": "http://dbpedia.org/ontology/wikiPageWikiLink",
        "object": "http://dbpedia.org/resource/Viola_Gr\u00e5sten"
    },
    {
        "subject": "http://dbpedia.org/resource/Eija-Liisa_Ahtila",
        "predicate": "http://dbpedia.org/ontology/wikiPageWikiLink",
        "object": "http://dbpedia.org/resource/Dora_Jung"
    },
    {
        "subject": "http://dbpedia.org/resource/Eija-Liisa_Ahtila",
        "predicate": "http://dbpedia.org/ontology/wikiPageWikiLink",
        "object": "http://dbpedia.org/resource/Ingrid_Dessau"
    },
    {
        "subject": "http://dbpedia.org/resource/Eija-Liisa_Ahtila",
        "predicate": "http://dbpedia.org/ontology/wikiPageWikiLink",
        "object": "http://dbpedia.org/resource/Ivar_Tengbom"
    },
    {
        "subject": "http://dbpedia.org/resource/Eija-Liisa_Ahtila",
        "predicate": "http://dbpedia.org/ontology/wikiPageWikiLink",
        "object": "http://dbpedia.org/resource/Jan_Groth"
    },
    {
        "subject": "http://dbpedia.org/resource/Eija-Liisa_Ahtila",
        "predicate": "http://dbpedia.org/ontology/wikiPageWikiLink",
        "object": "http://dbpedia.org/resource/John-Erik_Franz\u00e9n"
    },
    {
        "subject": "http://dbpedia.org/resource/Eija-Liisa_Ahtila",
        "predicate": "http://dbpedia.org/ontology/wikiPageWikiLink",
        "object": "http://dbpedia.org/resource/Lena_Cronqvist"
    },
    {
        "subject": "http://dbpedia.org/resource/Eija-Liisa_Ahtila",
        "predicate": "http://dbpedia.org/ontology/wikiPageWikiLink",
        "object": "http://dbpedia.org/resource/Olafur_Eliasson"
    },
    {
        "subject": "http://dbpedia.org/resource/Eija-Liisa_Ahtila",
        "predicate": "http://dbpedia.org/ontology/wikiPageWikiLink",
        "object": "http://dbpedia.org/resource/Paul_Osipow"
    },
    {
        "subject": "http://dbpedia.org/resource/Eija-Liisa_Ahtila",
        "predicate": "http://dbpedia.org/ontology/wikiPageWikiLink",
        "object": "http://dbpedia.org/resource/Category:Awards_established_in_1945"
    },
    {
        "subject": "http://dbpedia.org/resource/Eija-Liisa_Ahtila",
        "predicate": "http://dbpedia.org/ontology/wikiPageWikiLink",
        "object": "http://dbpedia.org/resource/Medal"
    },
    {
        "subject": "http://dbpedia.org/resource/Eija-Liisa_Ahtila",
        "predicate": "http://dbpedia.org/ontology/wikiPageWikiLink",
        "object": "http://dbpedia.org/resource/Err\u00f3"
    },
    {
        "subject": "http://dbpedia.org/resource/Eija-Liisa_Ahtila",
        "predicate": "http://dbpedia.org/ontology/wikiPageWikiLink",
        "object": "http://dbpedia.org/resource/Richard_Winther"
    },
    {
        "subject": "http://dbpedia.org/resource/Eija-Liisa_Ahtila",
        "predicate": "http://dbpedia.org/ontology/wikiPageWikiLink",
        "object": "http://dbpedia.org/resource/Alf_Rolfsen"
    },
    {
        "subject": "http://dbpedia.org/resource/Eija-Liisa_Ahtila",
        "predicate": "http://dbpedia.org/ontology/wikiPageWikiLink",
        "object": "http://dbpedia.org/resource/Egill_Jacobsen"
    },
    {
        "subject": "http://dbpedia.org/resource/Eija-Liisa_Ahtila",
        "predicate": "http://dbpedia.org/ontology/wikiPageWikiLink",
        "object": "http://dbpedia.org/resource/Eija-Liisa_Ahtila"
    },
    {
        "subject": "http://dbpedia.org/resource/Eija-Liisa_Ahtila",
        "predicate": "http://dbpedia.org/ontology/wikiPageWikiLink",
        "object": "http://dbpedia.org/resource/Einar_Jolin"
    },
    {
        "subject": "http://dbpedia.org/resource/Eija-Liisa_Ahtila",
        "predicate": "http://dbpedia.org/ontology/wikiPageWikiLink",
        "object": "http://dbpedia.org/resource/Einar_J\u00f3nsson"
    },
    {
        "subject": "http://dbpedia.org/resource/Eija-Liisa_Ahtila",
        "predicate": "http://dbpedia.org/ontology/wikiPageWikiLink",
        "object": "http://dbpedia.org/resource/Gerhard_Henning"
    },
    {
        "subject": "http://dbpedia.org/resource/Eija-Liisa_Ahtila",
        "predicate": "http://dbpedia.org/ontology/wikiPageWikiLink",
        "object": "http://dbpedia.org/resource/Gert_Marcus"
    },
    {
        "subject": "http://dbpedia.org/resource/Eija-Liisa_Ahtila",
        "predicate": "http://dbpedia.org/ontology/wikiPageWikiLink",
        "object": "http://dbpedia.org/resource/Gert_Wing\u00e5rdh"
    },
    {
        "subject": "http://dbpedia.org/resource/Eija-Liisa_Ahtila",
        "predicate": "http://dbpedia.org/ontology/wikiPageWikiLink",
        "object": "http://dbpedia.org/resource/Eric_Grate"
    },
    {
        "subject": "http://dbpedia.org/resource/Eija-Liisa_Ahtila",
        "predicate": "http://dbpedia.org/ontology/wikiPageWikiLink",
        "object": "http://dbpedia.org/resource/Erik_Asmussen"
    },
    {
        "subject": "http://dbpedia.org/resource/Eija-Liisa_Ahtila",
        "predicate": "http://dbpedia.org/ontology/wikiPageWikiLink",
        "object": "http://dbpedia.org/resource/Erik_Lindberg"
    },
    {
        "subject": "http://dbpedia.org/resource/Eija-Liisa_Ahtila",
        "predicate": "http://dbpedia.org/ontology/wikiPageWikiLink",
        "object": "http://dbpedia.org/resource/Erik_Olson"
    },
    {
        "subject": "http://dbpedia.org/resource/Eija-Liisa_Ahtila",
        "predicate": "http://dbpedia.org/ontology/wikiPageWikiLink",
        "object": "http://dbpedia.org/resource/Erik_Thommesen"
    },
    {
        "subject": "http://dbpedia.org/resource/Eija-Liisa_Ahtila",
        "predicate": "http://dbpedia.org/ontology/wikiPageWikiLink",
        "object": "http://dbpedia.org/resource/Martti_Aiha"
    },
    {
        "subject": "http://dbpedia.org/resource/Eija-Liisa_Ahtila",
        "predicate": "http://dbpedia.org/ontology/wikiPageWikiLink",
        "object": "http://dbpedia.org/resource/Richard_Mortensen"
    },
    {
        "subject": "http://dbpedia.org/resource/Eija-Liisa_Ahtila",
        "predicate": "http://dbpedia.org/ontology/wikiPageWikiLink",
        "object": "http://dbpedia.org/resource/Orders,_decorations,_and_medals_of_Sweden"
    },
    {
        "subject": "http://dbpedia.org/resource/Eija-Liisa_Ahtila",
        "predicate": "http://dbpedia.org/ontology/wikiPageWikiLink",
        "object": "http://dbpedia.org/resource/Lennart_Nilsson"
    },
    {
        "subject": "http://dbpedia.org/resource/Eija-Liisa_Ahtila",
        "predicate": "http://dbpedia.org/ontology/wikiPageWikiLink",
        "object": "http://dbpedia.org/resource/Lennart_Rodhe"
    },
    {
        "subject": "http://dbpedia.org/resource/Eija-Liisa_Ahtila",
        "predicate": "http://dbpedia.org/ontology/wikiPageWikiLink",
        "object": "http://dbpedia.org/resource/Louise_Campbell_(designer)"
    },
    {
        "subject": "http://dbpedia.org/resource/Eija-Liisa_Ahtila",
        "predicate": "http://dbpedia.org/ontology/wikiPageWikiLink",
        "object": "http://dbpedia.org/resource/Louise_Hindsgavl"
    },
    {
        "subject": "http://dbpedia.org/resource/Eija-Liisa_Ahtila",
        "predicate": "http://dbpedia.org/ontology/wikiPageWikiLink",
        "object": "http://dbpedia.org/resource/Magn\u00fas_P\u00e1lsson"
    },
    {
        "subject": "http://dbpedia.org/resource/Eija-Liisa_Ahtila",
        "predicate": "http://dbpedia.org/ontology/wikiPageWikiLink",
        "object": "http://dbpedia.org/resource/Sigrid_Schauman"
    },
    {
        "subject": "http://dbpedia.org/resource/Eija-Liisa_Ahtila",
        "predicate": "http://dbpedia.org/ontology/wikiPageWikiLink",
        "object": "http://dbpedia.org/resource/Sigvard_Bernadotte"
    },
    {
        "subject": "http://dbpedia.org/resource/Eija-Liisa_Ahtila",
        "predicate": "http://dbpedia.org/ontology/wikiPageWikiLink",
        "object": "http://dbpedia.org/resource/Siri_Derkert"
    },
    {
        "subject": "http://dbpedia.org/resource/Eija-Liisa_Ahtila",
        "predicate": "http://dbpedia.org/ontology/wikiPageWikiLink",
        "object": "http://dbpedia.org/resource/Stig_Claesson"
    },
    {
        "subject": "http://dbpedia.org/resource/Eija-Liisa_Ahtila",
        "predicate": "http://dbpedia.org/ontology/wikiPageWikiLink",
        "object": "http://dbpedia.org/resource/Hakon_Ahlberg"
    },
    {
        "subject": "http://dbpedia.org/resource/Eija-Liisa_Ahtila",
        "predicate": "http://dbpedia.org/ontology/wikiPageWikiLink",
        "object": "http://dbpedia.org/resource/Harry_Kivij\u00e4rvi"
    },
    {
        "subject": "http://dbpedia.org/resource/Eija-Liisa_Ahtila",
        "predicate": "http://dbpedia.org/ontology/wikiPageWikiLink",
        "object": "http://dbpedia.org/resource/Kristian_Gullichsen"
    },
    {
        "subject": "http://dbpedia.org/resource/Eija-Liisa_Ahtila",
        "predicate": "http://dbpedia.org/ontology/wikiPageWikiLink",
        "object": "http://dbpedia.org/resource/Reidar_Aulie"
    },
    {
        "subject": "http://dbpedia.org/resource/Eija-Liisa_Ahtila",
        "predicate": "http://dbpedia.org/ontology/wikiPageWikiLink",
        "object": "http://dbpedia.org/resource/Max_Walter_Svanberg"
    },
    {
        "subject": "http://dbpedia.org/resource/Eija-Liisa_Ahtila",
        "predicate": "http://dbpedia.org/ontology/wikiPageWikiLink",
        "object": "http://dbpedia.org/resource/Sven_Markelius"
    },
    {
        "subject": "http://dbpedia.org/resource/Eija-Liisa_Ahtila",
        "predicate": "http://dbpedia.org/ontology/wikiPageWikiLink",
        "object": "http://dbpedia.org/resource/Svend_Wiig_Hansen"
    },
    {
        "subject": "http://dbpedia.org/resource/Eija-Liisa_Ahtila",
        "predicate": "http://dbpedia.org/ontology/wikiPageWikiLink",
        "object": "http://dbpedia.org/resource/Axel_Nilsson"
    },
    {
        "subject": "http://dbpedia.org/resource/Eija-Liisa_Ahtila",
        "predicate": "http://dbpedia.org/ontology/wikiPageWikiLink",
        "object": "http://dbpedia.org/resource/Axel_Salto"
    },
    {
        "subject": "http://dbpedia.org/resource/Eija-Liisa_Ahtila",
        "predicate": "http://dbpedia.org/ontology/wikiPageWikiLink",
        "object": "http://dbpedia.org/resource/B\u00e5rd_Breivik"
    },
    {
        "subject": "http://dbpedia.org/resource/Eija-Liisa_Ahtila",
        "predicate": "http://dbpedia.org/ontology/wikiPageWikiLink",
        "object": "http://dbpedia.org/resource/Adam_Fischer_(sculptor)"
    },
    {
        "subject": "http://dbpedia.org/resource/Eija-Liisa_Ahtila",
        "predicate": "http://dbpedia.org/ontology/wikiPageWikiLink",
        "object": "http://dbpedia.org/resource/Tone_Vigeland"
    },
    {
        "subject": "http://dbpedia.org/resource/Eija-Liisa_Ahtila",
        "predicate": "http://dbpedia.org/ontology/wikiPageWikiLink",
        "object": "http://dbpedia.org/resource/Tor_Bjurstr\u00f6m"
    },
    {
        "subject": "http://dbpedia.org/resource/Eija-Liisa_Ahtila",
        "predicate": "http://dbpedia.org/ontology/wikiPageWikiLink",
        "object": "http://dbpedia.org/resource/Torsten_Andersson"
    },
    {
        "subject": "http://dbpedia.org/resource/Eija-Liisa_Ahtila",
        "predicate": "http://dbpedia.org/ontology/wikiPageWikiLink",
        "object": "http://dbpedia.org/resource/Helena_Hernmarck"
    },
    {
        "subject": "http://dbpedia.org/resource/Eija-Liisa_Ahtila",
        "predicate": "http://dbpedia.org/ontology/wikiPageWikiLink",
        "object": "http://dbpedia.org/resource/Jane_Reumert"
    },
    {
        "subject": "http://dbpedia.org/resource/Eija-Liisa_Ahtila",
        "predicate": "http://dbpedia.org/ontology/wikiPageWikiLink",
        "object": "http://dbpedia.org/resource/Jockum_Nordstr\u00f6m"
    },
    {
        "subject": "http://dbpedia.org/resource/Eija-Liisa_Ahtila",
        "predicate": "http://dbpedia.org/ontology/wikiPageWikiLink",
        "object": "http://dbpedia.org/resource/Lars-Gunnar_Nordstr\u00f6m"
    },
    {
        "subject": "http://dbpedia.org/resource/Eija-Liisa_Ahtila",
        "predicate": "http://dbpedia.org/ontology/wikiPageWikiLink",
        "object": "http://dbpedia.org/resource/Lars_Englund"
    },
    {
        "subject": "http://dbpedia.org/resource/Eija-Liisa_Ahtila",
        "predicate": "http://dbpedia.org/ontology/wikiPageWikiLink",
        "object": "http://dbpedia.org/resource/Lars_Israel_Wahlman"
    },
    {
        "subject": "http://dbpedia.org/resource/Eija-Liisa_Ahtila",
        "predicate": "http://dbpedia.org/ontology/wikiPageWikiLink",
        "object": "http://dbpedia.org/resource/Liss_Eriksson"
    },
    {
        "subject": "http://dbpedia.org/resource/Eija-Liisa_Ahtila",
        "predicate": "http://dbpedia.org/ontology/wikiPageWikiLink",
        "object": "http://dbpedia.org/resource/Gustaf_V_of_Sweden"
    },
    {
        "subject": "http://dbpedia.org/resource/Eija-Liisa_Ahtila",
        "predicate": "http://dbpedia.org/ontology/wikiPageWikiLink",
        "object": "http://dbpedia.org/resource/Alvar_Aalto"
    },
    {
        "subject": "http://dbpedia.org/resource/Eija-Liisa_Ahtila",
        "predicate": "http://dbpedia.org/ontology/wikiPageWikiLink",
        "object": "http://dbpedia.org/resource/Eva_Lange"
    },
    {
        "subject": "http://dbpedia.org/resource/Eija-Liisa_Ahtila",
        "predicate": "http://dbpedia.org/ontology/wikiPageWikiLink",
        "object": "http://dbpedia.org/resource/Barbro_Nilsson"
    },
    {
        "subject": "http://dbpedia.org/resource/Eija-Liisa_Ahtila",
        "predicate": "http://dbpedia.org/ontology/wikiPageWikiLink",
        "object": "http://dbpedia.org/resource/Bror_Hjorth"
    },
    {
        "subject": "http://dbpedia.org/resource/Eija-Liisa_Ahtila",
        "predicate": "http://dbpedia.org/ontology/wikiPageWikiLink",
        "object": "http://dbpedia.org/resource/Carl-Henning_Pedersen"
    },
    {
        "subject": "http://dbpedia.org/resource/Eija-Liisa_Ahtila",
        "predicate": "http://dbpedia.org/ontology/wikiPageWikiLink",
        "object": "http://dbpedia.org/resource/Carl_Eldh"
    },
    {
        "subject": "http://dbpedia.org/resource/Eija-Liisa_Ahtila",
        "predicate": "http://dbpedia.org/ontology/wikiPageWikiLink",
        "object": "http://dbpedia.org/resource/Carl_Fredrik_Reutersw\u00e4rd"
    },
    {
        "subject": "http://dbpedia.org/resource/Eija-Liisa_Ahtila",
        "predicate": "http://dbpedia.org/ontology/wikiPageWikiLink",
        "object": "http://dbpedia.org/resource/Carl_Malmsten"
    },
    {
        "subject": "http://dbpedia.org/resource/Eija-Liisa_Ahtila",
        "predicate": "http://dbpedia.org/ontology/wikiPageWikiLink",
        "object": "http://dbpedia.org/resource/Carl_Milles"
    },
    {
        "subject": "http://dbpedia.org/resource/Eija-Liisa_Ahtila",
        "predicate": "http://dbpedia.org/ontology/wikiPageWikiLink",
        "object": "http://dbpedia.org/resource/Carl_Nyr\u00e9n"
    },
    {
        "subject": "http://dbpedia.org/resource/Eija-Liisa_Ahtila",
        "predicate": "http://dbpedia.org/ontology/wikiPageWikiLink",
        "object": "http://dbpedia.org/resource/Charlotte_Gyllenhammar"
    },
    {
        "subject": "http://dbpedia.org/resource/Eija-Liisa_Ahtila",
        "predicate": "http://dbpedia.org/ontology/wikiPageWikiLink",
        "object": "http://dbpedia.org/resource/Edvin_\u00d6hrstr\u00f6m"
    },
    {
        "subject": "http://dbpedia.org/resource/Eija-Liisa_Ahtila",
        "predicate": "http://dbpedia.org/ontology/wikiPageWikiLink",
        "object": "http://dbpedia.org/resource/Gertrud_Vasegaard"
    },
    {
        "subject": "http://dbpedia.org/resource/Eija-Liisa_Ahtila",
        "predicate": "http://dbpedia.org/ontology/wikiPageWikiLink",
        "object": "http://dbpedia.org/resource/Hans_Hammarski\u00f6ld"
    },
    {
        "subject": "http://dbpedia.org/resource/Eija-Liisa_Ahtila",
        "predicate": "http://dbpedia.org/ontology/wikiPageWikiLink",
        "object": "http://dbpedia.org/resource/Hans_Wegner"
    },
    {
        "subject": "http://dbpedia.org/resource/Eija-Liisa_Ahtila",
        "predicate": "http://dbpedia.org/ontology/wikiPageWikiLink",
        "object": "http://dbpedia.org/resource/Harald_Leth"
    },
    {
        "subject": "http://dbpedia.org/resource/Eija-Liisa_Ahtila",
        "predicate": "http://dbpedia.org/ontology/wikiPageWikiLink",
        "object": "http://dbpedia.org/resource/Kain_Tapper"
    },
    {
        "subject": "http://dbpedia.org/resource/Eija-Liisa_Ahtila",
        "predicate": "http://dbpedia.org/ontology/wikiPageWikiLink",
        "object": "http://dbpedia.org/resource/Kaisa_Melanton"
    },
    {
        "subject": "http://dbpedia.org/resource/Eija-Liisa_Ahtila",
        "predicate": "http://dbpedia.org/ontology/wikiPageWikiLink",
        "object": "http://dbpedia.org/resource/Kaj_Franck"
    },
    {
        "subject": "http://dbpedia.org/resource/Eija-Liisa_Ahtila",
        "predicate": "http://dbpedia.org/ontology/wikiPageWikiLink",
        "object": "http://dbpedia.org/resource/Knud_Holscher"
    },
    {
        "subject": "http://dbpedia.org/resource/Eija-Liisa_Ahtila",
        "predicate": "http://dbpedia.org/ontology/wikiPageWikiLink",
        "object": "http://dbpedia.org/resource/Lene_Tranberg"
    },
    {
        "subject": "http://dbpedia.org/resource/Eija-Liisa_Ahtila",
        "predicate": "http://dbpedia.org/ontology/wikiPageWikiLink",
        "object": "http://dbpedia.org/resource/Lenke_Rothman"
    }
]