[
    {
        "subject": "http://dbpedia.org/resource/El_Anatsui",
        "predicate": "http://dbpedia.org/ontology/wikiPageWikiLink",
        "object": "http://dbpedia.org/resource/American_Alliance_of_Museums"
    },
    {
        "subject": "http://dbpedia.org/resource/El_Anatsui",
        "predicate": "http://dbpedia.org/ontology/wikiPageWikiLink",
        "object": "http://dbpedia.org/resource/Category:African_art_museums_in_the_United_States"
    },
    {
        "subject": "http://dbpedia.org/resource/El_Anatsui",
        "predicate": "http://dbpedia.org/ontology/wikiPageWikiLink",
        "object": "http://dbpedia.org/resource/Ross_Bleckner"
    },
    {
        "subject": "http://dbpedia.org/resource/El_Anatsui",
        "predicate": "http://dbpedia.org/ontology/wikiPageWikiLink",
        "object": "http://dbpedia.org/resource/Modernism"
    },
    {
        "subject": "http://dbpedia.org/resource/El_Anatsui",
        "predicate": "http://dbpedia.org/ontology/wikiPageWikiLink",
        "object": "http://dbpedia.org/resource/Betty_Woodman"
    },
    {
        "subject": "http://dbpedia.org/resource/El_Anatsui",
        "predicate": "http://dbpedia.org/ontology/wikiPageWikiLink",
        "object": "http://dbpedia.org/resource/Deborah_Butterfield"
    },
    {
        "subject": "http://dbpedia.org/resource/El_Anatsui",
        "predicate": "http://dbpedia.org/ontology/wikiPageWikiLink",
        "object": "http://dbpedia.org/resource/Category:Buildings_at_the_University_of_Florida"
    },
    {
        "subject": "http://dbpedia.org/resource/El_Anatsui",
        "predicate": "http://dbpedia.org/ontology/wikiPageWikiLink",
        "object": "http://dbpedia.org/resource/Honor\u00e9_Daumier"
    },
    {
        "subject": "http://dbpedia.org/resource/El_Anatsui",
        "predicate": "http://dbpedia.org/ontology/wikiPageWikiLink",
        "object": "http://dbpedia.org/resource/Rineke_Dijkstra"
    },
    {
        "subject": "http://dbpedia.org/resource/El_Anatsui",
        "predicate": "http://dbpedia.org/ontology/wikiPageWikiLink",
        "object": "http://dbpedia.org/resource/Robert_Frank"
    },
    {
        "subject": "http://dbpedia.org/resource/El_Anatsui",
        "predicate": "http://dbpedia.org/ontology/wikiPageWikiLink",
        "object": "http://dbpedia.org/resource/University_of_Florida"
    },
    {
        "subject": "http://dbpedia.org/resource/El_Anatsui",
        "predicate": "http://dbpedia.org/ontology/wikiPageWikiLink",
        "object": "http://dbpedia.org/resource/Virginia_Museum_of_Fine_Arts"
    },
    {
        "subject": "http://dbpedia.org/resource/El_Anatsui",
        "predicate": "http://dbpedia.org/ontology/wikiPageWikiLink",
        "object": "http://dbpedia.org/resource/Candida_Hofer"
    },
    {
        "subject": "http://dbpedia.org/resource/El_Anatsui",
        "predicate": "http://dbpedia.org/ontology/wikiPageWikiLink",
        "object": "http://dbpedia.org/resource/Installation_art"
    },
    {
        "subject": "http://dbpedia.org/resource/El_Anatsui",
        "predicate": "http://dbpedia.org/ontology/wikiPageWikiLink",
        "object": "http://dbpedia.org/resource/Category:Contemporary_art_galleries_in_the_United_States"
    },
    {
        "subject": "http://dbpedia.org/resource/El_Anatsui",
        "predicate": "http://dbpedia.org/ontology/wikiPageWikiLink",
        "object": "http://dbpedia.org/resource/Columbus_Museum_of_Art"
    },
    {
        "subject": "http://dbpedia.org/resource/El_Anatsui",
        "predicate": "http://dbpedia.org/ontology/wikiPageWikiLink",
        "object": "http://dbpedia.org/resource/Salvator_Rosa"
    },
    {
        "subject": "http://dbpedia.org/resource/El_Anatsui",
        "predicate": "http://dbpedia.org/ontology/wikiPageWikiLink",
        "object": "http://dbpedia.org/resource/Timothy_H._O'Sullivan"
    },
    {
        "subject": "http://dbpedia.org/resource/El_Anatsui",
        "predicate": "http://dbpedia.org/ontology/wikiPageWikiLink",
        "object": "http://dbpedia.org/resource/Claude_Monet"
    },
    {
        "subject": "http://dbpedia.org/resource/El_Anatsui",
        "predicate": "http://dbpedia.org/ontology/wikiPageWikiLink",
        "object": "http://dbpedia.org/resource/Category:University_museums_in_Florida"
    },
    {
        "subject": "http://dbpedia.org/resource/El_Anatsui",
        "predicate": "http://dbpedia.org/ontology/wikiPageWikiLink",
        "object": "http://dbpedia.org/resource/El_Anatsui"
    },
    {
        "subject": "http://dbpedia.org/resource/El_Anatsui",
        "predicate": "http://dbpedia.org/ontology/wikiPageWikiLink",
        "object": "http://dbpedia.org/resource/Friedel_Dzubas"
    },
    {
        "subject": "http://dbpedia.org/resource/El_Anatsui",
        "predicate": "http://dbpedia.org/ontology/wikiPageWikiLink",
        "object": "http://dbpedia.org/resource/Gainesville,_Florida"
    },
    {
        "subject": "http://dbpedia.org/resource/El_Anatsui",
        "predicate": "http://dbpedia.org/ontology/wikiPageWikiLink",
        "object": "http://dbpedia.org/resource/George_Bellows"
    },
    {
        "subject": "http://dbpedia.org/resource/El_Anatsui",
        "predicate": "http://dbpedia.org/ontology/wikiPageWikiLink",
        "object": "http://dbpedia.org/resource/Minor_White"
    },
    {
        "subject": "http://dbpedia.org/resource/El_Anatsui",
        "predicate": "http://dbpedia.org/ontology/wikiPageWikiLink",
        "object": "http://dbpedia.org/resource/Modern_art"
    },
    {
        "subject": "http://dbpedia.org/resource/El_Anatsui",
        "predicate": "http://dbpedia.org/ontology/wikiPageWikiLink",
        "object": "http://dbpedia.org/resource/Contemporary_art"
    },
    {
        "subject": "http://dbpedia.org/resource/El_Anatsui",
        "predicate": "http://dbpedia.org/ontology/wikiPageWikiLink",
        "object": "http://dbpedia.org/resource/Category:Tourist_attractions_in_Gainesville,_Florida"
    },
    {
        "subject": "http://dbpedia.org/resource/El_Anatsui",
        "predicate": "http://dbpedia.org/ontology/wikiPageWikiLink",
        "object": "http://dbpedia.org/resource/Ansel_Adams"
    },
    {
        "subject": "http://dbpedia.org/resource/El_Anatsui",
        "predicate": "http://dbpedia.org/ontology/wikiPageWikiLink",
        "object": "http://dbpedia.org/resource/Art_Museum"
    },
    {
        "subject": "http://dbpedia.org/resource/El_Anatsui",
        "predicate": "http://dbpedia.org/ontology/wikiPageWikiLink",
        "object": "http://dbpedia.org/resource/Category:Museums_in_Gainesville,_Florida"
    },
    {
        "subject": "http://dbpedia.org/resource/El_Anatsui",
        "predicate": "http://dbpedia.org/ontology/wikiPageWikiLink",
        "object": "http://dbpedia.org/resource/Stephen_De_Staebler"
    },
    {
        "subject": "http://dbpedia.org/resource/El_Anatsui",
        "predicate": "http://dbpedia.org/ontology/wikiPageWikiLink",
        "object": "http://dbpedia.org/resource/Photography"
    },
    {
        "subject": "http://dbpedia.org/resource/El_Anatsui",
        "predicate": "http://dbpedia.org/ontology/wikiPageWikiLink",
        "object": "http://dbpedia.org/resource/Maggie_Taylor"
    },
    {
        "subject": "http://dbpedia.org/resource/El_Anatsui",
        "predicate": "http://dbpedia.org/ontology/wikiPageWikiLink",
        "object": "http://dbpedia.org/resource/Category:Art_museums_and_galleries_in_Florida"
    },
    {
        "subject": "http://dbpedia.org/resource/El_Anatsui",
        "predicate": "http://dbpedia.org/ontology/wikiPageWikiLink",
        "object": "http://dbpedia.org/resource/Buildings_at_the_University_of_Florida"
    },
    {
        "subject": "http://dbpedia.org/resource/El_Anatsui",
        "predicate": "http://dbpedia.org/ontology/wikiPageWikiLink",
        "object": "http://dbpedia.org/resource/Agust\u00edn_C\u00e1rdenas"
    },
    {
        "subject": "http://dbpedia.org/resource/El_Anatsui",
        "predicate": "http://dbpedia.org/ontology/wikiPageWikiLink",
        "object": "http://dbpedia.org/resource/William_Hogarth"
    },
    {
        "subject": "http://dbpedia.org/resource/El_Anatsui",
        "predicate": "http://dbpedia.org/ontology/wikiPageWikiLink",
        "object": "http://dbpedia.org/resource/William_Kentridge"
    },
    {
        "subject": "http://dbpedia.org/resource/El_Anatsui",
        "predicate": "http://dbpedia.org/ontology/wikiPageWikiLink",
        "object": "http://dbpedia.org/resource/Lecture"
    },
    {
        "subject": "http://dbpedia.org/resource/El_Anatsui",
        "predicate": "http://dbpedia.org/ontology/wikiPageWikiLink",
        "object": "http://dbpedia.org/resource/Zwelethu_Mthethwa"
    },
    {
        "subject": "http://dbpedia.org/resource/El_Anatsui",
        "predicate": "http://dbpedia.org/ontology/wikiPageWikiLink",
        "object": "http://dbpedia.org/resource/African_art"
    },
    {
        "subject": "http://dbpedia.org/resource/El_Anatsui",
        "predicate": "http://dbpedia.org/ontology/wikiPageWikiLink",
        "object": "http://dbpedia.org/resource/Alexey_Titarenko"
    },
    {
        "subject": "http://dbpedia.org/resource/El_Anatsui",
        "predicate": "http://dbpedia.org/ontology/wikiPageWikiLink",
        "object": "http://dbpedia.org/resource/Category:1990_establishments_in_Florida"
    },
    {
        "subject": "http://dbpedia.org/resource/El_Anatsui",
        "predicate": "http://dbpedia.org/ontology/wikiPageWikiLink",
        "object": "http://dbpedia.org/resource/Daguerreotype"
    },
    {
        "subject": "http://dbpedia.org/resource/El_Anatsui",
        "predicate": "http://dbpedia.org/ontology/wikiPageWikiLink",
        "object": "http://dbpedia.org/resource/Evon_Streetman"
    },
    {
        "subject": "http://dbpedia.org/resource/El_Anatsui",
        "predicate": "http://dbpedia.org/ontology/wikiPageWikiLink",
        "object": "http://dbpedia.org/resource/Nikki_S._Lee"
    },
    {
        "subject": "http://dbpedia.org/resource/El_Anatsui",
        "predicate": "http://dbpedia.org/ontology/wikiPageWikiLink",
        "object": "http://dbpedia.org/resource/Helmut_Newton"
    },
    {
        "subject": "http://dbpedia.org/resource/El_Anatsui",
        "predicate": "http://dbpedia.org/ontology/wikiPageWikiLink",
        "object": "http://dbpedia.org/resource/Irving_Penn"
    },
    {
        "subject": "http://dbpedia.org/resource/El_Anatsui",
        "predicate": "http://dbpedia.org/ontology/wikiPageWikiLink",
        "object": "http://dbpedia.org/resource/Jade"
    },
    {
        "subject": "http://dbpedia.org/resource/El_Anatsui",
        "predicate": "http://dbpedia.org/ontology/wikiPageWikiLink",
        "object": "http://dbpedia.org/resource/Tetrahedron"
    },
    {
        "subject": "http://dbpedia.org/resource/El_Anatsui",
        "predicate": "http://dbpedia.org/ontology/wikiPageWikiLink",
        "object": "http://dbpedia.org/resource/Category:Art_museums_established_in_1990"
    },
    {
        "subject": "http://dbpedia.org/resource/El_Anatsui",
        "predicate": "http://dbpedia.org/ontology/wikiPageWikiLink",
        "object": "http://dbpedia.org/resource/Category:Institutions_accredited_by_the_American_Alliance_of_Museums"
    },
    {
        "subject": "http://dbpedia.org/resource/El_Anatsui",
        "predicate": "http://dbpedia.org/ontology/wikiPageWikiLink",
        "object": "http://dbpedia.org/resource/Category:Modern_art_museums_in_the_United_States"
    },
    {
        "subject": "http://dbpedia.org/resource/El_Anatsui",
        "predicate": "http://dbpedia.org/ontology/wikiPageWikiLink",
        "object": "http://dbpedia.org/resource/Jerry_Uelsmann"
    },
    {
        "subject": "http://dbpedia.org/resource/El_Anatsui",
        "predicate": "http://dbpedia.org/ontology/wikiPageWikiLink",
        "object": "http://dbpedia.org/resource/Collection_(museum)"
    },
    {
        "subject": "http://dbpedia.org/resource/El_Anatsui",
        "predicate": "http://dbpedia.org/ontology/wikiPageWikiLink",
        "object": "http://dbpedia.org/resource/George_Sugarman"
    },
    {
        "subject": "http://dbpedia.org/resource/El_Anatsui",
        "predicate": "http://dbpedia.org/ontology/wikiPageWikiLink",
        "object": "http://dbpedia.org/resource/Hoichi_Kurisu"
    },
    {
        "subject": "http://dbpedia.org/resource/El_Anatsui",
        "predicate": "http://dbpedia.org/ontology/wikiPageWikiLink",
        "object": "http://dbpedia.org/resource/William_Morris_Hunt"
    },
    {
        "subject": "http://dbpedia.org/resource/El_Anatsui",
        "predicate": "http://dbpedia.org/ontology/wikiPageWikiLink",
        "object": "http://dbpedia.org/resource/Art_museum"
    },
    {
        "subject": "http://dbpedia.org/resource/El_Anatsui",
        "predicate": "http://dbpedia.org/ontology/wikiPageWikiLink",
        "object": "http://dbpedia.org/resource/Sol_LeWitt"
    },
    {
        "subject": "http://dbpedia.org/resource/El_Anatsui",
        "predicate": "http://dbpedia.org/ontology/wikiPageWikiLink",
        "object": "http://dbpedia.org/resource/Southern_United_States"
    },
    {
        "subject": "http://dbpedia.org/resource/El_Anatsui",
        "predicate": "http://dbpedia.org/ontology/wikiPageWikiLink",
        "object": "http://dbpedia.org/resource/Ingrid_Mwangi"
    },
    {
        "subject": "http://dbpedia.org/resource/El_Anatsui",
        "predicate": "http://dbpedia.org/ontology/wikiPageWikiLink",
        "object": "http://dbpedia.org/resource/Asian_art"
    },
    {
        "subject": "http://dbpedia.org/resource/El_Anatsui",
        "predicate": "http://dbpedia.org/ontology/wikiPageWikiLink",
        "object": "http://dbpedia.org/resource/Orlando,_Florida"
    },
    {
        "subject": "http://dbpedia.org/resource/El_Anatsui",
        "predicate": "http://dbpedia.org/ontology/wikiPageWikiLink",
        "object": "http://dbpedia.org/resource/Yayoi_Kusama"
    },
    {
        "subject": "http://dbpedia.org/resource/El_Anatsui",
        "predicate": "http://dbpedia.org/ontology/wikiPageWikiLink",
        "object": "http://dbpedia.org/resource/University_museum"
    },
    {
        "subject": "http://dbpedia.org/resource/El_Anatsui",
        "predicate": "http://dbpedia.org/ontology/wikiPageWikiLink",
        "object": "http://dbpedia.org/resource/Impressionism"
    },
    {
        "subject": "http://dbpedia.org/resource/El_Anatsui",
        "predicate": "http://dbpedia.org/ontology/wikiPageWikiLink",
        "object": "http://dbpedia.org/resource/Neolithic"
    },
    {
        "subject": "http://dbpedia.org/resource/El_Anatsui",
        "predicate": "http://dbpedia.org/ontology/wikiPageWikiLink",
        "object": "http://dbpedia.org/resource/Hermann_Herzog"
    },
    {
        "subject": "http://dbpedia.org/resource/El_Anatsui",
        "predicate": "http://dbpedia.org/ontology/wikiPageWikiLink",
        "object": "http://dbpedia.org/resource/Maria_Magdalena_Campos-Pons"
    },
    {
        "subject": "http://dbpedia.org/resource/El_Anatsui",
        "predicate": "http://dbpedia.org/ontology/wikiPageWikiLink",
        "object": "http://dbpedia.org/resource/File:Harn-02625_(8589548555).jpg"
    },
    {
        "subject": "http://dbpedia.org/resource/El_Anatsui",
        "predicate": "http://dbpedia.org/ontology/wikiPageWikiLink",
        "object": "http://dbpedia.org/resource/File:Gville_FL_Harn_Museum03.jpg"
    },
    {
        "subject": "http://dbpedia.org/resource/El_Anatsui",
        "predicate": "http://dbpedia.org/ontology/wikiPageWikiLink",
        "object": "http://dbpedia.org/resource/File:UF_HarnMuseum.JPG"
    },
    {
        "subject": "http://dbpedia.org/resource/El_Anatsui",
        "predicate": "http://dbpedia.org/ontology/wikiPageWikiLink",
        "object": "http://dbpedia.org/resource/Caio_Fonseca"
    },
    {
        "subject": "http://dbpedia.org/resource/El_Anatsui",
        "predicate": "http://dbpedia.org/ontology/wikiPageWikiLink",
        "object": "http://dbpedia.org/resource/Candida_H\u00f6fer"
    },
    {
        "subject": "http://dbpedia.org/resource/El_Anatsui",
        "predicate": "http://dbpedia.org/ontology/wikiPageWikiLink",
        "object": "http://dbpedia.org/resource/Carl_Andre"
    },
    {
        "subject": "http://dbpedia.org/resource/El_Anatsui",
        "predicate": "http://dbpedia.org/ontology/wikiPageWikiLink",
        "object": "http://dbpedia.org/resource/Carl_Michael_von_Hausswolff"
    },
    {
        "subject": "http://dbpedia.org/resource/El_Anatsui",
        "predicate": "http://dbpedia.org/ontology/wikiPageWikiLink",
        "object": "http://dbpedia.org/resource/Carole_Feuerman"
    },
    {
        "subject": "http://dbpedia.org/resource/El_Anatsui",
        "predicate": "http://dbpedia.org/ontology/wikiPageWikiLink",
        "object": "http://dbpedia.org/resource/Carolee_Schneemann"
    },
    {
        "subject": "http://dbpedia.org/resource/El_Anatsui",
        "predicate": "http://dbpedia.org/ontology/wikiPageWikiLink",
        "object": "http://dbpedia.org/resource/Carrie_Mae_Weems"
    },
    {
        "subject": "http://dbpedia.org/resource/El_Anatsui",
        "predicate": "http://dbpedia.org/ontology/wikiPageWikiLink",
        "object": "http://dbpedia.org/resource/Robert_Longo"
    },
    {
        "subject": "http://dbpedia.org/resource/El_Anatsui",
        "predicate": "http://dbpedia.org/ontology/wikiPageWikiLink",
        "object": "http://dbpedia.org/resource/Robert_Mangold"
    },
    {
        "subject": "http://dbpedia.org/resource/El_Anatsui",
        "predicate": "http://dbpedia.org/ontology/wikiPageWikiLink",
        "object": "http://dbpedia.org/resource/Robert_Mapplethorpe"
    },
    {
        "subject": "http://dbpedia.org/resource/El_Anatsui",
        "predicate": "http://dbpedia.org/ontology/wikiPageWikiLink",
        "object": "http://dbpedia.org/resource/Robert_Morris_(artist)"
    },
    {
        "subject": "http://dbpedia.org/resource/El_Anatsui",
        "predicate": "http://dbpedia.org/ontology/wikiPageWikiLink",
        "object": "http://dbpedia.org/resource/Robert_Rauschenberg"
    },
    {
        "subject": "http://dbpedia.org/resource/El_Anatsui",
        "predicate": "http://dbpedia.org/ontology/wikiPageWikiLink",
        "object": "http://dbpedia.org/resource/Robert_Smithson"
    },
    {
        "subject": "http://dbpedia.org/resource/El_Anatsui",
        "predicate": "http://dbpedia.org/ontology/wikiPageWikiLink",
        "object": "http://dbpedia.org/resource/Rodney_Graham"
    },
    {
        "subject": "http://dbpedia.org/resource/El_Anatsui",
        "predicate": "http://dbpedia.org/ontology/wikiPageWikiLink",
        "object": "http://dbpedia.org/resource/Roman_Opa\u0142ka"
    },
    {
        "subject": "http://dbpedia.org/resource/El_Anatsui",
        "predicate": "http://dbpedia.org/ontology/wikiPageWikiLink",
        "object": "http://dbpedia.org/resource/Ronald_Bladen"
    },
    {
        "subject": "http://dbpedia.org/resource/El_Anatsui",
        "predicate": "http://dbpedia.org/ontology/wikiPageWikiLink",
        "object": "http://dbpedia.org/resource/Ronald_Davis"
    },
    {
        "subject": "http://dbpedia.org/resource/El_Anatsui",
        "predicate": "http://dbpedia.org/ontology/wikiPageWikiLink",
        "object": "http://dbpedia.org/resource/Ronnie_Landfield"
    },
    {
        "subject": "http://dbpedia.org/resource/El_Anatsui",
        "predicate": "http://dbpedia.org/ontology/wikiPageWikiLink",
        "object": "http://dbpedia.org/resource/Rosemarie_Trockel"
    },
    {
        "subject": "http://dbpedia.org/resource/El_Anatsui",
        "predicate": "http://dbpedia.org/ontology/wikiPageWikiLink",
        "object": "http://dbpedia.org/resource/Roxy_Paine"
    },
    {
        "subject": "http://dbpedia.org/resource/El_Anatsui",
        "predicate": "http://dbpedia.org/ontology/wikiPageWikiLink",
        "object": "http://dbpedia.org/resource/Roy_Ascott"
    },
    {
        "subject": "http://dbpedia.org/resource/El_Anatsui",
        "predicate": "http://dbpedia.org/ontology/wikiPageWikiLink",
        "object": "http://dbpedia.org/resource/Sam_Dillemans"
    },
    {
        "subject": "http://dbpedia.org/resource/El_Anatsui",
        "predicate": "http://dbpedia.org/ontology/wikiPageWikiLink",
        "object": "http://dbpedia.org/resource/Sam_Francis"
    },
    {
        "subject": "http://dbpedia.org/resource/El_Anatsui",
        "predicate": "http://dbpedia.org/ontology/wikiPageWikiLink",
        "object": "http://dbpedia.org/resource/Sam_Gilliam"
    },
    {
        "subject": "http://dbpedia.org/resource/El_Anatsui",
        "predicate": "http://dbpedia.org/ontology/wikiPageWikiLink",
        "object": "http://dbpedia.org/resource/Sarah_Lucas"
    },
    {
        "subject": "http://dbpedia.org/resource/El_Anatsui",
        "predicate": "http://dbpedia.org/ontology/wikiPageWikiLink",
        "object": "http://dbpedia.org/resource/Sarah_Sze"
    }
]