[
    {
        "subject": "http://dbpedia.org/resource/Gerard_Byrne",
        "predicate": "http://dbpedia.org/ontology/wikiPageWikiLink",
        "object": "http://dbpedia.org/resource/Gerard_Byrne"
    },
    {
        "subject": "http://dbpedia.org/resource/Gerard_Byrne",
        "predicate": "http://dbpedia.org/ontology/wikiPageRedirects",
        "object": "http://dbpedia.org/resource/Gerard_Byrne"
    },
    {
        "subject": "http://dbpedia.org/resource/Gerard_Byrne",
        "predicate": "http://xmlns.com/foaf/0.1/primaryTopic",
        "object": "http://dbpedia.org/resource/Gerard_Byrne"
    },
    {
        "subject": "http://dbpedia.org/resource/Gerard_Byrne",
        "predicate": "http://dbpedia.org/ontology/wikiPageWikiLink",
        "object": "http://dbpedia.org/resource/Gerard_Byrne_(disambiguation)"
    }
]