[
    {
        "subject": "http://dbpedia.org/resource/Gordon_Matta-Clark",
        "predicate": "http://dbpedia.org/ontology/wikiPageWikiLink",
        "object": "http://dbpedia.org/resource/Canadian_Museums_Association"
    },
    {
        "subject": "http://dbpedia.org/resource/Gordon_Matta-Clark",
        "predicate": "http://dbpedia.org/ontology/wikiPageWikiLink",
        "object": "http://dbpedia.org/resource/Quebec"
    },
    {
        "subject": "http://dbpedia.org/resource/Gordon_Matta-Clark",
        "predicate": "http://dbpedia.org/ontology/wikiPageWikiLink",
        "object": "http://dbpedia.org/resource/National_Historic_Sites_of_Canada"
    },
    {
        "subject": "http://dbpedia.org/resource/Gordon_Matta-Clark",
        "predicate": "http://dbpedia.org/ontology/wikiPageWikiLink",
        "object": "http://dbpedia.org/resource/Category:Sculpture_gardens,_trails_and_parks_in_Canada"
    },
    {
        "subject": "http://dbpedia.org/resource/Gordon_Matta-Clark",
        "predicate": "http://dbpedia.org/ontology/wikiPageWikiLink",
        "object": "http://dbpedia.org/resource/Architecture_museum"
    },
    {
        "subject": "http://dbpedia.org/resource/Gordon_Matta-Clark",
        "predicate": "http://dbpedia.org/ontology/wikiPageWikiLink",
        "object": "http://dbpedia.org/resource/Architecture_of_Montreal"
    },
    {
        "subject": "http://dbpedia.org/resource/Gordon_Matta-Clark",
        "predicate": "http://dbpedia.org/ontology/wikiPageWikiLink",
        "object": "http://dbpedia.org/resource/Peter_Eisenman"
    },
    {
        "subject": "http://dbpedia.org/resource/Gordon_Matta-Clark",
        "predicate": "http://dbpedia.org/ontology/wikiPageWikiLink",
        "object": "http://dbpedia.org/resource/Ville-Marie,_Montreal"
    },
    {
        "subject": "http://dbpedia.org/resource/Gordon_Matta-Clark",
        "predicate": "http://dbpedia.org/ontology/wikiPageWikiLink",
        "object": "http://dbpedia.org/resource/Industrial_design"
    },
    {
        "subject": "http://dbpedia.org/resource/Gordon_Matta-Clark",
        "predicate": "http://dbpedia.org/ontology/wikiPageWikiLink",
        "object": "http://dbpedia.org/resource/Category:Downtown_Montreal"
    },
    {
        "subject": "http://dbpedia.org/resource/Gordon_Matta-Clark",
        "predicate": "http://dbpedia.org/ontology/wikiPageWikiLink",
        "object": "http://dbpedia.org/resource/Category:Postmodern_architecture_in_Canada"
    },
    {
        "subject": "http://dbpedia.org/resource/Gordon_Matta-Clark",
        "predicate": "http://dbpedia.org/ontology/wikiPageWikiLink",
        "object": "http://dbpedia.org/resource/Golden_Square_Mile"
    },
    {
        "subject": "http://dbpedia.org/resource/Gordon_Matta-Clark",
        "predicate": "http://dbpedia.org/ontology/wikiPageWikiLink",
        "object": "http://dbpedia.org/resource/Gordon_Matta-Clark"
    },
    {
        "subject": "http://dbpedia.org/resource/Gordon_Matta-Clark",
        "predicate": "http://dbpedia.org/ontology/wikiPageWikiLink",
        "object": "http://dbpedia.org/resource/Modern_architecture"
    },
    {
        "subject": "http://dbpedia.org/resource/Gordon_Matta-Clark",
        "predicate": "http://dbpedia.org/ontology/wikiPageWikiLink",
        "object": "http://dbpedia.org/resource/Montreal"
    },
    {
        "subject": "http://dbpedia.org/resource/Gordon_Matta-Clark",
        "predicate": "http://dbpedia.org/ontology/wikiPageWikiLink",
        "object": "http://dbpedia.org/resource/Ren\u00e9_L\u00e9vesque_Boulevard"
    },
    {
        "subject": "http://dbpedia.org/resource/Gordon_Matta-Clark",
        "predicate": "http://dbpedia.org/ontology/wikiPageWikiLink",
        "object": "http://dbpedia.org/resource/Peter_Rose_(architect)"
    },
    {
        "subject": "http://dbpedia.org/resource/Gordon_Matta-Clark",
        "predicate": "http://dbpedia.org/ontology/wikiPageWikiLink",
        "object": "http://dbpedia.org/resource/Cedric_Price"
    },
    {
        "subject": "http://dbpedia.org/resource/Gordon_Matta-Clark",
        "predicate": "http://dbpedia.org/ontology/wikiPageWikiLink",
        "object": "http://dbpedia.org/resource/Giovanna_Borasi"
    },
    {
        "subject": "http://dbpedia.org/resource/Gordon_Matta-Clark",
        "predicate": "http://dbpedia.org/ontology/wikiPageWikiLink",
        "object": "http://dbpedia.org/resource/Guy-Concordia_(Montreal_Metro)"
    },
    {
        "subject": "http://dbpedia.org/resource/Gordon_Matta-Clark",
        "predicate": "http://dbpedia.org/ontology/wikiPageWikiLink",
        "object": "http://dbpedia.org/resource/William_Tutin_Thomas"
    },
    {
        "subject": "http://dbpedia.org/resource/Gordon_Matta-Clark",
        "predicate": "http://dbpedia.org/ontology/wikiPageWikiLink",
        "object": "http://dbpedia.org/resource/Aldo_Rossi"
    },
    {
        "subject": "http://dbpedia.org/resource/Gordon_Matta-Clark",
        "predicate": "http://dbpedia.org/ontology/wikiPageWikiLink",
        "object": "http://dbpedia.org/resource/American_Institute_of_Architects"
    },
    {
        "subject": "http://dbpedia.org/resource/Gordon_Matta-Clark",
        "predicate": "http://dbpedia.org/ontology/wikiPageWikiLink",
        "object": "http://dbpedia.org/resource/Category:1979_establishments_in_Quebec"
    },
    {
        "subject": "http://dbpedia.org/resource/Gordon_Matta-Clark",
        "predicate": "http://dbpedia.org/ontology/wikiPageWikiLink",
        "object": "http://dbpedia.org/resource/Category:Research_institutes_in_Canada"
    },
    {
        "subject": "http://dbpedia.org/resource/Gordon_Matta-Clark",
        "predicate": "http://dbpedia.org/ontology/wikiPageWikiLink",
        "object": "http://dbpedia.org/resource/Category:Architecture_museums"
    },
    {
        "subject": "http://dbpedia.org/resource/Gordon_Matta-Clark",
        "predicate": "http://dbpedia.org/ontology/wikiPageWikiLink",
        "object": "http://dbpedia.org/resource/Ernest_Cormier"
    },
    {
        "subject": "http://dbpedia.org/resource/Gordon_Matta-Clark",
        "predicate": "http://dbpedia.org/ontology/wikiPageWikiLink",
        "object": "http://dbpedia.org/resource/Evgeny_Morozov"
    },
    {
        "subject": "http://dbpedia.org/resource/Gordon_Matta-Clark",
        "predicate": "http://dbpedia.org/ontology/wikiPageWikiLink",
        "object": "http://dbpedia.org/resource/Category:Museums_in_Montreal"
    },
    {
        "subject": "http://dbpedia.org/resource/Gordon_Matta-Clark",
        "predicate": "http://dbpedia.org/ontology/wikiPageWikiLink",
        "object": "http://dbpedia.org/resource/Category:Educational_organizations_based_in_Quebec"
    },
    {
        "subject": "http://dbpedia.org/resource/Gordon_Matta-Clark",
        "predicate": "http://dbpedia.org/ontology/wikiPageWikiLink",
        "object": "http://dbpedia.org/resource/Governor_General's_Medals_in_Architecture"
    },
    {
        "subject": "http://dbpedia.org/resource/Gordon_Matta-Clark",
        "predicate": "http://dbpedia.org/ontology/wikiPageWikiLink",
        "object": "http://dbpedia.org/resource/Melvin_Charney"
    },
    {
        "subject": "http://dbpedia.org/resource/Gordon_Matta-Clark",
        "predicate": "http://dbpedia.org/ontology/wikiPageWikiLink",
        "object": "http://dbpedia.org/resource/James_Stirling_(architect)"
    },
    {
        "subject": "http://dbpedia.org/resource/Gordon_Matta-Clark",
        "predicate": "http://dbpedia.org/ontology/wikiPageWikiLink",
        "object": "http://dbpedia.org/resource/Architecture_of_Canada"
    },
    {
        "subject": "http://dbpedia.org/resource/Gordon_Matta-Clark",
        "predicate": "http://dbpedia.org/ontology/wikiPageWikiLink",
        "object": "http://dbpedia.org/resource/Arthur_Erickson"
    },
    {
        "subject": "http://dbpedia.org/resource/Gordon_Matta-Clark",
        "predicate": "http://dbpedia.org/ontology/wikiPageWikiLink",
        "object": "http://dbpedia.org/resource/Category:Architecture_of_Canada"
    },
    {
        "subject": "http://dbpedia.org/resource/Gordon_Matta-Clark",
        "predicate": "http://dbpedia.org/ontology/wikiPageWikiLink",
        "object": "http://dbpedia.org/resource/Category:Library-related_organizations"
    },
    {
        "subject": "http://dbpedia.org/resource/Gordon_Matta-Clark",
        "predicate": "http://dbpedia.org/ontology/wikiPageWikiLink",
        "object": "http://dbpedia.org/resource/Category:Architecture_organizations"
    },
    {
        "subject": "http://dbpedia.org/resource/Gordon_Matta-Clark",
        "predicate": "http://dbpedia.org/ontology/wikiPageWikiLink",
        "object": "http://dbpedia.org/resource/Category:Buildings_and_structures_completed_in_1989"
    },
    {
        "subject": "http://dbpedia.org/resource/Gordon_Matta-Clark",
        "predicate": "http://dbpedia.org/ontology/wikiPageWikiLink",
        "object": "http://dbpedia.org/resource/Category:Art_museums_and_galleries_in_Quebec"
    },
    {
        "subject": "http://dbpedia.org/resource/Gordon_Matta-Clark",
        "predicate": "http://dbpedia.org/ontology/wikiPageWikiLink",
        "object": "http://dbpedia.org/resource/Johannes_Grenzfurthner"
    },
    {
        "subject": "http://dbpedia.org/resource/Gordon_Matta-Clark",
        "predicate": "http://dbpedia.org/ontology/wikiPageWikiLink",
        "object": "http://dbpedia.org/resource/John_Hejduk"
    },
    {
        "subject": "http://dbpedia.org/resource/Gordon_Matta-Clark",
        "predicate": "http://dbpedia.org/ontology/wikiPageWikiLink",
        "object": "http://dbpedia.org/resource/Category:Art_museums_established_in_1979"
    },
    {
        "subject": "http://dbpedia.org/resource/Gordon_Matta-Clark",
        "predicate": "http://dbpedia.org/ontology/wikiPageWikiLink",
        "object": "http://dbpedia.org/resource/Category:Museum_organizations"
    },
    {
        "subject": "http://dbpedia.org/resource/Gordon_Matta-Clark",
        "predicate": "http://dbpedia.org/ontology/wikiPageWikiLink",
        "object": "http://dbpedia.org/resource/Phyllis_Lambert"
    },
    {
        "subject": "http://dbpedia.org/resource/Gordon_Matta-Clark",
        "predicate": "http://dbpedia.org/ontology/wikiPageWikiLink",
        "object": "http://dbpedia.org/resource/Bruce_Kuwabara"
    },
    {
        "subject": "http://dbpedia.org/resource/Gordon_Matta-Clark",
        "predicate": "http://dbpedia.org/ontology/wikiPageWikiLink",
        "object": "http://dbpedia.org/resource/Canadian_Heritage_Information_Network"
    },
    {
        "subject": "http://dbpedia.org/resource/Gordon_Matta-Clark",
        "predicate": "http://dbpedia.org/ontology/wikiPageWikiLink",
        "object": "http://dbpedia.org/resource/Category:Second_Empire_architecture_in_Canada"
    },
    {
        "subject": "http://dbpedia.org/resource/Gordon_Matta-Clark",
        "predicate": "http://dbpedia.org/ontology/wikiPageWikiLink",
        "object": "http://dbpedia.org/resource/Shaughnessy_Village"
    },
    {
        "subject": "http://dbpedia.org/resource/Gordon_Matta-Clark",
        "predicate": "http://dbpedia.org/ontology/wikiPageWikiLink",
        "object": "http://dbpedia.org/resource/Society_for_the_Study_of_Architecture_in_Canada"
    },
    {
        "subject": "http://dbpedia.org/resource/Gordon_Matta-Clark",
        "predicate": "http://dbpedia.org/ontology/wikiPageWikiLink",
        "object": "http://dbpedia.org/resource/Ville-Marie_Expressway"
    },
    {
        "subject": "http://dbpedia.org/resource/Gordon_Matta-Clark",
        "predicate": "http://dbpedia.org/ontology/wikiPageWikiLink",
        "object": "http://dbpedia.org/resource/Virtual_Museum_of_Canada"
    },
    {
        "subject": "http://dbpedia.org/resource/Gordon_Matta-Clark",
        "predicate": "http://dbpedia.org/ontology/wikiPageWikiLink",
        "object": "http://dbpedia.org/resource/Examination_for_Architects_in_Canada"
    },
    {
        "subject": "http://dbpedia.org/resource/Gordon_Matta-Clark",
        "predicate": "http://dbpedia.org/ontology/wikiPageWikiLink",
        "object": "http://dbpedia.org/resource/Second_Empire_(architecture)"
    },
    {
        "subject": "http://dbpedia.org/resource/Gordon_Matta-Clark",
        "predicate": "http://dbpedia.org/ontology/wikiPageWikiLink",
        "object": "http://dbpedia.org/resource/Rudolf_Fr\u00e4nkel"
    },
    {
        "subject": "http://dbpedia.org/resource/Gordon_Matta-Clark",
        "predicate": "http://dbpedia.org/ontology/wikiPageWikiLink",
        "object": "http://dbpedia.org/resource/Sculpture_garden"
    },
    {
        "subject": "http://dbpedia.org/resource/Gordon_Matta-Clark",
        "predicate": "http://dbpedia.org/ontology/wikiPageWikiLink",
        "object": "http://dbpedia.org/resource/Thomas_Shaughnessy"
    },
    {
        "subject": "http://dbpedia.org/resource/Gordon_Matta-Clark",
        "predicate": "http://dbpedia.org/ontology/wikiPageWikiLink",
        "object": "http://dbpedia.org/resource/File:Centre_canadien_d'architecture_02.jpg"
    },
    {
        "subject": "http://dbpedia.org/resource/Gordon_Matta-Clark",
        "predicate": "http://dbpedia.org/ontology/wikiPageWikiLink",
        "object": "http://dbpedia.org/resource/File:Melvin_Charney_Jardin_de_sculptures.jpg"
    },
    {
        "subject": "http://dbpedia.org/resource/Gordon_Matta-Clark",
        "predicate": "http://dbpedia.org/ontology/wikiPageWikiLink",
        "object": "http://dbpedia.org/resource/File:MtlMetro1.svg"
    },
    {
        "subject": "http://dbpedia.org/resource/Gordon_Matta-Clark",
        "predicate": "http://dbpedia.org/ontology/wikiPageWikiLink",
        "object": "http://dbpedia.org/resource/File:Ville-souterraine-2.jpg"
    },
    {
        "subject": "http://dbpedia.org/resource/Gordon_Matta-Clark",
        "predicate": "http://dbpedia.org/ontology/wikiPageWikiLink",
        "object": "http://dbpedia.org/resource/Carpenter_Center_for_the_Visual_Arts"
    },
    {
        "subject": "http://dbpedia.org/resource/Gordon_Matta-Clark",
        "predicate": "http://dbpedia.org/ontology/wikiPageWikiLink",
        "object": "http://dbpedia.org/resource/Robert_Rauschenberg"
    },
    {
        "subject": "http://dbpedia.org/resource/Gordon_Matta-Clark",
        "predicate": "http://dbpedia.org/ontology/wikiPageWikiLink",
        "object": "http://dbpedia.org/resource/Santiago"
    },
    {
        "subject": "http://dbpedia.org/resource/Gordon_Matta-Clark",
        "predicate": "http://dbpedia.org/ontology/wikiPageWikiLink",
        "object": "http://dbpedia.org/resource/Santiago_Museum_of_Contemporary_Art"
    },
    {
        "subject": "http://dbpedia.org/resource/Gordon_Matta-Clark",
        "predicate": "http://dbpedia.org/ontology/wikiPageWikiLink",
        "object": "http://dbpedia.org/resource/Juan_Downey"
    },
    {
        "subject": "http://dbpedia.org/resource/Gordon_Matta-Clark",
        "predicate": "http://dbpedia.org/ontology/wikiPageWikiLink",
        "object": "http://dbpedia.org/resource/Richard_Nonas"
    },
    {
        "subject": "http://dbpedia.org/resource/Gordon_Matta-Clark",
        "predicate": "http://dbpedia.org/ontology/wikiPageWikiLink",
        "object": "http://dbpedia.org/resource/University_ARCIS"
    },
    {
        "subject": "http://dbpedia.org/resource/Gordon_Matta-Clark",
        "predicate": "http://dbpedia.org/ontology/wikiPageWikiLink",
        "object": "http://dbpedia.org/resource/University_of_Chile"
    },
    {
        "subject": "http://dbpedia.org/resource/Gordon_Matta-Clark",
        "predicate": "http://dbpedia.org/ontology/wikiPageWikiLink",
        "object": "http://dbpedia.org/resource/Valpara\u00edso"
    },
    {
        "subject": "http://dbpedia.org/resource/Gordon_Matta-Clark",
        "predicate": "http://dbpedia.org/ontology/wikiPageWikiLink",
        "object": "http://dbpedia.org/resource/Military_dictatorship_of_Chile_(1973\u201390)"
    },
    {
        "subject": "http://dbpedia.org/resource/Gordon_Matta-Clark",
        "predicate": "http://dbpedia.org/ontology/wikiPageWikiLink",
        "object": "http://dbpedia.org/resource/Category:1941_births"
    },
    {
        "subject": "http://dbpedia.org/resource/Gordon_Matta-Clark",
        "predicate": "http://dbpedia.org/ontology/wikiPageWikiLink",
        "object": "http://dbpedia.org/resource/Category:Living_people"
    },
    {
        "subject": "http://dbpedia.org/resource/Gordon_Matta-Clark",
        "predicate": "http://dbpedia.org/ontology/wikiPageWikiLink",
        "object": "http://dbpedia.org/resource/Chilean_National_Museum_of_Fine_Arts"
    },
    {
        "subject": "http://dbpedia.org/resource/Gordon_Matta-Clark",
        "predicate": "http://dbpedia.org/ontology/wikiPageWikiLink",
        "object": "http://dbpedia.org/resource/Gordon_Matta-Clark"
    },
    {
        "subject": "http://dbpedia.org/resource/Gordon_Matta-Clark",
        "predicate": "http://dbpedia.org/ontology/wikiPageWikiLink",
        "object": "http://dbpedia.org/resource/Museo_Chileno_de_Arte_Precolombino"
    },
    {
        "subject": "http://dbpedia.org/resource/Gordon_Matta-Clark",
        "predicate": "http://dbpedia.org/ontology/wikiPageWikiLink",
        "object": "http://dbpedia.org/resource/Contact_improvisation"
    },
    {
        "subject": "http://dbpedia.org/resource/Gordon_Matta-Clark",
        "predicate": "http://dbpedia.org/ontology/wikiPageWikiLink",
        "object": "http://dbpedia.org/resource/Araucan\u00eda_Region"
    },
    {
        "subject": "http://dbpedia.org/resource/Gordon_Matta-Clark",
        "predicate": "http://dbpedia.org/ontology/wikiPageWikiLink",
        "object": "http://dbpedia.org/resource/Bronx_Museum_of_the_Arts"
    },
    {
        "subject": "http://dbpedia.org/resource/Gordon_Matta-Clark",
        "predicate": "http://dbpedia.org/ontology/wikiPageWikiLink",
        "object": "http://dbpedia.org/resource/Category:University_of_Chile_alumni"
    },
    {
        "subject": "http://dbpedia.org/resource/Gordon_Matta-Clark",
        "predicate": "http://dbpedia.org/ontology/wikiPageWikiLink",
        "object": "http://dbpedia.org/resource/Trisha_Brown"
    },
    {
        "subject": "http://dbpedia.org/resource/Gordon_Matta-Clark",
        "predicate": "http://dbpedia.org/ontology/wikiPageWikiLink",
        "object": "http://dbpedia.org/resource/Whitney_Museum_of_American_Art"
    },
    {
        "subject": "http://dbpedia.org/resource/Gordon_Matta-Clark",
        "predicate": "http://dbpedia.org/ontology/wikiPageWikiLink",
        "object": "http://dbpedia.org/resource/Fordham_University"
    },
    {
        "subject": "http://dbpedia.org/resource/Gordon_Matta-Clark",
        "predicate": "http://dbpedia.org/ontology/wikiPageWikiLink",
        "object": "http://dbpedia.org/resource/Barbara_Dilley"
    },
    {
        "subject": "http://dbpedia.org/resource/Gordon_Matta-Clark",
        "predicate": "http://dbpedia.org/ontology/wikiPageWikiLink",
        "object": "http://dbpedia.org/resource/Danspace_Project"
    },
    {
        "subject": "http://dbpedia.org/resource/Gordon_Matta-Clark",
        "predicate": "http://dbpedia.org/ontology/wikiPageWikiLink",
        "object": "http://dbpedia.org/resource/Judson_Dance_Theater"
    },
    {
        "subject": "http://dbpedia.org/resource/Gordon_Matta-Clark",
        "predicate": "http://dbpedia.org/ontology/wikiPageWikiLink",
        "object": "http://dbpedia.org/resource/Kei_Takei"
    },
    {
        "subject": "http://dbpedia.org/resource/Gordon_Matta-Clark",
        "predicate": "http://dbpedia.org/ontology/wikiPageWikiLink",
        "object": "http://dbpedia.org/resource/The_Cloisters"
    },
    {
        "subject": "http://dbpedia.org/resource/Gordon_Matta-Clark",
        "predicate": "http://dbpedia.org/ontology/wikiPageWikiLink",
        "object": "http://dbpedia.org/resource/The_Kitchen"
    },
    {
        "subject": "http://dbpedia.org/resource/Gordon_Matta-Clark",
        "predicate": "http://dbpedia.org/ontology/wikiPageWikiLink",
        "object": "http://dbpedia.org/resource/Category:20th-century_dancers"
    },
    {
        "subject": "http://dbpedia.org/resource/Gordon_Matta-Clark",
        "predicate": "http://dbpedia.org/ontology/wikiPageWikiLink",
        "object": "http://dbpedia.org/resource/Category:Chilean_female_dancers"
    },
    {
        "subject": "http://dbpedia.org/resource/Gordon_Matta-Clark",
        "predicate": "http://dbpedia.org/ontology/wikiPageWikiLink",
        "object": "http://dbpedia.org/resource/Category:Women_choreographers"
    },
    {
        "subject": "http://dbpedia.org/resource/Gordon_Matta-Clark",
        "predicate": "http://dbpedia.org/ontology/wikiPageWikiLink",
        "object": "http://dbpedia.org/resource/Chile"
    },
    {
        "subject": "http://dbpedia.org/resource/Gordon_Matta-Clark",
        "predicate": "http://dbpedia.org/ontology/wikiPageWikiLink",
        "object": "http://dbpedia.org/resource/Category:21st-century_dancers"
    },
    {
        "subject": "http://dbpedia.org/resource/Gordon_Matta-Clark",
        "predicate": "http://dbpedia.org/ontology/wikiPageWikiLink",
        "object": "http://dbpedia.org/resource/Category:Artists_from_Santiago"
    },
    {
        "subject": "http://dbpedia.org/resource/Gordon_Matta-Clark",
        "predicate": "http://dbpedia.org/ontology/wikiPageWikiLink",
        "object": "http://dbpedia.org/resource/Joan_Jara"
    },
    {
        "subject": "http://dbpedia.org/resource/Gordon_Matta-Clark",
        "predicate": "http://dbpedia.org/ontology/wikiPageWikiLink",
        "object": "http://dbpedia.org/resource/Playa_Ancha_University"
    },
    {
        "subject": "http://dbpedia.org/resource/Gordon_Matta-Clark",
        "predicate": "http://dbpedia.org/ontology/wikiPageWikiLink",
        "object": "http://dbpedia.org/resource/St._Mark's_Church_in-the-Bowery"
    },
    {
        "subject": "http://dbpedia.org/resource/Gordon_Matta-Clark",
        "predicate": "http://dbpedia.org/ontology/wikiPageWikiLink",
        "object": "http://dbpedia.org/resource/New_York_City"
    },
    {
        "subject": "http://dbpedia.org/resource/Gordon_Matta-Clark",
        "predicate": "http://dbpedia.org/ontology/wikiPageWikiLink",
        "object": "http://dbpedia.org/resource/Everson_Museum_of_Art"
    }
]