[
    {
        "subject": "http://dbpedia.org/resource/Gottfried_Helnwein",
        "predicate": "http://dbpedia.org/ontology/wikiPageWikiLink",
        "object": "http://dbpedia.org/resource/California"
    },
    {
        "subject": "http://dbpedia.org/resource/Gottfried_Helnwein",
        "predicate": "http://dbpedia.org/ontology/wikiPageWikiLink",
        "object": "http://dbpedia.org/resource/Canon_(fiction)"
    },
    {
        "subject": "http://dbpedia.org/resource/Gottfried_Helnwein",
        "predicate": "http://dbpedia.org/ontology/wikiPageWikiLink",
        "object": "http://dbpedia.org/resource/San_Diego_Comic-Con"
    },
    {
        "subject": "http://dbpedia.org/resource/Gottfried_Helnwein",
        "predicate": "http://dbpedia.org/ontology/wikiPageWikiLink",
        "object": "http://dbpedia.org/resource/San_Francisco"
    },
    {
        "subject": "http://dbpedia.org/resource/Gottfried_Helnwein",
        "predicate": "http://dbpedia.org/ontology/wikiPageWikiLink",
        "object": "http://dbpedia.org/resource/San_Jacinto,_California"
    },
    {
        "subject": "http://dbpedia.org/resource/Gottfried_Helnwein",
        "predicate": "http://dbpedia.org/ontology/wikiPageWikiLink",
        "object": "http://dbpedia.org/resource/Sanoma"
    },
    {
        "subject": "http://dbpedia.org/resource/Gottfried_Helnwein",
        "predicate": "http://dbpedia.org/ontology/wikiPageWikiLink",
        "object": "http://dbpedia.org/resource/Santa_Rosa,_California"
    },
    {
        "subject": "http://dbpedia.org/resource/Gottfried_Helnwein",
        "predicate": "http://dbpedia.org/ontology/wikiPageWikiLink",
        "object": "http://dbpedia.org/resource/Mickey_Mouse"
    },
    {
        "subject": "http://dbpedia.org/resource/Gottfried_Helnwein",
        "predicate": "http://dbpedia.org/ontology/wikiPageWikiLink",
        "object": "http://dbpedia.org/resource/Animation_historian"
    },
    {
        "subject": "http://dbpedia.org/resource/Gottfried_Helnwein",
        "predicate": "http://dbpedia.org/ontology/wikiPageWikiLink",
        "object": "http://dbpedia.org/resource/Barney_Bear"
    },
    {
        "subject": "http://dbpedia.org/resource/Gottfried_Helnwein",
        "predicate": "http://dbpedia.org/ontology/wikiPageWikiLink",
        "object": "http://dbpedia.org/resource/Basil_Wolverton"
    },
    {
        "subject": "http://dbpedia.org/resource/Gottfried_Helnwein",
        "predicate": "http://dbpedia.org/ontology/wikiPageWikiLink",
        "object": "http://dbpedia.org/resource/Beagle_Boys"
    },
    {
        "subject": "http://dbpedia.org/resource/Gottfried_Helnwein",
        "predicate": "http://dbpedia.org/ontology/wikiPageWikiLink",
        "object": "http://dbpedia.org/resource/Bellboy_Donald"
    },
    {
        "subject": "http://dbpedia.org/resource/Gottfried_Helnwein",
        "predicate": "http://dbpedia.org/ontology/wikiPageWikiLink",
        "object": "http://dbpedia.org/resource/Bill_Spicer"
    },
    {
        "subject": "http://dbpedia.org/resource/Gottfried_Helnwein",
        "predicate": "http://dbpedia.org/ontology/wikiPageWikiLink",
        "object": "http://dbpedia.org/resource/Black_Jack_(manga)"
    },
    {
        "subject": "http://dbpedia.org/resource/Gottfried_Helnwein",
        "predicate": "http://dbpedia.org/ontology/wikiPageWikiLink",
        "object": "http://dbpedia.org/resource/Bone_Trouble"
    },
    {
        "subject": "http://dbpedia.org/resource/Gottfried_Helnwein",
        "predicate": "http://dbpedia.org/ontology/wikiPageWikiLink",
        "object": "http://dbpedia.org/resource/Dell_Comics"
    },
    {
        "subject": "http://dbpedia.org/resource/Gottfried_Helnwein",
        "predicate": "http://dbpedia.org/ontology/wikiPageWikiLink",
        "object": "http://dbpedia.org/resource/Category:People_from_Klamath_County,_Oregon"
    },
    {
        "subject": "http://dbpedia.org/resource/Gottfried_Helnwein",
        "predicate": "http://dbpedia.org/ontology/wikiPageWikiLink",
        "object": "http://dbpedia.org/resource/Category:Artists_from_Oregon"
    },
    {
        "subject": "http://dbpedia.org/resource/Gottfried_Helnwein",
        "predicate": "http://dbpedia.org/ontology/wikiPageWikiLink",
        "object": "http://dbpedia.org/resource/Another_Rainbow_Publishing"
    },
    {
        "subject": "http://dbpedia.org/resource/Gottfried_Helnwein",
        "predicate": "http://dbpedia.org/ontology/wikiPageWikiLink",
        "object": "http://dbpedia.org/resource/Category:People_from_Temecula,_California"
    },
    {
        "subject": "http://dbpedia.org/resource/Gottfried_Helnwein",
        "predicate": "http://dbpedia.org/ontology/wikiPageWikiLink",
        "object": "http://dbpedia.org/resource/Home_Defense"
    },
    {
        "subject": "http://dbpedia.org/resource/Gottfried_Helnwein",
        "predicate": "http://dbpedia.org/ontology/wikiPageWikiLink",
        "object": "http://dbpedia.org/resource/Huey,_Dewey,_and_Louie"
    },
    {
        "subject": "http://dbpedia.org/resource/Gottfried_Helnwein",
        "predicate": "http://dbpedia.org/ontology/wikiPageWikiLink",
        "object": "http://dbpedia.org/resource/Little_Lulu"
    },
    {
        "subject": "http://dbpedia.org/resource/Gottfried_Helnwein",
        "predicate": "http://dbpedia.org/ontology/wikiPageWikiLink",
        "object": "http://dbpedia.org/resource/Little_Nemo"
    },
    {
        "subject": "http://dbpedia.org/resource/Gottfried_Helnwein",
        "predicate": "http://dbpedia.org/ontology/wikiPageWikiLink",
        "object": "http://dbpedia.org/resource/Paul_Murry"
    },
    {
        "subject": "http://dbpedia.org/resource/Gottfried_Helnwein",
        "predicate": "http://dbpedia.org/ontology/wikiPageWikiLink",
        "object": "http://dbpedia.org/resource/Peter_Ledger"
    },
    {
        "subject": "http://dbpedia.org/resource/Gottfried_Helnwein",
        "predicate": "http://dbpedia.org/ontology/wikiPageWikiLink",
        "object": "http://dbpedia.org/resource/Robert_Crumb"
    },
    {
        "subject": "http://dbpedia.org/resource/Gottfried_Helnwein",
        "predicate": "http://dbpedia.org/ontology/wikiPageWikiLink",
        "object": "http://dbpedia.org/resource/Daisy_Duck"
    },
    {
        "subject": "http://dbpedia.org/resource/Gottfried_Helnwein",
        "predicate": "http://dbpedia.org/ontology/wikiPageWikiLink",
        "object": "http://dbpedia.org/resource/University_Press_of_Mississippi"
    },
    {
        "subject": "http://dbpedia.org/resource/Gottfried_Helnwein",
        "predicate": "http://dbpedia.org/ontology/wikiPageWikiLink",
        "object": "http://dbpedia.org/resource/Donald_Duck"
    },
    {
        "subject": "http://dbpedia.org/resource/Gottfried_Helnwein",
        "predicate": "http://dbpedia.org/ontology/wikiPageWikiLink",
        "object": "http://dbpedia.org/resource/Donald_Duck_Finds_Pirate_Gold"
    },
    {
        "subject": "http://dbpedia.org/resource/Gottfried_Helnwein",
        "predicate": "http://dbpedia.org/ontology/wikiPageWikiLink",
        "object": "http://dbpedia.org/resource/Donald_Duck_and_the_Mummy's_Ring"
    },
    {
        "subject": "http://dbpedia.org/resource/Gottfried_Helnwein",
        "predicate": "http://dbpedia.org/ontology/wikiPageWikiLink",
        "object": "http://dbpedia.org/resource/Donaldism"
    },
    {
        "subject": "http://dbpedia.org/resource/Gottfried_Helnwein",
        "predicate": "http://dbpedia.org/ontology/wikiPageWikiLink",
        "object": "http://dbpedia.org/resource/Inbetweening"
    },
    {
        "subject": "http://dbpedia.org/resource/Gottfried_Helnwein",
        "predicate": "http://dbpedia.org/ontology/wikiPageWikiLink",
        "object": "http://dbpedia.org/resource/Inducks"
    },
    {
        "subject": "http://dbpedia.org/resource/Gottfried_Helnwein",
        "predicate": "http://dbpedia.org/ontology/wikiPageWikiLink",
        "object": "http://dbpedia.org/resource/Inkpot_Award"
    },
    {
        "subject": "http://dbpedia.org/resource/Gottfried_Helnwein",
        "predicate": "http://dbpedia.org/ontology/wikiPageWikiLink",
        "object": "http://dbpedia.org/resource/List_of_non-Disney_comics_by_Carl_Barks"
    },
    {
        "subject": "http://dbpedia.org/resource/Gottfried_Helnwein",
        "predicate": "http://dbpedia.org/ontology/wikiPageWikiLink",
        "object": "http://dbpedia.org/resource/Category:2000_deaths"
    },
    {
        "subject": "http://dbpedia.org/resource/Gottfried_Helnwein",
        "predicate": "http://dbpedia.org/ontology/wikiPageWikiLink",
        "object": "http://dbpedia.org/resource/Category:20th-century_American_screenwriters"
    },
    {
        "subject": "http://dbpedia.org/resource/Gottfried_Helnwein",
        "predicate": "http://dbpedia.org/ontology/wikiPageWikiLink",
        "object": "http://dbpedia.org/resource/Category:American_male_non-fiction_writers"
    },
    {
        "subject": "http://dbpedia.org/resource/Gottfried_Helnwein",
        "predicate": "http://dbpedia.org/ontology/wikiPageWikiLink",
        "object": "http://dbpedia.org/resource/Category:American_satirists"
    },
    {
        "subject": "http://dbpedia.org/resource/Gottfried_Helnwein",
        "predicate": "http://dbpedia.org/ontology/wikiPageWikiLink",
        "object": "http://dbpedia.org/resource/Craig_Yoe"
    },
    {
        "subject": "http://dbpedia.org/resource/Gottfried_Helnwein",
        "predicate": "http://dbpedia.org/ontology/wikiPageWikiLink",
        "object": "http://dbpedia.org/resource/Russell_Myers"
    },
    {
        "subject": "http://dbpedia.org/resource/Gottfried_Helnwein",
        "predicate": "http://dbpedia.org/ontology/wikiPageWikiLink",
        "object": "http://dbpedia.org/resource/North_of_the_Yukon_(Disney_comics)"
    },
    {
        "subject": "http://dbpedia.org/resource/Gottfried_Helnwein",
        "predicate": "http://dbpedia.org/ontology/wikiPageWikiLink",
        "object": "http://dbpedia.org/resource/Our_Gang"
    },
    {
        "subject": "http://dbpedia.org/resource/Gottfried_Helnwein",
        "predicate": "http://dbpedia.org/ontology/wikiPageWikiLink",
        "object": "http://dbpedia.org/resource/Vacation_Time"
    },
    {
        "subject": "http://dbpedia.org/resource/Gottfried_Helnwein",
        "predicate": "http://dbpedia.org/ontology/wikiPageWikiLink",
        "object": "http://dbpedia.org/resource/Tralla_La"
    },
    {
        "subject": "http://dbpedia.org/resource/Gottfried_Helnwein",
        "predicate": "http://dbpedia.org/ontology/wikiPageWikiLink",
        "object": "http://dbpedia.org/resource/Walt_Disney's_Comics_and_Stories"
    },
    {
        "subject": "http://dbpedia.org/resource/Gottfried_Helnwein",
        "predicate": "http://dbpedia.org/ontology/wikiPageWikiLink",
        "object": "http://dbpedia.org/resource/Chronic_lymphocytic_leukemia"
    },
    {
        "subject": "http://dbpedia.org/resource/Gottfried_Helnwein",
        "predicate": "http://dbpedia.org/ontology/wikiPageWikiLink",
        "object": "http://dbpedia.org/resource/Edward_Summer"
    },
    {
        "subject": "http://dbpedia.org/resource/Gottfried_Helnwein",
        "predicate": "http://dbpedia.org/ontology/wikiPageWikiLink",
        "object": "http://dbpedia.org/resource/Egmont_Group"
    },
    {
        "subject": "http://dbpedia.org/resource/Gottfried_Helnwein",
        "predicate": "http://dbpedia.org/ontology/wikiPageWikiLink",
        "object": "http://dbpedia.org/resource/Frederick_Burr_Opper"
    },
    {
        "subject": "http://dbpedia.org/resource/Gottfried_Helnwein",
        "predicate": "http://dbpedia.org/ontology/wikiPageWikiLink",
        "object": "http://dbpedia.org/resource/Gary_Kurtz"
    },
    {
        "subject": "http://dbpedia.org/resource/Gottfried_Helnwein",
        "predicate": "http://dbpedia.org/ontology/wikiPageWikiLink",
        "object": "http://dbpedia.org/resource/George_Lucas"
    },
    {
        "subject": "http://dbpedia.org/resource/Gottfried_Helnwein",
        "predicate": "http://dbpedia.org/ontology/wikiPageWikiLink",
        "object": "http://dbpedia.org/resource/George_Sherman_(comics)"
    },
    {
        "subject": "http://dbpedia.org/resource/Gottfried_Helnwein",
        "predicate": "http://dbpedia.org/ontology/wikiPageWikiLink",
        "object": "http://dbpedia.org/resource/Gladstone_Publishing"
    },
    {
        "subject": "http://dbpedia.org/resource/Gottfried_Helnwein",
        "predicate": "http://dbpedia.org/ontology/wikiPageWikiLink",
        "object": "http://dbpedia.org/resource/Glittering_Goldie"
    },
    {
        "subject": "http://dbpedia.org/resource/Gottfried_Helnwein",
        "predicate": "http://dbpedia.org/ontology/wikiPageWikiLink",
        "object": "http://dbpedia.org/resource/Golden_Eggs_(film)"
    },
    {
        "subject": "http://dbpedia.org/resource/Gottfried_Helnwein",
        "predicate": "http://dbpedia.org/ontology/wikiPageWikiLink",
        "object": "http://dbpedia.org/resource/Goleta,_California"
    },
    {
        "subject": "http://dbpedia.org/resource/Gottfried_Helnwein",
        "predicate": "http://dbpedia.org/ontology/wikiPageWikiLink",
        "object": "http://dbpedia.org/resource/Good_Scouts"
    },
    {
        "subject": "http://dbpedia.org/resource/Gottfried_Helnwein",
        "predicate": "http://dbpedia.org/ontology/wikiPageWikiLink",
        "object": "http://dbpedia.org/resource/Goofy"
    },
    {
        "subject": "http://dbpedia.org/resource/Gottfried_Helnwein",
        "predicate": "http://dbpedia.org/ontology/wikiPageWikiLink",
        "object": "http://dbpedia.org/resource/Gottfried_Helnwein"
    },
    {
        "subject": "http://dbpedia.org/resource/Gottfried_Helnwein",
        "predicate": "http://dbpedia.org/ontology/wikiPageWikiLink",
        "object": "http://dbpedia.org/resource/Grants_Pass,_Oregon"
    },
    {
        "subject": "http://dbpedia.org/resource/Gottfried_Helnwein",
        "predicate": "http://dbpedia.org/ontology/wikiPageWikiLink",
        "object": "http://dbpedia.org/resource/Minneapolis"
    },
    {
        "subject": "http://dbpedia.org/resource/Gottfried_Helnwein",
        "predicate": "http://dbpedia.org/ontology/wikiPageWikiLink",
        "object": "http://dbpedia.org/resource/Minnesota"
    },
    {
        "subject": "http://dbpedia.org/resource/Gottfried_Helnwein",
        "predicate": "http://dbpedia.org/ontology/wikiPageWikiLink",
        "object": "http://dbpedia.org/resource/Missouri"
    },
    {
        "subject": "http://dbpedia.org/resource/Gottfried_Helnwein",
        "predicate": "http://dbpedia.org/ontology/wikiPageWikiLink",
        "object": "http://dbpedia.org/resource/Modern_Inventions"
    },
    {
        "subject": "http://dbpedia.org/resource/Gottfried_Helnwein",
        "predicate": "http://dbpedia.org/ontology/wikiPageWikiLink",
        "object": "http://dbpedia.org/resource/Mr._Duck_Steps_Out"
    },
    {
        "subject": "http://dbpedia.org/resource/Gottfried_Helnwein",
        "predicate": "http://dbpedia.org/ontology/wikiPageWikiLink",
        "object": "http://dbpedia.org/resource/MythBusters"
    },
    {
        "subject": "http://dbpedia.org/resource/Gottfried_Helnwein",
        "predicate": "http://dbpedia.org/ontology/wikiPageWikiLink",
        "object": "http://dbpedia.org/resource/Cornelius_Coot"
    },
    {
        "subject": "http://dbpedia.org/resource/Gottfried_Helnwein",
        "predicate": "http://dbpedia.org/ontology/wikiPageWikiLink",
        "object": "http://dbpedia.org/resource/The_Old_Army_Game"
    },
    {
        "subject": "http://dbpedia.org/resource/Gottfried_Helnwein",
        "predicate": "http://dbpedia.org/ontology/wikiPageWikiLink",
        "object": "http://dbpedia.org/resource/The_Plastics_Inventor"
    },
    {
        "subject": "http://dbpedia.org/resource/Gottfried_Helnwein",
        "predicate": "http://dbpedia.org/ontology/wikiPageWikiLink",
        "object": "http://dbpedia.org/resource/The_Vanishing_Private"
    },
    {
        "subject": "http://dbpedia.org/resource/Gottfried_Helnwein",
        "predicate": "http://dbpedia.org/ontology/wikiPageWikiLink",
        "object": "http://dbpedia.org/resource/The_Walt_Disney_Company"
    },
    {
        "subject": "http://dbpedia.org/resource/Gottfried_Helnwein",
        "predicate": "http://dbpedia.org/ontology/wikiPageWikiLink",
        "object": "http://dbpedia.org/resource/The_Wise_Little_Hen"
    },
    {
        "subject": "http://dbpedia.org/resource/Gottfried_Helnwein",
        "predicate": "http://dbpedia.org/ontology/wikiPageWikiLink",
        "object": "http://dbpedia.org/resource/Oregon_Cartoon_Institute"
    },
    {
        "subject": "http://dbpedia.org/resource/Gottfried_Helnwein",
        "predicate": "http://dbpedia.org/ontology/wikiPageWikiLink",
        "object": "http://dbpedia.org/resource/Apocrypha_(fiction)"
    },
    {
        "subject": "http://dbpedia.org/resource/Gottfried_Helnwein",
        "predicate": "http://dbpedia.org/ontology/wikiPageWikiLink",
        "object": "http://dbpedia.org/resource/April,_May_and_June"
    },
    {
        "subject": "http://dbpedia.org/resource/Gottfried_Helnwein",
        "predicate": "http://dbpedia.org/ontology/wikiPageWikiLink",
        "object": "http://dbpedia.org/resource/Leonard_Maltin"
    },
    {
        "subject": "http://dbpedia.org/resource/Gottfried_Helnwein",
        "predicate": "http://dbpedia.org/ontology/wikiPageWikiLink",
        "object": "http://dbpedia.org/resource/Los_Angeles"
    },
    {
        "subject": "http://dbpedia.org/resource/Gottfried_Helnwein",
        "predicate": "http://dbpedia.org/ontology/wikiPageWikiLink",
        "object": "http://dbpedia.org/resource/Manga"
    },
    {
        "subject": "http://dbpedia.org/resource/Gottfried_Helnwein",
        "predicate": "http://dbpedia.org/ontology/wikiPageWikiLink",
        "object": "http://dbpedia.org/resource/Bob_Karp"
    },
    {
        "subject": "http://dbpedia.org/resource/Gottfried_Helnwein",
        "predicate": "http://dbpedia.org/ontology/wikiPageWikiLink",
        "object": "http://dbpedia.org/resource/Sky_Trooper"
    },
    {
        "subject": "http://dbpedia.org/resource/Gottfried_Helnwein",
        "predicate": "http://dbpedia.org/ontology/wikiPageWikiLink",
        "object": "http://dbpedia.org/resource/Star_Wars_(film)"
    },
    {
        "subject": "http://dbpedia.org/resource/Gottfried_Helnwein",
        "predicate": "http://dbpedia.org/ontology/wikiPageWikiLink",
        "object": "http://dbpedia.org/resource/Steven_Spielberg"
    },
    {
        "subject": "http://dbpedia.org/resource/Gottfried_Helnwein",
        "predicate": "http://dbpedia.org/ontology/wikiPageWikiLink",
        "object": "http://dbpedia.org/resource/Comic_book"
    },
    {
        "subject": "http://dbpedia.org/resource/Gottfried_Helnwein",
        "predicate": "http://dbpedia.org/ontology/wikiPageWikiLink",
        "object": "http://dbpedia.org/resource/Comic_book_convention"
    },
    {
        "subject": "http://dbpedia.org/resource/Gottfried_Helnwein",
        "predicate": "http://dbpedia.org/ontology/wikiPageWikiLink",
        "object": "http://dbpedia.org/resource/Comic_strip"
    },
    {
        "subject": "http://dbpedia.org/resource/Gottfried_Helnwein",
        "predicate": "http://dbpedia.org/ontology/wikiPageWikiLink",
        "object": "http://dbpedia.org/resource/Donald_Duck_in_Old_California!"
    },
    {
        "subject": "http://dbpedia.org/resource/Gottfried_Helnwein",
        "predicate": "http://dbpedia.org/ontology/wikiPageWikiLink",
        "object": "http://dbpedia.org/resource/Ping_pong"
    },
    {
        "subject": "http://dbpedia.org/resource/Gottfried_Helnwein",
        "predicate": "http://dbpedia.org/ontology/wikiPageWikiLink",
        "object": "http://dbpedia.org/resource/The_Fabulous_Philosopher's_Stone"
    },
    {
        "subject": "http://dbpedia.org/resource/Gottfried_Helnwein",
        "predicate": "http://dbpedia.org/ontology/wikiPageWikiLink",
        "object": "http://dbpedia.org/resource/The_Comics_Journal"
    },
    {
        "subject": "http://dbpedia.org/resource/Gottfried_Helnwein",
        "predicate": "http://dbpedia.org/ontology/wikiPageWikiLink",
        "object": "http://dbpedia.org/resource/Fantagraphics_Books"
    },
    {
        "subject": "http://dbpedia.org/resource/Gottfried_Helnwein",
        "predicate": "http://dbpedia.org/ontology/wikiPageWikiLink",
        "object": "http://dbpedia.org/resource/The_Carl_Barks_Collection"
    },
    {
        "subject": "http://dbpedia.org/resource/Gottfried_Helnwein",
        "predicate": "http://dbpedia.org/ontology/wikiPageWikiLink",
        "object": "http://dbpedia.org/resource/Category:1901_births"
    },
    {
        "subject": "http://dbpedia.org/resource/Gottfried_Helnwein",
        "predicate": "http://dbpedia.org/ontology/wikiPageWikiLink",
        "object": "http://dbpedia.org/resource/Category:20th-century_American_male_writers"
    },
    {
        "subject": "http://dbpedia.org/resource/Gottfried_Helnwein",
        "predicate": "http://dbpedia.org/ontology/wikiPageWikiLink",
        "object": "http://dbpedia.org/resource/Category:20th-century_American_non-fiction_writers"
    },
    {
        "subject": "http://dbpedia.org/resource/Gottfried_Helnwein",
        "predicate": "http://dbpedia.org/ontology/wikiPageWikiLink",
        "object": "http://dbpedia.org/resource/Category:American_cartoonists"
    },
    {
        "subject": "http://dbpedia.org/resource/Gottfried_Helnwein",
        "predicate": "http://dbpedia.org/ontology/wikiPageWikiLink",
        "object": "http://dbpedia.org/resource/Category:American_comics_artists"
    }
]