[
    {
        "subject": "http://dbpedia.org/resource/Grayson_Perry",
        "predicate": "http://dbpedia.org/ontology/wikiPageWikiLink",
        "object": "http://dbpedia.org/resource/Call_the_Midwife"
    },
    {
        "subject": "http://dbpedia.org/resource/Grayson_Perry",
        "predicate": "http://dbpedia.org/ontology/wikiPageWikiLink",
        "object": "http://dbpedia.org/resource/Callum_Scott_Howells"
    },
    {
        "subject": "http://dbpedia.org/resource/Grayson_Perry",
        "predicate": "http://dbpedia.org/ontology/wikiPageWikiLink",
        "object": "http://dbpedia.org/resource/Canterbury_Tales_(TV_series)"
    },
    {
        "subject": "http://dbpedia.org/resource/Grayson_Perry",
        "predicate": "http://dbpedia.org/ontology/wikiPageWikiLink",
        "object": "http://dbpedia.org/resource/Care_(film)"
    },
    {
        "subject": "http://dbpedia.org/resource/Grayson_Perry",
        "predicate": "http://dbpedia.org/ontology/wikiPageWikiLink",
        "object": "http://dbpedia.org/resource/Carlton_Television"
    },
    {
        "subject": "http://dbpedia.org/resource/Grayson_Perry",
        "predicate": "http://dbpedia.org/ontology/wikiPageWikiLink",
        "object": "http://dbpedia.org/resource/Caroline_Aherne"
    },
    {
        "subject": "http://dbpedia.org/resource/Grayson_Perry",
        "predicate": "http://dbpedia.org/ontology/wikiPageWikiLink",
        "object": "http://dbpedia.org/resource/Cash_in_the_Attic"
    },
    {
        "subject": "http://dbpedia.org/resource/Grayson_Perry",
        "predicate": "http://dbpedia.org/ontology/wikiPageWikiLink",
        "object": "http://dbpedia.org/resource/Cast_Offs"
    },
    {
        "subject": "http://dbpedia.org/resource/Grayson_Perry",
        "predicate": "http://dbpedia.org/ontology/wikiPageWikiLink",
        "object": "http://dbpedia.org/resource/Castaway_2000"
    },
    {
        "subject": "http://dbpedia.org/resource/Grayson_Perry",
        "predicate": "http://dbpedia.org/ontology/wikiPageWikiLink",
        "object": "http://dbpedia.org/resource/Casualty_(TV_series)"
    },
    {
        "subject": "http://dbpedia.org/resource/Grayson_Perry",
        "predicate": "http://dbpedia.org/ontology/wikiPageWikiLink",
        "object": "http://dbpedia.org/resource/Catastrophe_(2015_TV_series)"
    },
    {
        "subject": "http://dbpedia.org/resource/Grayson_Perry",
        "predicate": "http://dbpedia.org/ontology/wikiPageWikiLink",
        "object": "http://dbpedia.org/resource/Catching_a_Killer"
    },
    {
        "subject": "http://dbpedia.org/resource/Grayson_Perry",
        "predicate": "http://dbpedia.org/ontology/wikiPageWikiLink",
        "object": "http://dbpedia.org/resource/Amongst_Women"
    },
    {
        "subject": "http://dbpedia.org/resource/Grayson_Perry",
        "predicate": "http://dbpedia.org/ontology/wikiPageWikiLink",
        "object": "http://dbpedia.org/resource/Press_Gang"
    },
    {
        "subject": "http://dbpedia.org/resource/Grayson_Perry",
        "predicate": "http://dbpedia.org/ontology/wikiPageWikiLink",
        "object": "http://dbpedia.org/resource/Prey_(British_TV_series)"
    },
    {
        "subject": "http://dbpedia.org/resource/Grayson_Perry",
        "predicate": "http://dbpedia.org/ontology/wikiPageWikiLink",
        "object": "http://dbpedia.org/resource/Prime_Suspect"
    },
    {
        "subject": "http://dbpedia.org/resource/Grayson_Perry",
        "predicate": "http://dbpedia.org/ontology/wikiPageWikiLink",
        "object": "http://dbpedia.org/resource/Private_Schulz"
    },
    {
        "subject": "http://dbpedia.org/resource/Grayson_Perry",
        "predicate": "http://dbpedia.org/ontology/wikiPageWikiLink",
        "object": "http://dbpedia.org/resource/Produced_by_George_Martin"
    },
    {
        "subject": "http://dbpedia.org/resource/Grayson_Perry",
        "predicate": "http://dbpedia.org/ontology/wikiPageWikiLink",
        "object": "http://dbpedia.org/resource/Protecting_Our_Children"
    },
    {
        "subject": "http://dbpedia.org/resource/Grayson_Perry",
        "predicate": "http://dbpedia.org/ontology/wikiPageWikiLink",
        "object": "http://dbpedia.org/resource/Psychobitches"
    },
    {
        "subject": "http://dbpedia.org/resource/Grayson_Perry",
        "predicate": "http://dbpedia.org/ontology/wikiPageWikiLink",
        "object": "http://dbpedia.org/resource/Psychos_(TV_series)"
    },
    {
        "subject": "http://dbpedia.org/resource/Grayson_Perry",
        "predicate": "http://dbpedia.org/ontology/wikiPageWikiLink",
        "object": "http://dbpedia.org/resource/Pulling_(TV_series)"
    },
    {
        "subject": "http://dbpedia.org/resource/Grayson_Perry",
        "predicate": "http://dbpedia.org/ontology/wikiPageWikiLink",
        "object": "http://dbpedia.org/resource/Pulling_Power"
    },
    {
        "subject": "http://dbpedia.org/resource/Grayson_Perry",
        "predicate": "http://dbpedia.org/ontology/wikiPageWikiLink",
        "object": "http://dbpedia.org/resource/Pussy_Riot:_A_Punk_Prayer"
    },
    {
        "subject": "http://dbpedia.org/resource/Grayson_Perry",
        "predicate": "http://dbpedia.org/ontology/wikiPageWikiLink",
        "object": "http://dbpedia.org/resource/QI"
    },
    {
        "subject": "http://dbpedia.org/resource/Grayson_Perry",
        "predicate": "http://dbpedia.org/ontology/wikiPageWikiLink",
        "object": "http://dbpedia.org/resource/Queen's_Medical_Centre"
    },
    {
        "subject": "http://dbpedia.org/resource/Grayson_Perry",
        "predicate": "http://dbpedia.org/ontology/wikiPageWikiLink",
        "object": "http://dbpedia.org/resource/Queer_as_Folk_(British_TV_series)"
    },
    {
        "subject": "http://dbpedia.org/resource/Grayson_Perry",
        "predicate": "http://dbpedia.org/ontology/wikiPageWikiLink",
        "object": "http://dbpedia.org/resource/Robert_Lindsay_(actor)"
    },
    {
        "subject": "http://dbpedia.org/resource/Grayson_Perry",
        "predicate": "http://dbpedia.org/ontology/wikiPageWikiLink",
        "object": "http://dbpedia.org/resource/Robert_Popper"
    },
    {
        "subject": "http://dbpedia.org/resource/Grayson_Perry",
        "predicate": "http://dbpedia.org/ontology/wikiPageWikiLink",
        "object": "http://dbpedia.org/resource/Robert_Webb"
    },
    {
        "subject": "http://dbpedia.org/resource/Grayson_Perry",
        "predicate": "http://dbpedia.org/ontology/wikiPageWikiLink",
        "object": "http://dbpedia.org/resource/Robson_Green"
    },
    {
        "subject": "http://dbpedia.org/resource/Grayson_Perry",
        "predicate": "http://dbpedia.org/ontology/wikiPageWikiLink",
        "object": "http://dbpedia.org/resource/Rock_Follies"
    },
    {
        "subject": "http://dbpedia.org/resource/Grayson_Perry",
        "predicate": "http://dbpedia.org/ontology/wikiPageWikiLink",
        "object": "http://dbpedia.org/resource/Rock_School"
    },
    {
        "subject": "http://dbpedia.org/resource/Grayson_Perry",
        "predicate": "http://dbpedia.org/ontology/wikiPageWikiLink",
        "object": "http://dbpedia.org/resource/Roddy_Doyle"
    },
    {
        "subject": "http://dbpedia.org/resource/Grayson_Perry",
        "predicate": "http://dbpedia.org/ontology/wikiPageWikiLink",
        "object": "http://dbpedia.org/resource/Roger_Bolton_(producer)"
    },
    {
        "subject": "http://dbpedia.org/resource/Grayson_Perry",
        "predicate": "http://dbpedia.org/ontology/wikiPageWikiLink",
        "object": "http://dbpedia.org/resource/Roger_Pratt_(cinematographer)"
    },
    {
        "subject": "http://dbpedia.org/resource/Grayson_Perry",
        "predicate": "http://dbpedia.org/ontology/wikiPageWikiLink",
        "object": "http://dbpedia.org/resource/Roger_and_the_Rottentrolls"
    },
    {
        "subject": "http://dbpedia.org/resource/Grayson_Perry",
        "predicate": "http://dbpedia.org/ontology/wikiPageWikiLink",
        "object": "http://dbpedia.org/resource/Rolf_Harris"
    },
    {
        "subject": "http://dbpedia.org/resource/Grayson_Perry",
        "predicate": "http://dbpedia.org/ontology/wikiPageWikiLink",
        "object": "http://dbpedia.org/resource/Rolf_on_Art"
    },
    {
        "subject": "http://dbpedia.org/resource/Grayson_Perry",
        "predicate": "http://dbpedia.org/ontology/wikiPageWikiLink",
        "object": "http://dbpedia.org/resource/Romeo_and_Juliet"
    },
    {
        "subject": "http://dbpedia.org/resource/Grayson_Perry",
        "predicate": "http://dbpedia.org/ontology/wikiPageWikiLink",
        "object": "http://dbpedia.org/resource/Romesh_Ranganathan"
    },
    {
        "subject": "http://dbpedia.org/resource/Grayson_Perry",
        "predicate": "http://dbpedia.org/ontology/wikiPageWikiLink",
        "object": "http://dbpedia.org/resource/Ronnie_Barker"
    },
    {
        "subject": "http://dbpedia.org/resource/Grayson_Perry",
        "predicate": "http://dbpedia.org/ontology/wikiPageWikiLink",
        "object": "http://dbpedia.org/resource/Room_on_the_Broom_(film)"
    },
    {
        "subject": "http://dbpedia.org/resource/Grayson_Perry",
        "predicate": "http://dbpedia.org/ontology/wikiPageWikiLink",
        "object": "http://dbpedia.org/resource/Rory_Bremner"
    },
    {
        "subject": "http://dbpedia.org/resource/Grayson_Perry",
        "predicate": "http://dbpedia.org/ontology/wikiPageWikiLink",
        "object": "http://dbpedia.org/resource/Rosie_Jones_(comedian)"
    },
    {
        "subject": "http://dbpedia.org/resource/Grayson_Perry",
        "predicate": "http://dbpedia.org/ontology/wikiPageWikiLink",
        "object": "http://dbpedia.org/resource/Roy_(TV_series)"
    },
    {
        "subject": "http://dbpedia.org/resource/Grayson_Perry",
        "predicate": "http://dbpedia.org/ontology/wikiPageWikiLink",
        "object": "http://dbpedia.org/resource/Roy_Keane"
    },
    {
        "subject": "http://dbpedia.org/resource/Grayson_Perry",
        "predicate": "http://dbpedia.org/ontology/wikiPageWikiLink",
        "object": "http://dbpedia.org/resource/Roy_Noble"
    },
    {
        "subject": "http://dbpedia.org/resource/Grayson_Perry",
        "predicate": "http://dbpedia.org/ontology/wikiPageWikiLink",
        "object": "http://dbpedia.org/resource/Roy_Williams_(playwright)"
    },
    {
        "subject": "http://dbpedia.org/resource/Grayson_Perry",
        "predicate": "http://dbpedia.org/ontology/wikiPageWikiLink",
        "object": "http://dbpedia.org/resource/Royal_British_Legion"
    },
    {
        "subject": "http://dbpedia.org/resource/Grayson_Perry",
        "predicate": "http://dbpedia.org/ontology/wikiPageWikiLink",
        "object": "http://dbpedia.org/resource/Royal_Television_Society"
    },
    {
        "subject": "http://dbpedia.org/resource/Grayson_Perry",
        "predicate": "http://dbpedia.org/ontology/wikiPageWikiLink",
        "object": "http://dbpedia.org/resource/RuPaul's_Drag_Race_UK"
    },
    {
        "subject": "http://dbpedia.org/resource/Grayson_Perry",
        "predicate": "http://dbpedia.org/ontology/wikiPageWikiLink",
        "object": "http://dbpedia.org/resource/Sam_Aston"
    },
    {
        "subject": "http://dbpedia.org/resource/Grayson_Perry",
        "predicate": "http://dbpedia.org/ontology/wikiPageWikiLink",
        "object": "http://dbpedia.org/resource/Sandra_Oh"
    },
    {
        "subject": "http://dbpedia.org/resource/Grayson_Perry",
        "predicate": "http://dbpedia.org/ontology/wikiPageWikiLink",
        "object": "http://dbpedia.org/resource/Sanjeev_Bhaskar"
    },
    {
        "subject": "http://dbpedia.org/resource/Grayson_Perry",
        "predicate": "http://dbpedia.org/ontology/wikiPageWikiLink",
        "object": "http://dbpedia.org/resource/Saoirse-Monica_Jackson"
    },
    {
        "subject": "http://dbpedia.org/resource/Grayson_Perry",
        "predicate": "http://dbpedia.org/ontology/wikiPageWikiLink",
        "object": "http://dbpedia.org/resource/Sarah_Gavron"
    },
    {
        "subject": "http://dbpedia.org/resource/Grayson_Perry",
        "predicate": "http://dbpedia.org/ontology/wikiPageWikiLink",
        "object": "http://dbpedia.org/resource/Sarah_Hadland"
    },
    {
        "subject": "http://dbpedia.org/resource/Grayson_Perry",
        "predicate": "http://dbpedia.org/ontology/wikiPageWikiLink",
        "object": "http://dbpedia.org/resource/Sarah_Lancashire"
    },
    {
        "subject": "http://dbpedia.org/resource/Grayson_Perry",
        "predicate": "http://dbpedia.org/ontology/wikiPageWikiLink",
        "object": "http://dbpedia.org/resource/Sarah_Solemani"
    },
    {
        "subject": "http://dbpedia.org/resource/Grayson_Perry",
        "predicate": "http://dbpedia.org/ontology/wikiPageWikiLink",
        "object": "http://dbpedia.org/resource/Save_Me_(British_TV_series)"
    },
    {
        "subject": "http://dbpedia.org/resource/Grayson_Perry",
        "predicate": "http://dbpedia.org/ontology/wikiPageWikiLink",
        "object": "http://dbpedia.org/resource/Scarlett_Moffatt"
    },
    {
        "subject": "http://dbpedia.org/resource/Grayson_Perry",
        "predicate": "http://dbpedia.org/ontology/wikiPageWikiLink",
        "object": "http://dbpedia.org/resource/Scotch_and_Wry"
    },
    {
        "subject": "http://dbpedia.org/resource/Grayson_Perry",
        "predicate": "http://dbpedia.org/ontology/wikiPageWikiLink",
        "object": "http://dbpedia.org/resource/Scott_&_Bailey"
    },
    {
        "subject": "http://dbpedia.org/resource/Grayson_Perry",
        "predicate": "http://dbpedia.org/ontology/wikiPageWikiLink",
        "object": "http://dbpedia.org/resource/Scrapheap_Challenge"
    },
    {
        "subject": "http://dbpedia.org/resource/Grayson_Perry",
        "predicate": "http://dbpedia.org/ontology/wikiPageWikiLink",
        "object": "http://dbpedia.org/resource/List_of_YouTube_Premium_original_programming"
    },
    {
        "subject": "http://dbpedia.org/resource/Grayson_Perry",
        "predicate": "http://dbpedia.org/ontology/wikiPageWikiLink",
        "object": "http://dbpedia.org/resource/List_of_documentary_films_about_the_Syrian_civil_war"
    },
    {
        "subject": "http://dbpedia.org/resource/Grayson_Perry",
        "predicate": "http://dbpedia.org/ontology/wikiPageWikiLink",
        "object": "http://dbpedia.org/resource/Mo_(2010_film)"
    },
    {
        "subject": "http://dbpedia.org/resource/Grayson_Perry",
        "predicate": "http://dbpedia.org/ontology/wikiPageWikiLink",
        "object": "http://dbpedia.org/resource/Morgan_Matthews_(filmmaker)"
    },
    {
        "subject": "http://dbpedia.org/resource/Grayson_Perry",
        "predicate": "http://dbpedia.org/ontology/wikiPageWikiLink",
        "object": "http://dbpedia.org/resource/Muddle_Earth"
    },
    {
        "subject": "http://dbpedia.org/resource/Grayson_Perry",
        "predicate": "http://dbpedia.org/ontology/wikiPageWikiLink",
        "object": "http://dbpedia.org/resource/Mehreen_Baig"
    },
    {
        "subject": "http://dbpedia.org/resource/Grayson_Perry",
        "predicate": "http://dbpedia.org/ontology/wikiPageWikiLink",
        "object": "http://dbpedia.org/resource/On_Your_Way,_Riley"
    },
    {
        "subject": "http://dbpedia.org/resource/Grayson_Perry",
        "predicate": "http://dbpedia.org/ontology/wikiPageWikiLink",
        "object": "http://dbpedia.org/resource/2013_Ashes_series"
    },
    {
        "subject": "http://dbpedia.org/resource/Grayson_Perry",
        "predicate": "http://dbpedia.org/ontology/wikiPageWikiLink",
        "object": "http://dbpedia.org/resource/2020_London_Marathon"
    },
    {
        "subject": "http://dbpedia.org/resource/Grayson_Perry",
        "predicate": "http://dbpedia.org/ontology/wikiPageWikiLink",
        "object": "http://dbpedia.org/resource/Baroque!_From_St_Peter's_to_St_Paul's"
    },
    {
        "subject": "http://dbpedia.org/resource/Grayson_Perry",
        "predicate": "http://dbpedia.org/ontology/wikiPageWikiLink",
        "object": "http://dbpedia.org/resource/Barry_Fry"
    },
    {
        "subject": "http://dbpedia.org/resource/Grayson_Perry",
        "predicate": "http://dbpedia.org/ontology/wikiPageWikiLink",
        "object": "http://dbpedia.org/resource/Barrymore_(TV_series)"
    },
    {
        "subject": "http://dbpedia.org/resource/Grayson_Perry",
        "predicate": "http://dbpedia.org/ontology/wikiPageWikiLink",
        "object": "http://dbpedia.org/resource/Battle_of_Qala-i-Jangi"
    },
    {
        "subject": "http://dbpedia.org/resource/Grayson_Perry",
        "predicate": "http://dbpedia.org/ontology/wikiPageWikiLink",
        "object": "http://dbpedia.org/resource/Baz_Ashmawy"
    },
    {
        "subject": "http://dbpedia.org/resource/Grayson_Perry",
        "predicate": "http://dbpedia.org/ontology/wikiPageWikiLink",
        "object": "http://dbpedia.org/resource/Beat_the_Chef"
    },
    {
        "subject": "http://dbpedia.org/resource/Grayson_Perry",
        "predicate": "http://dbpedia.org/ontology/wikiPageWikiLink",
        "object": "http://dbpedia.org/resource/Beautiful_Young_Minds"
    },
    {
        "subject": "http://dbpedia.org/resource/Grayson_Perry",
        "predicate": "http://dbpedia.org/ontology/wikiPageWikiLink",
        "object": "http://dbpedia.org/resource/Bedlam_(2013_TV_series)"
    },
    {
        "subject": "http://dbpedia.org/resource/Grayson_Perry",
        "predicate": "http://dbpedia.org/ontology/wikiPageWikiLink",
        "object": "http://dbpedia.org/resource/Ben_Elton"
    },
    {
        "subject": "http://dbpedia.org/resource/Grayson_Perry",
        "predicate": "http://dbpedia.org/ontology/wikiPageWikiLink",
        "object": "http://dbpedia.org/resource/Ben_Lewis_(filmmaker)"
    },
    {
        "subject": "http://dbpedia.org/resource/Grayson_Perry",
        "predicate": "http://dbpedia.org/ontology/wikiPageWikiLink",
        "object": "http://dbpedia.org/resource/Ben_Stephenson"
    },
    {
        "subject": "http://dbpedia.org/resource/Grayson_Perry",
        "predicate": "http://dbpedia.org/ontology/wikiPageWikiLink",
        "object": "http://dbpedia.org/resource/Ben_Whishaw"
    },
    {
        "subject": "http://dbpedia.org/resource/Grayson_Perry",
        "predicate": "http://dbpedia.org/ontology/wikiPageWikiLink",
        "object": "http://dbpedia.org/resource/Bernard_Hepton"
    },
    {
        "subject": "http://dbpedia.org/resource/Grayson_Perry",
        "predicate": "http://dbpedia.org/ontology/wikiPageWikiLink",
        "object": "http://dbpedia.org/resource/Beryl_Vertue"
    },
    {
        "subject": "http://dbpedia.org/resource/Grayson_Perry",
        "predicate": "http://dbpedia.org/ontology/wikiPageWikiLink",
        "object": "http://dbpedia.org/resource/Between_the_Lines_(TV_series)"
    },
    {
        "subject": "http://dbpedia.org/resource/Grayson_Perry",
        "predicate": "http://dbpedia.org/ontology/wikiPageWikiLink",
        "object": "http://dbpedia.org/resource/Big_&_Small"
    },
    {
        "subject": "http://dbpedia.org/resource/Grayson_Perry",
        "predicate": "http://dbpedia.org/ontology/wikiPageWikiLink",
        "object": "http://dbpedia.org/resource/Big_Brother_(British_TV_series)"
    },
    {
        "subject": "http://dbpedia.org/resource/Grayson_Perry",
        "predicate": "http://dbpedia.org/ontology/wikiPageWikiLink",
        "object": "http://dbpedia.org/resource/Big_Fat_Gypsy_Weddings"
    },
    {
        "subject": "http://dbpedia.org/resource/Grayson_Perry",
        "predicate": "http://dbpedia.org/ontology/wikiPageWikiLink",
        "object": "http://dbpedia.org/resource/Big_Narstie"
    },
    {
        "subject": "http://dbpedia.org/resource/Grayson_Perry",
        "predicate": "http://dbpedia.org/ontology/wikiPageWikiLink",
        "object": "http://dbpedia.org/resource/Big_Train"
    },
    {
        "subject": "http://dbpedia.org/resource/Grayson_Perry",
        "predicate": "http://dbpedia.org/ontology/wikiPageWikiLink",
        "object": "http://dbpedia.org/resource/Big_Zuu"
    },
    {
        "subject": "http://dbpedia.org/resource/Grayson_Perry",
        "predicate": "http://dbpedia.org/ontology/wikiPageWikiLink",
        "object": "http://dbpedia.org/resource/Bill_Cotton"
    },
    {
        "subject": "http://dbpedia.org/resource/Grayson_Perry",
        "predicate": "http://dbpedia.org/ontology/wikiPageWikiLink",
        "object": "http://dbpedia.org/resource/Bill_Nighy"
    },
    {
        "subject": "http://dbpedia.org/resource/Grayson_Perry",
        "predicate": "http://dbpedia.org/ontology/wikiPageWikiLink",
        "object": "http://dbpedia.org/resource/Bill_Oddie"
    },
    {
        "subject": "http://dbpedia.org/resource/Grayson_Perry",
        "predicate": "http://dbpedia.org/ontology/wikiPageWikiLink",
        "object": "http://dbpedia.org/resource/Billy_Connolly"
    },
    {
        "subject": "http://dbpedia.org/resource/Grayson_Perry",
        "predicate": "http://dbpedia.org/ontology/wikiPageWikiLink",
        "object": "http://dbpedia.org/resource/Black_Earth_Rising"
    }
]