[
    {
        "subject": "http://dbpedia.org/resource/Isaac_Julien",
        "predicate": "http://dbpedia.org/ontology/wikiPageWikiLink",
        "object": "http://dbpedia.org/resource/Prince_Philip,_Duke_of_Edinburgh"
    },
    {
        "subject": "http://dbpedia.org/resource/Isaac_Julien",
        "predicate": "http://dbpedia.org/ontology/wikiPageWikiLink",
        "object": "http://dbpedia.org/resource/Murray_Smith_(writer)"
    },
    {
        "subject": "http://dbpedia.org/resource/Isaac_Julien",
        "predicate": "http://dbpedia.org/ontology/wikiPageWikiLink",
        "object": "http://dbpedia.org/resource/Passion_in_the_Desert"
    },
    {
        "subject": "http://dbpedia.org/resource/Isaac_Julien",
        "predicate": "http://dbpedia.org/ontology/wikiPageWikiLink",
        "object": "http://dbpedia.org/resource/Baweja_Movies"
    },
    {
        "subject": "http://dbpedia.org/resource/Isaac_Julien",
        "predicate": "http://dbpedia.org/ontology/wikiPageWikiLink",
        "object": "http://dbpedia.org/resource/Bollywood"
    },
    {
        "subject": "http://dbpedia.org/resource/Isaac_Julien",
        "predicate": "http://dbpedia.org/ontology/wikiPageWikiLink",
        "object": "http://dbpedia.org/resource/Bollywood_Hungama"
    },
    {
        "subject": "http://dbpedia.org/resource/Isaac_Julien",
        "predicate": "http://dbpedia.org/ontology/wikiPageWikiLink",
        "object": "http://dbpedia.org/resource/Hotstar"
    },
    {
        "subject": "http://dbpedia.org/resource/Isaac_Julien",
        "predicate": "http://dbpedia.org/ontology/wikiPageWikiLink",
        "object": "http://dbpedia.org/resource/How_We_Used_to_Live"
    },
    {
        "subject": "http://dbpedia.org/resource/Isaac_Julien",
        "predicate": "http://dbpedia.org/ontology/wikiPageWikiLink",
        "object": "http://dbpedia.org/resource/Judi_Dench"
    },
    {
        "subject": "http://dbpedia.org/resource/Isaac_Julien",
        "predicate": "http://dbpedia.org/ontology/wikiPageWikiLink",
        "object": "http://dbpedia.org/resource/Paul_Weiland"
    },
    {
        "subject": "http://dbpedia.org/resource/Isaac_Julien",
        "predicate": "http://dbpedia.org/ontology/wikiPageWikiLink",
        "object": "http://dbpedia.org/resource/Venus"
    },
    {
        "subject": "http://dbpedia.org/resource/Isaac_Julien",
        "predicate": "http://dbpedia.org/ontology/wikiPageWikiLink",
        "object": "http://dbpedia.org/resource/Virat_Kohli"
    },
    {
        "subject": "http://dbpedia.org/resource/Isaac_Julien",
        "predicate": "http://dbpedia.org/ontology/wikiPageWikiLink",
        "object": "http://dbpedia.org/resource/Vikram_Dhillon"
    },
    {
        "subject": "http://dbpedia.org/resource/Isaac_Julien",
        "predicate": "http://dbpedia.org/ontology/wikiPageWikiLink",
        "object": "http://dbpedia.org/resource/Kurbani"
    },
    {
        "subject": "http://dbpedia.org/resource/Isaac_Julien",
        "predicate": "http://dbpedia.org/ontology/wikiPageWikiLink",
        "object": "http://dbpedia.org/resource/Category:Living_people"
    },
    {
        "subject": "http://dbpedia.org/resource/Isaac_Julien",
        "predicate": "http://dbpedia.org/ontology/wikiPageWikiLink",
        "object": "http://dbpedia.org/resource/Matthew_Jacobs"
    },
    {
        "subject": "http://dbpedia.org/resource/Isaac_Julien",
        "predicate": "http://dbpedia.org/ontology/wikiPageWikiLink",
        "object": "http://dbpedia.org/resource/Rupert_Murdoch"
    },
    {
        "subject": "http://dbpedia.org/resource/Isaac_Julien",
        "predicate": "http://dbpedia.org/ontology/wikiPageWikiLink",
        "object": "http://dbpedia.org/resource/To_Serve_Them_All_My_Days"
    },
    {
        "subject": "http://dbpedia.org/resource/Isaac_Julien",
        "predicate": "http://dbpedia.org/ontology/wikiPageWikiLink",
        "object": "http://dbpedia.org/resource/Christopher_Morahan"
    },
    {
        "subject": "http://dbpedia.org/resource/Isaac_Julien",
        "predicate": "http://dbpedia.org/ontology/wikiPageWikiLink",
        "object": "http://dbpedia.org/resource/Entertainment_Tonight"
    },
    {
        "subject": "http://dbpedia.org/resource/Isaac_Julien",
        "predicate": "http://dbpedia.org/ontology/wikiPageWikiLink",
        "object": "http://dbpedia.org/resource/Frantz_Fanon"
    },
    {
        "subject": "http://dbpedia.org/resource/Isaac_Julien",
        "predicate": "http://dbpedia.org/ontology/wikiPageWikiLink",
        "object": "http://dbpedia.org/resource/The_Paradise_Club"
    },
    {
        "subject": "http://dbpedia.org/resource/Isaac_Julien",
        "predicate": "http://dbpedia.org/ontology/wikiPageWikiLink",
        "object": "http://dbpedia.org/resource/The_Steal"
    },
    {
        "subject": "http://dbpedia.org/resource/Isaac_Julien",
        "predicate": "http://dbpedia.org/ontology/wikiPageWikiLink",
        "object": "http://dbpedia.org/resource/Annie_Besant"
    },
    {
        "subject": "http://dbpedia.org/resource/Isaac_Julien",
        "predicate": "http://dbpedia.org/ontology/wikiPageWikiLink",
        "object": "http://dbpedia.org/resource/Arabian_Adventure"
    },
    {
        "subject": "http://dbpedia.org/resource/Isaac_Julien",
        "predicate": "http://dbpedia.org/ontology/wikiPageWikiLink",
        "object": "http://dbpedia.org/resource/Leda_Serene_Films"
    },
    {
        "subject": "http://dbpedia.org/resource/Isaac_Julien",
        "predicate": "http://dbpedia.org/ontology/wikiPageWikiLink",
        "object": "http://dbpedia.org/resource/London's_Burning_(TV_series)"
    },
    {
        "subject": "http://dbpedia.org/resource/Isaac_Julien",
        "predicate": "http://dbpedia.org/ontology/wikiPageWikiLink",
        "object": "http://dbpedia.org/resource/London_Weekend_Television"
    },
    {
        "subject": "http://dbpedia.org/resource/Isaac_Julien",
        "predicate": "http://dbpedia.org/ontology/wikiPageWikiLink",
        "object": "http://dbpedia.org/resource/Star_India"
    },
    {
        "subject": "http://dbpedia.org/resource/Isaac_Julien",
        "predicate": "http://dbpedia.org/ontology/wikiPageWikiLink",
        "object": "http://dbpedia.org/resource/Star_TV_(Asian_TV_networks)"
    },
    {
        "subject": "http://dbpedia.org/resource/Isaac_Julien",
        "predicate": "http://dbpedia.org/ontology/wikiPageWikiLink",
        "object": "http://dbpedia.org/resource/Commonwealth_Expedition"
    },
    {
        "subject": "http://dbpedia.org/resource/Isaac_Julien",
        "predicate": "http://dbpedia.org/ontology/wikiPageWikiLink",
        "object": "http://dbpedia.org/resource/How_We_Used_To_Live"
    },
    {
        "subject": "http://dbpedia.org/resource/Isaac_Julien",
        "predicate": "http://dbpedia.org/ontology/wikiPageWikiLink",
        "object": "http://dbpedia.org/resource/BBC"
    },
    {
        "subject": "http://dbpedia.org/resource/Isaac_Julien",
        "predicate": "http://dbpedia.org/ontology/wikiPageWikiLink",
        "object": "http://dbpedia.org/resource/BBC_Films"
    },
    {
        "subject": "http://dbpedia.org/resource/Isaac_Julien",
        "predicate": "http://dbpedia.org/ontology/wikiPageWikiLink",
        "object": "http://dbpedia.org/resource/Category:1967_births"
    },
    {
        "subject": "http://dbpedia.org/resource/Isaac_Julien",
        "predicate": "http://dbpedia.org/ontology/wikiPageWikiLink",
        "object": "http://dbpedia.org/resource/Jataka_tales"
    },
    {
        "subject": "http://dbpedia.org/resource/Isaac_Julien",
        "predicate": "http://dbpedia.org/ontology/wikiPageWikiLink",
        "object": "http://dbpedia.org/resource/Miracle_Films"
    },
    {
        "subject": "http://dbpedia.org/resource/Isaac_Julien",
        "predicate": "http://dbpedia.org/ontology/wikiPageWikiLink",
        "object": "http://dbpedia.org/resource/ALTBalaji"
    },
    {
        "subject": "http://dbpedia.org/resource/Isaac_Julien",
        "predicate": "http://dbpedia.org/ontology/wikiPageWikiLink",
        "object": "http://dbpedia.org/resource/Feroz_Khan_(actor)"
    },
    {
        "subject": "http://dbpedia.org/resource/Isaac_Julien",
        "predicate": "http://dbpedia.org/ontology/wikiPageWikiLink",
        "object": "http://dbpedia.org/resource/Fox_Networks_Group_Asia_Pacific"
    },
    {
        "subject": "http://dbpedia.org/resource/Isaac_Julien",
        "predicate": "http://dbpedia.org/ontology/wikiPageWikiLink",
        "object": "http://dbpedia.org/resource/Pratibha_Parmar"
    },
    {
        "subject": "http://dbpedia.org/resource/Isaac_Julien",
        "predicate": "http://dbpedia.org/ontology/wikiPageWikiLink",
        "object": "http://dbpedia.org/resource/Internet_Movie_Database"
    },
    {
        "subject": "http://dbpedia.org/resource/Isaac_Julien",
        "predicate": "http://dbpedia.org/ontology/wikiPageWikiLink",
        "object": "http://dbpedia.org/resource/Isaac_Julien"
    },
    {
        "subject": "http://dbpedia.org/resource/Isaac_Julien",
        "predicate": "http://dbpedia.org/ontology/wikiPageWikiLink",
        "object": "http://dbpedia.org/resource/Jai_Veeru"
    },
    {
        "subject": "http://dbpedia.org/resource/Isaac_Julien",
        "predicate": "http://dbpedia.org/ontology/wikiPageWikiLink",
        "object": "http://dbpedia.org/resource/Jamil_Dehlavi"
    },
    {
        "subject": "http://dbpedia.org/resource/Isaac_Julien",
        "predicate": "http://dbpedia.org/ontology/wikiPageWikiLink",
        "object": "http://dbpedia.org/resource/Jataka_Tales"
    },
    {
        "subject": "http://dbpedia.org/resource/Isaac_Julien",
        "predicate": "http://dbpedia.org/ontology/wikiPageWikiLink",
        "object": "http://dbpedia.org/resource/The_Four_Feathers_(1978_film)"
    },
    {
        "subject": "http://dbpedia.org/resource/Isaac_Julien",
        "predicate": "http://dbpedia.org/ontology/wikiPageWikiLink",
        "object": "http://dbpedia.org/resource/Feroz_Khan_(actor,_born_1939)"
    },
    {
        "subject": "http://dbpedia.org/resource/Isaac_Julien",
        "predicate": "http://dbpedia.org/ontology/wikiPageWikiLink",
        "object": "http://dbpedia.org/resource/Category:British_film_directors"
    },
    {
        "subject": "http://dbpedia.org/resource/Isaac_Julien",
        "predicate": "http://dbpedia.org/ontology/wikiPageWikiLink",
        "object": "http://dbpedia.org/resource/Category:British_people_of_Punjabi_descent"
    },
    {
        "subject": "http://dbpedia.org/resource/Isaac_Julien",
        "predicate": "http://dbpedia.org/ontology/wikiPageWikiLink",
        "object": "http://dbpedia.org/resource/Channel_V"
    },
    {
        "subject": "http://dbpedia.org/resource/Isaac_Julien",
        "predicate": "http://dbpedia.org/ontology/wikiPageWikiLink",
        "object": "http://dbpedia.org/resource/Keith_David"
    },
    {
        "subject": "http://dbpedia.org/resource/Isaac_Julien",
        "predicate": "http://dbpedia.org/ontology/wikiPageWikiLink",
        "object": "http://dbpedia.org/resource/Kevin_Connor_(director)"
    },
    {
        "subject": "http://dbpedia.org/resource/Isaac_Julien",
        "predicate": "http://dbpedia.org/ontology/wikiPageWikiLink",
        "object": "http://dbpedia.org/resource/Super_V"
    },
    {
        "subject": "http://dbpedia.org/resource/Isaac_Julien",
        "predicate": "http://dbpedia.org/ontology/wikiPageWikiLink",
        "object": "http://dbpedia.org/resource/Disney"
    },
    {
        "subject": "http://dbpedia.org/resource/Isaac_Julien",
        "predicate": "http://dbpedia.org/ontology/wikiPageWikiLink",
        "object": "http://dbpedia.org/resource/Disney+"
    },
    {
        "subject": "http://dbpedia.org/resource/Isaac_Julien",
        "predicate": "http://dbpedia.org/ontology/wikiPageWikiLink",
        "object": "http://dbpedia.org/resource/Don_Sharp"
    },
    {
        "subject": "http://dbpedia.org/resource/Isaac_Julien",
        "predicate": "http://dbpedia.org/ontology/wikiPageWikiLink",
        "object": "http://dbpedia.org/resource/Marvel_HQ"
    },
    {
        "subject": "http://dbpedia.org/resource/Isaac_Julien",
        "predicate": "http://dbpedia.org/ontology/wikiPageWikiLink",
        "object": "http://dbpedia.org/resource/Philip_Saville"
    },
    {
        "subject": "http://dbpedia.org/resource/Isaac_Julien",
        "predicate": "http://dbpedia.org/ontology/wikiPageWikiLink",
        "object": "http://dbpedia.org/resource/Pinky_Moge_Wali"
    },
    {
        "subject": "http://dbpedia.org/resource/Isaac_Julien",
        "predicate": "http://dbpedia.org/ontology/wikiPageWikiLink",
        "object": "http://dbpedia.org/resource/Sohail_Khan"
    },
    {
        "subject": "http://dbpedia.org/resource/Isaac_Julien",
        "predicate": "http://dbpedia.org/ontology/wikiPageWikiLink",
        "object": "http://dbpedia.org/resource/I_-_Proud_To_Be_An_Indian"
    },
    {
        "subject": "http://dbpedia.org/resource/Isaac_Julien",
        "predicate": "http://dbpedia.org/ontology/wikiPageWikiLink",
        "object": "http://dbpedia.org/resource/I_Proud_to_Be_an_Indian"
    },
    {
        "subject": "http://dbpedia.org/resource/Isaac_Julien",
        "predicate": "http://dbpedia.org/ontology/wikiPageWikiLink",
        "object": "http://dbpedia.org/resource/Kisaan"
    },
    {
        "subject": "http://dbpedia.org/resource/Isaac_Julien",
        "predicate": "http://dbpedia.org/ontology/wikiPageWikiLink",
        "object": "http://dbpedia.org/resource/Middlesex_University"
    },
    {
        "subject": "http://dbpedia.org/resource/Isaac_Julien",
        "predicate": "http://dbpedia.org/ontology/wikiPageWikiLink",
        "object": "http://dbpedia.org/resource/Night_Network"
    },
    {
        "subject": "http://dbpedia.org/resource/Isaac_Julien",
        "predicate": "http://dbpedia.org/ontology/wikiPageWikiLink",
        "object": "http://dbpedia.org/resource/Immaculate_Conception"
    },
    {
        "subject": "http://dbpedia.org/resource/Isaac_Julien",
        "predicate": "http://dbpedia.org/ontology/wikiPageWikiLink",
        "object": "http://dbpedia.org/resource/Yorkshire_Television"
    },
    {
        "subject": "http://dbpedia.org/resource/Isaac_Julien",
        "predicate": "http://dbpedia.org/ontology/wikiPageWikiLink",
        "object": "http://dbpedia.org/resource/Vekeana_Dhillon"
    },
    {
        "subject": "http://dbpedia.org/resource/Isaac_Julien",
        "predicate": "http://dbpedia.org/ontology/wikiPageWikiLink",
        "object": "http://dbpedia.org/resource/Christoper_Lee"
    },
    {
        "subject": "http://dbpedia.org/resource/Isaac_Julien",
        "predicate": "http://dbpedia.org/ontology/wikiPageWikiLink",
        "object": "http://dbpedia.org/resource/IndiaFM"
    },
    {
        "subject": "http://dbpedia.org/resource/Isaac_Julien",
        "predicate": "http://dbpedia.org/ontology/wikiPageWikiLink",
        "object": "http://dbpedia.org/resource/Franz_Fannon"
    },
    {
        "subject": "http://dbpedia.org/resource/Isaac_Julien",
        "predicate": "http://dbpedia.org/ontology/wikiPageWikiLink",
        "object": "http://dbpedia.org/resource/Oval_House_Theatre"
    },
    {
        "subject": "http://dbpedia.org/resource/Isaac_Julien",
        "predicate": "http://dbpedia.org/ontology/wikiPageWikiLink",
        "object": "http://dbpedia.org/resource/Jinnah"
    },
    {
        "subject": "http://dbpedia.org/resource/Isaac_Julien",
        "predicate": "http://dbpedia.org/ontology/wikiPageWikiLink",
        "object": "http://dbpedia.org/resource/MTV_Arabia"
    },
    {
        "subject": "http://dbpedia.org/resource/Isaac_Julien",
        "predicate": "http://dbpedia.org/ontology/wikiPageWikiLink",
        "object": "http://dbpedia.org/resource/Spiceboy"
    },
    {
        "subject": "http://dbpedia.org/resource/Isaac_Julien",
        "predicate": "http://dbpedia.org/ontology/wikiPageWikiLink",
        "object": "http://dbpedia.org/resource/Category:Amsterdam"
    },
    {
        "subject": "http://dbpedia.org/resource/Isaac_Julien",
        "predicate": "http://dbpedia.org/ontology/wikiPageWikiLink",
        "object": "http://dbpedia.org/resource/Rotterdam"
    },
    {
        "subject": "http://dbpedia.org/resource/Isaac_Julien",
        "predicate": "http://dbpedia.org/ontology/wikiPageWikiLink",
        "object": "http://dbpedia.org/resource/Anthony_Goicolea"
    },
    {
        "subject": "http://dbpedia.org/resource/Isaac_Julien",
        "predicate": "http://dbpedia.org/ontology/wikiPageWikiLink",
        "object": "http://dbpedia.org/resource/Category:Art_in_Amsterdam"
    },
    {
        "subject": "http://dbpedia.org/resource/Isaac_Julien",
        "predicate": "http://dbpedia.org/ontology/wikiPageWikiLink",
        "object": "http://dbpedia.org/resource/International_Association_of_Art_Critics"
    },
    {
        "subject": "http://dbpedia.org/resource/Isaac_Julien",
        "predicate": "http://dbpedia.org/ontology/wikiPageWikiLink",
        "object": "http://dbpedia.org/resource/Jan_Hoet"
    },
    {
        "subject": "http://dbpedia.org/resource/Isaac_Julien",
        "predicate": "http://dbpedia.org/ontology/wikiPageWikiLink",
        "object": "http://dbpedia.org/resource/Joep_van_Lieshout"
    },
    {
        "subject": "http://dbpedia.org/resource/Isaac_Julien",
        "predicate": "http://dbpedia.org/ontology/wikiPageWikiLink",
        "object": "http://dbpedia.org/resource/Category:Living_people"
    },
    {
        "subject": "http://dbpedia.org/resource/Isaac_Julien",
        "predicate": "http://dbpedia.org/ontology/wikiPageWikiLink",
        "object": "http://dbpedia.org/resource/Codarts"
    },
    {
        "subject": "http://dbpedia.org/resource/Isaac_Julien",
        "predicate": "http://dbpedia.org/ontology/wikiPageWikiLink",
        "object": "http://dbpedia.org/resource/Museo_Nacional_Centro_de_Arte_Reina_Sof\u00eda"
    },
    {
        "subject": "http://dbpedia.org/resource/Isaac_Julien",
        "predicate": "http://dbpedia.org/ontology/wikiPageWikiLink",
        "object": "http://dbpedia.org/resource/Museum_Boijmans_Van_Beuningen"
    },
    {
        "subject": "http://dbpedia.org/resource/Isaac_Julien",
        "predicate": "http://dbpedia.org/ontology/wikiPageWikiLink",
        "object": "http://dbpedia.org/resource/Levi_van_Veluw"
    },
    {
        "subject": "http://dbpedia.org/resource/Isaac_Julien",
        "predicate": "http://dbpedia.org/ontology/wikiPageWikiLink",
        "object": "http://dbpedia.org/resource/Madrid"
    },
    {
        "subject": "http://dbpedia.org/resource/Isaac_Julien",
        "predicate": "http://dbpedia.org/ontology/wikiPageWikiLink",
        "object": "http://dbpedia.org/resource/Amsterdam"
    },
    {
        "subject": "http://dbpedia.org/resource/Isaac_Julien",
        "predicate": "http://dbpedia.org/ontology/wikiPageWikiLink",
        "object": "http://dbpedia.org/resource/Category:1961_births"
    },
    {
        "subject": "http://dbpedia.org/resource/Isaac_Julien",
        "predicate": "http://dbpedia.org/ontology/wikiPageWikiLink",
        "object": "http://dbpedia.org/resource/Daniel_Arsham"
    },
    {
        "subject": "http://dbpedia.org/resource/Isaac_Julien",
        "predicate": "http://dbpedia.org/ontology/wikiPageWikiLink",
        "object": "http://dbpedia.org/resource/Erwin_Olaf"
    },
    {
        "subject": "http://dbpedia.org/resource/Isaac_Julien",
        "predicate": "http://dbpedia.org/ontology/wikiPageWikiLink",
        "object": "http://dbpedia.org/resource/Pablo_Picasso"
    },
    {
        "subject": "http://dbpedia.org/resource/Isaac_Julien",
        "predicate": "http://dbpedia.org/ontology/wikiPageWikiLink",
        "object": "http://dbpedia.org/resource/Hans_Op_de_Beeck"
    },
    {
        "subject": "http://dbpedia.org/resource/Isaac_Julien",
        "predicate": "http://dbpedia.org/ontology/wikiPageWikiLink",
        "object": "http://dbpedia.org/resource/Guernica_(Picasso)"
    },
    {
        "subject": "http://dbpedia.org/resource/Isaac_Julien",
        "predicate": "http://dbpedia.org/ontology/wikiPageWikiLink",
        "object": "http://dbpedia.org/resource/Isaac_Julien"
    },
    {
        "subject": "http://dbpedia.org/resource/Isaac_Julien",
        "predicate": "http://dbpedia.org/ontology/wikiPageWikiLink",
        "object": "http://dbpedia.org/resource/Stendhal_Syndrome"
    },
    {
        "subject": "http://dbpedia.org/resource/Isaac_Julien",
        "predicate": "http://dbpedia.org/ontology/wikiPageWikiLink",
        "object": "http://dbpedia.org/resource/Armory_Show"
    },
    {
        "subject": "http://dbpedia.org/resource/Isaac_Julien",
        "predicate": "http://dbpedia.org/ontology/wikiPageWikiLink",
        "object": "http://dbpedia.org/resource/Category:Dutch_art_dealers"
    }
]