[
    {
        "subject": "http://dbpedia.org/resource/Jack_Youngerman",
        "predicate": "http://dbpedia.org/ontology/wikiPageWikiLink",
        "object": "http://dbpedia.org/resource/Camouflage"
    },
    {
        "subject": "http://dbpedia.org/resource/Jack_Youngerman",
        "predicate": "http://dbpedia.org/ontology/wikiPageWikiLink",
        "object": "http://dbpedia.org/resource/Candy_Jernigan"
    },
    {
        "subject": "http://dbpedia.org/resource/Jack_Youngerman",
        "predicate": "http://dbpedia.org/ontology/wikiPageWikiLink",
        "object": "http://dbpedia.org/resource/Carnegie_Mellon_University"
    },
    {
        "subject": "http://dbpedia.org/resource/Jack_Youngerman",
        "predicate": "http://dbpedia.org/ontology/wikiPageWikiLink",
        "object": "http://dbpedia.org/resource/Carole_Rosenthal"
    },
    {
        "subject": "http://dbpedia.org/resource/Jack_Youngerman",
        "predicate": "http://dbpedia.org/ontology/wikiPageWikiLink",
        "object": "http://dbpedia.org/resource/Carolyn_F._Ulrich"
    },
    {
        "subject": "http://dbpedia.org/resource/Jack_Youngerman",
        "predicate": "http://dbpedia.org/ontology/wikiPageWikiLink",
        "object": "http://dbpedia.org/resource/Category:Art_schools_in_New_York_City"
    },
    {
        "subject": "http://dbpedia.org/resource/Jack_Youngerman",
        "predicate": "http://dbpedia.org/ontology/wikiPageWikiLink",
        "object": "http://dbpedia.org/resource/Babb,_Cook,_and_Willard"
    },
    {
        "subject": "http://dbpedia.org/resource/Jack_Youngerman",
        "predicate": "http://dbpedia.org/ontology/wikiPageWikiLink",
        "object": "http://dbpedia.org/resource/Pratt_Institute_Libraries"
    },
    {
        "subject": "http://dbpedia.org/resource/Jack_Youngerman",
        "predicate": "http://dbpedia.org/ontology/wikiPageWikiLink",
        "object": "http://dbpedia.org/resource/Pratt_Institute_School_of_Information"
    },
    {
        "subject": "http://dbpedia.org/resource/Jack_Youngerman",
        "predicate": "http://dbpedia.org/ontology/wikiPageWikiLink",
        "object": "http://dbpedia.org/resource/Robert_Mapplethorpe"
    },
    {
        "subject": "http://dbpedia.org/resource/Jack_Youngerman",
        "predicate": "http://dbpedia.org/ontology/wikiPageWikiLink",
        "object": "http://dbpedia.org/resource/Robert_Moses"
    },
    {
        "subject": "http://dbpedia.org/resource/Jack_Youngerman",
        "predicate": "http://dbpedia.org/ontology/wikiPageWikiLink",
        "object": "http://dbpedia.org/resource/Robert_Redford"
    },
    {
        "subject": "http://dbpedia.org/resource/Jack_Youngerman",
        "predicate": "http://dbpedia.org/ontology/wikiPageWikiLink",
        "object": "http://dbpedia.org/resource/Robert_Sabuda"
    },
    {
        "subject": "http://dbpedia.org/resource/Jack_Youngerman",
        "predicate": "http://dbpedia.org/ontology/wikiPageWikiLink",
        "object": "http://dbpedia.org/resource/Robert_Siegel"
    },
    {
        "subject": "http://dbpedia.org/resource/Jack_Youngerman",
        "predicate": "http://dbpedia.org/ontology/wikiPageWikiLink",
        "object": "http://dbpedia.org/resource/Robert_Wilson_(director)"
    },
    {
        "subject": "http://dbpedia.org/resource/Jack_Youngerman",
        "predicate": "http://dbpedia.org/ontology/wikiPageWikiLink",
        "object": "http://dbpedia.org/resource/Roger_Cook_(graphic_designer)"
    },
    {
        "subject": "http://dbpedia.org/resource/Jack_Youngerman",
        "predicate": "http://dbpedia.org/ontology/wikiPageWikiLink",
        "object": "http://dbpedia.org/resource/Roxy_Paine"
    },
    {
        "subject": "http://dbpedia.org/resource/Jack_Youngerman",
        "predicate": "http://dbpedia.org/ontology/wikiPageWikiLink",
        "object": "http://dbpedia.org/resource/Samantha_Katz"
    },
    {
        "subject": "http://dbpedia.org/resource/Jack_Youngerman",
        "predicate": "http://dbpedia.org/ontology/wikiPageWikiLink",
        "object": "http://dbpedia.org/resource/Samm_Schwartz"
    },
    {
        "subject": "http://dbpedia.org/resource/Jack_Youngerman",
        "predicate": "http://dbpedia.org/ontology/wikiPageWikiLink",
        "object": "http://dbpedia.org/resource/Sarah_Louise_Delany"
    },
    {
        "subject": "http://dbpedia.org/resource/Jack_Youngerman",
        "predicate": "http://dbpedia.org/ontology/wikiPageWikiLink",
        "object": "http://dbpedia.org/resource/Sarah_Schkeeper"
    },
    {
        "subject": "http://dbpedia.org/resource/Jack_Youngerman",
        "predicate": "http://dbpedia.org/ontology/wikiPageWikiLink",
        "object": "http://dbpedia.org/resource/Scientific_American"
    },
    {
        "subject": "http://dbpedia.org/resource/Jack_Youngerman",
        "predicate": "http://dbpedia.org/ontology/wikiPageWikiLink",
        "object": "http://dbpedia.org/resource/Skidmore,_Owings_and_Merrill"
    },
    {
        "subject": "http://dbpedia.org/resource/Jack_Youngerman",
        "predicate": "http://dbpedia.org/ontology/wikiPageWikiLink",
        "object": "http://dbpedia.org/resource/Nobel_Prize_in_Chemistry"
    },
    {
        "subject": "http://dbpedia.org/resource/Jack_Youngerman",
        "predicate": "http://dbpedia.org/ontology/wikiPageWikiLink",
        "object": "http://dbpedia.org/resource/Technical_school"
    },
    {
        "subject": "http://dbpedia.org/resource/Jack_Youngerman",
        "predicate": "http://dbpedia.org/ontology/wikiPageWikiLink",
        "object": "http://dbpedia.org/resource/Takashi_Soga"
    },
    {
        "subject": "http://dbpedia.org/resource/Jack_Youngerman",
        "predicate": "http://dbpedia.org/ontology/wikiPageWikiLink",
        "object": "http://dbpedia.org/resource/Ben_de_Lisi"
    },
    {
        "subject": "http://dbpedia.org/resource/Jack_Youngerman",
        "predicate": "http://dbpedia.org/ontology/wikiPageWikiLink",
        "object": "http://dbpedia.org/resource/Bernard_Chang"
    },
    {
        "subject": "http://dbpedia.org/resource/Jack_Youngerman",
        "predicate": "http://dbpedia.org/ontology/wikiPageWikiLink",
        "object": "http://dbpedia.org/resource/Bernard_Safran"
    },
    {
        "subject": "http://dbpedia.org/resource/Jack_Youngerman",
        "predicate": "http://dbpedia.org/ontology/wikiPageWikiLink",
        "object": "http://dbpedia.org/resource/Betsey_Johnson"
    },
    {
        "subject": "http://dbpedia.org/resource/Jack_Youngerman",
        "predicate": "http://dbpedia.org/ontology/wikiPageWikiLink",
        "object": "http://dbpedia.org/resource/Beverly_Pepper"
    },
    {
        "subject": "http://dbpedia.org/resource/Jack_Youngerman",
        "predicate": "http://dbpedia.org/ontology/wikiPageWikiLink",
        "object": "http://dbpedia.org/resource/Bill_Griffith"
    },
    {
        "subject": "http://dbpedia.org/resource/Jack_Youngerman",
        "predicate": "http://dbpedia.org/ontology/wikiPageWikiLink",
        "object": "http://dbpedia.org/resource/Boaz_Vaadia"
    },
    {
        "subject": "http://dbpedia.org/resource/Jack_Youngerman",
        "predicate": "http://dbpedia.org/ontology/wikiPageWikiLink",
        "object": "http://dbpedia.org/resource/Bob_Giraldi"
    },
    {
        "subject": "http://dbpedia.org/resource/Jack_Youngerman",
        "predicate": "http://dbpedia.org/ontology/wikiPageWikiLink",
        "object": "http://dbpedia.org/resource/Dave_Berg_(cartoonist)"
    },
    {
        "subject": "http://dbpedia.org/resource/Jack_Youngerman",
        "predicate": "http://dbpedia.org/ontology/wikiPageWikiLink",
        "object": "http://dbpedia.org/resource/David_Ratcliff"
    },
    {
        "subject": "http://dbpedia.org/resource/Jack_Youngerman",
        "predicate": "http://dbpedia.org/ontology/wikiPageWikiLink",
        "object": "http://dbpedia.org/resource/David_Sarnoff"
    },
    {
        "subject": "http://dbpedia.org/resource/Jack_Youngerman",
        "predicate": "http://dbpedia.org/ontology/wikiPageWikiLink",
        "object": "http://dbpedia.org/resource/David_Silverman_(animator)"
    },
    {
        "subject": "http://dbpedia.org/resource/Jack_Youngerman",
        "predicate": "http://dbpedia.org/ontology/wikiPageWikiLink",
        "object": "http://dbpedia.org/resource/Delaware_College_of_Art_and_Design"
    },
    {
        "subject": "http://dbpedia.org/resource/Jack_Youngerman",
        "predicate": "http://dbpedia.org/ontology/wikiPageWikiLink",
        "object": "http://dbpedia.org/resource/Category:University_art_museums_and_galleries_in_New_York_City"
    },
    {
        "subject": "http://dbpedia.org/resource/Jack_Youngerman",
        "predicate": "http://dbpedia.org/ontology/wikiPageWikiLink",
        "object": "http://dbpedia.org/resource/Home_economics"
    },
    {
        "subject": "http://dbpedia.org/resource/Jack_Youngerman",
        "predicate": "http://dbpedia.org/ontology/wikiPageWikiLink",
        "object": "http://dbpedia.org/resource/Hudson_Valley_Intercollegiate_Athletic_Conference"
    },
    {
        "subject": "http://dbpedia.org/resource/Jack_Youngerman",
        "predicate": "http://dbpedia.org/ontology/wikiPageWikiLink",
        "object": "http://dbpedia.org/resource/John_Requa"
    },
    {
        "subject": "http://dbpedia.org/resource/Jack_Youngerman",
        "predicate": "http://dbpedia.org/ontology/wikiPageWikiLink",
        "object": "http://dbpedia.org/resource/Jonas_Coersmeier"
    },
    {
        "subject": "http://dbpedia.org/resource/Jack_Youngerman",
        "predicate": "http://dbpedia.org/ontology/wikiPageWikiLink",
        "object": "http://dbpedia.org/resource/Joseph_A._Smith_(artist)"
    },
    {
        "subject": "http://dbpedia.org/resource/Jack_Youngerman",
        "predicate": "http://dbpedia.org/ontology/wikiPageWikiLink",
        "object": "http://dbpedia.org/resource/Joseph_Barbera"
    },
    {
        "subject": "http://dbpedia.org/resource/Jack_Youngerman",
        "predicate": "http://dbpedia.org/ontology/wikiPageWikiLink",
        "object": "http://dbpedia.org/resource/Joseph_Szabo_(photographer)"
    },
    {
        "subject": "http://dbpedia.org/resource/Jack_Youngerman",
        "predicate": "http://dbpedia.org/ontology/wikiPageWikiLink",
        "object": "http://dbpedia.org/resource/Josh_Koury"
    },
    {
        "subject": "http://dbpedia.org/resource/Jack_Youngerman",
        "predicate": "http://dbpedia.org/ontology/wikiPageWikiLink",
        "object": "http://dbpedia.org/resource/Jules_Feiffer"
    },
    {
        "subject": "http://dbpedia.org/resource/Jack_Youngerman",
        "predicate": "http://dbpedia.org/ontology/wikiPageWikiLink",
        "object": "http://dbpedia.org/resource/List_of_New_York_City_Designated_Landmarks_in_Brooklyn"
    },
    {
        "subject": "http://dbpedia.org/resource/Jack_Youngerman",
        "predicate": "http://dbpedia.org/ontology/wikiPageWikiLink",
        "object": "http://dbpedia.org/resource/Paul_Calle"
    },
    {
        "subject": "http://dbpedia.org/resource/Jack_Youngerman",
        "predicate": "http://dbpedia.org/ontology/wikiPageWikiLink",
        "object": "http://dbpedia.org/resource/Paul_Rand"
    },
    {
        "subject": "http://dbpedia.org/resource/Jack_Youngerman",
        "predicate": "http://dbpedia.org/ontology/wikiPageWikiLink",
        "object": "http://dbpedia.org/resource/Pelle_Petterson"
    },
    {
        "subject": "http://dbpedia.org/resource/Jack_Youngerman",
        "predicate": "http://dbpedia.org/ontology/wikiPageWikiLink",
        "object": "http://dbpedia.org/resource/Pennsylvania_Station_(New_York_City)"
    },
    {
        "subject": "http://dbpedia.org/resource/Jack_Youngerman",
        "predicate": "http://dbpedia.org/ontology/wikiPageWikiLink",
        "object": "http://dbpedia.org/resource/Pete_Hamill"
    },
    {
        "subject": "http://dbpedia.org/resource/Jack_Youngerman",
        "predicate": "http://dbpedia.org/ontology/wikiPageWikiLink",
        "object": "http://dbpedia.org/resource/Peter_Max"
    },
    {
        "subject": "http://dbpedia.org/resource/Jack_Youngerman",
        "predicate": "http://dbpedia.org/ontology/wikiPageWikiLink",
        "object": "http://dbpedia.org/resource/Peter_Zumthor"
    },
    {
        "subject": "http://dbpedia.org/resource/Jack_Youngerman",
        "predicate": "http://dbpedia.org/ontology/wikiPageWikiLink",
        "object": "http://dbpedia.org/resource/Rich_Burlew"
    },
    {
        "subject": "http://dbpedia.org/resource/Jack_Youngerman",
        "predicate": "http://dbpedia.org/ontology/wikiPageWikiLink",
        "object": "http://dbpedia.org/resource/Richard_Foster_(architect)"
    },
    {
        "subject": "http://dbpedia.org/resource/Jack_Youngerman",
        "predicate": "http://dbpedia.org/ontology/wikiPageWikiLink",
        "object": "http://dbpedia.org/resource/Richard_Gallo_(performance_artist)"
    },
    {
        "subject": "http://dbpedia.org/resource/Jack_Youngerman",
        "predicate": "http://dbpedia.org/ontology/wikiPageWikiLink",
        "object": "http://dbpedia.org/resource/Rob_Redding"
    },
    {
        "subject": "http://dbpedia.org/resource/Jack_Youngerman",
        "predicate": "http://dbpedia.org/ontology/wikiPageWikiLink",
        "object": "http://dbpedia.org/resource/Rob_Sheridan"
    },
    {
        "subject": "http://dbpedia.org/resource/Jack_Youngerman",
        "predicate": "http://dbpedia.org/ontology/wikiPageWikiLink",
        "object": "http://dbpedia.org/resource/Rob_Zombie"
    },
    {
        "subject": "http://dbpedia.org/resource/Jack_Youngerman",
        "predicate": "http://dbpedia.org/ontology/wikiPageWikiLink",
        "object": "http://dbpedia.org/resource/Charles_E._Pont"
    },
    {
        "subject": "http://dbpedia.org/resource/Jack_Youngerman",
        "predicate": "http://dbpedia.org/ontology/wikiPageWikiLink",
        "object": "http://dbpedia.org/resource/Charles_Pollock_(designer)"
    },
    {
        "subject": "http://dbpedia.org/resource/Jack_Youngerman",
        "predicate": "http://dbpedia.org/ontology/wikiPageWikiLink",
        "object": "http://dbpedia.org/resource/Charles_Pratt_and_Company"
    },
    {
        "subject": "http://dbpedia.org/resource/Jack_Youngerman",
        "predicate": "http://dbpedia.org/ontology/wikiPageWikiLink",
        "object": "http://dbpedia.org/resource/Cyrilla_Mozenter"
    },
    {
        "subject": "http://dbpedia.org/resource/Jack_Youngerman",
        "predicate": "http://dbpedia.org/ontology/wikiPageWikiLink",
        "object": "http://dbpedia.org/resource/United_States_Government"
    },
    {
        "subject": "http://dbpedia.org/resource/Jack_Youngerman",
        "predicate": "http://dbpedia.org/ontology/wikiPageWikiLink",
        "object": "http://dbpedia.org/resource/University"
    },
    {
        "subject": "http://dbpedia.org/resource/Jack_Youngerman",
        "predicate": "http://dbpedia.org/ontology/wikiPageWikiLink",
        "object": "http://dbpedia.org/resource/Utica,_New_York"
    },
    {
        "subject": "http://dbpedia.org/resource/Jack_Youngerman",
        "predicate": "http://dbpedia.org/ontology/wikiPageWikiLink",
        "object": "http://dbpedia.org/resource/Veterans"
    },
    {
        "subject": "http://dbpedia.org/resource/Jack_Youngerman",
        "predicate": "http://dbpedia.org/ontology/wikiPageWikiLink",
        "object": "http://dbpedia.org/resource/Victoria_de_Lesseps"
    },
    {
        "subject": "http://dbpedia.org/resource/Jack_Youngerman",
        "predicate": "http://dbpedia.org/ontology/wikiPageWikiLink",
        "object": "http://dbpedia.org/resource/David_Ascalon"
    },
    {
        "subject": "http://dbpedia.org/resource/Jack_Youngerman",
        "predicate": "http://dbpedia.org/ontology/wikiPageWikiLink",
        "object": "http://dbpedia.org/resource/David_Nyzio"
    },
    {
        "subject": "http://dbpedia.org/resource/Jack_Youngerman",
        "predicate": "http://dbpedia.org/ontology/wikiPageWikiLink",
        "object": "http://dbpedia.org/resource/Donald_Genaro"
    },
    {
        "subject": "http://dbpedia.org/resource/Jack_Youngerman",
        "predicate": "http://dbpedia.org/ontology/wikiPageWikiLink",
        "object": "http://dbpedia.org/resource/Earl_Mayan"
    },
    {
        "subject": "http://dbpedia.org/resource/Jack_Youngerman",
        "predicate": "http://dbpedia.org/ontology/wikiPageWikiLink",
        "object": "http://dbpedia.org/resource/Interior_design_education"
    },
    {
        "subject": "http://dbpedia.org/resource/Jack_Youngerman",
        "predicate": "http://dbpedia.org/ontology/wikiPageWikiLink",
        "object": "http://dbpedia.org/resource/Jacqui_Morgan"
    },
    {
        "subject": "http://dbpedia.org/resource/Jack_Youngerman",
        "predicate": "http://dbpedia.org/ontology/wikiPageWikiLink",
        "object": "http://dbpedia.org/resource/James_Reams"
    },
    {
        "subject": "http://dbpedia.org/resource/Jack_Youngerman",
        "predicate": "http://dbpedia.org/ontology/wikiPageWikiLink",
        "object": "http://dbpedia.org/resource/James_Tyler_(musician)"
    },
    {
        "subject": "http://dbpedia.org/resource/Jack_Youngerman",
        "predicate": "http://dbpedia.org/ontology/wikiPageWikiLink",
        "object": "http://dbpedia.org/resource/Johannes_Knoops"
    },
    {
        "subject": "http://dbpedia.org/resource/Jack_Youngerman",
        "predicate": "http://dbpedia.org/ontology/wikiPageWikiLink",
        "object": "http://dbpedia.org/resource/Robert_Riger"
    },
    {
        "subject": "http://dbpedia.org/resource/Jack_Youngerman",
        "predicate": "http://dbpedia.org/ontology/wikiPageWikiLink",
        "object": "http://dbpedia.org/resource/Robert_Yasuda"
    },
    {
        "subject": "http://dbpedia.org/resource/Jack_Youngerman",
        "predicate": "http://dbpedia.org/ontology/wikiPageWikiLink",
        "object": "http://dbpedia.org/resource/Romanesque_Revival"
    },
    {
        "subject": "http://dbpedia.org/resource/Jack_Youngerman",
        "predicate": "http://dbpedia.org/ontology/wikiPageWikiLink",
        "object": "http://dbpedia.org/resource/Category:1887_establishments_in_New_York_(state)"
    },
    {
        "subject": "http://dbpedia.org/resource/Jack_Youngerman",
        "predicate": "http://dbpedia.org/ontology/wikiPageWikiLink",
        "object": "http://dbpedia.org/resource/Category:Culture_of_New_York_City"
    },
    {
        "subject": "http://dbpedia.org/resource/Jack_Youngerman",
        "predicate": "http://dbpedia.org/ontology/wikiPageWikiLink",
        "object": "http://dbpedia.org/resource/Category:Renaissance_Revival_architecture_in_New_York_City"
    },
    {
        "subject": "http://dbpedia.org/resource/Jack_Youngerman",
        "predicate": "http://dbpedia.org/ontology/wikiPageWikiLink",
        "object": "http://dbpedia.org/resource/Category:Romanesque_Revival_architecture_in_New_York_City"
    },
    {
        "subject": "http://dbpedia.org/resource/Jack_Youngerman",
        "predicate": "http://dbpedia.org/ontology/wikiPageWikiLink",
        "object": "http://dbpedia.org/resource/Contemporary_architecture"
    },
    {
        "subject": "http://dbpedia.org/resource/Jack_Youngerman",
        "predicate": "http://dbpedia.org/ontology/wikiPageWikiLink",
        "object": "http://dbpedia.org/resource/Andrea_Ackerman"
    },
    {
        "subject": "http://dbpedia.org/resource/Jack_Youngerman",
        "predicate": "http://dbpedia.org/ontology/wikiPageWikiLink",
        "object": "http://dbpedia.org/resource/Master_of_Architecture"
    },
    {
        "subject": "http://dbpedia.org/resource/Jack_Youngerman",
        "predicate": "http://dbpedia.org/ontology/wikiPageWikiLink",
        "object": "http://dbpedia.org/resource/Master_of_Science"
    },
    {
        "subject": "http://dbpedia.org/resource/Jack_Youngerman",
        "predicate": "http://dbpedia.org/ontology/wikiPageWikiLink",
        "object": "http://dbpedia.org/resource/Matthew_Reinhart"
    },
    {
        "subject": "http://dbpedia.org/resource/Jack_Youngerman",
        "predicate": "http://dbpedia.org/ontology/wikiPageWikiLink",
        "object": "http://dbpedia.org/resource/Melora_Walters"
    },
    {
        "subject": "http://dbpedia.org/resource/Jack_Youngerman",
        "predicate": "http://dbpedia.org/ontology/wikiPageWikiLink",
        "object": "http://dbpedia.org/resource/Salman_Toor"
    },
    {
        "subject": "http://dbpedia.org/resource/Jack_Youngerman",
        "predicate": "http://dbpedia.org/ontology/wikiPageWikiLink",
        "object": "http://dbpedia.org/resource/Cheryl_Hanna"
    },
    {
        "subject": "http://dbpedia.org/resource/Jack_Youngerman",
        "predicate": "http://dbpedia.org/ontology/wikiPageWikiLink",
        "object": "http://dbpedia.org/resource/Elliot_Tiber"
    },
    {
        "subject": "http://dbpedia.org/resource/Jack_Youngerman",
        "predicate": "http://dbpedia.org/ontology/wikiPageWikiLink",
        "object": "http://dbpedia.org/resource/Elva_A._George"
    },
    {
        "subject": "http://dbpedia.org/resource/Jack_Youngerman",
        "predicate": "http://dbpedia.org/ontology/wikiPageWikiLink",
        "object": "http://dbpedia.org/resource/Louis_Silverstein"
    },
    {
        "subject": "http://dbpedia.org/resource/Jack_Youngerman",
        "predicate": "http://dbpedia.org/ontology/wikiPageWikiLink",
        "object": "http://dbpedia.org/resource/Nursing"
    }
]