[
    {
        "subject": "http://dbpedia.org/resource/Jo_Baer",
        "predicate": "http://dbpedia.org/ontology/wikiPageWikiLink",
        "object": "http://dbpedia.org/resource/Cady_Noland"
    },
    {
        "subject": "http://dbpedia.org/resource/Jo_Baer",
        "predicate": "http://dbpedia.org/ontology/wikiPageWikiLink",
        "object": "http://dbpedia.org/resource/Cai_Guo-Qiang"
    },
    {
        "subject": "http://dbpedia.org/resource/Jo_Baer",
        "predicate": "http://dbpedia.org/ontology/wikiPageWikiLink",
        "object": "http://dbpedia.org/resource/Cameron_Rowland"
    },
    {
        "subject": "http://dbpedia.org/resource/Jo_Baer",
        "predicate": "http://dbpedia.org/ontology/wikiPageWikiLink",
        "object": "http://dbpedia.org/resource/Camille_Billops"
    },
    {
        "subject": "http://dbpedia.org/resource/Jo_Baer",
        "predicate": "http://dbpedia.org/ontology/wikiPageWikiLink",
        "object": "http://dbpedia.org/resource/Carissa_Rodriguez"
    },
    {
        "subject": "http://dbpedia.org/resource/Jo_Baer",
        "predicate": "http://dbpedia.org/ontology/wikiPageWikiLink",
        "object": "http://dbpedia.org/resource/Carl_Andre"
    },
    {
        "subject": "http://dbpedia.org/resource/Jo_Baer",
        "predicate": "http://dbpedia.org/ontology/wikiPageWikiLink",
        "object": "http://dbpedia.org/resource/Carol_Jackson"
    },
    {
        "subject": "http://dbpedia.org/resource/Jo_Baer",
        "predicate": "http://dbpedia.org/ontology/wikiPageWikiLink",
        "object": "http://dbpedia.org/resource/Caroline_Monnet"
    },
    {
        "subject": "http://dbpedia.org/resource/Jo_Baer",
        "predicate": "http://dbpedia.org/ontology/wikiPageWikiLink",
        "object": "http://dbpedia.org/resource/Carolyn_Lazard"
    },
    {
        "subject": "http://dbpedia.org/resource/Jo_Baer",
        "predicate": "http://dbpedia.org/ontology/wikiPageWikiLink",
        "object": "http://dbpedia.org/resource/Carrie_Mae_Weems"
    },
    {
        "subject": "http://dbpedia.org/resource/Jo_Baer",
        "predicate": "http://dbpedia.org/ontology/wikiPageWikiLink",
        "object": "http://dbpedia.org/resource/Carroll_Dunham"
    },
    {
        "subject": "http://dbpedia.org/resource/Jo_Baer",
        "predicate": "http://dbpedia.org/ontology/wikiPageWikiLink",
        "object": "http://dbpedia.org/resource/Carter_(artist)"
    },
    {
        "subject": "http://dbpedia.org/resource/Jo_Baer",
        "predicate": "http://dbpedia.org/ontology/wikiPageWikiLink",
        "object": "http://dbpedia.org/resource/Cassandra_Press"
    },
    {
        "subject": "http://dbpedia.org/resource/Jo_Baer",
        "predicate": "http://dbpedia.org/ontology/wikiPageWikiLink",
        "object": "http://dbpedia.org/resource/Amie_Siegel"
    },
    {
        "subject": "http://dbpedia.org/resource/Jo_Baer",
        "predicate": "http://dbpedia.org/ontology/wikiPageWikiLink",
        "object": "http://dbpedia.org/resource/Amy_Blakemore"
    },
    {
        "subject": "http://dbpedia.org/resource/Jo_Baer",
        "predicate": "http://dbpedia.org/ontology/wikiPageWikiLink",
        "object": "http://dbpedia.org/resource/Beatriz_Santiago_Mu\u00f1oz"
    },
    {
        "subject": "http://dbpedia.org/resource/Jo_Baer",
        "predicate": "http://dbpedia.org/ontology/wikiPageWikiLink",
        "object": "http://dbpedia.org/resource/Robert_Longo"
    },
    {
        "subject": "http://dbpedia.org/resource/Jo_Baer",
        "predicate": "http://dbpedia.org/ontology/wikiPageWikiLink",
        "object": "http://dbpedia.org/resource/Robert_Mangold"
    },
    {
        "subject": "http://dbpedia.org/resource/Jo_Baer",
        "predicate": "http://dbpedia.org/ontology/wikiPageWikiLink",
        "object": "http://dbpedia.org/resource/Robert_Mapplethorpe"
    },
    {
        "subject": "http://dbpedia.org/resource/Jo_Baer",
        "predicate": "http://dbpedia.org/ontology/wikiPageWikiLink",
        "object": "http://dbpedia.org/resource/Robert_Morris_(artist)"
    },
    {
        "subject": "http://dbpedia.org/resource/Jo_Baer",
        "predicate": "http://dbpedia.org/ontology/wikiPageWikiLink",
        "object": "http://dbpedia.org/resource/Robert_Motherwell"
    },
    {
        "subject": "http://dbpedia.org/resource/Jo_Baer",
        "predicate": "http://dbpedia.org/ontology/wikiPageWikiLink",
        "object": "http://dbpedia.org/resource/Robert_Murray_(artist)"
    },
    {
        "subject": "http://dbpedia.org/resource/Jo_Baer",
        "predicate": "http://dbpedia.org/ontology/wikiPageWikiLink",
        "object": "http://dbpedia.org/resource/Robert_Rauschenberg"
    },
    {
        "subject": "http://dbpedia.org/resource/Jo_Baer",
        "predicate": "http://dbpedia.org/ontology/wikiPageWikiLink",
        "object": "http://dbpedia.org/resource/Robert_Ryman"
    },
    {
        "subject": "http://dbpedia.org/resource/Jo_Baer",
        "predicate": "http://dbpedia.org/ontology/wikiPageWikiLink",
        "object": "http://dbpedia.org/resource/Robert_Smithson"
    },
    {
        "subject": "http://dbpedia.org/resource/Jo_Baer",
        "predicate": "http://dbpedia.org/ontology/wikiPageWikiLink",
        "object": "http://dbpedia.org/resource/Robert_Therrien"
    },
    {
        "subject": "http://dbpedia.org/resource/Jo_Baer",
        "predicate": "http://dbpedia.org/ontology/wikiPageWikiLink",
        "object": "http://dbpedia.org/resource/Robert_Williams_(artist)"
    },
    {
        "subject": "http://dbpedia.org/resource/Jo_Baer",
        "predicate": "http://dbpedia.org/ontology/wikiPageWikiLink",
        "object": "http://dbpedia.org/resource/Robert_Wilson_(director)"
    },
    {
        "subject": "http://dbpedia.org/resource/Jo_Baer",
        "predicate": "http://dbpedia.org/ontology/wikiPageWikiLink",
        "object": "http://dbpedia.org/resource/Robert_Yarber"
    },
    {
        "subject": "http://dbpedia.org/resource/Jo_Baer",
        "predicate": "http://dbpedia.org/ontology/wikiPageWikiLink",
        "object": "http://dbpedia.org/resource/Rochelle_Feinstein"
    },
    {
        "subject": "http://dbpedia.org/resource/Jo_Baer",
        "predicate": "http://dbpedia.org/ontology/wikiPageWikiLink",
        "object": "http://dbpedia.org/resource/Rodney_Graham"
    },
    {
        "subject": "http://dbpedia.org/resource/Jo_Baer",
        "predicate": "http://dbpedia.org/ontology/wikiPageWikiLink",
        "object": "http://dbpedia.org/resource/Rodney_Ripps"
    },
    {
        "subject": "http://dbpedia.org/resource/Jo_Baer",
        "predicate": "http://dbpedia.org/ontology/wikiPageWikiLink",
        "object": "http://dbpedia.org/resource/Roger_Brown_(artist)"
    },
    {
        "subject": "http://dbpedia.org/resource/Jo_Baer",
        "predicate": "http://dbpedia.org/ontology/wikiPageWikiLink",
        "object": "http://dbpedia.org/resource/Roland_Reiss"
    },
    {
        "subject": "http://dbpedia.org/resource/Jo_Baer",
        "predicate": "http://dbpedia.org/ontology/wikiPageWikiLink",
        "object": "http://dbpedia.org/resource/Ron_Gorchov"
    },
    {
        "subject": "http://dbpedia.org/resource/Jo_Baer",
        "predicate": "http://dbpedia.org/ontology/wikiPageWikiLink",
        "object": "http://dbpedia.org/resource/Ronald_Bladen"
    },
    {
        "subject": "http://dbpedia.org/resource/Jo_Baer",
        "predicate": "http://dbpedia.org/ontology/wikiPageWikiLink",
        "object": "http://dbpedia.org/resource/Ronnie_Landfield"
    },
    {
        "subject": "http://dbpedia.org/resource/Jo_Baer",
        "predicate": "http://dbpedia.org/ontology/wikiPageWikiLink",
        "object": "http://dbpedia.org/resource/Rose_Salane"
    },
    {
        "subject": "http://dbpedia.org/resource/Jo_Baer",
        "predicate": "http://dbpedia.org/ontology/wikiPageWikiLink",
        "object": "http://dbpedia.org/resource/Ross_Bleckner"
    },
    {
        "subject": "http://dbpedia.org/resource/Jo_Baer",
        "predicate": "http://dbpedia.org/ontology/wikiPageWikiLink",
        "object": "http://dbpedia.org/resource/Roxy_Paine"
    },
    {
        "subject": "http://dbpedia.org/resource/Jo_Baer",
        "predicate": "http://dbpedia.org/ontology/wikiPageWikiLink",
        "object": "http://dbpedia.org/resource/Roy_De_Forest"
    },
    {
        "subject": "http://dbpedia.org/resource/Jo_Baer",
        "predicate": "http://dbpedia.org/ontology/wikiPageWikiLink",
        "object": "http://dbpedia.org/resource/Roy_Lichtenstein"
    },
    {
        "subject": "http://dbpedia.org/resource/Jo_Baer",
        "predicate": "http://dbpedia.org/ontology/wikiPageWikiLink",
        "object": "http://dbpedia.org/resource/Sam_Green"
    },
    {
        "subject": "http://dbpedia.org/resource/Jo_Baer",
        "predicate": "http://dbpedia.org/ontology/wikiPageWikiLink",
        "object": "http://dbpedia.org/resource/Samara_Golden"
    },
    {
        "subject": "http://dbpedia.org/resource/Jo_Baer",
        "predicate": "http://dbpedia.org/ontology/wikiPageWikiLink",
        "object": "http://dbpedia.org/resource/Sandy_Skoglund"
    },
    {
        "subject": "http://dbpedia.org/resource/Jo_Baer",
        "predicate": "http://dbpedia.org/ontology/wikiPageWikiLink",
        "object": "http://dbpedia.org/resource/Sanford_Biggers"
    },
    {
        "subject": "http://dbpedia.org/resource/Jo_Baer",
        "predicate": "http://dbpedia.org/ontology/wikiPageWikiLink",
        "object": "http://dbpedia.org/resource/Sarah_Charlesworth"
    },
    {
        "subject": "http://dbpedia.org/resource/Jo_Baer",
        "predicate": "http://dbpedia.org/ontology/wikiPageWikiLink",
        "object": "http://dbpedia.org/resource/Sarah_Sze"
    },
    {
        "subject": "http://dbpedia.org/resource/Jo_Baer",
        "predicate": "http://dbpedia.org/ontology/wikiPageWikiLink",
        "object": "http://dbpedia.org/resource/Scott_Burton"
    },
    {
        "subject": "http://dbpedia.org/resource/Jo_Baer",
        "predicate": "http://dbpedia.org/ontology/wikiPageWikiLink",
        "object": "http://dbpedia.org/resource/Elaine_Reichek"
    },
    {
        "subject": "http://dbpedia.org/resource/Jo_Baer",
        "predicate": "http://dbpedia.org/ontology/wikiPageWikiLink",
        "object": "http://dbpedia.org/resource/Elisabeth_Subrin"
    },
    {
        "subject": "http://dbpedia.org/resource/Jo_Baer",
        "predicate": "http://dbpedia.org/ontology/wikiPageWikiLink",
        "object": "http://dbpedia.org/resource/Elisabeth_Sussman"
    },
    {
        "subject": "http://dbpedia.org/resource/Jo_Baer",
        "predicate": "http://dbpedia.org/ontology/wikiPageWikiLink",
        "object": "http://dbpedia.org/resource/List_of_Whitney_Biennial_curators"
    },
    {
        "subject": "http://dbpedia.org/resource/Jo_Baer",
        "predicate": "http://dbpedia.org/ontology/wikiPageWikiLink",
        "object": "http://dbpedia.org/resource/Matt_Mullican"
    },
    {
        "subject": "http://dbpedia.org/resource/Jo_Baer",
        "predicate": "http://dbpedia.org/ontology/wikiPageWikiLink",
        "object": "http://dbpedia.org/resource/Melissa_Miller_(artist)"
    },
    {
        "subject": "http://dbpedia.org/resource/Jo_Baer",
        "predicate": "http://dbpedia.org/ontology/wikiPageWikiLink",
        "object": "http://dbpedia.org/resource/Michael_Clark_(dancer)"
    },
    {
        "subject": "http://dbpedia.org/resource/Jo_Baer",
        "predicate": "http://dbpedia.org/ontology/wikiPageWikiLink",
        "object": "http://dbpedia.org/resource/Robert_Moskowitz"
    },
    {
        "subject": "http://dbpedia.org/resource/Jo_Baer",
        "predicate": "http://dbpedia.org/ontology/wikiPageWikiLink",
        "object": "http://dbpedia.org/resource/M._W._Burns"
    },
    {
        "subject": "http://dbpedia.org/resource/Jo_Baer",
        "predicate": "http://dbpedia.org/ontology/wikiPageWikiLink",
        "object": "http://dbpedia.org/resource/MK_Guth"
    },
    {
        "subject": "http://dbpedia.org/resource/Jo_Baer",
        "predicate": "http://dbpedia.org/ontology/wikiPageWikiLink",
        "object": "http://dbpedia.org/resource/Harry_Gamboa,_Jr."
    },
    {
        "subject": "http://dbpedia.org/resource/Jo_Baer",
        "predicate": "http://dbpedia.org/ontology/wikiPageWikiLink",
        "object": "http://dbpedia.org/resource/Meg_Webster"
    },
    {
        "subject": "http://dbpedia.org/resource/Jo_Baer",
        "predicate": "http://dbpedia.org/ontology/wikiPageWikiLink",
        "object": "http://dbpedia.org/resource/Mel_Kendrick"
    },
    {
        "subject": "http://dbpedia.org/resource/Jo_Baer",
        "predicate": "http://dbpedia.org/ontology/wikiPageWikiLink",
        "object": "http://dbpedia.org/resource/Mel_Ziegler_(artist)"
    },
    {
        "subject": "http://dbpedia.org/resource/Jo_Baer",
        "predicate": "http://dbpedia.org/ontology/wikiPageWikiLink",
        "object": "http://dbpedia.org/resource/Melanie_Schiff"
    },
    {
        "subject": "http://dbpedia.org/resource/Jo_Baer",
        "predicate": "http://dbpedia.org/ontology/wikiPageWikiLink",
        "object": "http://dbpedia.org/resource/Meriem_Bennani"
    },
    {
        "subject": "http://dbpedia.org/resource/Jo_Baer",
        "predicate": "http://dbpedia.org/ontology/wikiPageWikiLink",
        "object": "http://dbpedia.org/resource/Morgan_Fisher_(artist)"
    },
    {
        "subject": "http://dbpedia.org/resource/Jo_Baer",
        "predicate": "http://dbpedia.org/ontology/wikiPageWikiLink",
        "object": "http://dbpedia.org/resource/Walid_Raad"
    },
    {
        "subject": "http://dbpedia.org/resource/Jo_Baer",
        "predicate": "http://dbpedia.org/ontology/wikiPageWikiLink",
        "object": "http://dbpedia.org/resource/Park_McArthur"
    },
    {
        "subject": "http://dbpedia.org/resource/Jo_Baer",
        "predicate": "http://dbpedia.org/ontology/wikiPageWikiLink",
        "object": "http://dbpedia.org/resource/Pat_Ward_Williams"
    },
    {
        "subject": "http://dbpedia.org/resource/Jo_Baer",
        "predicate": "http://dbpedia.org/ontology/wikiPageWikiLink",
        "object": "http://dbpedia.org/resource/2022_Whitney_Biennial"
    },
    {
        "subject": "http://dbpedia.org/resource/Jo_Baer",
        "predicate": "http://dbpedia.org/ontology/wikiPageWikiLink",
        "object": "http://dbpedia.org/resource/Category:Whitney_Biennial"
    },
    {
        "subject": "http://dbpedia.org/resource/Jo_Baer",
        "predicate": "http://dbpedia.org/ontology/wikiPageWikiLink",
        "object": "http://dbpedia.org/resource/Barry_Le_Va"
    },
    {
        "subject": "http://dbpedia.org/resource/Jo_Baer",
        "predicate": "http://dbpedia.org/ontology/wikiPageWikiLink",
        "object": "http://dbpedia.org/resource/Ben_Kinmont"
    },
    {
        "subject": "http://dbpedia.org/resource/Jo_Baer",
        "predicate": "http://dbpedia.org/ontology/wikiPageWikiLink",
        "object": "http://dbpedia.org/resource/Beryl_Korot"
    },
    {
        "subject": "http://dbpedia.org/resource/Jo_Baer",
        "predicate": "http://dbpedia.org/ontology/wikiPageWikiLink",
        "object": "http://dbpedia.org/resource/Bessie_Harvey"
    },
    {
        "subject": "http://dbpedia.org/resource/Jo_Baer",
        "predicate": "http://dbpedia.org/ontology/wikiPageWikiLink",
        "object": "http://dbpedia.org/resource/Bill_Beckley"
    },
    {
        "subject": "http://dbpedia.org/resource/Jo_Baer",
        "predicate": "http://dbpedia.org/ontology/wikiPageWikiLink",
        "object": "http://dbpedia.org/resource/Bill_Bollinger"
    },
    {
        "subject": "http://dbpedia.org/resource/Jo_Baer",
        "predicate": "http://dbpedia.org/ontology/wikiPageWikiLink",
        "object": "http://dbpedia.org/resource/Bill_Fontana"
    },
    {
        "subject": "http://dbpedia.org/resource/Jo_Baer",
        "predicate": "http://dbpedia.org/ontology/wikiPageWikiLink",
        "object": "http://dbpedia.org/resource/Bill_Jensen"
    },
    {
        "subject": "http://dbpedia.org/resource/Jo_Baer",
        "predicate": "http://dbpedia.org/ontology/wikiPageWikiLink",
        "object": "http://dbpedia.org/resource/Bill_Siegel"
    },
    {
        "subject": "http://dbpedia.org/resource/Jo_Baer",
        "predicate": "http://dbpedia.org/ontology/wikiPageWikiLink",
        "object": "http://dbpedia.org/resource/Bill_Viola"
    },
    {
        "subject": "http://dbpedia.org/resource/Jo_Baer",
        "predicate": "http://dbpedia.org/ontology/wikiPageWikiLink",
        "object": "http://dbpedia.org/resource/Billy_Al_Bengston"
    },
    {
        "subject": "http://dbpedia.org/resource/Jo_Baer",
        "predicate": "http://dbpedia.org/ontology/wikiPageWikiLink",
        "object": "http://dbpedia.org/resource/Blitz_the_Ambassador"
    },
    {
        "subject": "http://dbpedia.org/resource/Jo_Baer",
        "predicate": "http://dbpedia.org/ontology/wikiPageWikiLink",
        "object": "http://dbpedia.org/resource/Bob_Paris"
    },
    {
        "subject": "http://dbpedia.org/resource/Jo_Baer",
        "predicate": "http://dbpedia.org/ontology/wikiPageWikiLink",
        "object": "http://dbpedia.org/resource/Brian_Frye"
    },
    {
        "subject": "http://dbpedia.org/resource/Jo_Baer",
        "predicate": "http://dbpedia.org/ontology/wikiPageWikiLink",
        "object": "http://dbpedia.org/resource/Brice_Marden"
    },
    {
        "subject": "http://dbpedia.org/resource/Jo_Baer",
        "predicate": "http://dbpedia.org/ontology/wikiPageWikiLink",
        "object": "http://dbpedia.org/resource/Dave_McKenzie_(artist)"
    },
    {
        "subject": "http://dbpedia.org/resource/Jo_Baer",
        "predicate": "http://dbpedia.org/ontology/wikiPageWikiLink",
        "object": "http://dbpedia.org/resource/David_Altmejd"
    },
    {
        "subject": "http://dbpedia.org/resource/Jo_Baer",
        "predicate": "http://dbpedia.org/ontology/wikiPageWikiLink",
        "object": "http://dbpedia.org/resource/David_Foster_Wallace"
    },
    {
        "subject": "http://dbpedia.org/resource/Jo_Baer",
        "predicate": "http://dbpedia.org/ontology/wikiPageWikiLink",
        "object": "http://dbpedia.org/resource/David_Gatten"
    },
    {
        "subject": "http://dbpedia.org/resource/Jo_Baer",
        "predicate": "http://dbpedia.org/ontology/wikiPageWikiLink",
        "object": "http://dbpedia.org/resource/David_Hammons"
    },
    {
        "subject": "http://dbpedia.org/resource/Jo_Baer",
        "predicate": "http://dbpedia.org/ontology/wikiPageWikiLink",
        "object": "http://dbpedia.org/resource/David_Hockney"
    },
    {
        "subject": "http://dbpedia.org/resource/Jo_Baer",
        "predicate": "http://dbpedia.org/ontology/wikiPageWikiLink",
        "object": "http://dbpedia.org/resource/David_Novros"
    },
    {
        "subject": "http://dbpedia.org/resource/Jo_Baer",
        "predicate": "http://dbpedia.org/ontology/wikiPageWikiLink",
        "object": "http://dbpedia.org/resource/David_Reed_(artist)"
    },
    {
        "subject": "http://dbpedia.org/resource/Jo_Baer",
        "predicate": "http://dbpedia.org/ontology/wikiPageWikiLink",
        "object": "http://dbpedia.org/resource/David_Salle"
    },
    {
        "subject": "http://dbpedia.org/resource/Jo_Baer",
        "predicate": "http://dbpedia.org/ontology/wikiPageWikiLink",
        "object": "http://dbpedia.org/resource/David_Wojnarowicz"
    },
    {
        "subject": "http://dbpedia.org/resource/Jo_Baer",
        "predicate": "http://dbpedia.org/ontology/wikiPageWikiLink",
        "object": "http://dbpedia.org/resource/Dawn_Clements"
    },
    {
        "subject": "http://dbpedia.org/resource/Jo_Baer",
        "predicate": "http://dbpedia.org/ontology/wikiPageWikiLink",
        "object": "http://dbpedia.org/resource/Dawoud_Bey"
    },
    {
        "subject": "http://dbpedia.org/resource/Jo_Baer",
        "predicate": "http://dbpedia.org/ontology/wikiPageWikiLink",
        "object": "http://dbpedia.org/resource/Deana_Lawson"
    },
    {
        "subject": "http://dbpedia.org/resource/Jo_Baer",
        "predicate": "http://dbpedia.org/ontology/wikiPageWikiLink",
        "object": "http://dbpedia.org/resource/Deborah_Butterfield"
    }
]