[
    {
        "subject": "http://dbpedia.org/resource/Julian_Schnabel",
        "predicate": "http://dbpedia.org/property/name",
        "object": "http://dbpedia.org/resource/Cadillac_Anderson"
    },
    {
        "subject": "http://dbpedia.org/resource/Julian_Schnabel",
        "predicate": "http://dbpedia.org/property/name",
        "object": "http://dbpedia.org/resource/Caleb_Mills_(basketball)"
    },
    {
        "subject": "http://dbpedia.org/resource/Julian_Schnabel",
        "predicate": "http://dbpedia.org/property/name",
        "object": "http://dbpedia.org/resource/Cameron_Burrell"
    },
    {
        "subject": "http://dbpedia.org/resource/Julian_Schnabel",
        "predicate": "http://dbpedia.org/property/name",
        "object": "http://dbpedia.org/resource/Cameron_Malveaux"
    },
    {
        "subject": "http://dbpedia.org/resource/Julian_Schnabel",
        "predicate": "http://dbpedia.org/property/name",
        "object": "http://dbpedia.org/resource/Carin_Cone"
    },
    {
        "subject": "http://dbpedia.org/resource/Julian_Schnabel",
        "predicate": "http://dbpedia.org/property/name",
        "object": "http://dbpedia.org/resource/Carl_Cunningham"
    },
    {
        "subject": "http://dbpedia.org/resource/Julian_Schnabel",
        "predicate": "http://dbpedia.org/property/name",
        "object": "http://dbpedia.org/resource/Carl_Herrera"
    },
    {
        "subject": "http://dbpedia.org/resource/Julian_Schnabel",
        "predicate": "http://dbpedia.org/property/name",
        "object": "http://dbpedia.org/resource/Carl_Hilton"
    },
    {
        "subject": "http://dbpedia.org/resource/Julian_Schnabel",
        "predicate": "http://dbpedia.org/property/name",
        "object": "http://dbpedia.org/resource/Carl_Lewis"
    },
    {
        "subject": "http://dbpedia.org/resource/Julian_Schnabel",
        "predicate": "http://dbpedia.org/property/name",
        "object": "http://dbpedia.org/resource/Carli_Mosier"
    },
    {
        "subject": "http://dbpedia.org/resource/Julian_Schnabel",
        "predicate": "http://dbpedia.org/property/name",
        "object": "http://dbpedia.org/resource/Carlisle_Floyd"
    },
    {
        "subject": "http://dbpedia.org/resource/Julian_Schnabel",
        "predicate": "http://dbpedia.org/property/name",
        "object": "http://dbpedia.org/resource/Carll_Goodpasture"
    },
    {
        "subject": "http://dbpedia.org/resource/Julian_Schnabel",
        "predicate": "http://dbpedia.org/property/name",
        "object": "http://dbpedia.org/resource/Carol_Alvarado"
    },
    {
        "subject": "http://dbpedia.org/resource/Julian_Schnabel",
        "predicate": "http://dbpedia.org/property/name",
        "object": "http://dbpedia.org/resource/Carol_E._Dinkins"
    },
    {
        "subject": "http://dbpedia.org/resource/Julian_Schnabel",
        "predicate": "http://dbpedia.org/property/name",
        "object": "http://dbpedia.org/resource/Carol_Lewis"
    },
    {
        "subject": "http://dbpedia.org/resource/Julian_Schnabel",
        "predicate": "http://dbpedia.org/property/name",
        "object": "http://dbpedia.org/resource/Case_Keenum"
    },
    {
        "subject": "http://dbpedia.org/resource/Julian_Schnabel",
        "predicate": "http://dbpedia.org/property/name",
        "object": "http://dbpedia.org/resource/Priscilla_Hamby"
    },
    {
        "subject": "http://dbpedia.org/resource/Julian_Schnabel",
        "predicate": "http://dbpedia.org/property/name",
        "object": "http://dbpedia.org/resource/Priscilla_Shirer"
    },
    {
        "subject": "http://dbpedia.org/resource/Julian_Schnabel",
        "predicate": "http://dbpedia.org/property/name",
        "object": "http://dbpedia.org/resource/Quentin_Grimes"
    },
    {
        "subject": "http://dbpedia.org/resource/Julian_Schnabel",
        "predicate": "http://dbpedia.org/property/name",
        "object": "http://dbpedia.org/resource/Robert_Newhouse"
    },
    {
        "subject": "http://dbpedia.org/resource/Julian_Schnabel",
        "predicate": "http://dbpedia.org/property/name",
        "object": "http://dbpedia.org/resource/Robert_Phillips_(poet)"
    },
    {
        "subject": "http://dbpedia.org/resource/Julian_Schnabel",
        "predicate": "http://dbpedia.org/property/name",
        "object": "http://dbpedia.org/resource/Robert_R._Casey"
    },
    {
        "subject": "http://dbpedia.org/resource/Julian_Schnabel",
        "predicate": "http://dbpedia.org/property/name",
        "object": "http://dbpedia.org/resource/Robert_Talton"
    },
    {
        "subject": "http://dbpedia.org/resource/Julian_Schnabel",
        "predicate": "http://dbpedia.org/property/name",
        "object": "http://dbpedia.org/resource/Robert_W._Lawless"
    },
    {
        "subject": "http://dbpedia.org/resource/Julian_Schnabel",
        "predicate": "http://dbpedia.org/property/name",
        "object": "http://dbpedia.org/resource/Robert_Wuhl"
    },
    {
        "subject": "http://dbpedia.org/resource/Julian_Schnabel",
        "predicate": "http://dbpedia.org/property/name",
        "object": "http://dbpedia.org/resource/Rocket_Wheeler"
    },
    {
        "subject": "http://dbpedia.org/resource/Julian_Schnabel",
        "predicate": "http://dbpedia.org/property/name",
        "object": "http://dbpedia.org/resource/Rocky_Schwartz"
    },
    {
        "subject": "http://dbpedia.org/resource/Julian_Schnabel",
        "predicate": "http://dbpedia.org/property/name",
        "object": "http://dbpedia.org/resource/Rocky_Thompson_(golfer)"
    },
    {
        "subject": "http://dbpedia.org/resource/Julian_Schnabel",
        "predicate": "http://dbpedia.org/property/name",
        "object": "http://dbpedia.org/resource/Rod_Canion"
    },
    {
        "subject": "http://dbpedia.org/resource/Julian_Schnabel",
        "predicate": "http://dbpedia.org/property/name",
        "object": "http://dbpedia.org/resource/Roland_Glowinski"
    },
    {
        "subject": "http://dbpedia.org/resource/Julian_Schnabel",
        "predicate": "http://dbpedia.org/property/name",
        "object": "http://dbpedia.org/resource/Rolando_Ferreira"
    },
    {
        "subject": "http://dbpedia.org/resource/Julian_Schnabel",
        "predicate": "http://dbpedia.org/property/name",
        "object": "http://dbpedia.org/resource/Ronald_M._Sega"
    },
    {
        "subject": "http://dbpedia.org/resource/Julian_Schnabel",
        "predicate": "http://dbpedia.org/property/name",
        "object": "http://dbpedia.org/resource/Rose_Magers"
    },
    {
        "subject": "http://dbpedia.org/resource/Julian_Schnabel",
        "predicate": "http://dbpedia.org/property/name",
        "object": "http://dbpedia.org/resource/Roy_Hofheinz"
    },
    {
        "subject": "http://dbpedia.org/resource/Julian_Schnabel",
        "predicate": "http://dbpedia.org/property/name",
        "object": "http://dbpedia.org/resource/Royce_Berry"
    },
    {
        "subject": "http://dbpedia.org/resource/Julian_Schnabel",
        "predicate": "http://dbpedia.org/property/name",
        "object": "http://dbpedia.org/resource/Royce_West"
    },
    {
        "subject": "http://dbpedia.org/resource/Julian_Schnabel",
        "predicate": "http://dbpedia.org/property/name",
        "object": "http://dbpedia.org/resource/Ruby_Kless_Sondock"
    },
    {
        "subject": "http://dbpedia.org/resource/Julian_Schnabel",
        "predicate": "http://dbpedia.org/property/name",
        "object": "http://dbpedia.org/resource/Rub\u00e9n_Mart\u00ednez_(writer)"
    },
    {
        "subject": "http://dbpedia.org/resource/Julian_Schnabel",
        "predicate": "http://dbpedia.org/property/name",
        "object": "http://dbpedia.org/resource/Rudy_Davalos"
    },
    {
        "subject": "http://dbpedia.org/resource/Julian_Schnabel",
        "predicate": "http://dbpedia.org/property/name",
        "object": "http://dbpedia.org/resource/Sam_Mack"
    },
    {
        "subject": "http://dbpedia.org/resource/Julian_Schnabel",
        "predicate": "http://dbpedia.org/property/name",
        "object": "http://dbpedia.org/resource/Sammy_Brown"
    },
    {
        "subject": "http://dbpedia.org/resource/Julian_Schnabel",
        "predicate": "http://dbpedia.org/property/name",
        "object": "http://dbpedia.org/resource/Sancho_Lyttle"
    },
    {
        "subject": "http://dbpedia.org/resource/Julian_Schnabel",
        "predicate": "http://dbpedia.org/property/name",
        "object": "http://dbpedia.org/resource/Sandra_Glover"
    },
    {
        "subject": "http://dbpedia.org/resource/Julian_Schnabel",
        "predicate": "http://dbpedia.org/property/name",
        "object": "http://dbpedia.org/resource/Sarah_Borwell"
    },
    {
        "subject": "http://dbpedia.org/resource/Julian_Schnabel",
        "predicate": "http://dbpedia.org/property/name",
        "object": "http://dbpedia.org/resource/Saul_Friedman"
    },
    {
        "subject": "http://dbpedia.org/resource/Julian_Schnabel",
        "predicate": "http://dbpedia.org/property/name",
        "object": "http://dbpedia.org/resource/Scott_Kellar"
    },
    {
        "subject": "http://dbpedia.org/resource/Julian_Schnabel",
        "predicate": "http://dbpedia.org/property/name",
        "object": "http://dbpedia.org/resource/Scott_Sheldon"
    },
    {
        "subject": "http://dbpedia.org/resource/Julian_Schnabel",
        "predicate": "http://dbpedia.org/property/name",
        "object": "http://dbpedia.org/resource/Elena_Nikolaidi"
    },
    {
        "subject": "http://dbpedia.org/resource/Julian_Schnabel",
        "predicate": "http://dbpedia.org/property/name",
        "object": "http://dbpedia.org/resource/Mo_Mitchell_(coach)"
    },
    {
        "subject": "http://dbpedia.org/resource/Julian_Schnabel",
        "predicate": "http://dbpedia.org/property/name",
        "object": "http://dbpedia.org/resource/Susanne_Mentzer"
    },
    {
        "subject": "http://dbpedia.org/resource/Julian_Schnabel",
        "predicate": "http://dbpedia.org/property/name",
        "object": "http://dbpedia.org/resource/Pat_Lykos"
    },
    {
        "subject": "http://dbpedia.org/resource/Julian_Schnabel",
        "predicate": "http://dbpedia.org/property/name",
        "object": "http://dbpedia.org/resource/Justin_Whitlock_Dart,_Jr."
    },
    {
        "subject": "http://dbpedia.org/resource/Julian_Schnabel",
        "predicate": "http://dbpedia.org/property/name",
        "object": "http://dbpedia.org/resource/Shelly_Berg"
    },
    {
        "subject": "http://dbpedia.org/resource/Julian_Schnabel",
        "predicate": "http://dbpedia.org/property/name",
        "object": "http://dbpedia.org/resource/Barrick_Nealy"
    },
    {
        "subject": "http://dbpedia.org/resource/Julian_Schnabel",
        "predicate": "http://dbpedia.org/property/name",
        "object": "http://dbpedia.org/resource/Beau_Bell"
    },
    {
        "subject": "http://dbpedia.org/resource/Julian_Schnabel",
        "predicate": "http://dbpedia.org/property/name",
        "object": "http://dbpedia.org/resource/Ben_Fricke"
    },
    {
        "subject": "http://dbpedia.org/resource/Julian_Schnabel",
        "predicate": "http://dbpedia.org/property/name",
        "object": "http://dbpedia.org/resource/Ben_Hurt"
    },
    {
        "subject": "http://dbpedia.org/resource/Julian_Schnabel",
        "predicate": "http://dbpedia.org/property/name",
        "object": "http://dbpedia.org/resource/Ben_Weber_(baseball)"
    },
    {
        "subject": "http://dbpedia.org/resource/Julian_Schnabel",
        "predicate": "http://dbpedia.org/property/name",
        "object": "http://dbpedia.org/resource/Benjamin_Kamins"
    },
    {
        "subject": "http://dbpedia.org/resource/Julian_Schnabel",
        "predicate": "http://dbpedia.org/property/name",
        "object": "http://dbpedia.org/resource/Benny_Anders"
    },
    {
        "subject": "http://dbpedia.org/resource/Julian_Schnabel",
        "predicate": "http://dbpedia.org/property/name",
        "object": "http://dbpedia.org/resource/Beverly_Woolley"
    },
    {
        "subject": "http://dbpedia.org/resource/Julian_Schnabel",
        "predicate": "http://dbpedia.org/property/name",
        "object": "http://dbpedia.org/resource/Big_Moe"
    },
    {
        "subject": "http://dbpedia.org/resource/Julian_Schnabel",
        "predicate": "http://dbpedia.org/property/name",
        "object": "http://dbpedia.org/resource/Bill_Callegari"
    },
    {
        "subject": "http://dbpedia.org/resource/Julian_Schnabel",
        "predicate": "http://dbpedia.org/property/name",
        "object": "http://dbpedia.org/resource/Bill_Carr_(American_football)"
    },
    {
        "subject": "http://dbpedia.org/resource/Julian_Schnabel",
        "predicate": "http://dbpedia.org/property/name",
        "object": "http://dbpedia.org/resource/Bill_Henry_(baseball,_born_1927)"
    },
    {
        "subject": "http://dbpedia.org/resource/Julian_Schnabel",
        "predicate": "http://dbpedia.org/property/name",
        "object": "http://dbpedia.org/resource/Bill_Hicks"
    },
    {
        "subject": "http://dbpedia.org/resource/Julian_Schnabel",
        "predicate": "http://dbpedia.org/property/name",
        "object": "http://dbpedia.org/resource/Bill_Meek"
    },
    {
        "subject": "http://dbpedia.org/resource/Julian_Schnabel",
        "predicate": "http://dbpedia.org/property/name",
        "object": "http://dbpedia.org/resource/Bill_Rogers_(golfer)"
    },
    {
        "subject": "http://dbpedia.org/resource/Julian_Schnabel",
        "predicate": "http://dbpedia.org/property/name",
        "object": "http://dbpedia.org/resource/Bill_Worrell"
    },
    {
        "subject": "http://dbpedia.org/resource/Julian_Schnabel",
        "predicate": "http://dbpedia.org/property/name",
        "object": "http://dbpedia.org/resource/Bill_Yeoman"
    },
    {
        "subject": "http://dbpedia.org/resource/Julian_Schnabel",
        "predicate": "http://dbpedia.org/property/name",
        "object": "http://dbpedia.org/resource/Billy_Milner"
    },
    {
        "subject": "http://dbpedia.org/resource/Julian_Schnabel",
        "predicate": "http://dbpedia.org/property/name",
        "object": "http://dbpedia.org/resource/Billy_Ray_Brown"
    },
    {
        "subject": "http://dbpedia.org/resource/Julian_Schnabel",
        "predicate": "http://dbpedia.org/property/name",
        "object": "http://dbpedia.org/resource/Blaine_McCallister"
    },
    {
        "subject": "http://dbpedia.org/resource/Julian_Schnabel",
        "predicate": "http://dbpedia.org/property/name",
        "object": "http://dbpedia.org/resource/Bo_Burris"
    },
    {
        "subject": "http://dbpedia.org/resource/Julian_Schnabel",
        "predicate": "http://dbpedia.org/property/name",
        "object": "http://dbpedia.org/resource/Bo_Outlaw"
    },
    {
        "subject": "http://dbpedia.org/resource/Julian_Schnabel",
        "predicate": "http://dbpedia.org/property/name",
        "object": "http://dbpedia.org/resource/Bobby_Clatterbuck"
    },
    {
        "subject": "http://dbpedia.org/resource/Julian_Schnabel",
        "predicate": "http://dbpedia.org/property/name",
        "object": "http://dbpedia.org/resource/Bobby_Wadkins"
    },
    {
        "subject": "http://dbpedia.org/resource/Julian_Schnabel",
        "predicate": "http://dbpedia.org/property/name",
        "object": "http://dbpedia.org/resource/Bonnie_J._Dunbar"
    },
    {
        "subject": "http://dbpedia.org/resource/Julian_Schnabel",
        "predicate": "http://dbpedia.org/property/name",
        "object": "http://dbpedia.org/resource/Brad_Fabel"
    },
    {
        "subject": "http://dbpedia.org/resource/Julian_Schnabel",
        "predicate": "http://dbpedia.org/property/name",
        "object": "http://dbpedia.org/resource/Brad_Lincoln"
    },
    {
        "subject": "http://dbpedia.org/resource/Julian_Schnabel",
        "predicate": "http://dbpedia.org/property/name",
        "object": "http://dbpedia.org/resource/Brad_Rushing"
    },
    {
        "subject": "http://dbpedia.org/resource/Julian_Schnabel",
        "predicate": "http://dbpedia.org/property/name",
        "object": "http://dbpedia.org/resource/Bradley_Dale_Peveto"
    },
    {
        "subject": "http://dbpedia.org/resource/Julian_Schnabel",
        "predicate": "http://dbpedia.org/property/name",
        "object": "http://dbpedia.org/resource/Brandon_Hartson"
    },
    {
        "subject": "http://dbpedia.org/resource/Julian_Schnabel",
        "predicate": "http://dbpedia.org/property/name",
        "object": "http://dbpedia.org/resource/Brandon_Middleton"
    },
    {
        "subject": "http://dbpedia.org/resource/Julian_Schnabel",
        "predicate": "http://dbpedia.org/property/name",
        "object": "http://dbpedia.org/resource/Brandon_Wilson_(American_football)"
    },
    {
        "subject": "http://dbpedia.org/resource/Julian_Schnabel",
        "predicate": "http://dbpedia.org/property/name",
        "object": "http://dbpedia.org/resource/Brent_Spiner"
    },
    {
        "subject": "http://dbpedia.org/resource/Julian_Schnabel",
        "predicate": "http://dbpedia.org/property/name",
        "object": "http://dbpedia.org/resource/Bren\u00e9_Brown"
    },
    {
        "subject": "http://dbpedia.org/resource/Julian_Schnabel",
        "predicate": "http://dbpedia.org/property/name",
        "object": "http://dbpedia.org/resource/Brett_Cullen"
    },
    {
        "subject": "http://dbpedia.org/resource/Julian_Schnabel",
        "predicate": "http://dbpedia.org/property/name",
        "object": "http://dbpedia.org/resource/Brian_D._Montgomery"
    },
    {
        "subject": "http://dbpedia.org/resource/Julian_Schnabel",
        "predicate": "http://dbpedia.org/property/name",
        "object": "http://dbpedia.org/resource/Brian_Johnson_(American_football_coach)"
    },
    {
        "subject": "http://dbpedia.org/resource/Julian_Schnabel",
        "predicate": "http://dbpedia.org/property/name",
        "object": "http://dbpedia.org/resource/Brian_Stewart_(American_football)"
    },
    {
        "subject": "http://dbpedia.org/resource/Julian_Schnabel",
        "predicate": "http://dbpedia.org/property/name",
        "object": "http://dbpedia.org/resource/Brianne_Bethel"
    },
    {
        "subject": "http://dbpedia.org/resource/Julian_Schnabel",
        "predicate": "http://dbpedia.org/property/name",
        "object": "http://dbpedia.org/resource/Brick_Haley"
    },
    {
        "subject": "http://dbpedia.org/resource/Julian_Schnabel",
        "predicate": "http://dbpedia.org/property/name",
        "object": "http://dbpedia.org/resource/Dave_Aranda"
    },
    {
        "subject": "http://dbpedia.org/resource/Julian_Schnabel",
        "predicate": "http://dbpedia.org/property/name",
        "object": "http://dbpedia.org/resource/Dave_Marr"
    },
    {
        "subject": "http://dbpedia.org/resource/Julian_Schnabel",
        "predicate": "http://dbpedia.org/property/name",
        "object": "http://dbpedia.org/resource/Dave_Rose_(basketball)"
    },
    {
        "subject": "http://dbpedia.org/resource/Julian_Schnabel",
        "predicate": "http://dbpedia.org/property/name",
        "object": "http://dbpedia.org/resource/David_Cobb_(activist)"
    },
    {
        "subject": "http://dbpedia.org/resource/Julian_Schnabel",
        "predicate": "http://dbpedia.org/property/name",
        "object": "http://dbpedia.org/resource/David_Gibbs_(American_football)"
    },
    {
        "subject": "http://dbpedia.org/resource/Julian_Schnabel",
        "predicate": "http://dbpedia.org/property/name",
        "object": "http://dbpedia.org/resource/David_Heitmeier"
    },
    {
        "subject": "http://dbpedia.org/resource/Julian_Schnabel",
        "predicate": "http://dbpedia.org/property/name",
        "object": "http://dbpedia.org/resource/David_Hunter_(American_football)"
    }
]