[
    {
        "subject": "http://dbpedia.org/resource/Larry_Bell",
        "predicate": "http://dbpedia.org/ontology/wikiPageWikiLink",
        "object": "http://dbpedia.org/resource/Larry_Bell"
    },
    {
        "subject": "http://dbpedia.org/resource/Larry_Bell",
        "predicate": "http://dbpedia.org/ontology/wikiPageWikiLink",
        "object": "http://dbpedia.org/resource/Larry_Bell"
    },
    {
        "subject": "http://dbpedia.org/resource/Larry_Bell",
        "predicate": "http://dbpedia.org/ontology/wikiPageRedirects",
        "object": "http://dbpedia.org/resource/Larry_Bell"
    },
    {
        "subject": "http://dbpedia.org/resource/Larry_Bell",
        "predicate": "http://dbpedia.org/ontology/wikiPageRedirects",
        "object": "http://dbpedia.org/resource/Larry_Bell"
    },
    {
        "subject": "http://dbpedia.org/resource/Larry_Bell",
        "predicate": "http://xmlns.com/foaf/0.1/primaryTopic",
        "object": "http://dbpedia.org/resource/Larry_Bell"
    },
    {
        "subject": "http://dbpedia.org/resource/Larry_Bell",
        "predicate": "http://dbpedia.org/ontology/wikiPageWikiLink",
        "object": "http://dbpedia.org/resource/Larry_Bell_(disambiguation)"
    },
    {
        "subject": "http://dbpedia.org/resource/Larry_Bell",
        "predicate": "http://dbpedia.org/ontology/wikiPageWikiLink",
        "object": "http://dbpedia.org/resource/Larry_Bell_(disambiguation)"
    },
    {
        "subject": "http://dbpedia.org/resource/Larry_Bell",
        "predicate": "http://dbpedia.org/ontology/wikiPageWikiLink",
        "object": "http://dbpedia.org/resource/Larry_Bell_(disambiguation)"
    }
]