[
    {
        "subject": "http://dbpedia.org/resource/Lee_Lozano",
        "predicate": "http://dbpedia.org/ontology/wikiPageWikiLink",
        "object": "http://dbpedia.org/resource/Carl_Andre"
    },
    {
        "subject": "http://dbpedia.org/resource/Lee_Lozano",
        "predicate": "http://dbpedia.org/ontology/wikiPageWikiLink",
        "object": "http://dbpedia.org/resource/Carlos_Villa"
    },
    {
        "subject": "http://dbpedia.org/resource/Lee_Lozano",
        "predicate": "http://dbpedia.org/ontology/wikiPageWikiLink",
        "object": "http://dbpedia.org/resource/Robert_Rauschenberg"
    },
    {
        "subject": "http://dbpedia.org/resource/Lee_Lozano",
        "predicate": "http://dbpedia.org/ontology/wikiPageWikiLink",
        "object": "http://dbpedia.org/resource/Robert_Smithson"
    },
    {
        "subject": "http://dbpedia.org/resource/Lee_Lozano",
        "predicate": "http://dbpedia.org/ontology/wikiPageWikiLink",
        "object": "http://dbpedia.org/resource/Ronald_Davis"
    },
    {
        "subject": "http://dbpedia.org/resource/Lee_Lozano",
        "predicate": "http://dbpedia.org/ontology/wikiPageWikiLink",
        "object": "http://dbpedia.org/resource/Rosemarie_Castoro"
    },
    {
        "subject": "http://dbpedia.org/resource/Lee_Lozano",
        "predicate": "http://dbpedia.org/ontology/wikiPageWikiLink",
        "object": "http://dbpedia.org/resource/San_Francisco"
    },
    {
        "subject": "http://dbpedia.org/resource/Lee_Lozano",
        "predicate": "http://dbpedia.org/ontology/wikiPageWikiLink",
        "object": "http://dbpedia.org/resource/San_Francisco_Art_Institute"
    },
    {
        "subject": "http://dbpedia.org/resource/Lee_Lozano",
        "predicate": "http://dbpedia.org/ontology/wikiPageWikiLink",
        "object": "http://dbpedia.org/resource/San_Francisco_Museum_of_Modern_Art"
    },
    {
        "subject": "http://dbpedia.org/resource/Lee_Lozano",
        "predicate": "http://dbpedia.org/ontology/wikiPageWikiLink",
        "object": "http://dbpedia.org/resource/Santa_Fe,_New_Mexico"
    },
    {
        "subject": "http://dbpedia.org/resource/Lee_Lozano",
        "predicate": "http://dbpedia.org/ontology/wikiPageWikiLink",
        "object": "http://dbpedia.org/resource/School_of_Visual_Arts"
    },
    {
        "subject": "http://dbpedia.org/resource/Lee_Lozano",
        "predicate": "http://dbpedia.org/ontology/wikiPageWikiLink",
        "object": "http://dbpedia.org/resource/New_York_Foundation_for_the_Arts"
    },
    {
        "subject": "http://dbpedia.org/resource/Lee_Lozano",
        "predicate": "http://dbpedia.org/ontology/wikiPageWikiLink",
        "object": "http://dbpedia.org/resource/University_of_New_Mexico_Art_Museum"
    },
    {
        "subject": "http://dbpedia.org/resource/Lee_Lozano",
        "predicate": "http://dbpedia.org/ontology/wikiPageWikiLink",
        "object": "http://dbpedia.org/resource/Beijing,_China"
    },
    {
        "subject": "http://dbpedia.org/resource/Lee_Lozano",
        "predicate": "http://dbpedia.org/ontology/wikiPageWikiLink",
        "object": "http://dbpedia.org/resource/Berkeley,_California"
    },
    {
        "subject": "http://dbpedia.org/resource/Lee_Lozano",
        "predicate": "http://dbpedia.org/ontology/wikiPageWikiLink",
        "object": "http://dbpedia.org/resource/Bob_Neuwirth"
    },
    {
        "subject": "http://dbpedia.org/resource/Lee_Lozano",
        "predicate": "http://dbpedia.org/ontology/wikiPageWikiLink",
        "object": "http://dbpedia.org/resource/Boca_Raton_Museum_of_Art"
    },
    {
        "subject": "http://dbpedia.org/resource/Lee_Lozano",
        "predicate": "http://dbpedia.org/ontology/wikiPageWikiLink",
        "object": "http://dbpedia.org/resource/Boise,_Idaho"
    },
    {
        "subject": "http://dbpedia.org/resource/Lee_Lozano",
        "predicate": "http://dbpedia.org/ontology/wikiPageWikiLink",
        "object": "http://dbpedia.org/resource/Boise_Art_Museum"
    },
    {
        "subject": "http://dbpedia.org/resource/Lee_Lozano",
        "predicate": "http://dbpedia.org/ontology/wikiPageWikiLink",
        "object": "http://dbpedia.org/resource/Bowdoin_College_Museum_of_Art"
    },
    {
        "subject": "http://dbpedia.org/resource/Lee_Lozano",
        "predicate": "http://dbpedia.org/ontology/wikiPageWikiLink",
        "object": "http://dbpedia.org/resource/Bowery"
    },
    {
        "subject": "http://dbpedia.org/resource/Lee_Lozano",
        "predicate": "http://dbpedia.org/ontology/wikiPageWikiLink",
        "object": "http://dbpedia.org/resource/Brice_Marden"
    },
    {
        "subject": "http://dbpedia.org/resource/Lee_Lozano",
        "predicate": "http://dbpedia.org/ontology/wikiPageWikiLink",
        "object": "http://dbpedia.org/resource/David_Novros"
    },
    {
        "subject": "http://dbpedia.org/resource/Lee_Lozano",
        "predicate": "http://dbpedia.org/ontology/wikiPageWikiLink",
        "object": "http://dbpedia.org/resource/Delaware_Art_Museum"
    },
    {
        "subject": "http://dbpedia.org/resource/Lee_Lozano",
        "predicate": "http://dbpedia.org/ontology/wikiPageWikiLink",
        "object": "http://dbpedia.org/resource/Des_Moines_Art_Center"
    },
    {
        "subject": "http://dbpedia.org/resource/Lee_Lozano",
        "predicate": "http://dbpedia.org/ontology/wikiPageWikiLink",
        "object": "http://dbpedia.org/resource/Detroit_Institute_of_Arts"
    },
    {
        "subject": "http://dbpedia.org/resource/Lee_Lozano",
        "predicate": "http://dbpedia.org/ontology/wikiPageWikiLink",
        "object": "http://dbpedia.org/resource/Houston"
    },
    {
        "subject": "http://dbpedia.org/resource/Lee_Lozano",
        "predicate": "http://dbpedia.org/ontology/wikiPageWikiLink",
        "object": "http://dbpedia.org/resource/Hunter_College"
    },
    {
        "subject": "http://dbpedia.org/resource/Lee_Lozano",
        "predicate": "http://dbpedia.org/ontology/wikiPageWikiLink",
        "object": "http://dbpedia.org/resource/Hurricane_Sandy"
    },
    {
        "subject": "http://dbpedia.org/resource/Lee_Lozano",
        "predicate": "http://dbpedia.org/ontology/wikiPageWikiLink",
        "object": "http://dbpedia.org/resource/Joseph_Kosuth"
    },
    {
        "subject": "http://dbpedia.org/resource/Lee_Lozano",
        "predicate": "http://dbpedia.org/ontology/wikiPageWikiLink",
        "object": "http://dbpedia.org/resource/Peter_Reginato"
    },
    {
        "subject": "http://dbpedia.org/resource/Lee_Lozano",
        "predicate": "http://dbpedia.org/ontology/wikiPageWikiLink",
        "object": "http://dbpedia.org/resource/Peter_Young_(artist)"
    },
    {
        "subject": "http://dbpedia.org/resource/Lee_Lozano",
        "predicate": "http://dbpedia.org/ontology/wikiPageWikiLink",
        "object": "http://dbpedia.org/resource/University_of_California,_Berkeley"
    },
    {
        "subject": "http://dbpedia.org/resource/Lee_Lozano",
        "predicate": "http://dbpedia.org/ontology/wikiPageWikiLink",
        "object": "http://dbpedia.org/resource/University_of_Michigan_Museum_of_Art"
    },
    {
        "subject": "http://dbpedia.org/resource/Lee_Lozano",
        "predicate": "http://dbpedia.org/ontology/wikiPageWikiLink",
        "object": "http://dbpedia.org/resource/Utah"
    },
    {
        "subject": "http://dbpedia.org/resource/Lee_Lozano",
        "predicate": "http://dbpedia.org/ontology/wikiPageWikiLink",
        "object": "http://dbpedia.org/resource/David_R._Prentice"
    },
    {
        "subject": "http://dbpedia.org/resource/Lee_Lozano",
        "predicate": "http://dbpedia.org/ontology/wikiPageWikiLink",
        "object": "http://dbpedia.org/resource/David_Whitney"
    },
    {
        "subject": "http://dbpedia.org/resource/Lee_Lozano",
        "predicate": "http://dbpedia.org/ontology/wikiPageWikiLink",
        "object": "http://dbpedia.org/resource/India_ink"
    },
    {
        "subject": "http://dbpedia.org/resource/Lee_Lozano",
        "predicate": "http://dbpedia.org/ontology/wikiPageWikiLink",
        "object": "http://dbpedia.org/resource/Sculpture"
    },
    {
        "subject": "http://dbpedia.org/resource/Lee_Lozano",
        "predicate": "http://dbpedia.org/ontology/wikiPageWikiLink",
        "object": "http://dbpedia.org/resource/Postminimalism"
    },
    {
        "subject": "http://dbpedia.org/resource/Lee_Lozano",
        "predicate": "http://dbpedia.org/ontology/wikiPageWikiLink",
        "object": "http://dbpedia.org/resource/Stephen_Haller_Gallery"
    },
    {
        "subject": "http://dbpedia.org/resource/Lee_Lozano",
        "predicate": "http://dbpedia.org/ontology/wikiPageWikiLink",
        "object": "http://dbpedia.org/resource/Udine,_Italy"
    },
    {
        "subject": "http://dbpedia.org/resource/Lee_Lozano",
        "predicate": "http://dbpedia.org/ontology/wikiPageWikiLink",
        "object": "http://dbpedia.org/resource/Category:1947_births"
    },
    {
        "subject": "http://dbpedia.org/resource/Lee_Lozano",
        "predicate": "http://dbpedia.org/ontology/wikiPageWikiLink",
        "object": "http://dbpedia.org/resource/Category:Living_people"
    },
    {
        "subject": "http://dbpedia.org/resource/Lee_Lozano",
        "predicate": "http://dbpedia.org/ontology/wikiPageWikiLink",
        "object": "http://dbpedia.org/resource/Corpus_Christi,_Texas"
    },
    {
        "subject": "http://dbpedia.org/resource/Lee_Lozano",
        "predicate": "http://dbpedia.org/ontology/wikiPageWikiLink",
        "object": "http://dbpedia.org/resource/Category:Art_Students_League_of_New_York_people"
    },
    {
        "subject": "http://dbpedia.org/resource/Lee_Lozano",
        "predicate": "http://dbpedia.org/ontology/wikiPageWikiLink",
        "object": "http://dbpedia.org/resource/Max's_Kansas_City"
    },
    {
        "subject": "http://dbpedia.org/resource/Lee_Lozano",
        "predicate": "http://dbpedia.org/ontology/wikiPageWikiLink",
        "object": "http://dbpedia.org/resource/Memphis_Brooks_Museum_of_Art"
    },
    {
        "subject": "http://dbpedia.org/resource/Lee_Lozano",
        "predicate": "http://dbpedia.org/ontology/wikiPageWikiLink",
        "object": "http://dbpedia.org/resource/Saint_Barth\u00e9lemy"
    },
    {
        "subject": "http://dbpedia.org/resource/Lee_Lozano",
        "predicate": "http://dbpedia.org/ontology/wikiPageWikiLink",
        "object": "http://dbpedia.org/resource/Neil_Williams_(artist)"
    },
    {
        "subject": "http://dbpedia.org/resource/Lee_Lozano",
        "predicate": "http://dbpedia.org/ontology/wikiPageWikiLink",
        "object": "http://dbpedia.org/resource/Oil_paint"
    },
    {
        "subject": "http://dbpedia.org/resource/Lee_Lozano",
        "predicate": "http://dbpedia.org/ontology/wikiPageWikiLink",
        "object": "http://dbpedia.org/resource/Clement_Greenberg"
    },
    {
        "subject": "http://dbpedia.org/resource/Lee_Lozano",
        "predicate": "http://dbpedia.org/ontology/wikiPageWikiLink",
        "object": "http://dbpedia.org/resource/El_Greco"
    },
    {
        "subject": "http://dbpedia.org/resource/Lee_Lozano",
        "predicate": "http://dbpedia.org/ontology/wikiPageWikiLink",
        "object": "http://dbpedia.org/resource/Frank_Stella"
    },
    {
        "subject": "http://dbpedia.org/resource/Lee_Lozano",
        "predicate": "http://dbpedia.org/ontology/wikiPageWikiLink",
        "object": "http://dbpedia.org/resource/Frost_Art_Museum"
    },
    {
        "subject": "http://dbpedia.org/resource/Lee_Lozano",
        "predicate": "http://dbpedia.org/ontology/wikiPageWikiLink",
        "object": "http://dbpedia.org/resource/Mississippi_Museum_of_Art"
    },
    {
        "subject": "http://dbpedia.org/resource/Lee_Lozano",
        "predicate": "http://dbpedia.org/ontology/wikiPageWikiLink",
        "object": "http://dbpedia.org/resource/MoMA"
    },
    {
        "subject": "http://dbpedia.org/resource/Lee_Lozano",
        "predicate": "http://dbpedia.org/ontology/wikiPageWikiLink",
        "object": "http://dbpedia.org/resource/Munich,_Germany"
    },
    {
        "subject": "http://dbpedia.org/resource/Lee_Lozano",
        "predicate": "http://dbpedia.org/ontology/wikiPageWikiLink",
        "object": "http://dbpedia.org/resource/Munson-Williams-Proctor_Arts_Institute"
    },
    {
        "subject": "http://dbpedia.org/resource/Lee_Lozano",
        "predicate": "http://dbpedia.org/ontology/wikiPageWikiLink",
        "object": "http://dbpedia.org/resource/Museum_of_Contemporary_Art,_Chicago"
    },
    {
        "subject": "http://dbpedia.org/resource/Lee_Lozano",
        "predicate": "http://dbpedia.org/ontology/wikiPageWikiLink",
        "object": "http://dbpedia.org/resource/Museum_of_Modern_Art"
    },
    {
        "subject": "http://dbpedia.org/resource/Lee_Lozano",
        "predicate": "http://dbpedia.org/ontology/wikiPageWikiLink",
        "object": "http://dbpedia.org/resource/The_National_Gallery_of_Art"
    },
    {
        "subject": "http://dbpedia.org/resource/Lee_Lozano",
        "predicate": "http://dbpedia.org/ontology/wikiPageWikiLink",
        "object": "http://dbpedia.org/resource/The_New_York_Times"
    },
    {
        "subject": "http://dbpedia.org/resource/Lee_Lozano",
        "predicate": "http://dbpedia.org/ontology/wikiPageWikiLink",
        "object": "http://dbpedia.org/resource/Phong_Bui"
    },
    {
        "subject": "http://dbpedia.org/resource/Lee_Lozano",
        "predicate": "http://dbpedia.org/ontology/wikiPageWikiLink",
        "object": "http://dbpedia.org/resource/Andr\u00e9_Emmerich"
    },
    {
        "subject": "http://dbpedia.org/resource/Lee_Lozano",
        "predicate": "http://dbpedia.org/ontology/wikiPageWikiLink",
        "object": "http://dbpedia.org/resource/Andy_Warhol"
    },
    {
        "subject": "http://dbpedia.org/resource/Lee_Lozano",
        "predicate": "http://dbpedia.org/ontology/wikiPageWikiLink",
        "object": "http://dbpedia.org/resource/Lee_Lozano"
    },
    {
        "subject": "http://dbpedia.org/resource/Lee_Lozano",
        "predicate": "http://dbpedia.org/ontology/wikiPageWikiLink",
        "object": "http://dbpedia.org/resource/Leo_Valledor"
    },
    {
        "subject": "http://dbpedia.org/resource/Lee_Lozano",
        "predicate": "http://dbpedia.org/ontology/wikiPageWikiLink",
        "object": "http://dbpedia.org/resource/Lincoln,_Nebraska"
    },
    {
        "subject": "http://dbpedia.org/resource/Lee_Lozano",
        "predicate": "http://dbpedia.org/ontology/wikiPageWikiLink",
        "object": "http://dbpedia.org/resource/Los_Angeles"
    },
    {
        "subject": "http://dbpedia.org/resource/Lee_Lozano",
        "predicate": "http://dbpedia.org/ontology/wikiPageWikiLink",
        "object": "http://dbpedia.org/resource/Los_Angeles_County_Museum_of_Art"
    },
    {
        "subject": "http://dbpedia.org/resource/Lee_Lozano",
        "predicate": "http://dbpedia.org/ontology/wikiPageWikiLink",
        "object": "http://dbpedia.org/resource/Manhattan"
    },
    {
        "subject": "http://dbpedia.org/resource/Lee_Lozano",
        "predicate": "http://dbpedia.org/ontology/wikiPageWikiLink",
        "object": "http://dbpedia.org/resource/Silverstein_Properties"
    },
    {
        "subject": "http://dbpedia.org/resource/Lee_Lozano",
        "predicate": "http://dbpedia.org/ontology/wikiPageWikiLink",
        "object": "http://dbpedia.org/resource/SoHo"
    },
    {
        "subject": "http://dbpedia.org/resource/Lee_Lozano",
        "predicate": "http://dbpedia.org/ontology/wikiPageWikiLink",
        "object": "http://dbpedia.org/resource/Stanford_University"
    },
    {
        "subject": "http://dbpedia.org/resource/Lee_Lozano",
        "predicate": "http://dbpedia.org/ontology/wikiPageWikiLink",
        "object": "http://dbpedia.org/resource/Studio_Museum_in_Harlem"
    },
    {
        "subject": "http://dbpedia.org/resource/Lee_Lozano",
        "predicate": "http://dbpedia.org/ontology/wikiPageWikiLink",
        "object": "http://dbpedia.org/resource/Zion_National_Park"
    },
    {
        "subject": "http://dbpedia.org/resource/Lee_Lozano",
        "predicate": "http://dbpedia.org/ontology/wikiPageWikiLink",
        "object": "http://dbpedia.org/resource/Partisan_Review"
    },
    {
        "subject": "http://dbpedia.org/resource/Lee_Lozano",
        "predicate": "http://dbpedia.org/ontology/wikiPageWikiLink",
        "object": "http://dbpedia.org/resource/Baltimore"
    },
    {
        "subject": "http://dbpedia.org/resource/Lee_Lozano",
        "predicate": "http://dbpedia.org/ontology/wikiPageWikiLink",
        "object": "http://dbpedia.org/resource/Baltimore_Museum_of_Art"
    },
    {
        "subject": "http://dbpedia.org/resource/Lee_Lozano",
        "predicate": "http://dbpedia.org/ontology/wikiPageWikiLink",
        "object": "http://dbpedia.org/resource/Category:20th-century_American_male_artists"
    },
    {
        "subject": "http://dbpedia.org/resource/Lee_Lozano",
        "predicate": "http://dbpedia.org/ontology/wikiPageWikiLink",
        "object": "http://dbpedia.org/resource/Category:20th-century_American_painters"
    },
    {
        "subject": "http://dbpedia.org/resource/Lee_Lozano",
        "predicate": "http://dbpedia.org/ontology/wikiPageWikiLink",
        "object": "http://dbpedia.org/resource/Category:American_male_painters"
    },
    {
        "subject": "http://dbpedia.org/resource/Lee_Lozano",
        "predicate": "http://dbpedia.org/ontology/wikiPageWikiLink",
        "object": "http://dbpedia.org/resource/Category:Art_Students_League_of_New_York_alumni"
    },
    {
        "subject": "http://dbpedia.org/resource/Lee_Lozano",
        "predicate": "http://dbpedia.org/ontology/wikiPageWikiLink",
        "object": "http://dbpedia.org/resource/Category:Artists_from_the_Bronx"
    },
    {
        "subject": "http://dbpedia.org/resource/Lee_Lozano",
        "predicate": "http://dbpedia.org/ontology/wikiPageWikiLink",
        "object": "http://dbpedia.org/resource/Category:Painters_from_New_York_City"
    },
    {
        "subject": "http://dbpedia.org/resource/Lee_Lozano",
        "predicate": "http://dbpedia.org/ontology/wikiPageWikiLink",
        "object": "http://dbpedia.org/resource/Category:People_from_Manhattan"
    },
    {
        "subject": "http://dbpedia.org/resource/Lee_Lozano",
        "predicate": "http://dbpedia.org/ontology/wikiPageWikiLink",
        "object": "http://dbpedia.org/resource/Broadway_(Manhattan)"
    },
    {
        "subject": "http://dbpedia.org/resource/Lee_Lozano",
        "predicate": "http://dbpedia.org/ontology/wikiPageWikiLink",
        "object": "http://dbpedia.org/resource/Brooklyn_Museum"
    },
    {
        "subject": "http://dbpedia.org/resource/Lee_Lozano",
        "predicate": "http://dbpedia.org/ontology/wikiPageWikiLink",
        "object": "http://dbpedia.org/resource/Butler_Institute_of_American_Art"
    },
    {
        "subject": "http://dbpedia.org/resource/Lee_Lozano",
        "predicate": "http://dbpedia.org/ontology/wikiPageWikiLink",
        "object": "http://dbpedia.org/resource/Category:High_School_of_Art_and_Design_alumni"
    },
    {
        "subject": "http://dbpedia.org/resource/Lee_Lozano",
        "predicate": "http://dbpedia.org/ontology/wikiPageWikiLink",
        "object": "http://dbpedia.org/resource/Catskill_Mountains"
    },
    {
        "subject": "http://dbpedia.org/resource/Lee_Lozano",
        "predicate": "http://dbpedia.org/ontology/wikiPageWikiLink",
        "object": "http://dbpedia.org/resource/Tribeca"
    },
    {
        "subject": "http://dbpedia.org/resource/Lee_Lozano",
        "predicate": "http://dbpedia.org/ontology/wikiPageWikiLink",
        "object": "http://dbpedia.org/resource/Walker_Art_Center"
    },
    {
        "subject": "http://dbpedia.org/resource/Lee_Lozano",
        "predicate": "http://dbpedia.org/ontology/wikiPageWikiLink",
        "object": "http://dbpedia.org/resource/Wally_Findlay_Galleries"
    },
    {
        "subject": "http://dbpedia.org/resource/Lee_Lozano",
        "predicate": "http://dbpedia.org/ontology/wikiPageWikiLink",
        "object": "http://dbpedia.org/resource/Washington_DC"
    },
    {
        "subject": "http://dbpedia.org/resource/Lee_Lozano",
        "predicate": "http://dbpedia.org/ontology/wikiPageWikiLink",
        "object": "http://dbpedia.org/resource/Whitney_Museum_of_American_Art"
    },
    {
        "subject": "http://dbpedia.org/resource/Lee_Lozano",
        "predicate": "http://dbpedia.org/ontology/wikiPageWikiLink",
        "object": "http://dbpedia.org/resource/Loft"
    },
    {
        "subject": "http://dbpedia.org/resource/Lee_Lozano",
        "predicate": "http://dbpedia.org/ontology/wikiPageWikiLink",
        "object": "http://dbpedia.org/resource/Abstract_Expressionism"
    },
    {
        "subject": "http://dbpedia.org/resource/Lee_Lozano",
        "predicate": "http://dbpedia.org/ontology/wikiPageWikiLink",
        "object": "http://dbpedia.org/resource/Akron_Art_Museum"
    }
]