[
    {
        "subject": "http://dbpedia.org/resource/Martin_Creed",
        "predicate": "http://dbpedia.org/ontology/wikiPageWikiLink",
        "object": "http://dbpedia.org/resource/Anne_Hardy"
    },
    {
        "subject": "http://dbpedia.org/resource/Martin_Creed",
        "predicate": "http://dbpedia.org/ontology/wikiPageWikiLink",
        "object": "http://dbpedia.org/resource/Vivien_Blackett"
    },
    {
        "subject": "http://dbpedia.org/resource/Martin_Creed",
        "predicate": "http://dbpedia.org/ontology/wikiPageWikiLink",
        "object": "http://dbpedia.org/resource/Veronica_Ryan"
    },
    {
        "subject": "http://dbpedia.org/resource/Martin_Creed",
        "predicate": "http://dbpedia.org/ontology/wikiPageWikiLink",
        "object": "http://dbpedia.org/resource/Category:Tourist_attractions_in_the_London_Borough_of_Camden"
    },
    {
        "subject": "http://dbpedia.org/resource/Martin_Creed",
        "predicate": "http://dbpedia.org/ontology/wikiPageWikiLink",
        "object": "http://dbpedia.org/resource/Off-site_art_exhibit"
    },
    {
        "subject": "http://dbpedia.org/resource/Martin_Creed",
        "predicate": "http://dbpedia.org/ontology/wikiPageWikiLink",
        "object": "http://dbpedia.org/resource/Elizabeth_Murray_(artist)"
    },
    {
        "subject": "http://dbpedia.org/resource/Martin_Creed",
        "predicate": "http://dbpedia.org/ontology/wikiPageWikiLink",
        "object": "http://dbpedia.org/resource/Emma_Hart_(artist)"
    },
    {
        "subject": "http://dbpedia.org/resource/Martin_Creed",
        "predicate": "http://dbpedia.org/ontology/wikiPageWikiLink",
        "object": "http://dbpedia.org/resource/Category:Grade_II_listed_buildings_in_the_London_Borough_of_Camden"
    },
    {
        "subject": "http://dbpedia.org/resource/Martin_Creed",
        "predicate": "http://dbpedia.org/ontology/wikiPageWikiLink",
        "object": "http://dbpedia.org/resource/Anya_Gallaccio"
    },
    {
        "subject": "http://dbpedia.org/resource/Martin_Creed",
        "predicate": "http://dbpedia.org/ontology/wikiPageWikiLink",
        "object": "http://dbpedia.org/resource/London_Borough_of_Camden"
    },
    {
        "subject": "http://dbpedia.org/resource/Martin_Creed",
        "predicate": "http://dbpedia.org/ontology/wikiPageWikiLink",
        "object": "http://dbpedia.org/resource/West_Hampstead"
    },
    {
        "subject": "http://dbpedia.org/resource/Martin_Creed",
        "predicate": "http://dbpedia.org/ontology/wikiPageWikiLink",
        "object": "http://dbpedia.org/resource/Grade_II"
    },
    {
        "subject": "http://dbpedia.org/resource/Martin_Creed",
        "predicate": "http://dbpedia.org/ontology/wikiPageWikiLink",
        "object": "http://dbpedia.org/resource/Grade_II_listed_building"
    },
    {
        "subject": "http://dbpedia.org/resource/Martin_Creed",
        "predicate": "http://dbpedia.org/ontology/wikiPageWikiLink",
        "object": "http://dbpedia.org/resource/Adam_Chodzko"
    },
    {
        "subject": "http://dbpedia.org/resource/Martin_Creed",
        "predicate": "http://dbpedia.org/ontology/wikiPageWikiLink",
        "object": "http://dbpedia.org/resource/Alexandre_da_Cunha"
    },
    {
        "subject": "http://dbpedia.org/resource/Martin_Creed",
        "predicate": "http://dbpedia.org/ontology/wikiPageWikiLink",
        "object": "http://dbpedia.org/resource/Eva_Hesse"
    },
    {
        "subject": "http://dbpedia.org/resource/Martin_Creed",
        "predicate": "http://dbpedia.org/ontology/wikiPageWikiLink",
        "object": "http://dbpedia.org/resource/Francis_Upritchard"
    },
    {
        "subject": "http://dbpedia.org/resource/Martin_Creed",
        "predicate": "http://dbpedia.org/ontology/wikiPageWikiLink",
        "object": "http://dbpedia.org/resource/Hanne_Darboven"
    },
    {
        "subject": "http://dbpedia.org/resource/Martin_Creed",
        "predicate": "http://dbpedia.org/ontology/wikiPageWikiLink",
        "object": "http://dbpedia.org/resource/Athanasios_Argianas"
    },
    {
        "subject": "http://dbpedia.org/resource/Martin_Creed",
        "predicate": "http://dbpedia.org/ontology/wikiPageWikiLink",
        "object": "http://dbpedia.org/resource/Angela_de_la_Cruz"
    },
    {
        "subject": "http://dbpedia.org/resource/Martin_Creed",
        "predicate": "http://dbpedia.org/ontology/wikiPageWikiLink",
        "object": "http://dbpedia.org/resource/Artist_in_residence"
    },
    {
        "subject": "http://dbpedia.org/resource/Martin_Creed",
        "predicate": "http://dbpedia.org/ontology/wikiPageWikiLink",
        "object": "http://dbpedia.org/resource/King's_Cross,_London"
    },
    {
        "subject": "http://dbpedia.org/resource/Martin_Creed",
        "predicate": "http://dbpedia.org/ontology/wikiPageWikiLink",
        "object": "http://dbpedia.org/resource/Tal_R"
    },
    {
        "subject": "http://dbpedia.org/resource/Martin_Creed",
        "predicate": "http://dbpedia.org/ontology/wikiPageWikiLink",
        "object": "http://dbpedia.org/resource/Tony_Fretton"
    },
    {
        "subject": "http://dbpedia.org/resource/Martin_Creed",
        "predicate": "http://dbpedia.org/ontology/wikiPageWikiLink",
        "object": "http://dbpedia.org/resource/Category:Arts_centres_in_London"
    },
    {
        "subject": "http://dbpedia.org/resource/Martin_Creed",
        "predicate": "http://dbpedia.org/ontology/wikiPageWikiLink",
        "object": "http://dbpedia.org/resource/Martin_Creed"
    },
    {
        "subject": "http://dbpedia.org/resource/Martin_Creed",
        "predicate": "http://dbpedia.org/ontology/wikiPageWikiLink",
        "object": "http://dbpedia.org/resource/Mike_Nelson_(artist)"
    },
    {
        "subject": "http://dbpedia.org/resource/Martin_Creed",
        "predicate": "http://dbpedia.org/ontology/wikiPageWikiLink",
        "object": "http://dbpedia.org/resource/Olga_Balema"
    },
    {
        "subject": "http://dbpedia.org/resource/Martin_Creed",
        "predicate": "http://dbpedia.org/ontology/wikiPageWikiLink",
        "object": "http://dbpedia.org/resource/Caroline_Achaintre"
    },
    {
        "subject": "http://dbpedia.org/resource/Martin_Creed",
        "predicate": "http://dbpedia.org/ontology/wikiPageWikiLink",
        "object": "http://dbpedia.org/resource/Turner_Prize"
    },
    {
        "subject": "http://dbpedia.org/resource/Martin_Creed",
        "predicate": "http://dbpedia.org/ontology/wikiPageWikiLink",
        "object": "http://dbpedia.org/resource/Walter_Price_(artist)"
    },
    {
        "subject": "http://dbpedia.org/resource/Martin_Creed",
        "predicate": "http://dbpedia.org/ontology/wikiPageWikiLink",
        "object": "http://dbpedia.org/resource/Sally_O'Reilly"
    },
    {
        "subject": "http://dbpedia.org/resource/Martin_Creed",
        "predicate": "http://dbpedia.org/ontology/wikiPageWikiLink",
        "object": "http://dbpedia.org/resource/Exhibition"
    },
    {
        "subject": "http://dbpedia.org/resource/Martin_Creed",
        "predicate": "http://dbpedia.org/ontology/wikiPageWikiLink",
        "object": "http://dbpedia.org/resource/Simon_Starling"
    },
    {
        "subject": "http://dbpedia.org/resource/Martin_Creed",
        "predicate": "http://dbpedia.org/ontology/wikiPageWikiLink",
        "object": "http://dbpedia.org/resource/Victor_Grippo"
    },
    {
        "subject": "http://dbpedia.org/resource/Martin_Creed",
        "predicate": "http://dbpedia.org/ontology/wikiPageWikiLink",
        "object": "http://dbpedia.org/resource/Carey_Young"
    },
    {
        "subject": "http://dbpedia.org/resource/Martin_Creed",
        "predicate": "http://dbpedia.org/ontology/wikiPageWikiLink",
        "object": "http://dbpedia.org/resource/Bedwyr_Williams"
    },
    {
        "subject": "http://dbpedia.org/resource/Martin_Creed",
        "predicate": "http://dbpedia.org/ontology/wikiPageWikiLink",
        "object": "http://dbpedia.org/resource/Beer"
    },
    {
        "subject": "http://dbpedia.org/resource/Martin_Creed",
        "predicate": "http://dbpedia.org/ontology/wikiPageWikiLink",
        "object": "http://dbpedia.org/resource/Richard_Hamilton_(artist)"
    },
    {
        "subject": "http://dbpedia.org/resource/Martin_Creed",
        "predicate": "http://dbpedia.org/ontology/wikiPageWikiLink",
        "object": "http://dbpedia.org/resource/David_Sherry_(artist)"
    },
    {
        "subject": "http://dbpedia.org/resource/Martin_Creed",
        "predicate": "http://dbpedia.org/ontology/wikiPageWikiLink",
        "object": "http://dbpedia.org/resource/Inventory_(artists)"
    },
    {
        "subject": "http://dbpedia.org/resource/Martin_Creed",
        "predicate": "http://dbpedia.org/ontology/wikiPageWikiLink",
        "object": "http://dbpedia.org/resource/Jake_and_Dinos_Chapman"
    },
    {
        "subject": "http://dbpedia.org/resource/Martin_Creed",
        "predicate": "http://dbpedia.org/ontology/wikiPageWikiLink",
        "object": "http://dbpedia.org/resource/Jamie_Shovlin"
    },
    {
        "subject": "http://dbpedia.org/resource/Martin_Creed",
        "predicate": "http://dbpedia.org/ontology/wikiPageWikiLink",
        "object": "http://dbpedia.org/resource/Cornelia_Parker"
    },
    {
        "subject": "http://dbpedia.org/resource/Martin_Creed",
        "predicate": "http://dbpedia.org/ontology/wikiPageWikiLink",
        "object": "http://dbpedia.org/resource/Ryan_Gander"
    },
    {
        "subject": "http://dbpedia.org/resource/Martin_Creed",
        "predicate": "http://dbpedia.org/ontology/wikiPageWikiLink",
        "object": "http://dbpedia.org/resource/Nick_Crowe_(artist)"
    },
    {
        "subject": "http://dbpedia.org/resource/Martin_Creed",
        "predicate": "http://dbpedia.org/ontology/wikiPageWikiLink",
        "object": "http://dbpedia.org/resource/Saskia_Olde_Wolbers"
    },
    {
        "subject": "http://dbpedia.org/resource/Martin_Creed",
        "predicate": "http://dbpedia.org/ontology/wikiPageWikiLink",
        "object": "http://dbpedia.org/resource/Pablo_Bronstein"
    },
    {
        "subject": "http://dbpedia.org/resource/Martin_Creed",
        "predicate": "http://dbpedia.org/ontology/wikiPageWikiLink",
        "object": "http://dbpedia.org/resource/Gillian_Wearing"
    },
    {
        "subject": "http://dbpedia.org/resource/Martin_Creed",
        "predicate": "http://dbpedia.org/ontology/wikiPageWikiLink",
        "object": "http://dbpedia.org/resource/Bernd_Behr"
    },
    {
        "subject": "http://dbpedia.org/resource/Martin_Creed",
        "predicate": "http://dbpedia.org/ontology/wikiPageWikiLink",
        "object": "http://dbpedia.org/resource/London"
    },
    {
        "subject": "http://dbpedia.org/resource/Martin_Creed",
        "predicate": "http://dbpedia.org/ontology/wikiPageWikiLink",
        "object": "http://dbpedia.org/resource/Haluk_Akak\u00e7e"
    },
    {
        "subject": "http://dbpedia.org/resource/Martin_Creed",
        "predicate": "http://dbpedia.org/ontology/wikiPageWikiLink",
        "object": "http://dbpedia.org/resource/House_(sculpture)"
    },
    {
        "subject": "http://dbpedia.org/resource/Martin_Creed",
        "predicate": "http://dbpedia.org/ontology/wikiPageWikiLink",
        "object": "http://dbpedia.org/resource/Olivia_Plender"
    },
    {
        "subject": "http://dbpedia.org/resource/Martin_Creed",
        "predicate": "http://dbpedia.org/ontology/wikiPageWikiLink",
        "object": "http://dbpedia.org/resource/Matt_Stokes"
    },
    {
        "subject": "http://dbpedia.org/resource/Martin_Creed",
        "predicate": "http://dbpedia.org/ontology/wikiPageWikiLink",
        "object": "http://dbpedia.org/resource/Tony_Oursler"
    },
    {
        "subject": "http://dbpedia.org/resource/Martin_Creed",
        "predicate": "http://dbpedia.org/ontology/wikiPageWikiLink",
        "object": "http://dbpedia.org/resource/Daria_Martin"
    },
    {
        "subject": "http://dbpedia.org/resource/Martin_Creed",
        "predicate": "http://dbpedia.org/ontology/wikiPageWikiLink",
        "object": "http://dbpedia.org/resource/Wim_Wenders"
    },
    {
        "subject": "http://dbpedia.org/resource/Martin_Creed",
        "predicate": "http://dbpedia.org/ontology/wikiPageWikiLink",
        "object": "http://dbpedia.org/resource/Hayley_Tompkins"
    },
    {
        "subject": "http://dbpedia.org/resource/Martin_Creed",
        "predicate": "http://dbpedia.org/ontology/wikiPageWikiLink",
        "object": "http://dbpedia.org/resource/Francis_Upritchard"
    },
    {
        "subject": "http://dbpedia.org/resource/Martin_Creed",
        "predicate": "http://dbpedia.org/ontology/wikiPageWikiLink",
        "object": "http://dbpedia.org/resource/List_of_European_art_awards"
    },
    {
        "subject": "http://dbpedia.org/resource/Martin_Creed",
        "predicate": "http://dbpedia.org/ontology/wikiPageWikiLink",
        "object": "http://dbpedia.org/resource/Lucy_Skaer"
    },
    {
        "subject": "http://dbpedia.org/resource/Martin_Creed",
        "predicate": "http://dbpedia.org/ontology/wikiPageWikiLink",
        "object": "http://dbpedia.org/resource/Hans_Ulrich_Obrist"
    },
    {
        "subject": "http://dbpedia.org/resource/Martin_Creed",
        "predicate": "http://dbpedia.org/ontology/wikiPageWikiLink",
        "object": "http://dbpedia.org/resource/Maria_Lind"
    },
    {
        "subject": "http://dbpedia.org/resource/Martin_Creed",
        "predicate": "http://dbpedia.org/ontology/wikiPageWikiLink",
        "object": "http://dbpedia.org/resource/Artangel"
    },
    {
        "subject": "http://dbpedia.org/resource/Martin_Creed",
        "predicate": "http://dbpedia.org/ontology/wikiPageWikiLink",
        "object": "http://dbpedia.org/resource/Category:Awards_established_in_2000"
    },
    {
        "subject": "http://dbpedia.org/resource/Martin_Creed",
        "predicate": "http://dbpedia.org/ontology/wikiPageWikiLink",
        "object": "http://dbpedia.org/resource/Category:Visual_arts_awards"
    },
    {
        "subject": "http://dbpedia.org/resource/Martin_Creed",
        "predicate": "http://dbpedia.org/ontology/wikiPageWikiLink",
        "object": "http://dbpedia.org/resource/Alan_Currall"
    },
    {
        "subject": "http://dbpedia.org/resource/Martin_Creed",
        "predicate": "http://dbpedia.org/ontology/wikiPageWikiLink",
        "object": "http://dbpedia.org/resource/Douglas_Gordon"
    },
    {
        "subject": "http://dbpedia.org/resource/Martin_Creed",
        "predicate": "http://dbpedia.org/ontology/wikiPageWikiLink",
        "object": "http://dbpedia.org/resource/Art"
    },
    {
        "subject": "http://dbpedia.org/resource/Martin_Creed",
        "predicate": "http://dbpedia.org/ontology/wikiPageWikiLink",
        "object": "http://dbpedia.org/resource/Category:British_art_awards"
    },
    {
        "subject": "http://dbpedia.org/resource/Martin_Creed",
        "predicate": "http://dbpedia.org/ontology/wikiPageWikiLink",
        "object": "http://dbpedia.org/resource/Martin_Creed"
    },
    {
        "subject": "http://dbpedia.org/resource/Martin_Creed",
        "predicate": "http://dbpedia.org/ontology/wikiPageWikiLink",
        "object": "http://dbpedia.org/resource/Beck's"
    },
    {
        "subject": "http://dbpedia.org/resource/Martin_Creed",
        "predicate": "http://dbpedia.org/ontology/wikiPageWikiLink",
        "object": "http://dbpedia.org/resource/Institute_of_Contemporary_Arts"
    },
    {
        "subject": "http://dbpedia.org/resource/Martin_Creed",
        "predicate": "http://dbpedia.org/ontology/wikiPageWikiLink",
        "object": "http://dbpedia.org/resource/Michael_Landy"
    },
    {
        "subject": "http://dbpedia.org/resource/Martin_Creed",
        "predicate": "http://dbpedia.org/ontology/wikiPageWikiLink",
        "object": "http://dbpedia.org/resource/Rachel_Whiteread"
    },
    {
        "subject": "http://dbpedia.org/resource/Martin_Creed",
        "predicate": "http://dbpedia.org/ontology/wikiPageWikiLink",
        "object": "http://dbpedia.org/resource/Christina_Mackie"
    },
    {
        "subject": "http://dbpedia.org/resource/Martin_Creed",
        "predicate": "http://dbpedia.org/ontology/wikiPageWikiLink",
        "object": "http://dbpedia.org/resource/Yinka_Shonibare"
    },
    {
        "subject": "http://dbpedia.org/resource/Martin_Creed",
        "predicate": "http://dbpedia.org/ontology/wikiPageWikiLink",
        "object": "http://dbpedia.org/resource/Simon_Bedwell"
    },
    {
        "subject": "http://dbpedia.org/resource/Martin_Creed",
        "predicate": "http://dbpedia.org/ontology/wikiPageWikiLink",
        "object": "http://dbpedia.org/resource/Turner_Prize"
    },
    {
        "subject": "http://dbpedia.org/resource/Martin_Creed",
        "predicate": "http://dbpedia.org/ontology/wikiPageWikiLink",
        "object": "http://dbpedia.org/resource/Imogen_Stidworthy"
    },
    {
        "subject": "http://dbpedia.org/resource/Martin_Creed",
        "predicate": "http://dbpedia.org/ontology/wikiPageWikiLink",
        "object": "http://dbpedia.org/resource/Lali_Chetwynd"
    },
    {
        "subject": "http://dbpedia.org/resource/Martin_Creed",
        "predicate": "http://dbpedia.org/ontology/wikiPageWikiLink",
        "object": "http://dbpedia.org/resource/Luke_Fowler"
    },
    {
        "subject": "http://dbpedia.org/resource/Martin_Creed",
        "predicate": "http://dbpedia.org/ontology/wikiPageWikiLink",
        "object": "http://dbpedia.org/resource/Rosalind_Nashashibi"
    },
    {
        "subject": "http://dbpedia.org/resource/Martin_Creed",
        "predicate": "http://dbpedia.org/ontology/wikiPageWikiLink",
        "object": "http://dbpedia.org/resource/Roderick_Buchanan"
    },
    {
        "subject": "http://dbpedia.org/resource/Martin_Creed",
        "predicate": "http://dbpedia.org/ontology/wikiPageWikiLink",
        "object": "http://dbpedia.org/resource/Sue_Tompkins"
    },
    {
        "subject": "http://dbpedia.org/resource/Martin_Creed",
        "predicate": "http://dbpedia.org/ontology/wikiPageWikiLink",
        "object": "http://dbpedia.org/resource/Tim_Stoner"
    },
    {
        "subject": "http://dbpedia.org/resource/Martin_Creed",
        "predicate": "http://dbpedia.org/ontology/wikiPageWikiLink",
        "object": "http://dbpedia.org/resource/Russell_Ferguson"
    },
    {
        "subject": "http://dbpedia.org/resource/Martin_Creed",
        "predicate": "http://dbpedia.org/ontology/wikiPageWikiLink",
        "object": "http://dbpedia.org/resource/Susan_Philipsz"
    },
    {
        "subject": "http://dbpedia.org/resource/Martin_Creed",
        "predicate": "http://dbpedia.org/ontology/wikiPageWikiLink",
        "object": "http://dbpedia.org/resource/Toby_Paterson"
    },
    {
        "subject": "http://dbpedia.org/resource/Martin_Creed",
        "predicate": "http://dbpedia.org/ontology/wikiPageWikiLink",
        "object": "http://dbpedia.org/resource/Andrew_Cross_(artist)"
    },
    {
        "subject": "http://dbpedia.org/resource/Martin_Creed",
        "predicate": "http://dbpedia.org/ontology/wikiPageWikiLink",
        "object": "http://dbpedia.org/resource/Blood_\u2018n\u2019_Feathers"
    },
    {
        "subject": "http://dbpedia.org/resource/Martin_Creed",
        "predicate": "http://dbpedia.org/ontology/wikiPageWikiLink",
        "object": "http://dbpedia.org/resource/Daniel_Sinsel"
    },
    {
        "subject": "http://dbpedia.org/resource/Martin_Creed",
        "predicate": "http://dbpedia.org/ontology/wikiPageWikiLink",
        "object": "http://dbpedia.org/resource/Donald_Urquhart"
    },
    {
        "subject": "http://dbpedia.org/resource/Martin_Creed",
        "predicate": "http://dbpedia.org/ontology/wikiPageWikiLink",
        "object": "http://dbpedia.org/resource/Ergin_\u00c7avusoglu"
    },
    {
        "subject": "http://dbpedia.org/resource/Martin_Creed",
        "predicate": "http://dbpedia.org/ontology/wikiPageWikiLink",
        "object": "http://dbpedia.org/resource/Fl\u00e1via_M\u00fcller_Medeiros"
    },
    {
        "subject": "http://dbpedia.org/resource/Martin_Creed",
        "predicate": "http://dbpedia.org/ontology/wikiPageWikiLink",
        "object": "http://dbpedia.org/resource/Nicoline_Van_Harskamp"
    },
    {
        "subject": "http://dbpedia.org/resource/Martin_Creed",
        "predicate": "http://dbpedia.org/ontology/wikiPageWikiLink",
        "object": "http://dbpedia.org/resource/Richard_Hughes_(artist)"
    },
    {
        "subject": "http://dbpedia.org/resource/Martin_Creed",
        "predicate": "http://dbpedia.org/ontology/wikiPageWikiLink",
        "object": "http://dbpedia.org/resource/Seb_Patane"
    },
    {
        "subject": "http://dbpedia.org/resource/Martin_Creed",
        "predicate": "http://dbpedia.org/ontology/wikiPageWikiLink",
        "object": "http://dbpedia.org/resource/Simon_Popper"
    }
]