[
    {
        "subject": "http://dbpedia.org/resource/Nam_June_Paik",
        "predicate": "http://dbpedia.org/ontology/wikiPageWikiLink",
        "object": "http://dbpedia.org/resource/Bedroom_Walls"
    },
    {
        "subject": "http://dbpedia.org/resource/Nam_June_Paik",
        "predicate": "http://dbpedia.org/ontology/wikiPageWikiLink",
        "object": "http://dbpedia.org/resource/Bella_Lewitzky"
    },
    {
        "subject": "http://dbpedia.org/resource/Nam_June_Paik",
        "predicate": "http://dbpedia.org/ontology/wikiPageWikiLink",
        "object": "http://dbpedia.org/resource/Rockefeller_Foundation"
    },
    {
        "subject": "http://dbpedia.org/resource/Nam_June_Paik",
        "predicate": "http://dbpedia.org/ontology/wikiPageWikiLink",
        "object": "http://dbpedia.org/resource/Ronald_Davis"
    },
    {
        "subject": "http://dbpedia.org/resource/Nam_June_Paik",
        "predicate": "http://dbpedia.org/ontology/wikiPageWikiLink",
        "object": "http://dbpedia.org/resource/Roswell_Gilpatric"
    },
    {
        "subject": "http://dbpedia.org/resource/Nam_June_Paik",
        "predicate": "http://dbpedia.org/ontology/wikiPageWikiLink",
        "object": "http://dbpedia.org/resource/Roy_E._Disney"
    },
    {
        "subject": "http://dbpedia.org/resource/Nam_June_Paik",
        "predicate": "http://dbpedia.org/ontology/wikiPageWikiLink",
        "object": "http://dbpedia.org/resource/Roy_O._Disney"
    },
    {
        "subject": "http://dbpedia.org/resource/Nam_June_Paik",
        "predicate": "http://dbpedia.org/ontology/wikiPageWikiLink",
        "object": "http://dbpedia.org/resource/Santa_Clarita,_California"
    },
    {
        "subject": "http://dbpedia.org/resource/Nam_June_Paik",
        "predicate": "http://dbpedia.org/ontology/wikiPageWikiLink",
        "object": "http://dbpedia.org/resource/Ben_10_(2016_TV_series)"
    },
    {
        "subject": "http://dbpedia.org/resource/Nam_June_Paik",
        "predicate": "http://dbpedia.org/ontology/wikiPageWikiLink",
        "object": "http://dbpedia.org/resource/Brad_Bird"
    },
    {
        "subject": "http://dbpedia.org/resource/Nam_June_Paik",
        "predicate": "http://dbpedia.org/ontology/wikiPageWikiLink",
        "object": "http://dbpedia.org/resource/Dave_Hickey"
    },
    {
        "subject": "http://dbpedia.org/resource/Nam_June_Paik",
        "predicate": "http://dbpedia.org/ontology/wikiPageWikiLink",
        "object": "http://dbpedia.org/resource/Category:Creative_writing_programs"
    },
    {
        "subject": "http://dbpedia.org/resource/Nam_June_Paik",
        "predicate": "http://dbpedia.org/ontology/wikiPageWikiLink",
        "object": "http://dbpedia.org/resource/Category:Universities_and_colleges_in_Los_Angeles_County,_California"
    },
    {
        "subject": "http://dbpedia.org/resource/Nam_June_Paik",
        "predicate": "http://dbpedia.org/ontology/wikiPageWikiLink",
        "object": "http://dbpedia.org/resource/John_Musker"
    },
    {
        "subject": "http://dbpedia.org/resource/Nam_June_Paik",
        "predicate": "http://dbpedia.org/ontology/wikiPageWikiLink",
        "object": "http://dbpedia.org/resource/John_Wesley_(artist)"
    },
    {
        "subject": "http://dbpedia.org/resource/Nam_June_Paik",
        "predicate": "http://dbpedia.org/ontology/wikiPageWikiLink",
        "object": "http://dbpedia.org/resource/Judy_Chicago"
    },
    {
        "subject": "http://dbpedia.org/resource/Nam_June_Paik",
        "predicate": "http://dbpedia.org/ontology/wikiPageWikiLink",
        "object": "http://dbpedia.org/resource/Jules_Engel"
    },
    {
        "subject": "http://dbpedia.org/resource/Nam_June_Paik",
        "predicate": "http://dbpedia.org/ontology/wikiPageWikiLink",
        "object": "http://dbpedia.org/resource/Category:Performing_arts_in_California"
    },
    {
        "subject": "http://dbpedia.org/resource/Nam_June_Paik",
        "predicate": "http://dbpedia.org/ontology/wikiPageWikiLink",
        "object": "http://dbpedia.org/resource/Paul_Brach"
    },
    {
        "subject": "http://dbpedia.org/resource/Nam_June_Paik",
        "predicate": "http://dbpedia.org/ontology/wikiPageWikiLink",
        "object": "http://dbpedia.org/resource/Pendleton_Ward"
    },
    {
        "subject": "http://dbpedia.org/resource/Nam_June_Paik",
        "predicate": "http://dbpedia.org/ontology/wikiPageWikiLink",
        "object": "http://dbpedia.org/resource/Retlaw_Enterprises"
    },
    {
        "subject": "http://dbpedia.org/resource/Nam_June_Paik",
        "predicate": "http://dbpedia.org/ontology/wikiPageWikiLink",
        "object": "http://dbpedia.org/resource/Rich_Moore"
    },
    {
        "subject": "http://dbpedia.org/resource/Nam_June_Paik",
        "predicate": "http://dbpedia.org/ontology/wikiPageWikiLink",
        "object": "http://dbpedia.org/resource/Richard_Farson"
    },
    {
        "subject": "http://dbpedia.org/resource/Nam_June_Paik",
        "predicate": "http://dbpedia.org/ontology/wikiPageWikiLink",
        "object": "http://dbpedia.org/resource/Richard_Wagner"
    },
    {
        "subject": "http://dbpedia.org/resource/Nam_June_Paik",
        "predicate": "http://dbpedia.org/ontology/wikiPageWikiLink",
        "object": "http://dbpedia.org/resource/Robert_Fitzpatrick_(art_executive)"
    },
    {
        "subject": "http://dbpedia.org/resource/Nam_June_Paik",
        "predicate": "http://dbpedia.org/ontology/wikiPageWikiLink",
        "object": "http://dbpedia.org/resource/VH1"
    },
    {
        "subject": "http://dbpedia.org/resource/Nam_June_Paik",
        "predicate": "http://dbpedia.org/ontology/wikiPageWikiLink",
        "object": "http://dbpedia.org/resource/Valencia,_Santa_Clarita,_California"
    },
    {
        "subject": "http://dbpedia.org/resource/Nam_June_Paik",
        "predicate": "http://dbpedia.org/ontology/wikiPageWikiLink",
        "object": "http://dbpedia.org/resource/Vanity_Fair_(magazine)"
    },
    {
        "subject": "http://dbpedia.org/resource/Nam_June_Paik",
        "predicate": "http://dbpedia.org/ontology/wikiPageWikiLink",
        "object": "http://dbpedia.org/resource/Dawn_of_Midi"
    },
    {
        "subject": "http://dbpedia.org/resource/Nam_June_Paik",
        "predicate": "http://dbpedia.org/ontology/wikiPageWikiLink",
        "object": "http://dbpedia.org/resource/Easter_egg_(media)"
    },
    {
        "subject": "http://dbpedia.org/resource/Nam_June_Paik",
        "predicate": "http://dbpedia.org/ontology/wikiPageWikiLink",
        "object": "http://dbpedia.org/resource/Liars_(band)"
    },
    {
        "subject": "http://dbpedia.org/resource/Nam_June_Paik",
        "predicate": "http://dbpedia.org/ontology/wikiPageWikiLink",
        "object": "http://dbpedia.org/resource/Light_and_Space"
    },
    {
        "subject": "http://dbpedia.org/resource/Nam_June_Paik",
        "predicate": "http://dbpedia.org/ontology/wikiPageWikiLink",
        "object": "http://dbpedia.org/resource/Linda_Levi"
    },
    {
        "subject": "http://dbpedia.org/resource/Nam_June_Paik",
        "predicate": "http://dbpedia.org/ontology/wikiPageWikiLink",
        "object": "http://dbpedia.org/resource/Pejorative"
    },
    {
        "subject": "http://dbpedia.org/resource/Nam_June_Paik",
        "predicate": "http://dbpedia.org/ontology/wikiPageWikiLink",
        "object": "http://dbpedia.org/resource/Spike_and_Mike's_Festival_of_Animation"
    },
    {
        "subject": "http://dbpedia.org/resource/Nam_June_Paik",
        "predicate": "http://dbpedia.org/ontology/wikiPageWikiLink",
        "object": "http://dbpedia.org/resource/Robert_W._Corrigan"
    },
    {
        "subject": "http://dbpedia.org/resource/Nam_June_Paik",
        "predicate": "http://dbpedia.org/ontology/wikiPageWikiLink",
        "object": "http://dbpedia.org/resource/1994_Northridge_earthquake"
    },
    {
        "subject": "http://dbpedia.org/resource/Nam_June_Paik",
        "predicate": "http://dbpedia.org/ontology/wikiPageWikiLink",
        "object": "http://dbpedia.org/resource/Counterculture_of_the_1960s"
    },
    {
        "subject": "http://dbpedia.org/resource/Nam_June_Paik",
        "predicate": "http://dbpedia.org/ontology/wikiPageWikiLink",
        "object": "http://dbpedia.org/resource/Craig_Kauffman"
    },
    {
        "subject": "http://dbpedia.org/resource/Nam_June_Paik",
        "predicate": "http://dbpedia.org/ontology/wikiPageWikiLink",
        "object": "http://dbpedia.org/resource/Category:Art_in_Greater_Los_Angeles"
    },
    {
        "subject": "http://dbpedia.org/resource/Nam_June_Paik",
        "predicate": "http://dbpedia.org/ontology/wikiPageWikiLink",
        "object": "http://dbpedia.org/resource/Maryama"
    },
    {
        "subject": "http://dbpedia.org/resource/Nam_June_Paik",
        "predicate": "http://dbpedia.org/ontology/wikiPageWikiLink",
        "object": "http://dbpedia.org/resource/Maurice_Noble"
    },
    {
        "subject": "http://dbpedia.org/resource/Nam_June_Paik",
        "predicate": "http://dbpedia.org/ontology/wikiPageWikiLink",
        "object": "http://dbpedia.org/resource/Max_Kozloff"
    },
    {
        "subject": "http://dbpedia.org/resource/Nam_June_Paik",
        "predicate": "http://dbpedia.org/ontology/wikiPageWikiLink",
        "object": "http://dbpedia.org/resource/Mel_Powell"
    },
    {
        "subject": "http://dbpedia.org/resource/Nam_June_Paik",
        "predicate": "http://dbpedia.org/ontology/wikiPageWikiLink",
        "object": "http://dbpedia.org/resource/SAT"
    },
    {
        "subject": "http://dbpedia.org/resource/Nam_June_Paik",
        "predicate": "http://dbpedia.org/ontology/wikiPageWikiLink",
        "object": "http://dbpedia.org/resource/Oingo_Boingo"
    },
    {
        "subject": "http://dbpedia.org/resource/Nam_June_Paik",
        "predicate": "http://dbpedia.org/ontology/wikiPageWikiLink",
        "object": "http://dbpedia.org/resource/Chuck_Jones"
    },
    {
        "subject": "http://dbpedia.org/resource/Nam_June_Paik",
        "predicate": "http://dbpedia.org/ontology/wikiPageWikiLink",
        "object": "http://dbpedia.org/resource/Claude_Coats"
    },
    {
        "subject": "http://dbpedia.org/resource/Nam_June_Paik",
        "predicate": "http://dbpedia.org/ontology/wikiPageWikiLink",
        "object": "http://dbpedia.org/resource/GPA"
    },
    {
        "subject": "http://dbpedia.org/resource/Nam_June_Paik",
        "predicate": "http://dbpedia.org/ontology/wikiPageWikiLink",
        "object": "http://dbpedia.org/resource/Gale_Storm"
    },
    {
        "subject": "http://dbpedia.org/resource/Nam_June_Paik",
        "predicate": "http://dbpedia.org/ontology/wikiPageWikiLink",
        "object": "http://dbpedia.org/resource/Gary_Trousdale"
    },
    {
        "subject": "http://dbpedia.org/resource/Nam_June_Paik",
        "predicate": "http://dbpedia.org/ontology/wikiPageWikiLink",
        "object": "http://dbpedia.org/resource/Grant-Lee_Phillips"
    },
    {
        "subject": "http://dbpedia.org/resource/Nam_June_Paik",
        "predicate": "http://dbpedia.org/ontology/wikiPageWikiLink",
        "object": "http://dbpedia.org/resource/Gravity_Falls"
    },
    {
        "subject": "http://dbpedia.org/resource/Nam_June_Paik",
        "predicate": "http://dbpedia.org/ontology/wikiPageWikiLink",
        "object": "http://dbpedia.org/resource/Mission_of_Burma"
    },
    {
        "subject": "http://dbpedia.org/resource/Nam_June_Paik",
        "predicate": "http://dbpedia.org/ontology/wikiPageWikiLink",
        "object": "http://dbpedia.org/resource/Motion_Picture_Association_of_America"
    },
    {
        "subject": "http://dbpedia.org/resource/Nam_June_Paik",
        "predicate": "http://dbpedia.org/ontology/wikiPageWikiLink",
        "object": "http://dbpedia.org/resource/Nam_June_Paik"
    },
    {
        "subject": "http://dbpedia.org/resource/Nam_June_Paik",
        "predicate": "http://dbpedia.org/ontology/wikiPageWikiLink",
        "object": "http://dbpedia.org/resource/Conceptualism"
    },
    {
        "subject": "http://dbpedia.org/resource/Nam_June_Paik",
        "predicate": "http://dbpedia.org/ontology/wikiPageWikiLink",
        "object": "http://dbpedia.org/resource/Contemporary_dance"
    },
    {
        "subject": "http://dbpedia.org/resource/Nam_June_Paik",
        "predicate": "http://dbpedia.org/ontology/wikiPageWikiLink",
        "object": "http://dbpedia.org/resource/The_Rippingtons"
    },
    {
        "subject": "http://dbpedia.org/resource/Nam_June_Paik",
        "predicate": "http://dbpedia.org/ontology/wikiPageWikiLink",
        "object": "http://dbpedia.org/resource/1971_San_Fernando_earthquake"
    },
    {
        "subject": "http://dbpedia.org/resource/Nam_June_Paik",
        "predicate": "http://dbpedia.org/ontology/wikiPageWikiLink",
        "object": "http://dbpedia.org/resource/1984_Summer_Olympics"
    },
    {
        "subject": "http://dbpedia.org/resource/Nam_June_Paik",
        "predicate": "http://dbpedia.org/ontology/wikiPageWikiLink",
        "object": "http://dbpedia.org/resource/Andrew_Stanton"
    },
    {
        "subject": "http://dbpedia.org/resource/Nam_June_Paik",
        "predicate": "http://dbpedia.org/ontology/wikiPageWikiLink",
        "object": "http://dbpedia.org/resource/Animatronics"
    },
    {
        "subject": "http://dbpedia.org/resource/Nam_June_Paik",
        "predicate": "http://dbpedia.org/ontology/wikiPageWikiLink",
        "object": "http://dbpedia.org/resource/Annie_Leibovitz"
    },
    {
        "subject": "http://dbpedia.org/resource/Nam_June_Paik",
        "predicate": "http://dbpedia.org/ontology/wikiPageWikiLink",
        "object": "http://dbpedia.org/resource/London_After_Midnight_(band)"
    },
    {
        "subject": "http://dbpedia.org/resource/Nam_June_Paik",
        "predicate": "http://dbpedia.org/ontology/wikiPageWikiLink",
        "object": "http://dbpedia.org/resource/Los_Angeles_Music_Center"
    },
    {
        "subject": "http://dbpedia.org/resource/Nam_June_Paik",
        "predicate": "http://dbpedia.org/ontology/wikiPageWikiLink",
        "object": "http://dbpedia.org/resource/Category:Music_schools_in_California"
    },
    {
        "subject": "http://dbpedia.org/resource/Nam_June_Paik",
        "predicate": "http://dbpedia.org/ontology/wikiPageWikiLink",
        "object": "http://dbpedia.org/resource/Chouinard_Art_Institute"
    },
    {
        "subject": "http://dbpedia.org/resource/Nam_June_Paik",
        "predicate": "http://dbpedia.org/ontology/wikiPageWikiLink",
        "object": "http://dbpedia.org/resource/State_University_of_New_York_at_Purchase"
    },
    {
        "subject": "http://dbpedia.org/resource/Nam_June_Paik",
        "predicate": "http://dbpedia.org/ontology/wikiPageWikiLink",
        "object": "http://dbpedia.org/resource/Steven_Lavine"
    },
    {
        "subject": "http://dbpedia.org/resource/Nam_June_Paik",
        "predicate": "http://dbpedia.org/ontology/wikiPageWikiLink",
        "object": "http://dbpedia.org/resource/Steven_Universe"
    },
    {
        "subject": "http://dbpedia.org/resource/Nam_June_Paik",
        "predicate": "http://dbpedia.org/ontology/wikiPageWikiLink",
        "object": "http://dbpedia.org/resource/Fred_Eversley"
    },
    {
        "subject": "http://dbpedia.org/resource/Nam_June_Paik",
        "predicate": "http://dbpedia.org/ontology/wikiPageWikiLink",
        "object": "http://dbpedia.org/resource/Harold_Grieve"
    },
    {
        "subject": "http://dbpedia.org/resource/Nam_June_Paik",
        "predicate": "http://dbpedia.org/ontology/wikiPageWikiLink",
        "object": "http://dbpedia.org/resource/Dewain_Valentine"
    },
    {
        "subject": "http://dbpedia.org/resource/Nam_June_Paik",
        "predicate": "http://dbpedia.org/ontology/wikiPageWikiLink",
        "object": "http://dbpedia.org/resource/Morton_Subotnick"
    },
    {
        "subject": "http://dbpedia.org/resource/Nam_June_Paik",
        "predicate": "http://dbpedia.org/ontology/wikiPageWikiLink",
        "object": "http://dbpedia.org/resource/The_Suburbs_(band)"
    },
    {
        "subject": "http://dbpedia.org/resource/Nam_June_Paik",
        "predicate": "http://dbpedia.org/ontology/wikiPageWikiLink",
        "object": "http://dbpedia.org/resource/Maurice_R._Stein"
    },
    {
        "subject": "http://dbpedia.org/resource/Nam_June_Paik",
        "predicate": "http://dbpedia.org/ontology/wikiPageWikiLink",
        "object": "http://dbpedia.org/resource/A113"
    },
    {
        "subject": "http://dbpedia.org/resource/Nam_June_Paik",
        "predicate": "http://dbpedia.org/ontology/wikiPageWikiLink",
        "object": "http://dbpedia.org/resource/Category:California_Institute_of_the_Arts"
    },
    {
        "subject": "http://dbpedia.org/resource/Nam_June_Paik",
        "predicate": "http://dbpedia.org/ontology/wikiPageWikiLink",
        "object": "http://dbpedia.org/resource/Category:Drama_schools_in_the_United_States"
    },
    {
        "subject": "http://dbpedia.org/resource/Nam_June_Paik",
        "predicate": "http://dbpedia.org/ontology/wikiPageWikiLink",
        "object": "http://dbpedia.org/resource/Category:Performing_arts_education_in_the_United_States"
    },
    {
        "subject": "http://dbpedia.org/resource/Nam_June_Paik",
        "predicate": "http://dbpedia.org/ontology/wikiPageWikiLink",
        "object": "http://dbpedia.org/resource/Tim_Burton"
    },
    {
        "subject": "http://dbpedia.org/resource/Nam_June_Paik",
        "predicate": "http://dbpedia.org/ontology/wikiPageWikiLink",
        "object": "http://dbpedia.org/resource/Tom_Minton"
    },
    {
        "subject": "http://dbpedia.org/resource/Nam_June_Paik",
        "predicate": "http://dbpedia.org/ontology/wikiPageWikiLink",
        "object": "http://dbpedia.org/resource/Tony_Duquette"
    },
    {
        "subject": "http://dbpedia.org/resource/Nam_June_Paik",
        "predicate": "http://dbpedia.org/ontology/wikiPageWikiLink",
        "object": "http://dbpedia.org/resource/Touch\u00e9_Amor\u00e9"
    },
    {
        "subject": "http://dbpedia.org/resource/Nam_June_Paik",
        "predicate": "http://dbpedia.org/ontology/wikiPageWikiLink",
        "object": "http://dbpedia.org/resource/Tranquility_Bass"
    },
    {
        "subject": "http://dbpedia.org/resource/Nam_June_Paik",
        "predicate": "http://dbpedia.org/ontology/wikiPageWikiLink",
        "object": "http://dbpedia.org/resource/Tumblr"
    },
    {
        "subject": "http://dbpedia.org/resource/Nam_June_Paik",
        "predicate": "http://dbpedia.org/ontology/wikiPageWikiLink",
        "object": "http://dbpedia.org/resource/Walt_Disney"
    },
    {
        "subject": "http://dbpedia.org/resource/Nam_June_Paik",
        "predicate": "http://dbpedia.org/ontology/wikiPageWikiLink",
        "object": "http://dbpedia.org/resource/Walt_Disney_Animation_Studios"
    },
    {
        "subject": "http://dbpedia.org/resource/Nam_June_Paik",
        "predicate": "http://dbpedia.org/ontology/wikiPageWikiLink",
        "object": "http://dbpedia.org/resource/Walt_Disney_Concert_Hall"
    },
    {
        "subject": "http://dbpedia.org/resource/Nam_June_Paik",
        "predicate": "http://dbpedia.org/ontology/wikiPageWikiLink",
        "object": "http://dbpedia.org/resource/Walt_Disney_Imagineering"
    },
    {
        "subject": "http://dbpedia.org/resource/Nam_June_Paik",
        "predicate": "http://dbpedia.org/ontology/wikiPageWikiLink",
        "object": "http://dbpedia.org/resource/Doctor_of_Musical_Arts"
    },
    {
        "subject": "http://dbpedia.org/resource/Nam_June_Paik",
        "predicate": "http://dbpedia.org/ontology/wikiPageWikiLink",
        "object": "http://dbpedia.org/resource/List_of_California_Institute_of_the_Arts_people"
    },
    {
        "subject": "http://dbpedia.org/resource/Nam_June_Paik",
        "predicate": "http://dbpedia.org/ontology/wikiPageWikiLink",
        "object": "http://dbpedia.org/resource/The_Belle_Brigade"
    },
    {
        "subject": "http://dbpedia.org/resource/Nam_June_Paik",
        "predicate": "http://dbpedia.org/ontology/wikiPageWikiLink",
        "object": "http://dbpedia.org/resource/Acetone_(band)"
    },
    {
        "subject": "http://dbpedia.org/resource/Nam_June_Paik",
        "predicate": "http://dbpedia.org/ontology/wikiPageWikiLink",
        "object": "http://dbpedia.org/resource/Adam_Muto"
    },
    {
        "subject": "http://dbpedia.org/resource/Nam_June_Paik",
        "predicate": "http://dbpedia.org/ontology/wikiPageWikiLink",
        "object": "http://dbpedia.org/resource/Adventure_Time"
    },
    {
        "subject": "http://dbpedia.org/resource/Nam_June_Paik",
        "predicate": "http://dbpedia.org/ontology/wikiPageWikiLink",
        "object": "http://dbpedia.org/resource/Afterall"
    },
    {
        "subject": "http://dbpedia.org/resource/Nam_June_Paik",
        "predicate": "http://dbpedia.org/ontology/wikiPageWikiLink",
        "object": "http://dbpedia.org/resource/Alex_Hirsch"
    },
    {
        "subject": "http://dbpedia.org/resource/Nam_June_Paik",
        "predicate": "http://dbpedia.org/ontology/wikiPageWikiLink",
        "object": "http://dbpedia.org/resource/Alexander_Mackendrick"
    }
]