[
    {
        "subject": "http://dbpedia.org/resource/On_Kawara",
        "predicate": "http://dbpedia.org/ontology/wikiPageWikiLink",
        "object": "http://dbpedia.org/resource/Calais"
    },
    {
        "subject": "http://dbpedia.org/resource/On_Kawara",
        "predicate": "http://dbpedia.org/ontology/wikiPageWikiLink",
        "object": "http://dbpedia.org/resource/Province_of_Brandenburg"
    },
    {
        "subject": "http://dbpedia.org/resource/On_Kawara",
        "predicate": "http://dbpedia.org/ontology/wikiPageWikiLink",
        "object": "http://dbpedia.org/resource/San_Francisco_Museum_of_Modern_Art"
    },
    {
        "subject": "http://dbpedia.org/resource/On_Kawara",
        "predicate": "http://dbpedia.org/ontology/wikiPageWikiLink",
        "object": "http://dbpedia.org/resource/Category:Photographers_from_Cologne"
    },
    {
        "subject": "http://dbpedia.org/resource/On_Kawara",
        "predicate": "http://dbpedia.org/ontology/wikiPageWikiLink",
        "object": "http://dbpedia.org/resource/Rheinisches_Landesmuseum_Bonn"
    },
    {
        "subject": "http://dbpedia.org/resource/On_Kawara",
        "predicate": "http://dbpedia.org/ontology/wikiPageWikiLink",
        "object": "http://dbpedia.org/resource/Venice_Biennale"
    },
    {
        "subject": "http://dbpedia.org/resource/On_Kawara",
        "predicate": "http://dbpedia.org/ontology/wikiPageWikiLink",
        "object": "http://dbpedia.org/resource/Category:Living_people"
    },
    {
        "subject": "http://dbpedia.org/resource/On_Kawara",
        "predicate": "http://dbpedia.org/ontology/wikiPageWikiLink",
        "object": "http://dbpedia.org/resource/Cologne"
    },
    {
        "subject": "http://dbpedia.org/resource/On_Kawara",
        "predicate": "http://dbpedia.org/ontology/wikiPageWikiLink",
        "object": "http://dbpedia.org/resource/Museum_Folkwang"
    },
    {
        "subject": "http://dbpedia.org/resource/On_Kawara",
        "predicate": "http://dbpedia.org/ontology/wikiPageWikiLink",
        "object": "http://dbpedia.org/resource/Museum_of_Contemporary_Photography"
    },
    {
        "subject": "http://dbpedia.org/resource/On_Kawara",
        "predicate": "http://dbpedia.org/ontology/wikiPageWikiLink",
        "object": "http://dbpedia.org/resource/Museum_of_Modern_Art"
    },
    {
        "subject": "http://dbpedia.org/resource/On_Kawara",
        "predicate": "http://dbpedia.org/ontology/wikiPageWikiLink",
        "object": "http://dbpedia.org/resource/Bernd_Becher"
    },
    {
        "subject": "http://dbpedia.org/resource/On_Kawara",
        "predicate": "http://dbpedia.org/ontology/wikiPageWikiLink",
        "object": "http://dbpedia.org/resource/Bernd_and_Hilla_Becher"
    },
    {
        "subject": "http://dbpedia.org/resource/On_Kawara",
        "predicate": "http://dbpedia.org/ontology/wikiPageWikiLink",
        "object": "http://dbpedia.org/resource/Louvre"
    },
    {
        "subject": "http://dbpedia.org/resource/On_Kawara",
        "predicate": "http://dbpedia.org/ontology/wikiPageWikiLink",
        "object": "http://dbpedia.org/resource/Photography"
    },
    {
        "subject": "http://dbpedia.org/resource/On_Kawara",
        "predicate": "http://dbpedia.org/ontology/wikiPageWikiLink",
        "object": "http://dbpedia.org/resource/Tate"
    },
    {
        "subject": "http://dbpedia.org/resource/On_Kawara",
        "predicate": "http://dbpedia.org/ontology/wikiPageWikiLink",
        "object": "http://dbpedia.org/resource/Auguste_Rodin"
    },
    {
        "subject": "http://dbpedia.org/resource/On_Kawara",
        "predicate": "http://dbpedia.org/ontology/wikiPageWikiLink",
        "object": "http://dbpedia.org/resource/Category:1944_births"
    },
    {
        "subject": "http://dbpedia.org/resource/On_Kawara",
        "predicate": "http://dbpedia.org/ontology/wikiPageWikiLink",
        "object": "http://dbpedia.org/resource/Category:20th-century_German_women_artists"
    },
    {
        "subject": "http://dbpedia.org/resource/On_Kawara",
        "predicate": "http://dbpedia.org/ontology/wikiPageWikiLink",
        "object": "http://dbpedia.org/resource/Category:20th-century_women_photographers"
    },
    {
        "subject": "http://dbpedia.org/resource/On_Kawara",
        "predicate": "http://dbpedia.org/ontology/wikiPageWikiLink",
        "object": "http://dbpedia.org/resource/Category:21st-century_German_women_artists"
    },
    {
        "subject": "http://dbpedia.org/resource/On_Kawara",
        "predicate": "http://dbpedia.org/ontology/wikiPageWikiLink",
        "object": "http://dbpedia.org/resource/Category:21st-century_photographers"
    },
    {
        "subject": "http://dbpedia.org/resource/On_Kawara",
        "predicate": "http://dbpedia.org/ontology/wikiPageWikiLink",
        "object": "http://dbpedia.org/resource/Category:Kunstakademie_D\u00fcsseldorf_alumni"
    },
    {
        "subject": "http://dbpedia.org/resource/On_Kawara",
        "predicate": "http://dbpedia.org/ontology/wikiPageWikiLink",
        "object": "http://dbpedia.org/resource/Category:People_from_the_Province_of_Brandenburg"
    },
    {
        "subject": "http://dbpedia.org/resource/On_Kawara",
        "predicate": "http://dbpedia.org/ontology/wikiPageWikiLink",
        "object": "http://dbpedia.org/resource/Category:20th-century_German_artists"
    },
    {
        "subject": "http://dbpedia.org/resource/On_Kawara",
        "predicate": "http://dbpedia.org/ontology/wikiPageWikiLink",
        "object": "http://dbpedia.org/resource/Category:21st-century_German_artists"
    },
    {
        "subject": "http://dbpedia.org/resource/On_Kawara",
        "predicate": "http://dbpedia.org/ontology/wikiPageWikiLink",
        "object": "http://dbpedia.org/resource/Documenta"
    },
    {
        "subject": "http://dbpedia.org/resource/On_Kawara",
        "predicate": "http://dbpedia.org/ontology/wikiPageWikiLink",
        "object": "http://dbpedia.org/resource/Category:German_contemporary_artists"
    },
    {
        "subject": "http://dbpedia.org/resource/On_Kawara",
        "predicate": "http://dbpedia.org/ontology/wikiPageWikiLink",
        "object": "http://dbpedia.org/resource/Eberswalde"
    },
    {
        "subject": "http://dbpedia.org/resource/On_Kawara",
        "predicate": "http://dbpedia.org/ontology/wikiPageWikiLink",
        "object": "http://dbpedia.org/resource/Norton_Museum_of_Art"
    },
    {
        "subject": "http://dbpedia.org/resource/On_Kawara",
        "predicate": "http://dbpedia.org/ontology/wikiPageWikiLink",
        "object": "http://dbpedia.org/resource/List_of_German_women_artists"
    },
    {
        "subject": "http://dbpedia.org/resource/On_Kawara",
        "predicate": "http://dbpedia.org/ontology/wikiPageWikiLink",
        "object": "http://dbpedia.org/resource/International_Center_of_Photography"
    },
    {
        "subject": "http://dbpedia.org/resource/On_Kawara",
        "predicate": "http://dbpedia.org/ontology/wikiPageWikiLink",
        "object": "http://dbpedia.org/resource/Irish_Museum_of_Modern_Art"
    },
    {
        "subject": "http://dbpedia.org/resource/On_Kawara",
        "predicate": "http://dbpedia.org/ontology/wikiPageWikiLink",
        "object": "http://dbpedia.org/resource/The_Burghers_of_Calais"
    },
    {
        "subject": "http://dbpedia.org/resource/On_Kawara",
        "predicate": "http://dbpedia.org/ontology/wikiPageWikiLink",
        "object": "http://dbpedia.org/resource/Category:20th-century_photographers"
    },
    {
        "subject": "http://dbpedia.org/resource/On_Kawara",
        "predicate": "http://dbpedia.org/ontology/wikiPageWikiLink",
        "object": "http://dbpedia.org/resource/Category:German_women_photographers"
    },
    {
        "subject": "http://dbpedia.org/resource/On_Kawara",
        "predicate": "http://dbpedia.org/ontology/wikiPageWikiLink",
        "object": "http://dbpedia.org/resource/Category:21st-century_women_photographers"
    },
    {
        "subject": "http://dbpedia.org/resource/On_Kawara",
        "predicate": "http://dbpedia.org/ontology/wikiPageWikiLink",
        "object": "http://dbpedia.org/resource/Category:Architectural_photographers"
    },
    {
        "subject": "http://dbpedia.org/resource/On_Kawara",
        "predicate": "http://dbpedia.org/ontology/wikiPageWikiLink",
        "object": "http://dbpedia.org/resource/Jewish_Museum_(Manhattan)"
    },
    {
        "subject": "http://dbpedia.org/resource/On_Kawara",
        "predicate": "http://dbpedia.org/ontology/wikiPageWikiLink",
        "object": "http://dbpedia.org/resource/Karlsruhe_University_of_Arts_and_Design"
    },
    {
        "subject": "http://dbpedia.org/resource/On_Kawara",
        "predicate": "http://dbpedia.org/ontology/wikiPageWikiLink",
        "object": "http://dbpedia.org/resource/Martin_Kippenberger"
    },
    {
        "subject": "http://dbpedia.org/resource/On_Kawara",
        "predicate": "http://dbpedia.org/ontology/wikiPageWikiLink",
        "object": "http://dbpedia.org/resource/Category:People_from_Eberswalde"
    },
    {
        "subject": "http://dbpedia.org/resource/On_Kawara",
        "predicate": "http://dbpedia.org/ontology/wikiPageWikiLink",
        "object": "http://dbpedia.org/resource/Solomon_R._Guggenheim_Museum"
    },
    {
        "subject": "http://dbpedia.org/resource/On_Kawara",
        "predicate": "http://dbpedia.org/ontology/wikiPageWikiLink",
        "object": "http://dbpedia.org/resource/Kunstakademie_D\u00fcsseldorf"
    },
    {
        "subject": "http://dbpedia.org/resource/On_Kawara",
        "predicate": "http://dbpedia.org/ontology/wikiPageWikiLink",
        "object": "http://dbpedia.org/resource/Kunsthalle_Bremen"
    },
    {
        "subject": "http://dbpedia.org/resource/On_Kawara",
        "predicate": "http://dbpedia.org/ontology/wikiPageWikiLink",
        "object": "http://dbpedia.org/resource/Kunsthalle_N\u00fcrnberg"
    },
    {
        "subject": "http://dbpedia.org/resource/On_Kawara",
        "predicate": "http://dbpedia.org/ontology/wikiPageWikiLink",
        "object": "http://dbpedia.org/resource/Okwui_Enwezor"
    },
    {
        "subject": "http://dbpedia.org/resource/On_Kawara",
        "predicate": "http://dbpedia.org/ontology/wikiPageWikiLink",
        "object": "http://dbpedia.org/resource/On_Kawara"
    },
    {
        "subject": "http://dbpedia.org/resource/On_Kawara",
        "predicate": "http://dbpedia.org/ontology/wikiPageWikiLink",
        "object": "http://dbpedia.org/resource/Werner_H\u00f6fer"
    },
    {
        "subject": "http://dbpedia.org/resource/On_Kawara",
        "predicate": "http://dbpedia.org/ontology/wikiPageWikiLink",
        "object": "http://dbpedia.org/resource/Conceptual_artist"
    },
    {
        "subject": "http://dbpedia.org/resource/On_Kawara",
        "predicate": "http://dbpedia.org/ontology/wikiPageWikiLink",
        "object": "http://dbpedia.org/resource/Sony_World_Photography_Awards"
    },
    {
        "subject": "http://dbpedia.org/resource/On_Kawara",
        "predicate": "http://dbpedia.org/ontology/wikiPageWikiLink",
        "object": "http://dbpedia.org/resource/Mus\u00e9e_du_Louvre"
    },
    {
        "subject": "http://dbpedia.org/resource/On_Kawara",
        "predicate": "http://dbpedia.org/ontology/wikiPageWikiLink",
        "object": "http://dbpedia.org/resource/Cologne,_Germany"
    },
    {
        "subject": "http://dbpedia.org/resource/On_Kawara",
        "predicate": "http://dbpedia.org/ontology/wikiPageWikiLink",
        "object": "http://dbpedia.org/resource/Konrad_Fischer_Galerie"
    },
    {
        "subject": "http://dbpedia.org/resource/On_Kawara",
        "predicate": "http://dbpedia.org/ontology/wikiPageWikiLink",
        "object": "http://dbpedia.org/resource/D\u00fcsseldorf_School_of_Photography"
    },
    {
        "subject": "http://dbpedia.org/resource/On_Kawara",
        "predicate": "http://dbpedia.org/ontology/wikiPageWikiLink",
        "object": "http://dbpedia.org/resource/Ole_John"
    },
    {
        "subject": "http://dbpedia.org/resource/On_Kawara",
        "predicate": "http://dbpedia.org/ontology/wikiPageWikiLink",
        "object": "http://dbpedia.org/resource/Carl_Andre"
    },
    {
        "subject": "http://dbpedia.org/resource/On_Kawara",
        "predicate": "http://dbpedia.org/ontology/wikiPageWikiLink",
        "object": "http://dbpedia.org/resource/Carla_Accardi"
    },
    {
        "subject": "http://dbpedia.org/resource/On_Kawara",
        "predicate": "http://dbpedia.org/ontology/wikiPageWikiLink",
        "object": "http://dbpedia.org/resource/Amedeo_di_Castellamonte"
    },
    {
        "subject": "http://dbpedia.org/resource/On_Kawara",
        "predicate": "http://dbpedia.org/ontology/wikiPageWikiLink",
        "object": "http://dbpedia.org/resource/Robin_Rhode"
    },
    {
        "subject": "http://dbpedia.org/resource/On_Kawara",
        "predicate": "http://dbpedia.org/ontology/wikiPageWikiLink",
        "object": "http://dbpedia.org/resource/Roman_Catholic_Archdiocese_of_Turin"
    },
    {
        "subject": "http://dbpedia.org/resource/On_Kawara",
        "predicate": "http://dbpedia.org/ontology/wikiPageWikiLink",
        "object": "http://dbpedia.org/resource/Rudi_Fuchs"
    },
    {
        "subject": "http://dbpedia.org/resource/On_Kawara",
        "predicate": "http://dbpedia.org/ontology/wikiPageWikiLink",
        "object": "http://dbpedia.org/resource/Morganatic_marriage"
    },
    {
        "subject": "http://dbpedia.org/resource/On_Kawara",
        "predicate": "http://dbpedia.org/ontology/wikiPageWikiLink",
        "object": "http://dbpedia.org/resource/David_Salle"
    },
    {
        "subject": "http://dbpedia.org/resource/On_Kawara",
        "predicate": "http://dbpedia.org/ontology/wikiPageWikiLink",
        "object": "http://dbpedia.org/resource/Andro_Wekua"
    },
    {
        "subject": "http://dbpedia.org/resource/On_Kawara",
        "predicate": "http://dbpedia.org/ontology/wikiPageWikiLink",
        "object": "http://dbpedia.org/resource/Anne_Imhof"
    },
    {
        "subject": "http://dbpedia.org/resource/On_Kawara",
        "predicate": "http://dbpedia.org/ontology/wikiPageWikiLink",
        "object": "http://dbpedia.org/resource/Hito_Steyerl"
    },
    {
        "subject": "http://dbpedia.org/resource/On_Kawara",
        "predicate": "http://dbpedia.org/ontology/wikiPageWikiLink",
        "object": "http://dbpedia.org/resource/House_of_Savoy"
    },
    {
        "subject": "http://dbpedia.org/resource/On_Kawara",
        "predicate": "http://dbpedia.org/ontology/wikiPageWikiLink",
        "object": "http://dbpedia.org/resource/Joseph_Kosuth"
    },
    {
        "subject": "http://dbpedia.org/resource/On_Kawara",
        "predicate": "http://dbpedia.org/ontology/wikiPageWikiLink",
        "object": "http://dbpedia.org/resource/Per_Kirkeby"
    },
    {
        "subject": "http://dbpedia.org/resource/On_Kawara",
        "predicate": "http://dbpedia.org/ontology/wikiPageWikiLink",
        "object": "http://dbpedia.org/resource/Peter_Galison"
    },
    {
        "subject": "http://dbpedia.org/resource/On_Kawara",
        "predicate": "http://dbpedia.org/ontology/wikiPageWikiLink",
        "object": "http://dbpedia.org/resource/Ren\u00e9_Magritte"
    },
    {
        "subject": "http://dbpedia.org/resource/On_Kawara",
        "predicate": "http://dbpedia.org/ontology/wikiPageWikiLink",
        "object": "http://dbpedia.org/resource/Residences_of_the_Royal_House_of_Savoy"
    },
    {
        "subject": "http://dbpedia.org/resource/On_Kawara",
        "predicate": "http://dbpedia.org/ontology/wikiPageWikiLink",
        "object": "http://dbpedia.org/resource/Richard_Long_(artist)"
    },
    {
        "subject": "http://dbpedia.org/resource/On_Kawara",
        "predicate": "http://dbpedia.org/ontology/wikiPageWikiLink",
        "object": "http://dbpedia.org/resource/Rivoli,_Piedmont"
    },
    {
        "subject": "http://dbpedia.org/resource/On_Kawara",
        "predicate": "http://dbpedia.org/ontology/wikiPageWikiLink",
        "object": "http://dbpedia.org/resource/Robert_Browning"
    },
    {
        "subject": "http://dbpedia.org/resource/On_Kawara",
        "predicate": "http://dbpedia.org/ontology/wikiPageWikiLink",
        "object": "http://dbpedia.org/resource/Vanessa_Beecroft"
    },
    {
        "subject": "http://dbpedia.org/resource/On_Kawara",
        "predicate": "http://dbpedia.org/ontology/wikiPageWikiLink",
        "object": "http://dbpedia.org/resource/Victor_Amadeus_II_of_Sardinia"
    },
    {
        "subject": "http://dbpedia.org/resource/On_Kawara",
        "predicate": "http://dbpedia.org/ontology/wikiPageWikiLink",
        "object": "http://dbpedia.org/resource/Design"
    },
    {
        "subject": "http://dbpedia.org/resource/On_Kawara",
        "predicate": "http://dbpedia.org/ontology/wikiPageWikiLink",
        "object": "http://dbpedia.org/resource/Doris_Salcedo"
    },
    {
        "subject": "http://dbpedia.org/resource/On_Kawara",
        "predicate": "http://dbpedia.org/ontology/wikiPageWikiLink",
        "object": "http://dbpedia.org/resource/Duke"
    },
    {
        "subject": "http://dbpedia.org/resource/On_Kawara",
        "predicate": "http://dbpedia.org/ontology/wikiPageWikiLink",
        "object": "http://dbpedia.org/resource/James_Richards_(artist)"
    },
    {
        "subject": "http://dbpedia.org/resource/On_Kawara",
        "predicate": "http://dbpedia.org/ontology/wikiPageWikiLink",
        "object": "http://dbpedia.org/resource/Jan_Dibbets"
    },
    {
        "subject": "http://dbpedia.org/resource/On_Kawara",
        "predicate": "http://dbpedia.org/ontology/wikiPageWikiLink",
        "object": "http://dbpedia.org/resource/Olafur_Eliasson"
    },
    {
        "subject": "http://dbpedia.org/resource/On_Kawara",
        "predicate": "http://dbpedia.org/ontology/wikiPageWikiLink",
        "object": "http://dbpedia.org/resource/Category:Contemporary_art_galleries_in_Italy"
    },
    {
        "subject": "http://dbpedia.org/resource/On_Kawara",
        "predicate": "http://dbpedia.org/ontology/wikiPageWikiLink",
        "object": "http://dbpedia.org/resource/Comune"
    },
    {
        "subject": "http://dbpedia.org/resource/On_Kawara",
        "predicate": "http://dbpedia.org/ontology/wikiPageWikiLink",
        "object": "http://dbpedia.org/resource/Coosje_van_Bruggen"
    },
    {
        "subject": "http://dbpedia.org/resource/On_Kawara",
        "predicate": "http://dbpedia.org/ontology/wikiPageWikiLink",
        "object": "http://dbpedia.org/resource/Maurizio_Cattelan"
    },
    {
        "subject": "http://dbpedia.org/resource/On_Kawara",
        "predicate": "http://dbpedia.org/ontology/wikiPageWikiLink",
        "object": "http://dbpedia.org/resource/Max_Ernst"
    },
    {
        "subject": "http://dbpedia.org/resource/On_Kawara",
        "predicate": "http://dbpedia.org/ontology/wikiPageWikiLink",
        "object": "http://dbpedia.org/resource/Max_Neuhaus"
    },
    {
        "subject": "http://dbpedia.org/resource/On_Kawara",
        "predicate": "http://dbpedia.org/ontology/wikiPageWikiLink",
        "object": "http://dbpedia.org/resource/Saint-Georges-d'Esp\u00e9ranche"
    },
    {
        "subject": "http://dbpedia.org/resource/On_Kawara",
        "predicate": "http://dbpedia.org/ontology/wikiPageWikiLink",
        "object": "http://dbpedia.org/resource/Roni_Horn"
    },
    {
        "subject": "http://dbpedia.org/resource/On_Kawara",
        "predicate": "http://dbpedia.org/ontology/wikiPageWikiLink",
        "object": "http://dbpedia.org/resource/Claes_Oldenburg"
    },
    {
        "subject": "http://dbpedia.org/resource/On_Kawara",
        "predicate": "http://dbpedia.org/ontology/wikiPageWikiLink",
        "object": "http://dbpedia.org/resource/Elizabeth_Peyton"
    },
    {
        "subject": "http://dbpedia.org/resource/On_Kawara",
        "predicate": "http://dbpedia.org/ontology/wikiPageWikiLink",
        "object": "http://dbpedia.org/resource/Emmanuel_Philibert,_Duke_of_Savoy"
    },
    {
        "subject": "http://dbpedia.org/resource/On_Kawara",
        "predicate": "http://dbpedia.org/ontology/wikiPageWikiLink",
        "object": "http://dbpedia.org/resource/Emperor"
    },
    {
        "subject": "http://dbpedia.org/resource/On_Kawara",
        "predicate": "http://dbpedia.org/ontology/wikiPageWikiLink",
        "object": "http://dbpedia.org/resource/Enzo_Cucchi"
    },
    {
        "subject": "http://dbpedia.org/resource/On_Kawara",
        "predicate": "http://dbpedia.org/ontology/wikiPageWikiLink",
        "object": "http://dbpedia.org/resource/Frank_Gehry"
    },
    {
        "subject": "http://dbpedia.org/resource/On_Kawara",
        "predicate": "http://dbpedia.org/ontology/wikiPageWikiLink",
        "object": "http://dbpedia.org/resource/Franz_Kline"
    },
    {
        "subject": "http://dbpedia.org/resource/On_Kawara",
        "predicate": "http://dbpedia.org/ontology/wikiPageWikiLink",
        "object": "http://dbpedia.org/resource/Frederick_Barbarossa"
    }
]