[
    {
        "subject": "http://dbpedia.org/resource/Peter_Young",
        "predicate": "http://dbpedia.org/ontology/wikiPageWikiLink",
        "object": "http://dbpedia.org/resource/Peter_Young"
    },
    {
        "subject": "http://dbpedia.org/resource/Peter_Young",
        "predicate": "http://dbpedia.org/ontology/wikiPageWikiLink",
        "object": "http://dbpedia.org/resource/Peter_Young"
    },
    {
        "subject": "http://dbpedia.org/resource/Peter_Young",
        "predicate": "http://dbpedia.org/ontology/wikiPageWikiLink",
        "object": "http://dbpedia.org/resource/Peter_Young"
    },
    {
        "subject": "http://dbpedia.org/resource/Peter_Young",
        "predicate": "http://dbpedia.org/ontology/wikiPageRedirects",
        "object": "http://dbpedia.org/resource/Peter_Young"
    },
    {
        "subject": "http://dbpedia.org/resource/Peter_Young",
        "predicate": "http://dbpedia.org/ontology/wikiPageRedirects",
        "object": "http://dbpedia.org/resource/Peter_Young"
    },
    {
        "subject": "http://dbpedia.org/resource/Peter_Young",
        "predicate": "http://dbpedia.org/ontology/wikiPageRedirects",
        "object": "http://dbpedia.org/resource/Peter_Young"
    },
    {
        "subject": "http://dbpedia.org/resource/Peter_Young",
        "predicate": "http://xmlns.com/foaf/0.1/primaryTopic",
        "object": "http://dbpedia.org/resource/Peter_Young"
    },
    {
        "subject": "http://dbpedia.org/resource/Peter_Young",
        "predicate": "http://dbpedia.org/ontology/wikiPageWikiLink",
        "object": "http://dbpedia.org/resource/Peter_Young_(disambiguation)"
    }
]