[
    {
        "subject": "http://dbpedia.org/resource/Pierre_Huyghe",
        "predicate": "http://dbpedia.org/ontology/wikiPageWikiLink",
        "object": "http://dbpedia.org/resource/Metro_Pictures_Gallery"
    },
    {
        "subject": "http://dbpedia.org/resource/Pierre_Huyghe",
        "predicate": "http://dbpedia.org/ontology/wikiPageWikiLink",
        "object": "http://dbpedia.org/resource/Venice_Biennale"
    },
    {
        "subject": "http://dbpedia.org/resource/Pierre_Huyghe",
        "predicate": "http://dbpedia.org/ontology/wikiPageWikiLink",
        "object": "http://dbpedia.org/resource/Kunsthal_Charlottenborg"
    },
    {
        "subject": "http://dbpedia.org/resource/Pierre_Huyghe",
        "predicate": "http://dbpedia.org/ontology/wikiPageWikiLink",
        "object": "http://dbpedia.org/resource/Category:1978_births"
    },
    {
        "subject": "http://dbpedia.org/resource/Pierre_Huyghe",
        "predicate": "http://dbpedia.org/ontology/wikiPageWikiLink",
        "object": "http://dbpedia.org/resource/Category:Living_people"
    },
    {
        "subject": "http://dbpedia.org/resource/Pierre_Huyghe",
        "predicate": "http://dbpedia.org/ontology/wikiPageWikiLink",
        "object": "http://dbpedia.org/resource/Massimiliano_Gioni"
    },
    {
        "subject": "http://dbpedia.org/resource/Pierre_Huyghe",
        "predicate": "http://dbpedia.org/ontology/wikiPageWikiLink",
        "object": "http://dbpedia.org/resource/Mus\u00e9e_d'art_contemporain_de_Montr\u00e9al"
    },
    {
        "subject": "http://dbpedia.org/resource/Pierre_Huyghe",
        "predicate": "http://dbpedia.org/ontology/wikiPageWikiLink",
        "object": "http://dbpedia.org/resource/Mus\u00e9e_des_Beaux-Arts_de_Bordeaux"
    },
    {
        "subject": "http://dbpedia.org/resource/Pierre_Huyghe",
        "predicate": "http://dbpedia.org/ontology/wikiPageWikiLink",
        "object": "http://dbpedia.org/resource/Nam_June_Paik"
    },
    {
        "subject": "http://dbpedia.org/resource/Pierre_Huyghe",
        "predicate": "http://dbpedia.org/ontology/wikiPageWikiLink",
        "object": "http://dbpedia.org/resource/Ordre_des_Arts_et_des_Lettres"
    },
    {
        "subject": "http://dbpedia.org/resource/Pierre_Huyghe",
        "predicate": "http://dbpedia.org/ontology/wikiPageWikiLink",
        "object": "http://dbpedia.org/resource/Smithsonian_Institution"
    },
    {
        "subject": "http://dbpedia.org/resource/Pierre_Huyghe",
        "predicate": "http://dbpedia.org/ontology/wikiPageWikiLink",
        "object": "http://dbpedia.org/resource/Marcel_Duchamp_Prize"
    },
    {
        "subject": "http://dbpedia.org/resource/Pierre_Huyghe",
        "predicate": "http://dbpedia.org/ontology/wikiPageWikiLink",
        "object": "http://dbpedia.org/resource/Baltimore_Museum_of_Art"
    },
    {
        "subject": "http://dbpedia.org/resource/Pierre_Huyghe",
        "predicate": "http://dbpedia.org/ontology/wikiPageWikiLink",
        "object": "http://dbpedia.org/resource/Category:French_contemporary_artists"
    },
    {
        "subject": "http://dbpedia.org/resource/Pierre_Huyghe",
        "predicate": "http://dbpedia.org/ontology/wikiPageWikiLink",
        "object": "http://dbpedia.org/resource/Category:Officiers_of_the_Ordre_des_Arts_et_des_Lettres"
    },
    {
        "subject": "http://dbpedia.org/resource/Pierre_Huyghe",
        "predicate": "http://dbpedia.org/ontology/wikiPageWikiLink",
        "object": "http://dbpedia.org/resource/Galerie_Kamel_Mennour"
    },
    {
        "subject": "http://dbpedia.org/resource/Pierre_Huyghe",
        "predicate": "http://dbpedia.org/ontology/wikiPageWikiLink",
        "object": "http://dbpedia.org/resource/3D_printing"
    },
    {
        "subject": "http://dbpedia.org/resource/Pierre_Huyghe",
        "predicate": "http://dbpedia.org/ontology/wikiPageWikiLink",
        "object": "http://dbpedia.org/resource/Pailherols"
    },
    {
        "subject": "http://dbpedia.org/resource/Pierre_Huyghe",
        "predicate": "http://dbpedia.org/ontology/wikiPageWikiLink",
        "object": "http://dbpedia.org/resource/Hauser_&_Wirth"
    },
    {
        "subject": "http://dbpedia.org/resource/Pierre_Huyghe",
        "predicate": "http://dbpedia.org/ontology/wikiPageWikiLink",
        "object": "http://dbpedia.org/resource/Category:Feminist_artists"
    },
    {
        "subject": "http://dbpedia.org/resource/Pierre_Huyghe",
        "predicate": "http://dbpedia.org/ontology/wikiPageWikiLink",
        "object": "http://dbpedia.org/resource/Category:Artists_from_Paris"
    },
    {
        "subject": "http://dbpedia.org/resource/Pierre_Huyghe",
        "predicate": "http://dbpedia.org/ontology/wikiPageWikiLink",
        "object": "http://dbpedia.org/resource/Category:20th-century_French_women_artists"
    },
    {
        "subject": "http://dbpedia.org/resource/Pierre_Huyghe",
        "predicate": "http://dbpedia.org/ontology/wikiPageWikiLink",
        "object": "http://dbpedia.org/resource/Category:21st-century_French_women_artists"
    },
    {
        "subject": "http://dbpedia.org/resource/Pierre_Huyghe",
        "predicate": "http://dbpedia.org/ontology/wikiPageWikiLink",
        "object": "http://dbpedia.org/resource/Category:\u00c9cole_nationale_sup\u00e9rieure_des_arts_d\u00e9coratifs_alumni"
    },
    {
        "subject": "http://dbpedia.org/resource/Pierre_Huyghe",
        "predicate": "http://dbpedia.org/ontology/wikiPageWikiLink",
        "object": "http://dbpedia.org/resource/Chisenhale_Gallery"
    },
    {
        "subject": "http://dbpedia.org/resource/Pierre_Huyghe",
        "predicate": "http://dbpedia.org/ontology/wikiPageWikiLink",
        "object": "http://dbpedia.org/resource/Johann_K\u00f6nig_(art_dealer)"
    },
    {
        "subject": "http://dbpedia.org/resource/Pierre_Huyghe",
        "predicate": "http://dbpedia.org/ontology/wikiPageWikiLink",
        "object": "http://dbpedia.org/resource/Zoetrope"
    },
    {
        "subject": "http://dbpedia.org/resource/Pierre_Huyghe",
        "predicate": "http://dbpedia.org/ontology/wikiPageWikiLink",
        "object": "http://dbpedia.org/resource/Pierre_Huyghe"
    },
    {
        "subject": "http://dbpedia.org/resource/Pierre_Huyghe",
        "predicate": "http://dbpedia.org/ontology/wikiPageWikiLink",
        "object": "http://dbpedia.org/resource/Hugo_Boss_Prize"
    },
    {
        "subject": "http://dbpedia.org/resource/Pierre_Huyghe",
        "predicate": "http://dbpedia.org/ontology/wikiPageWikiLink",
        "object": "http://dbpedia.org/resource/New_Museum"
    },
    {
        "subject": "http://dbpedia.org/resource/Pierre_Huyghe",
        "predicate": "http://dbpedia.org/ontology/wikiPageWikiLink",
        "object": "http://dbpedia.org/resource/New_Orleans_Museum_of_Art"
    },
    {
        "subject": "http://dbpedia.org/resource/Pierre_Huyghe",
        "predicate": "http://dbpedia.org/ontology/wikiPageWikiLink",
        "object": "http://dbpedia.org/resource/Category:French_video_artists"
    },
    {
        "subject": "http://dbpedia.org/resource/Pierre_Huyghe",
        "predicate": "http://dbpedia.org/ontology/wikiPageWikiLink",
        "object": "http://dbpedia.org/resource/Palais_de_Tokyo"
    },
    {
        "subject": "http://dbpedia.org/resource/Pierre_Huyghe",
        "predicate": "http://dbpedia.org/ontology/wikiPageWikiLink",
        "object": "http://dbpedia.org/resource/\u00c9cole_Nationale_Sup\u00e9rieure_des_Arts_D\u00e9coratifs"
    },
    {
        "subject": "http://dbpedia.org/resource/Pierre_Huyghe",
        "predicate": "http://dbpedia.org/ontology/wikiPageWikiLink",
        "object": "http://dbpedia.org/resource/Akwetey_Orraca-Tetteh"
    },
    {
        "subject": "http://dbpedia.org/resource/Pierre_Huyghe",
        "predicate": "http://dbpedia.org/ontology/wikiPageWikiLink",
        "object": "http://dbpedia.org/resource/B\u00e9tonsalon"
    },
    {
        "subject": "http://dbpedia.org/resource/Pierre_Huyghe",
        "predicate": "http://dbpedia.org/ontology/wikiPageWikiLink",
        "object": "http://dbpedia.org/resource/File:Gross_Fatigue,_video_still..jpg"
    },
    {
        "subject": "http://dbpedia.org/resource/Pierre_Huyghe",
        "predicate": "http://dbpedia.org/ontology/wikiPageWikiLink",
        "object": "http://dbpedia.org/resource/Jacob_Bromberg"
    },
    {
        "subject": "http://dbpedia.org/resource/Pierre_Huyghe",
        "predicate": "http://dbpedia.org/ontology/wikiPageWikiLink",
        "object": "http://dbpedia.org/resource/Joakim_Bouaziz"
    },
    {
        "subject": "http://dbpedia.org/resource/Pierre_Huyghe",
        "predicate": "http://dbpedia.org/ontology/wikiPageWikiLink",
        "object": "http://dbpedia.org/resource/Westf\u00e4lischer_Kunstverein"
    },
    {
        "subject": "http://dbpedia.org/resource/Pierre_Huyghe",
        "predicate": "http://dbpedia.org/ontology/wikiPageWikiLink",
        "object": "http://dbpedia.org/resource/Cambridge,_Massachusetts"
    },
    {
        "subject": "http://dbpedia.org/resource/Pierre_Huyghe",
        "predicate": "http://dbpedia.org/ontology/wikiPageWikiLink",
        "object": "http://dbpedia.org/resource/Category:Harvard_Square"
    },
    {
        "subject": "http://dbpedia.org/resource/Pierre_Huyghe",
        "predicate": "http://dbpedia.org/ontology/wikiPageWikiLink",
        "object": "http://dbpedia.org/resource/Category:1962_establishments_in_Massachusetts"
    },
    {
        "subject": "http://dbpedia.org/resource/Pierre_Huyghe",
        "predicate": "http://dbpedia.org/ontology/wikiPageWikiLink",
        "object": "http://dbpedia.org/resource/Category:Modernist_architecture_in_Massachusetts"
    },
    {
        "subject": "http://dbpedia.org/resource/Pierre_Huyghe",
        "predicate": "http://dbpedia.org/ontology/wikiPageWikiLink",
        "object": "http://dbpedia.org/resource/United_Nations_Secretariat_Building"
    },
    {
        "subject": "http://dbpedia.org/resource/Pierre_Huyghe",
        "predicate": "http://dbpedia.org/ontology/wikiPageWikiLink",
        "object": "http://dbpedia.org/resource/United_States"
    },
    {
        "subject": "http://dbpedia.org/resource/Pierre_Huyghe",
        "predicate": "http://dbpedia.org/ontology/wikiPageWikiLink",
        "object": "http://dbpedia.org/resource/Massachusetts"
    },
    {
        "subject": "http://dbpedia.org/resource/Pierre_Huyghe",
        "predicate": "http://dbpedia.org/ontology/wikiPageWikiLink",
        "object": "http://dbpedia.org/resource/Category:Tourist_attractions_in_Cambridge,_Massachusetts"
    },
    {
        "subject": "http://dbpedia.org/resource/Pierre_Huyghe",
        "predicate": "http://dbpedia.org/ontology/wikiPageWikiLink",
        "object": "http://dbpedia.org/resource/Category:1960s_architecture_in_the_United_States"
    },
    {
        "subject": "http://dbpedia.org/resource/Pierre_Huyghe",
        "predicate": "http://dbpedia.org/ontology/wikiPageWikiLink",
        "object": "http://dbpedia.org/resource/Harvard_Film_Archive"
    },
    {
        "subject": "http://dbpedia.org/resource/Pierre_Huyghe",
        "predicate": "http://dbpedia.org/ontology/wikiPageWikiLink",
        "object": "http://dbpedia.org/resource/Le_Corbusier's_Five_Points_of_Architecture"
    },
    {
        "subject": "http://dbpedia.org/resource/Pierre_Huyghe",
        "predicate": "http://dbpedia.org/ontology/wikiPageWikiLink",
        "object": "http://dbpedia.org/resource/Curutchet_House"
    },
    {
        "subject": "http://dbpedia.org/resource/Pierre_Huyghe",
        "predicate": "http://dbpedia.org/ontology/wikiPageWikiLink",
        "object": "http://dbpedia.org/resource/Category:Cinemas_and_movie_theaters_in_Massachusetts"
    },
    {
        "subject": "http://dbpedia.org/resource/Pierre_Huyghe",
        "predicate": "http://dbpedia.org/ontology/wikiPageWikiLink",
        "object": "http://dbpedia.org/resource/Georgian_architecture"
    },
    {
        "subject": "http://dbpedia.org/resource/Pierre_Huyghe",
        "predicate": "http://dbpedia.org/ontology/wikiPageWikiLink",
        "object": "http://dbpedia.org/resource/Josep_Llu\u00eds_Sert"
    },
    {
        "subject": "http://dbpedia.org/resource/Pierre_Huyghe",
        "predicate": "http://dbpedia.org/ontology/wikiPageWikiLink",
        "object": "http://dbpedia.org/resource/Harvard_Graduate_School_of_Design"
    },
    {
        "subject": "http://dbpedia.org/resource/Pierre_Huyghe",
        "predicate": "http://dbpedia.org/ontology/wikiPageWikiLink",
        "object": "http://dbpedia.org/resource/Harvard_University"
    },
    {
        "subject": "http://dbpedia.org/resource/Pierre_Huyghe",
        "predicate": "http://dbpedia.org/ontology/wikiPageWikiLink",
        "object": "http://dbpedia.org/resource/Category:Le_Corbusier_buildings"
    },
    {
        "subject": "http://dbpedia.org/resource/Pierre_Huyghe",
        "predicate": "http://dbpedia.org/ontology/wikiPageWikiLink",
        "object": "http://dbpedia.org/resource/Argentina"
    },
    {
        "subject": "http://dbpedia.org/resource/Pierre_Huyghe",
        "predicate": "http://dbpedia.org/ontology/wikiPageWikiLink",
        "object": "http://dbpedia.org/resource/Category:Art_museums_and_galleries_in_Massachusetts"
    },
    {
        "subject": "http://dbpedia.org/resource/Pierre_Huyghe",
        "predicate": "http://dbpedia.org/ontology/wikiPageWikiLink",
        "object": "http://dbpedia.org/resource/Category:Harvard_University_buildings"
    },
    {
        "subject": "http://dbpedia.org/resource/Pierre_Huyghe",
        "predicate": "http://dbpedia.org/ontology/wikiPageWikiLink",
        "object": "http://dbpedia.org/resource/Category:National_Register_of_Historic_Places_in_Cambridge,_Massachusetts"
    },
    {
        "subject": "http://dbpedia.org/resource/Pierre_Huyghe",
        "predicate": "http://dbpedia.org/ontology/wikiPageWikiLink",
        "object": "http://dbpedia.org/resource/La_Plata"
    },
    {
        "subject": "http://dbpedia.org/resource/Pierre_Huyghe",
        "predicate": "http://dbpedia.org/ontology/wikiPageWikiLink",
        "object": "http://dbpedia.org/resource/Le_Corbusier"
    },
    {
        "subject": "http://dbpedia.org/resource/Pierre_Huyghe",
        "predicate": "http://dbpedia.org/ontology/wikiPageWikiLink",
        "object": "http://dbpedia.org/resource/Category:University_and_college_buildings_on_the_National_Register_of_Historic_Places_in_Massachusetts"
    },
    {
        "subject": "http://dbpedia.org/resource/Pierre_Huyghe",
        "predicate": "http://dbpedia.org/ontology/wikiPageWikiLink",
        "object": "http://dbpedia.org/resource/Pierre_Huyghe"
    },
    {
        "subject": "http://dbpedia.org/resource/Pierre_Huyghe",
        "predicate": "http://dbpedia.org/ontology/wikiPageWikiLink",
        "object": "http://dbpedia.org/resource/Guillermo_Jullian_de_la_Fuente"
    },
    {
        "subject": "http://dbpedia.org/resource/Pierre_Huyghe",
        "predicate": "http://dbpedia.org/ontology/wikiPageWikiLink",
        "object": "http://dbpedia.org/resource/National_Register_of_Historic_Places_listings_in_Cambridge,_Massachusetts"
    },
    {
        "subject": "http://dbpedia.org/resource/Pierre_Huyghe",
        "predicate": "http://dbpedia.org/ontology/wikiPageWikiLink",
        "object": "http://dbpedia.org/resource/Category:International_style_architecture_in_Massachusetts"
    },
    {
        "subject": "http://dbpedia.org/resource/Pierre_Huyghe",
        "predicate": "http://dbpedia.org/ontology/wikiPageWikiLink",
        "object": "http://dbpedia.org/resource/Category:University_and_college_buildings_completed_in_1962"
    },
    {
        "subject": "http://dbpedia.org/resource/Pierre_Huyghe",
        "predicate": "http://dbpedia.org/ontology/wikiPageWikiLink",
        "object": "http://dbpedia.org/resource/File:Carpenter_Center,_Cambridge_MS.jpg"
    },
    {
        "subject": "http://dbpedia.org/resource/Pierre_Huyghe",
        "predicate": "http://dbpedia.org/ontology/wikiPageWikiLink",
        "object": "http://dbpedia.org/resource/File:Carpenter_Center_for_the_Visual_Arts.jpg"
    },
    {
        "subject": "http://dbpedia.org/resource/Pierre_Huyghe",
        "predicate": "http://dbpedia.org/ontology/wikiPageWikiLink",
        "object": "http://dbpedia.org/resource/Carl_Andre"
    },
    {
        "subject": "http://dbpedia.org/resource/Pierre_Huyghe",
        "predicate": "http://dbpedia.org/ontology/wikiPageWikiLink",
        "object": "http://dbpedia.org/resource/Carla_Accardi"
    },
    {
        "subject": "http://dbpedia.org/resource/Pierre_Huyghe",
        "predicate": "http://dbpedia.org/ontology/wikiPageWikiLink",
        "object": "http://dbpedia.org/resource/Amedeo_di_Castellamonte"
    },
    {
        "subject": "http://dbpedia.org/resource/Pierre_Huyghe",
        "predicate": "http://dbpedia.org/ontology/wikiPageWikiLink",
        "object": "http://dbpedia.org/resource/Robin_Rhode"
    },
    {
        "subject": "http://dbpedia.org/resource/Pierre_Huyghe",
        "predicate": "http://dbpedia.org/ontology/wikiPageWikiLink",
        "object": "http://dbpedia.org/resource/Roman_Catholic_Archdiocese_of_Turin"
    },
    {
        "subject": "http://dbpedia.org/resource/Pierre_Huyghe",
        "predicate": "http://dbpedia.org/ontology/wikiPageWikiLink",
        "object": "http://dbpedia.org/resource/Rudi_Fuchs"
    },
    {
        "subject": "http://dbpedia.org/resource/Pierre_Huyghe",
        "predicate": "http://dbpedia.org/ontology/wikiPageWikiLink",
        "object": "http://dbpedia.org/resource/Morganatic_marriage"
    },
    {
        "subject": "http://dbpedia.org/resource/Pierre_Huyghe",
        "predicate": "http://dbpedia.org/ontology/wikiPageWikiLink",
        "object": "http://dbpedia.org/resource/David_Salle"
    },
    {
        "subject": "http://dbpedia.org/resource/Pierre_Huyghe",
        "predicate": "http://dbpedia.org/ontology/wikiPageWikiLink",
        "object": "http://dbpedia.org/resource/Andro_Wekua"
    },
    {
        "subject": "http://dbpedia.org/resource/Pierre_Huyghe",
        "predicate": "http://dbpedia.org/ontology/wikiPageWikiLink",
        "object": "http://dbpedia.org/resource/Anne_Imhof"
    },
    {
        "subject": "http://dbpedia.org/resource/Pierre_Huyghe",
        "predicate": "http://dbpedia.org/ontology/wikiPageWikiLink",
        "object": "http://dbpedia.org/resource/Hito_Steyerl"
    },
    {
        "subject": "http://dbpedia.org/resource/Pierre_Huyghe",
        "predicate": "http://dbpedia.org/ontology/wikiPageWikiLink",
        "object": "http://dbpedia.org/resource/House_of_Savoy"
    },
    {
        "subject": "http://dbpedia.org/resource/Pierre_Huyghe",
        "predicate": "http://dbpedia.org/ontology/wikiPageWikiLink",
        "object": "http://dbpedia.org/resource/Joseph_Kosuth"
    },
    {
        "subject": "http://dbpedia.org/resource/Pierre_Huyghe",
        "predicate": "http://dbpedia.org/ontology/wikiPageWikiLink",
        "object": "http://dbpedia.org/resource/Per_Kirkeby"
    },
    {
        "subject": "http://dbpedia.org/resource/Pierre_Huyghe",
        "predicate": "http://dbpedia.org/ontology/wikiPageWikiLink",
        "object": "http://dbpedia.org/resource/Peter_Galison"
    },
    {
        "subject": "http://dbpedia.org/resource/Pierre_Huyghe",
        "predicate": "http://dbpedia.org/ontology/wikiPageWikiLink",
        "object": "http://dbpedia.org/resource/Ren\u00e9_Magritte"
    },
    {
        "subject": "http://dbpedia.org/resource/Pierre_Huyghe",
        "predicate": "http://dbpedia.org/ontology/wikiPageWikiLink",
        "object": "http://dbpedia.org/resource/Residences_of_the_Royal_House_of_Savoy"
    },
    {
        "subject": "http://dbpedia.org/resource/Pierre_Huyghe",
        "predicate": "http://dbpedia.org/ontology/wikiPageWikiLink",
        "object": "http://dbpedia.org/resource/Richard_Long_(artist)"
    },
    {
        "subject": "http://dbpedia.org/resource/Pierre_Huyghe",
        "predicate": "http://dbpedia.org/ontology/wikiPageWikiLink",
        "object": "http://dbpedia.org/resource/Rivoli,_Piedmont"
    },
    {
        "subject": "http://dbpedia.org/resource/Pierre_Huyghe",
        "predicate": "http://dbpedia.org/ontology/wikiPageWikiLink",
        "object": "http://dbpedia.org/resource/Robert_Browning"
    },
    {
        "subject": "http://dbpedia.org/resource/Pierre_Huyghe",
        "predicate": "http://dbpedia.org/ontology/wikiPageWikiLink",
        "object": "http://dbpedia.org/resource/Vanessa_Beecroft"
    },
    {
        "subject": "http://dbpedia.org/resource/Pierre_Huyghe",
        "predicate": "http://dbpedia.org/ontology/wikiPageWikiLink",
        "object": "http://dbpedia.org/resource/Victor_Amadeus_II_of_Sardinia"
    },
    {
        "subject": "http://dbpedia.org/resource/Pierre_Huyghe",
        "predicate": "http://dbpedia.org/ontology/wikiPageWikiLink",
        "object": "http://dbpedia.org/resource/Design"
    },
    {
        "subject": "http://dbpedia.org/resource/Pierre_Huyghe",
        "predicate": "http://dbpedia.org/ontology/wikiPageWikiLink",
        "object": "http://dbpedia.org/resource/Doris_Salcedo"
    },
    {
        "subject": "http://dbpedia.org/resource/Pierre_Huyghe",
        "predicate": "http://dbpedia.org/ontology/wikiPageWikiLink",
        "object": "http://dbpedia.org/resource/Duke"
    },
    {
        "subject": "http://dbpedia.org/resource/Pierre_Huyghe",
        "predicate": "http://dbpedia.org/ontology/wikiPageWikiLink",
        "object": "http://dbpedia.org/resource/James_Richards_(artist)"
    },
    {
        "subject": "http://dbpedia.org/resource/Pierre_Huyghe",
        "predicate": "http://dbpedia.org/ontology/wikiPageWikiLink",
        "object": "http://dbpedia.org/resource/Jan_Dibbets"
    },
    {
        "subject": "http://dbpedia.org/resource/Pierre_Huyghe",
        "predicate": "http://dbpedia.org/ontology/wikiPageWikiLink",
        "object": "http://dbpedia.org/resource/Olafur_Eliasson"
    }
]