[
    {
        "subject": "http://dbpedia.org/resource/Rita_Ackermann",
        "predicate": "http://dbpedia.org/ontology/wikiPageWikiLink",
        "object": "http://dbpedia.org/resource/Rolling_Stone"
    },
    {
        "subject": "http://dbpedia.org/resource/Rita_Ackermann",
        "predicate": "http://dbpedia.org/ontology/wikiPageWikiLink",
        "object": "http://dbpedia.org/resource/Audio_mastering"
    },
    {
        "subject": "http://dbpedia.org/resource/Rita_Ackermann",
        "predicate": "http://dbpedia.org/ontology/wikiPageWikiLink",
        "object": "http://dbpedia.org/resource/Patti_Smith"
    },
    {
        "subject": "http://dbpedia.org/resource/Rita_Ackermann",
        "predicate": "http://dbpedia.org/ontology/wikiPageWikiLink",
        "object": "http://dbpedia.org/resource/Rita_Ackermann"
    },
    {
        "subject": "http://dbpedia.org/resource/Rita_Ackermann",
        "predicate": "http://dbpedia.org/ontology/wikiPageWikiLink",
        "object": "http://dbpedia.org/resource/Indie_rock"
    },
    {
        "subject": "http://dbpedia.org/resource/Rita_Ackermann",
        "predicate": "http://dbpedia.org/ontology/wikiPageWikiLink",
        "object": "http://dbpedia.org/resource/Pitchfork_Media"
    },
    {
        "subject": "http://dbpedia.org/resource/Rita_Ackermann",
        "predicate": "http://dbpedia.org/ontology/wikiPageWikiLink",
        "object": "http://dbpedia.org/resource/Category:1995_debut_albums"
    },
    {
        "subject": "http://dbpedia.org/resource/Rita_Ackermann",
        "predicate": "http://dbpedia.org/ontology/wikiPageWikiLink",
        "object": "http://dbpedia.org/resource/Category:Geffen_Records_albums"
    },
    {
        "subject": "http://dbpedia.org/resource/Rita_Ackermann",
        "predicate": "http://dbpedia.org/ontology/wikiPageWikiLink",
        "object": "http://dbpedia.org/resource/Entertainment_Weekly"
    },
    {
        "subject": "http://dbpedia.org/resource/Rita_Ackermann",
        "predicate": "http://dbpedia.org/ontology/wikiPageWikiLink",
        "object": "http://dbpedia.org/resource/Geffen_Records"
    },
    {
        "subject": "http://dbpedia.org/resource/Rita_Ackermann",
        "predicate": "http://dbpedia.org/ontology/wikiPageWikiLink",
        "object": "http://dbpedia.org/resource/NME"
    },
    {
        "subject": "http://dbpedia.org/resource/Rita_Ackermann",
        "predicate": "http://dbpedia.org/ontology/wikiPageWikiLink",
        "object": "http://dbpedia.org/resource/Lee_Ranaldo"
    },
    {
        "subject": "http://dbpedia.org/resource/Rita_Ackermann",
        "predicate": "http://dbpedia.org/ontology/wikiPageWikiLink",
        "object": "http://dbpedia.org/resource/Steve_Shelley"
    },
    {
        "subject": "http://dbpedia.org/resource/Rita_Ackermann",
        "predicate": "http://dbpedia.org/ontology/wikiPageWikiLink",
        "object": "http://dbpedia.org/resource/Category:Thurston_Moore_albums"
    },
    {
        "subject": "http://dbpedia.org/resource/Rita_Ackermann",
        "predicate": "http://dbpedia.org/ontology/wikiPageWikiLink",
        "object": "http://dbpedia.org/resource/Thurston_Moore"
    },
    {
        "subject": "http://dbpedia.org/resource/Rita_Ackermann",
        "predicate": "http://dbpedia.org/ontology/wikiPageWikiLink",
        "object": "http://dbpedia.org/resource/Trees_Outside_the_Academy"
    },
    {
        "subject": "http://dbpedia.org/resource/Rita_Ackermann",
        "predicate": "http://dbpedia.org/ontology/wikiPageWikiLink",
        "object": "http://dbpedia.org/resource/AllMusic"
    },
    {
        "subject": "http://dbpedia.org/resource/Rita_Ackermann",
        "predicate": "http://dbpedia.org/ontology/wikiPageWikiLink",
        "object": "http://dbpedia.org/resource/Experimental_Jet_Set,_Trash_and_No_Star"
    },
    {
        "subject": "http://dbpedia.org/resource/Rita_Ackermann",
        "predicate": "http://dbpedia.org/ontology/wikiPageWikiLink",
        "object": "http://dbpedia.org/resource/Cover_art"
    },
    {
        "subject": "http://dbpedia.org/resource/Rita_Ackermann",
        "predicate": "http://dbpedia.org/ontology/wikiPageWikiLink",
        "object": "http://dbpedia.org/resource/Audio_engineer"
    },
    {
        "subject": "http://dbpedia.org/resource/Rita_Ackermann",
        "predicate": "http://dbpedia.org/ontology/wikiPageWikiLink",
        "object": "http://dbpedia.org/resource/Audio_mixing_(recorded_music)"
    },
    {
        "subject": "http://dbpedia.org/resource/Rita_Ackermann",
        "predicate": "http://dbpedia.org/ontology/wikiPageWikiLink",
        "object": "http://dbpedia.org/resource/Pitchfork_(website)"
    },
    {
        "subject": "http://dbpedia.org/resource/Rita_Ackermann",
        "predicate": "http://dbpedia.org/ontology/wikiPageWikiLink",
        "object": "http://dbpedia.org/resource/Sonic_Youth"
    },
    {
        "subject": "http://dbpedia.org/resource/Rita_Ackermann",
        "predicate": "http://dbpedia.org/ontology/wikiPageWikiLink",
        "object": "http://dbpedia.org/resource/Spin_(magazine)"
    },
    {
        "subject": "http://dbpedia.org/resource/Rita_Ackermann",
        "predicate": "http://dbpedia.org/ontology/wikiPageWikiLink",
        "object": "http://dbpedia.org/resource/Yoko_Ono"
    },
    {
        "subject": "http://dbpedia.org/resource/Rita_Ackermann",
        "predicate": "http://dbpedia.org/ontology/wikiPageWikiLink",
        "object": "http://dbpedia.org/resource/Art_direction"
    },
    {
        "subject": "http://dbpedia.org/resource/Rita_Ackermann",
        "predicate": "http://dbpedia.org/ontology/wikiPageWikiLink",
        "object": "http://dbpedia.org/resource/Christgau's_Consumer_Guide"
    },
    {
        "subject": "http://dbpedia.org/resource/Rita_Ackermann",
        "predicate": "http://dbpedia.org/ontology/wikiPageWikiLink",
        "object": "http://dbpedia.org/resource/Rocco_Siffredi"
    },
    {
        "subject": "http://dbpedia.org/resource/Rita_Ackermann",
        "predicate": "http://dbpedia.org/ontology/wikiPageWikiLink",
        "object": "http://dbpedia.org/resource/M/M_Paris"
    },
    {
        "subject": "http://dbpedia.org/resource/Rita_Ackermann",
        "predicate": "http://dbpedia.org/ontology/wikiPageWikiLink",
        "object": "http://dbpedia.org/resource/Category:French-language_magazines"
    },
    {
        "subject": "http://dbpedia.org/resource/Rita_Ackermann",
        "predicate": "http://dbpedia.org/ontology/wikiPageWikiLink",
        "object": "http://dbpedia.org/resource/Category:Visual_arts_magazines"
    },
    {
        "subject": "http://dbpedia.org/resource/Rita_Ackermann",
        "predicate": "http://dbpedia.org/ontology/wikiPageWikiLink",
        "object": "http://dbpedia.org/resource/Juergen_Teller"
    },
    {
        "subject": "http://dbpedia.org/resource/Rita_Ackermann",
        "predicate": "http://dbpedia.org/ontology/wikiPageWikiLink",
        "object": "http://dbpedia.org/resource/Richard_Prince"
    },
    {
        "subject": "http://dbpedia.org/resource/Rita_Ackermann",
        "predicate": "http://dbpedia.org/ontology/wikiPageWikiLink",
        "object": "http://dbpedia.org/resource/Rita_Ackermann"
    },
    {
        "subject": "http://dbpedia.org/resource/Rita_Ackermann",
        "predicate": "http://dbpedia.org/ontology/wikiPageWikiLink",
        "object": "http://dbpedia.org/resource/Culture"
    },
    {
        "subject": "http://dbpedia.org/resource/Rita_Ackermann",
        "predicate": "http://dbpedia.org/ontology/wikiPageWikiLink",
        "object": "http://dbpedia.org/resource/Category:English-language_magazines"
    },
    {
        "subject": "http://dbpedia.org/resource/Rita_Ackermann",
        "predicate": "http://dbpedia.org/ontology/wikiPageWikiLink",
        "object": "http://dbpedia.org/resource/Category:Fashion_magazines"
    },
    {
        "subject": "http://dbpedia.org/resource/Rita_Ackermann",
        "predicate": "http://dbpedia.org/ontology/wikiPageWikiLink",
        "object": "http://dbpedia.org/resource/Ryan_McGinley"
    },
    {
        "subject": "http://dbpedia.org/resource/Rita_Ackermann",
        "predicate": "http://dbpedia.org/ontology/wikiPageWikiLink",
        "object": "http://dbpedia.org/resource/English_language"
    },
    {
        "subject": "http://dbpedia.org/resource/Rita_Ackermann",
        "predicate": "http://dbpedia.org/ontology/wikiPageWikiLink",
        "object": "http://dbpedia.org/resource/French_language"
    },
    {
        "subject": "http://dbpedia.org/resource/Rita_Ackermann",
        "predicate": "http://dbpedia.org/ontology/wikiPageWikiLink",
        "object": "http://dbpedia.org/resource/1980s_in_fashion"
    },
    {
        "subject": "http://dbpedia.org/resource/Rita_Ackermann",
        "predicate": "http://dbpedia.org/ontology/wikiPageWikiLink",
        "object": "http://dbpedia.org/resource/Ari_Marcopoulos"
    },
    {
        "subject": "http://dbpedia.org/resource/Rita_Ackermann",
        "predicate": "http://dbpedia.org/ontology/wikiPageWikiLink",
        "object": "http://dbpedia.org/resource/Category:Magazines_established_in_1992"
    },
    {
        "subject": "http://dbpedia.org/resource/Rita_Ackermann",
        "predicate": "http://dbpedia.org/ontology/wikiPageWikiLink",
        "object": "http://dbpedia.org/resource/Thurston_Moore"
    },
    {
        "subject": "http://dbpedia.org/resource/Rita_Ackermann",
        "predicate": "http://dbpedia.org/ontology/wikiPageWikiLink",
        "object": "http://dbpedia.org/resource/Category:Magazines_published_in_Paris"
    },
    {
        "subject": "http://dbpedia.org/resource/Rita_Ackermann",
        "predicate": "http://dbpedia.org/ontology/wikiPageWikiLink",
        "object": "http://dbpedia.org/resource/Dash_Snow"
    },
    {
        "subject": "http://dbpedia.org/resource/Rita_Ackermann",
        "predicate": "http://dbpedia.org/ontology/wikiPageWikiLink",
        "object": "http://dbpedia.org/resource/Fashion"
    },
    {
        "subject": "http://dbpedia.org/resource/Rita_Ackermann",
        "predicate": "http://dbpedia.org/ontology/wikiPageWikiLink",
        "object": "http://dbpedia.org/resource/France"
    },
    {
        "subject": "http://dbpedia.org/resource/Rita_Ackermann",
        "predicate": "http://dbpedia.org/ontology/wikiPageWikiLink",
        "object": "http://dbpedia.org/resource/Fanzine"
    },
    {
        "subject": "http://dbpedia.org/resource/Rita_Ackermann",
        "predicate": "http://dbpedia.org/ontology/wikiPageWikiLink",
        "object": "http://dbpedia.org/resource/History_of_fashion_design"
    },
    {
        "subject": "http://dbpedia.org/resource/Rita_Ackermann",
        "predicate": "http://dbpedia.org/ontology/wikiPageWikiLink",
        "object": "http://dbpedia.org/resource/Katja_Rahlwes"
    },
    {
        "subject": "http://dbpedia.org/resource/Rita_Ackermann",
        "predicate": "http://dbpedia.org/ontology/wikiPageWikiLink",
        "object": "http://dbpedia.org/resource/Harmony_Korine"
    },
    {
        "subject": "http://dbpedia.org/resource/Rita_Ackermann",
        "predicate": "http://dbpedia.org/ontology/wikiPageWikiLink",
        "object": "http://dbpedia.org/resource/Hedi_Slimane"
    },
    {
        "subject": "http://dbpedia.org/resource/Rita_Ackermann",
        "predicate": "http://dbpedia.org/ontology/wikiPageWikiLink",
        "object": "http://dbpedia.org/resource/Helmut_Lang_(artist)"
    },
    {
        "subject": "http://dbpedia.org/resource/Rita_Ackermann",
        "predicate": "http://dbpedia.org/ontology/wikiPageWikiLink",
        "object": "http://dbpedia.org/resource/Interview_(magazine)"
    },
    {
        "subject": "http://dbpedia.org/resource/Rita_Ackermann",
        "predicate": "http://dbpedia.org/ontology/wikiPageWikiLink",
        "object": "http://dbpedia.org/resource/Category:Biannual_magazines_published_in_France"
    },
    {
        "subject": "http://dbpedia.org/resource/Rita_Ackermann",
        "predicate": "http://dbpedia.org/ontology/wikiPageWikiLink",
        "object": "http://dbpedia.org/resource/Terry_Richardson"
    },
    {
        "subject": "http://dbpedia.org/resource/Rita_Ackermann",
        "predicate": "http://dbpedia.org/ontology/wikiPageWikiLink",
        "object": "http://dbpedia.org/resource/Category:1992_establishments_in_France"
    },
    {
        "subject": "http://dbpedia.org/resource/Rita_Ackermann",
        "predicate": "http://dbpedia.org/ontology/wikiPageWikiLink",
        "object": "http://dbpedia.org/resource/Category:Cultural_magazines"
    },
    {
        "subject": "http://dbpedia.org/resource/Rita_Ackermann",
        "predicate": "http://dbpedia.org/ontology/wikiPageWikiLink",
        "object": "http://dbpedia.org/resource/Art"
    },
    {
        "subject": "http://dbpedia.org/resource/Rita_Ackermann",
        "predicate": "http://dbpedia.org/ontology/wikiPageWikiLink",
        "object": "http://dbpedia.org/resource/Aurel_Schmidt"
    },
    {
        "subject": "http://dbpedia.org/resource/Rita_Ackermann",
        "predicate": "http://dbpedia.org/ontology/wikiPageWikiLink",
        "object": "http://dbpedia.org/resource/Mario_Sorrenti"
    },
    {
        "subject": "http://dbpedia.org/resource/Rita_Ackermann",
        "predicate": "http://dbpedia.org/ontology/wikiPageWikiLink",
        "object": "http://dbpedia.org/resource/Olivier_Zahm"
    },
    {
        "subject": "http://dbpedia.org/resource/Rita_Ackermann",
        "predicate": "http://dbpedia.org/ontology/wikiPageWikiLink",
        "object": "http://dbpedia.org/resource/Ray_Gun_(magazine)"
    },
    {
        "subject": "http://dbpedia.org/resource/Rita_Ackermann",
        "predicate": "http://dbpedia.org/ontology/wikiPageWikiLink",
        "object": "http://dbpedia.org/resource/Christophe_Brunnquell"
    },
    {
        "subject": "http://dbpedia.org/resource/Rita_Ackermann",
        "predicate": "http://dbpedia.org/ontology/wikiPageWikiLink",
        "object": "http://dbpedia.org/resource/Wolfgang_Tillmans"
    },
    {
        "subject": "http://dbpedia.org/resource/Rita_Ackermann",
        "predicate": "http://dbpedia.org/ontology/wikiPageWikiLink",
        "object": "http://dbpedia.org/resource/Marlene_Marino"
    },
    {
        "subject": "http://dbpedia.org/resource/Rita_Ackermann",
        "predicate": "http://dbpedia.org/ontology/wikiPageWikiLink",
        "object": "http://dbpedia.org/resource/Vincent_Darre"
    },
    {
        "subject": "http://dbpedia.org/resource/Rita_Ackermann",
        "predicate": "http://dbpedia.org/ontology/wikiPageWikiLink",
        "object": "http://dbpedia.org/resource/Queens"
    },
    {
        "subject": "http://dbpedia.org/resource/Rita_Ackermann",
        "predicate": "http://dbpedia.org/ontology/wikiPageWikiLink",
        "object": "http://dbpedia.org/resource/2022_Whitney_Biennial"
    },
    {
        "subject": "http://dbpedia.org/resource/Rita_Ackermann",
        "predicate": "http://dbpedia.org/ontology/wikiPageWikiLink",
        "object": "http://dbpedia.org/resource/Basilica_Hudson"
    },
    {
        "subject": "http://dbpedia.org/resource/Rita_Ackermann",
        "predicate": "http://dbpedia.org/ontology/wikiPageWikiLink",
        "object": "http://dbpedia.org/resource/Rita_Ackermann"
    },
    {
        "subject": "http://dbpedia.org/resource/Rita_Ackermann",
        "predicate": "http://dbpedia.org/ontology/wikiPageWikiLink",
        "object": "http://dbpedia.org/resource/Category:1992_births"
    },
    {
        "subject": "http://dbpedia.org/resource/Rita_Ackermann",
        "predicate": "http://dbpedia.org/ontology/wikiPageWikiLink",
        "object": "http://dbpedia.org/resource/Category:American_people_of_Italian_descent"
    },
    {
        "subject": "http://dbpedia.org/resource/Rita_Ackermann",
        "predicate": "http://dbpedia.org/ontology/wikiPageWikiLink",
        "object": "http://dbpedia.org/resource/Category:Living_people"
    },
    {
        "subject": "http://dbpedia.org/resource/Rita_Ackermann",
        "predicate": "http://dbpedia.org/ontology/wikiPageWikiLink",
        "object": "http://dbpedia.org/resource/Cooper_Union"
    },
    {
        "subject": "http://dbpedia.org/resource/Rita_Ackermann",
        "predicate": "http://dbpedia.org/ontology/wikiPageWikiLink",
        "object": "http://dbpedia.org/resource/City_College_of_New_York"
    },
    {
        "subject": "http://dbpedia.org/resource/Rita_Ackermann",
        "predicate": "http://dbpedia.org/ontology/wikiPageWikiLink",
        "object": "http://dbpedia.org/resource/Urban_planning"
    },
    {
        "subject": "http://dbpedia.org/resource/Rita_Ackermann",
        "predicate": "http://dbpedia.org/ontology/wikiPageWikiLink",
        "object": "http://dbpedia.org/resource/Bard_College"
    },
    {
        "subject": "http://dbpedia.org/resource/Rita_Ackermann",
        "predicate": "http://dbpedia.org/ontology/wikiPageWikiLink",
        "object": "http://dbpedia.org/resource/Category:21st-century_American_women_artists"
    },
    {
        "subject": "http://dbpedia.org/resource/Rita_Ackermann",
        "predicate": "http://dbpedia.org/ontology/wikiPageWikiLink",
        "object": "http://dbpedia.org/resource/Category:American_contemporary_artists"
    },
    {
        "subject": "http://dbpedia.org/resource/Rita_Ackermann",
        "predicate": "http://dbpedia.org/ontology/wikiPageWikiLink",
        "object": "http://dbpedia.org/resource/Category:City_College_of_New_York_alumni"
    },
    {
        "subject": "http://dbpedia.org/resource/Rita_Ackermann",
        "predicate": "http://dbpedia.org/ontology/wikiPageWikiLink",
        "object": "http://dbpedia.org/resource/Category:Cooper_Union_alumni"
    },
    {
        "subject": "http://dbpedia.org/resource/Rita_Ackermann",
        "predicate": "http://dbpedia.org/ontology/wikiPageWikiLink",
        "object": "http://dbpedia.org/resource/Category:American_people_of_Peruvian_descent"
    },
    {
        "subject": "http://dbpedia.org/resource/Rita_Ackermann",
        "predicate": "http://dbpedia.org/ontology/wikiPageWikiLink",
        "object": "http://dbpedia.org/resource/List_Visual_Arts_Center"
    },
    {
        "subject": "http://dbpedia.org/resource/Rita_Ackermann",
        "predicate": "http://dbpedia.org/ontology/wikiPageWikiLink",
        "object": "http://dbpedia.org/resource/Fiorello_H._LaGuardia_High_School"
    },
    {
        "subject": "http://dbpedia.org/resource/Rita_Ackermann",
        "predicate": "http://dbpedia.org/ontology/wikiPageWikiLink",
        "object": "http://dbpedia.org/resource/Tauba_Auerbach"
    },
    {
        "subject": "http://dbpedia.org/resource/Rita_Ackermann",
        "predicate": "http://dbpedia.org/ontology/wikiPageWikiLink",
        "object": "http://dbpedia.org/resource/Category:21st-century_American_artists"
    },
    {
        "subject": "http://dbpedia.org/resource/Rita_Ackermann",
        "predicate": "http://dbpedia.org/ontology/wikiPageWikiLink",
        "object": "http://dbpedia.org/resource/Category:People_from_Queens,_New_York"
    },
    {
        "subject": "http://dbpedia.org/resource/Rita_Ackermann",
        "predicate": "http://dbpedia.org/ontology/wikiPageWikiLink",
        "object": "http://dbpedia.org/resource/Adrienne_Edwards"
    },
    {
        "subject": "http://dbpedia.org/resource/Rita_Ackermann",
        "predicate": "http://dbpedia.org/ontology/wikiPageWikiLink",
        "object": "http://dbpedia.org/resource/Keegan_McHargue"
    },
    {
        "subject": "http://dbpedia.org/resource/Rita_Ackermann",
        "predicate": "http://dbpedia.org/ontology/wikiPageWikiLink",
        "object": "http://dbpedia.org/resource/Donald_Baechler"
    },
    {
        "subject": "http://dbpedia.org/resource/Rita_Ackermann",
        "predicate": "http://dbpedia.org/ontology/wikiPageWikiLink",
        "object": "http://dbpedia.org/resource/Michael_Sorkin"
    },
    {
        "subject": "http://dbpedia.org/resource/Rita_Ackermann",
        "predicate": "http://dbpedia.org/ontology/wikiPageWikiLink",
        "object": "http://dbpedia.org/resource/New_Museum_Triennial"
    },
    {
        "subject": "http://dbpedia.org/resource/Rita_Ackermann",
        "predicate": "http://dbpedia.org/ontology/wikiPageWikiLink",
        "object": "http://dbpedia.org/resource/Cady_Noland"
    },
    {
        "subject": "http://dbpedia.org/resource/Rita_Ackermann",
        "predicate": "http://dbpedia.org/ontology/wikiPageWikiLink",
        "object": "http://dbpedia.org/resource/Cai_Guo-Qiang"
    },
    {
        "subject": "http://dbpedia.org/resource/Rita_Ackermann",
        "predicate": "http://dbpedia.org/ontology/wikiPageWikiLink",
        "object": "http://dbpedia.org/resource/Cameron_Rowland"
    },
    {
        "subject": "http://dbpedia.org/resource/Rita_Ackermann",
        "predicate": "http://dbpedia.org/ontology/wikiPageWikiLink",
        "object": "http://dbpedia.org/resource/Camille_Billops"
    },
    {
        "subject": "http://dbpedia.org/resource/Rita_Ackermann",
        "predicate": "http://dbpedia.org/ontology/wikiPageWikiLink",
        "object": "http://dbpedia.org/resource/Carissa_Rodriguez"
    },
    {
        "subject": "http://dbpedia.org/resource/Rita_Ackermann",
        "predicate": "http://dbpedia.org/ontology/wikiPageWikiLink",
        "object": "http://dbpedia.org/resource/Carl_Andre"
    }
]