[
    {
        "subject": "http://dbpedia.org/resource/Robert_Goodnough",
        "predicate": "http://dbpedia.org/ontology/wikiPageWikiLink",
        "object": "http://dbpedia.org/resource/Category:American_Figurative_Expressionism"
    },
    {
        "subject": "http://dbpedia.org/resource/Robert_Goodnough",
        "predicate": "http://dbpedia.org/ontology/wikiPageWikiLink",
        "object": "http://dbpedia.org/resource/Category:Boston_expressionism"
    },
    {
        "subject": "http://dbpedia.org/resource/Robert_Goodnough",
        "predicate": "http://dbpedia.org/ontology/wikiPageWikiLink",
        "object": "http://dbpedia.org/resource/Primitivism"
    },
    {
        "subject": "http://dbpedia.org/resource/Robert_Goodnough",
        "predicate": "http://dbpedia.org/ontology/wikiPageWikiLink",
        "object": "http://dbpedia.org/resource/School_of_the_Art_Institute_of_Chicago"
    },
    {
        "subject": "http://dbpedia.org/resource/Robert_Goodnough",
        "predicate": "http://dbpedia.org/ontology/wikiPageWikiLink",
        "object": "http://dbpedia.org/resource/Expressionist"
    },
    {
        "subject": "http://dbpedia.org/resource/Robert_Goodnough",
        "predicate": "http://dbpedia.org/ontology/wikiPageWikiLink",
        "object": "http://dbpedia.org/resource/Modernism"
    },
    {
        "subject": "http://dbpedia.org/resource/Robert_Goodnough",
        "predicate": "http://dbpedia.org/ontology/wikiPageWikiLink",
        "object": "http://dbpedia.org/resource/Museum_of_Contemporary_Art_Detroit"
    },
    {
        "subject": "http://dbpedia.org/resource/Robert_Goodnough",
        "predicate": "http://dbpedia.org/ontology/wikiPageWikiLink",
        "object": "http://dbpedia.org/resource/Mel_Zabarsky"
    },
    {
        "subject": "http://dbpedia.org/resource/Robert_Goodnough",
        "predicate": "http://dbpedia.org/ontology/wikiPageWikiLink",
        "object": "http://dbpedia.org/resource/Ben_Shahn"
    },
    {
        "subject": "http://dbpedia.org/resource/Robert_Goodnough",
        "predicate": "http://dbpedia.org/ontology/wikiPageWikiLink",
        "object": "http://dbpedia.org/resource/Bob_Thompson_(painter)"
    },
    {
        "subject": "http://dbpedia.org/resource/Robert_Goodnough",
        "predicate": "http://dbpedia.org/ontology/wikiPageWikiLink",
        "object": "http://dbpedia.org/resource/Boris_Mirski_Gallery"
    },
    {
        "subject": "http://dbpedia.org/resource/Robert_Goodnough",
        "predicate": "http://dbpedia.org/ontology/wikiPageWikiLink",
        "object": "http://dbpedia.org/resource/Boston"
    },
    {
        "subject": "http://dbpedia.org/resource/Robert_Goodnough",
        "predicate": "http://dbpedia.org/ontology/wikiPageWikiLink",
        "object": "http://dbpedia.org/resource/David_Aronson"
    },
    {
        "subject": "http://dbpedia.org/resource/Robert_Goodnough",
        "predicate": "http://dbpedia.org/ontology/wikiPageWikiLink",
        "object": "http://dbpedia.org/resource/David_Park_(painter)"
    },
    {
        "subject": "http://dbpedia.org/resource/Robert_Goodnough",
        "predicate": "http://dbpedia.org/ontology/wikiPageWikiLink",
        "object": "http://dbpedia.org/resource/Dehumanization"
    },
    {
        "subject": "http://dbpedia.org/resource/Robert_Goodnough",
        "predicate": "http://dbpedia.org/ontology/wikiPageWikiLink",
        "object": "http://dbpedia.org/resource/Humanism"
    },
    {
        "subject": "http://dbpedia.org/resource/Robert_Goodnough",
        "predicate": "http://dbpedia.org/ontology/wikiPageWikiLink",
        "object": "http://dbpedia.org/resource/Hyman_Bloom"
    },
    {
        "subject": "http://dbpedia.org/resource/Robert_Goodnough",
        "predicate": "http://dbpedia.org/ontology/wikiPageWikiLink",
        "object": "http://dbpedia.org/resource/Paul_Wonner"
    },
    {
        "subject": "http://dbpedia.org/resource/Robert_Goodnough",
        "predicate": "http://dbpedia.org/ontology/wikiPageWikiLink",
        "object": "http://dbpedia.org/resource/Richard_Diebenkorn"
    },
    {
        "subject": "http://dbpedia.org/resource/Robert_Goodnough",
        "predicate": "http://dbpedia.org/ontology/wikiPageWikiLink",
        "object": "http://dbpedia.org/resource/Robert_Goodnough"
    },
    {
        "subject": "http://dbpedia.org/resource/Robert_Goodnough",
        "predicate": "http://dbpedia.org/ontology/wikiPageWikiLink",
        "object": "http://dbpedia.org/resource/United_States"
    },
    {
        "subject": "http://dbpedia.org/resource/Robert_Goodnough",
        "predicate": "http://dbpedia.org/ontology/wikiPageWikiLink",
        "object": "http://dbpedia.org/resource/Vincent_van_Gogh"
    },
    {
        "subject": "http://dbpedia.org/resource/Robert_Goodnough",
        "predicate": "http://dbpedia.org/ontology/wikiPageWikiLink",
        "object": "http://dbpedia.org/resource/Der_Blaue_Reiter"
    },
    {
        "subject": "http://dbpedia.org/resource/Robert_Goodnough",
        "predicate": "http://dbpedia.org/ontology/wikiPageWikiLink",
        "object": "http://dbpedia.org/resource/Earle_M._Pilgrim"
    },
    {
        "subject": "http://dbpedia.org/resource/Robert_Goodnough",
        "predicate": "http://dbpedia.org/ontology/wikiPageWikiLink",
        "object": "http://dbpedia.org/resource/Conrad_Marca-Relli"
    },
    {
        "subject": "http://dbpedia.org/resource/Robert_Goodnough",
        "predicate": "http://dbpedia.org/ontology/wikiPageWikiLink",
        "object": "http://dbpedia.org/resource/Conservatism"
    },
    {
        "subject": "http://dbpedia.org/resource/Robert_Goodnough",
        "predicate": "http://dbpedia.org/ontology/wikiPageWikiLink",
        "object": "http://dbpedia.org/resource/Max_Beckmann"
    },
    {
        "subject": "http://dbpedia.org/resource/Robert_Goodnough",
        "predicate": "http://dbpedia.org/ontology/wikiPageWikiLink",
        "object": "http://dbpedia.org/resource/Robert_Beauchamp"
    },
    {
        "subject": "http://dbpedia.org/resource/Robert_Goodnough",
        "predicate": "http://dbpedia.org/ontology/wikiPageWikiLink",
        "object": "http://dbpedia.org/resource/Clement_Greenberg"
    },
    {
        "subject": "http://dbpedia.org/resource/Robert_Goodnough",
        "predicate": "http://dbpedia.org/ontology/wikiPageWikiLink",
        "object": "http://dbpedia.org/resource/Edvard_Munch"
    },
    {
        "subject": "http://dbpedia.org/resource/Robert_Goodnough",
        "predicate": "http://dbpedia.org/ontology/wikiPageWikiLink",
        "object": "http://dbpedia.org/resource/Edward_Hopper"
    },
    {
        "subject": "http://dbpedia.org/resource/Robert_Goodnough",
        "predicate": "http://dbpedia.org/ontology/wikiPageWikiLink",
        "object": "http://dbpedia.org/resource/Edwin_Dickinson"
    },
    {
        "subject": "http://dbpedia.org/resource/Robert_Goodnough",
        "predicate": "http://dbpedia.org/ontology/wikiPageWikiLink",
        "object": "http://dbpedia.org/resource/Elaine_de_Kooning"
    },
    {
        "subject": "http://dbpedia.org/resource/Robert_Goodnough",
        "predicate": "http://dbpedia.org/ontology/wikiPageWikiLink",
        "object": "http://dbpedia.org/resource/Elmer_Bischoff"
    },
    {
        "subject": "http://dbpedia.org/resource/Robert_Goodnough",
        "predicate": "http://dbpedia.org/ontology/wikiPageWikiLink",
        "object": "http://dbpedia.org/resource/Emil_Nolde"
    },
    {
        "subject": "http://dbpedia.org/resource/Robert_Goodnough",
        "predicate": "http://dbpedia.org/ontology/wikiPageWikiLink",
        "object": "http://dbpedia.org/resource/Frank_O'Hara"
    },
    {
        "subject": "http://dbpedia.org/resource/Robert_Goodnough",
        "predicate": "http://dbpedia.org/ontology/wikiPageWikiLink",
        "object": "http://dbpedia.org/resource/G.I._Bill"
    },
    {
        "subject": "http://dbpedia.org/resource/Robert_Goodnough",
        "predicate": "http://dbpedia.org/ontology/wikiPageWikiLink",
        "object": "http://dbpedia.org/resource/George_Cohen_(artist)"
    },
    {
        "subject": "http://dbpedia.org/resource/Robert_Goodnough",
        "predicate": "http://dbpedia.org/ontology/wikiPageWikiLink",
        "object": "http://dbpedia.org/resource/George_Grosz"
    },
    {
        "subject": "http://dbpedia.org/resource/Robert_Goodnough",
        "predicate": "http://dbpedia.org/ontology/wikiPageWikiLink",
        "object": "http://dbpedia.org/resource/George_McNeil_(artist)"
    },
    {
        "subject": "http://dbpedia.org/resource/Robert_Goodnough",
        "predicate": "http://dbpedia.org/ontology/wikiPageWikiLink",
        "object": "http://dbpedia.org/resource/German_Expressionism"
    },
    {
        "subject": "http://dbpedia.org/resource/Robert_Goodnough",
        "predicate": "http://dbpedia.org/ontology/wikiPageWikiLink",
        "object": "http://dbpedia.org/resource/Germany"
    },
    {
        "subject": "http://dbpedia.org/resource/Robert_Goodnough",
        "predicate": "http://dbpedia.org/ontology/wikiPageWikiLink",
        "object": "http://dbpedia.org/resource/Grace_Hartigan"
    },
    {
        "subject": "http://dbpedia.org/resource/Robert_Goodnough",
        "predicate": "http://dbpedia.org/ontology/wikiPageWikiLink",
        "object": "http://dbpedia.org/resource/The_Starry_Night"
    },
    {
        "subject": "http://dbpedia.org/resource/Robert_Goodnough",
        "predicate": "http://dbpedia.org/ontology/wikiPageWikiLink",
        "object": "http://dbpedia.org/resource/Theophilus_Brown"
    },
    {
        "subject": "http://dbpedia.org/resource/Robert_Goodnough",
        "predicate": "http://dbpedia.org/ontology/wikiPageWikiLink",
        "object": "http://dbpedia.org/resource/Bay_Area_Figurative_Movement"
    },
    {
        "subject": "http://dbpedia.org/resource/Robert_Goodnough",
        "predicate": "http://dbpedia.org/ontology/wikiPageWikiLink",
        "object": "http://dbpedia.org/resource/Allegorical"
    },
    {
        "subject": "http://dbpedia.org/resource/Robert_Goodnough",
        "predicate": "http://dbpedia.org/ontology/wikiPageWikiLink",
        "object": "http://dbpedia.org/resource/Bernard_Chaet"
    },
    {
        "subject": "http://dbpedia.org/resource/Robert_Goodnough",
        "predicate": "http://dbpedia.org/ontology/wikiPageWikiLink",
        "object": "http://dbpedia.org/resource/Leon_Golub"
    },
    {
        "subject": "http://dbpedia.org/resource/Robert_Goodnough",
        "predicate": "http://dbpedia.org/ontology/wikiPageWikiLink",
        "object": "http://dbpedia.org/resource/Fauvism"
    },
    {
        "subject": "http://dbpedia.org/resource/Robert_Goodnough",
        "predicate": "http://dbpedia.org/ontology/wikiPageWikiLink",
        "object": "http://dbpedia.org/resource/Henry_Gorski"
    },
    {
        "subject": "http://dbpedia.org/resource/Robert_Goodnough",
        "predicate": "http://dbpedia.org/ontology/wikiPageWikiLink",
        "object": "http://dbpedia.org/resource/Lester_Johnson_(artist)"
    },
    {
        "subject": "http://dbpedia.org/resource/Robert_Goodnough",
        "predicate": "http://dbpedia.org/ontology/wikiPageWikiLink",
        "object": "http://dbpedia.org/resource/Surrealism"
    },
    {
        "subject": "http://dbpedia.org/resource/Robert_Goodnough",
        "predicate": "http://dbpedia.org/ontology/wikiPageWikiLink",
        "object": "http://dbpedia.org/resource/Symbolism_(arts)"
    },
    {
        "subject": "http://dbpedia.org/resource/Robert_Goodnough",
        "predicate": "http://dbpedia.org/ontology/wikiPageWikiLink",
        "object": "http://dbpedia.org/resource/Balcomb_Greene"
    },
    {
        "subject": "http://dbpedia.org/resource/Robert_Goodnough",
        "predicate": "http://dbpedia.org/ontology/wikiPageWikiLink",
        "object": "http://dbpedia.org/resource/Category:Abstract_expressionism"
    },
    {
        "subject": "http://dbpedia.org/resource/Robert_Goodnough",
        "predicate": "http://dbpedia.org/ontology/wikiPageWikiLink",
        "object": "http://dbpedia.org/resource/Category:American_art_movements"
    },
    {
        "subject": "http://dbpedia.org/resource/Robert_Goodnough",
        "predicate": "http://dbpedia.org/ontology/wikiPageWikiLink",
        "object": "http://dbpedia.org/resource/Action_painting"
    },
    {
        "subject": "http://dbpedia.org/resource/Robert_Goodnough",
        "predicate": "http://dbpedia.org/ontology/wikiPageWikiLink",
        "object": "http://dbpedia.org/resource/Wassily_Kandinsky"
    },
    {
        "subject": "http://dbpedia.org/resource/Robert_Goodnough",
        "predicate": "http://dbpedia.org/ontology/wikiPageWikiLink",
        "object": "http://dbpedia.org/resource/Willem_de_Kooning"
    },
    {
        "subject": "http://dbpedia.org/resource/Robert_Goodnough",
        "predicate": "http://dbpedia.org/ontology/wikiPageWikiLink",
        "object": "http://dbpedia.org/resource/Social_realism"
    },
    {
        "subject": "http://dbpedia.org/resource/Robert_Goodnough",
        "predicate": "http://dbpedia.org/ontology/wikiPageWikiLink",
        "object": "http://dbpedia.org/resource/Abstraction"
    },
    {
        "subject": "http://dbpedia.org/resource/Robert_Goodnough",
        "predicate": "http://dbpedia.org/ontology/wikiPageWikiLink",
        "object": "http://dbpedia.org/resource/Category:20th-century_American_artists"
    },
    {
        "subject": "http://dbpedia.org/resource/Robert_Goodnough",
        "predicate": "http://dbpedia.org/ontology/wikiPageWikiLink",
        "object": "http://dbpedia.org/resource/Dada"
    },
    {
        "subject": "http://dbpedia.org/resource/Robert_Goodnough",
        "predicate": "http://dbpedia.org/ontology/wikiPageWikiLink",
        "object": "http://dbpedia.org/resource/Danforth_Art"
    },
    {
        "subject": "http://dbpedia.org/resource/Robert_Goodnough",
        "predicate": "http://dbpedia.org/ontology/wikiPageWikiLink",
        "object": "http://dbpedia.org/resource/Ernst_Ludwig_Kirchner"
    },
    {
        "subject": "http://dbpedia.org/resource/Robert_Goodnough",
        "predicate": "http://dbpedia.org/ontology/wikiPageWikiLink",
        "object": "http://dbpedia.org/resource/Ezio_Martinelli"
    },
    {
        "subject": "http://dbpedia.org/resource/Robert_Goodnough",
        "predicate": "http://dbpedia.org/ontology/wikiPageWikiLink",
        "object": "http://dbpedia.org/resource/Fairfield_Porter"
    },
    {
        "subject": "http://dbpedia.org/resource/Robert_Goodnough",
        "predicate": "http://dbpedia.org/ontology/wikiPageWikiLink",
        "object": "http://dbpedia.org/resource/Barbara_Swan"
    },
    {
        "subject": "http://dbpedia.org/resource/Robert_Goodnough",
        "predicate": "http://dbpedia.org/ontology/wikiPageWikiLink",
        "object": "http://dbpedia.org/resource/Oskar_Kokoschka"
    },
    {
        "subject": "http://dbpedia.org/resource/Robert_Goodnough",
        "predicate": "http://dbpedia.org/ontology/wikiPageWikiLink",
        "object": "http://dbpedia.org/resource/Otto_Dix"
    },
    {
        "subject": "http://dbpedia.org/resource/Robert_Goodnough",
        "predicate": "http://dbpedia.org/ontology/wikiPageWikiLink",
        "object": "http://dbpedia.org/resource/Die_Br\u00fccke"
    },
    {
        "subject": "http://dbpedia.org/resource/Robert_Goodnough",
        "predicate": "http://dbpedia.org/ontology/wikiPageWikiLink",
        "object": "http://dbpedia.org/resource/Defensiveness"
    },
    {
        "subject": "http://dbpedia.org/resource/Robert_Goodnough",
        "predicate": "http://dbpedia.org/ontology/wikiPageWikiLink",
        "object": "http://dbpedia.org/resource/History_painting"
    },
    {
        "subject": "http://dbpedia.org/resource/Robert_Goodnough",
        "predicate": "http://dbpedia.org/ontology/wikiPageWikiLink",
        "object": "http://dbpedia.org/resource/Joyce_Reopel"
    },
    {
        "subject": "http://dbpedia.org/resource/Robert_Goodnough",
        "predicate": "http://dbpedia.org/ontology/wikiPageWikiLink",
        "object": "http://dbpedia.org/resource/Representation_(arts)"
    },
    {
        "subject": "http://dbpedia.org/resource/Robert_Goodnough",
        "predicate": "http://dbpedia.org/ontology/wikiPageWikiLink",
        "object": "http://dbpedia.org/resource/Gregorio_Prestopino"
    },
    {
        "subject": "http://dbpedia.org/resource/Robert_Goodnough",
        "predicate": "http://dbpedia.org/ontology/wikiPageWikiLink",
        "object": "http://dbpedia.org/resource/H._C._Westermann"
    },
    {
        "subject": "http://dbpedia.org/resource/Robert_Goodnough",
        "predicate": "http://dbpedia.org/ontology/wikiPageWikiLink",
        "object": "http://dbpedia.org/resource/Harold_Rosenberg"
    },
    {
        "subject": "http://dbpedia.org/resource/Robert_Goodnough",
        "predicate": "http://dbpedia.org/ontology/wikiPageWikiLink",
        "object": "http://dbpedia.org/resource/Hassel_Smith"
    },
    {
        "subject": "http://dbpedia.org/resource/Robert_Goodnough",
        "predicate": "http://dbpedia.org/ontology/wikiPageWikiLink",
        "object": "http://dbpedia.org/resource/Henri_Matisse"
    },
    {
        "subject": "http://dbpedia.org/resource/Robert_Goodnough",
        "predicate": "http://dbpedia.org/ontology/wikiPageWikiLink",
        "object": "http://dbpedia.org/resource/Henry_Varnum_Poor_(designer)"
    },
    {
        "subject": "http://dbpedia.org/resource/Robert_Goodnough",
        "predicate": "http://dbpedia.org/ontology/wikiPageWikiLink",
        "object": "http://dbpedia.org/resource/Irving_Kriesberg"
    },
    {
        "subject": "http://dbpedia.org/resource/Robert_Goodnough",
        "predicate": "http://dbpedia.org/ontology/wikiPageWikiLink",
        "object": "http://dbpedia.org/resource/Isabel_Bishop"
    },
    {
        "subject": "http://dbpedia.org/resource/Robert_Goodnough",
        "predicate": "http://dbpedia.org/ontology/wikiPageWikiLink",
        "object": "http://dbpedia.org/resource/Jack_Levine"
    },
    {
        "subject": "http://dbpedia.org/resource/Robert_Goodnough",
        "predicate": "http://dbpedia.org/ontology/wikiPageWikiLink",
        "object": "http://dbpedia.org/resource/Jackson_Pollock"
    },
    {
        "subject": "http://dbpedia.org/resource/Robert_Goodnough",
        "predicate": "http://dbpedia.org/ontology/wikiPageWikiLink",
        "object": "http://dbpedia.org/resource/James_Ensor"
    },
    {
        "subject": "http://dbpedia.org/resource/Robert_Goodnough",
        "predicate": "http://dbpedia.org/ontology/wikiPageWikiLink",
        "object": "http://dbpedia.org/resource/Jan_M\u00fcller_(artist)"
    },
    {
        "subject": "http://dbpedia.org/resource/Robert_Goodnough",
        "predicate": "http://dbpedia.org/ontology/wikiPageWikiLink",
        "object": "http://dbpedia.org/resource/Jane_Freilicher"
    },
    {
        "subject": "http://dbpedia.org/resource/Robert_Goodnough",
        "predicate": "http://dbpedia.org/ontology/wikiPageWikiLink",
        "object": "http://dbpedia.org/resource/The_Blue_Rider_(Kandinsky_painting)"
    },
    {
        "subject": "http://dbpedia.org/resource/Robert_Goodnough",
        "predicate": "http://dbpedia.org/ontology/wikiPageWikiLink",
        "object": "http://dbpedia.org/resource/Archives_of_American_Art"
    },
    {
        "subject": "http://dbpedia.org/resource/Robert_Goodnough",
        "predicate": "http://dbpedia.org/ontology/wikiPageWikiLink",
        "object": "http://dbpedia.org/resource/Arthur_Polonsky"
    },
    {
        "subject": "http://dbpedia.org/resource/Robert_Goodnough",
        "predicate": "http://dbpedia.org/ontology/wikiPageWikiLink",
        "object": "http://dbpedia.org/resource/Abstract_expressionism"
    },
    {
        "subject": "http://dbpedia.org/resource/Robert_Goodnough",
        "predicate": "http://dbpedia.org/ontology/wikiPageWikiLink",
        "object": "http://dbpedia.org/resource/Category:American_Expressionist_painters"
    },
    {
        "subject": "http://dbpedia.org/resource/Robert_Goodnough",
        "predicate": "http://dbpedia.org/ontology/wikiPageWikiLink",
        "object": "http://dbpedia.org/resource/Joan_Brown"
    },
    {
        "subject": "http://dbpedia.org/resource/Robert_Goodnough",
        "predicate": "http://dbpedia.org/ontology/wikiPageWikiLink",
        "object": "http://dbpedia.org/resource/Kahlil_Gibran_(sculptor)"
    },
    {
        "subject": "http://dbpedia.org/resource/Robert_Goodnough",
        "predicate": "http://dbpedia.org/ontology/wikiPageWikiLink",
        "object": "http://dbpedia.org/resource/Karl_Zerbe"
    },
    {
        "subject": "http://dbpedia.org/resource/Robert_Goodnough",
        "predicate": "http://dbpedia.org/ontology/wikiPageWikiLink",
        "object": "http://dbpedia.org/resource/Larry_Rivers"
    },
    {
        "subject": "http://dbpedia.org/resource/Robert_Goodnough",
        "predicate": "http://dbpedia.org/ontology/wikiPageWikiLink",
        "object": "http://dbpedia.org/resource/Jazz_band"
    },
    {
        "subject": "http://dbpedia.org/resource/Robert_Goodnough",
        "predicate": "http://dbpedia.org/ontology/wikiPageWikiLink",
        "object": "http://dbpedia.org/resource/Robert_De_Niro,_Sr."
    }
]