[
    {
        "subject": "http://dbpedia.org/resource/Sarah_Sze",
        "predicate": "http://dbpedia.org/ontology/wikiPageWikiLink",
        "object": "http://dbpedia.org/resource/Canada"
    },
    {
        "subject": "http://dbpedia.org/resource/Sarah_Sze",
        "predicate": "http://dbpedia.org/ontology/wikiPageWikiLink",
        "object": "http://dbpedia.org/resource/Cargill_MacMillan_Jr."
    },
    {
        "subject": "http://dbpedia.org/resource/Sarah_Sze",
        "predicate": "http://dbpedia.org/ontology/wikiPageWikiLink",
        "object": "http://dbpedia.org/resource/Carl_Andre"
    },
    {
        "subject": "http://dbpedia.org/resource/Sarah_Sze",
        "predicate": "http://dbpedia.org/ontology/wikiPageWikiLink",
        "object": "http://dbpedia.org/resource/Carnegie_Museum_of_Art"
    },
    {
        "subject": "http://dbpedia.org/resource/Sarah_Sze",
        "predicate": "http://dbpedia.org/ontology/wikiPageWikiLink",
        "object": "http://dbpedia.org/resource/American_Academy_in_Rome"
    },
    {
        "subject": "http://dbpedia.org/resource/Sarah_Sze",
        "predicate": "http://dbpedia.org/ontology/wikiPageWikiLink",
        "object": "http://dbpedia.org/resource/American_Art_Directory"
    },
    {
        "subject": "http://dbpedia.org/resource/Sarah_Sze",
        "predicate": "http://dbpedia.org/ontology/wikiPageWikiLink",
        "object": "http://dbpedia.org/resource/Category:1909_establishments_in_the_United_States"
    },
    {
        "subject": "http://dbpedia.org/resource/Sarah_Sze",
        "predicate": "http://dbpedia.org/ontology/wikiPageWikiLink",
        "object": "http://dbpedia.org/resource/Category:Arts_organizations_established_in_1909"
    },
    {
        "subject": "http://dbpedia.org/resource/Sarah_Sze",
        "predicate": "http://dbpedia.org/ontology/wikiPageWikiLink",
        "object": "http://dbpedia.org/resource/Robert_Morris_(artist)"
    },
    {
        "subject": "http://dbpedia.org/resource/Sarah_Sze",
        "predicate": "http://dbpedia.org/ontology/wikiPageWikiLink",
        "object": "http://dbpedia.org/resource/Robert_Motherwell"
    },
    {
        "subject": "http://dbpedia.org/resource/Sarah_Sze",
        "predicate": "http://dbpedia.org/ontology/wikiPageWikiLink",
        "object": "http://dbpedia.org/resource/Robert_Smithson"
    },
    {
        "subject": "http://dbpedia.org/resource/Sarah_Sze",
        "predicate": "http://dbpedia.org/ontology/wikiPageWikiLink",
        "object": "http://dbpedia.org/resource/Robert_W._DeForest"
    },
    {
        "subject": "http://dbpedia.org/resource/Sarah_Sze",
        "predicate": "http://dbpedia.org/ontology/wikiPageWikiLink",
        "object": "http://dbpedia.org/resource/Robert_Woods_Bliss"
    },
    {
        "subject": "http://dbpedia.org/resource/Sarah_Sze",
        "predicate": "http://dbpedia.org/ontology/wikiPageWikiLink",
        "object": "http://dbpedia.org/resource/Roberta_Smith"
    },
    {
        "subject": "http://dbpedia.org/resource/Sarah_Sze",
        "predicate": "http://dbpedia.org/ontology/wikiPageWikiLink",
        "object": "http://dbpedia.org/resource/Roy_Neuberger"
    },
    {
        "subject": "http://dbpedia.org/resource/Sarah_Sze",
        "predicate": "http://dbpedia.org/ontology/wikiPageWikiLink",
        "object": "http://dbpedia.org/resource/Sarah_Sze"
    },
    {
        "subject": "http://dbpedia.org/resource/Sarah_Sze",
        "predicate": "http://dbpedia.org/ontology/wikiPageWikiLink",
        "object": "http://dbpedia.org/resource/National_Museum_Wales"
    },
    {
        "subject": "http://dbpedia.org/resource/Sarah_Sze",
        "predicate": "http://dbpedia.org/ontology/wikiPageWikiLink",
        "object": "http://dbpedia.org/resource/Bill_Viola"
    },
    {
        "subject": "http://dbpedia.org/resource/Sarah_Sze",
        "predicate": "http://dbpedia.org/ontology/wikiPageWikiLink",
        "object": "http://dbpedia.org/resource/Brice_Marden"
    },
    {
        "subject": "http://dbpedia.org/resource/Sarah_Sze",
        "predicate": "http://dbpedia.org/ontology/wikiPageWikiLink",
        "object": "http://dbpedia.org/resource/Degas"
    },
    {
        "subject": "http://dbpedia.org/resource/Sarah_Sze",
        "predicate": "http://dbpedia.org/ontology/wikiPageWikiLink",
        "object": "http://dbpedia.org/resource/Hunter_College"
    },
    {
        "subject": "http://dbpedia.org/resource/Sarah_Sze",
        "predicate": "http://dbpedia.org/ontology/wikiPageWikiLink",
        "object": "http://dbpedia.org/resource/Jules_Olitski"
    },
    {
        "subject": "http://dbpedia.org/resource/Sarah_Sze",
        "predicate": "http://dbpedia.org/ontology/wikiPageWikiLink",
        "object": "http://dbpedia.org/resource/Peabody_Essex_Museum"
    },
    {
        "subject": "http://dbpedia.org/resource/Sarah_Sze",
        "predicate": "http://dbpedia.org/ontology/wikiPageWikiLink",
        "object": "http://dbpedia.org/resource/Richard_Serra"
    },
    {
        "subject": "http://dbpedia.org/resource/Sarah_Sze",
        "predicate": "http://dbpedia.org/ontology/wikiPageWikiLink",
        "object": "http://dbpedia.org/resource/Robert_Bechtle"
    },
    {
        "subject": "http://dbpedia.org/resource/Sarah_Sze",
        "predicate": "http://dbpedia.org/ontology/wikiPageWikiLink",
        "object": "http://dbpedia.org/resource/University_of_California,_Berkeley"
    },
    {
        "subject": "http://dbpedia.org/resource/Sarah_Sze",
        "predicate": "http://dbpedia.org/ontology/wikiPageWikiLink",
        "object": "http://dbpedia.org/resource/Venice_Biennale"
    },
    {
        "subject": "http://dbpedia.org/resource/Sarah_Sze",
        "predicate": "http://dbpedia.org/ontology/wikiPageWikiLink",
        "object": "http://dbpedia.org/resource/Interstate_Commerce_Commission"
    },
    {
        "subject": "http://dbpedia.org/resource/Sarah_Sze",
        "predicate": "http://dbpedia.org/ontology/wikiPageWikiLink",
        "object": "http://dbpedia.org/resource/Category:Arts_organizations_based_in_New_York_City"
    },
    {
        "subject": "http://dbpedia.org/resource/Sarah_Sze",
        "predicate": "http://dbpedia.org/ontology/wikiPageWikiLink",
        "object": "http://dbpedia.org/resource/Corcoran_Gallery_of_Art"
    },
    {
        "subject": "http://dbpedia.org/resource/Sarah_Sze",
        "predicate": "http://dbpedia.org/ontology/wikiPageWikiLink",
        "object": "http://dbpedia.org/resource/Matisse"
    },
    {
        "subject": "http://dbpedia.org/resource/Sarah_Sze",
        "predicate": "http://dbpedia.org/ontology/wikiPageWikiLink",
        "object": "http://dbpedia.org/resource/Maya_Lin"
    },
    {
        "subject": "http://dbpedia.org/resource/Sarah_Sze",
        "predicate": "http://dbpedia.org/ontology/wikiPageWikiLink",
        "object": "http://dbpedia.org/resource/Chola_art"
    },
    {
        "subject": "http://dbpedia.org/resource/Sarah_Sze",
        "predicate": "http://dbpedia.org/ontology/wikiPageWikiLink",
        "object": "http://dbpedia.org/resource/General_Federation_of_Women's_Clubs"
    },
    {
        "subject": "http://dbpedia.org/resource/Sarah_Sze",
        "predicate": "http://dbpedia.org/ontology/wikiPageWikiLink",
        "object": "http://dbpedia.org/resource/Christo_and_Jeanne-Claude"
    },
    {
        "subject": "http://dbpedia.org/resource/Sarah_Sze",
        "predicate": "http://dbpedia.org/ontology/wikiPageWikiLink",
        "object": "http://dbpedia.org/resource/Cindy_Sherman"
    },
    {
        "subject": "http://dbpedia.org/resource/Sarah_Sze",
        "predicate": "http://dbpedia.org/ontology/wikiPageWikiLink",
        "object": "http://dbpedia.org/resource/Claes_Oldenburg"
    },
    {
        "subject": "http://dbpedia.org/resource/Sarah_Sze",
        "predicate": "http://dbpedia.org/ontology/wikiPageWikiLink",
        "object": "http://dbpedia.org/resource/Claremont_Graduate_University"
    },
    {
        "subject": "http://dbpedia.org/resource/Sarah_Sze",
        "predicate": "http://dbpedia.org/ontology/wikiPageWikiLink",
        "object": "http://dbpedia.org/resource/Colby_College_Museum_of_Art"
    },
    {
        "subject": "http://dbpedia.org/resource/Sarah_Sze",
        "predicate": "http://dbpedia.org/ontology/wikiPageWikiLink",
        "object": "http://dbpedia.org/resource/Edythe_Broad"
    },
    {
        "subject": "http://dbpedia.org/resource/Sarah_Sze",
        "predicate": "http://dbpedia.org/ontology/wikiPageWikiLink",
        "object": "http://dbpedia.org/resource/Eli_Broad"
    },
    {
        "subject": "http://dbpedia.org/resource/Sarah_Sze",
        "predicate": "http://dbpedia.org/ontology/wikiPageWikiLink",
        "object": "http://dbpedia.org/resource/Eliel_Saarinen"
    },
    {
        "subject": "http://dbpedia.org/resource/Sarah_Sze",
        "predicate": "http://dbpedia.org/ontology/wikiPageWikiLink",
        "object": "http://dbpedia.org/resource/Elihu_Root"
    },
    {
        "subject": "http://dbpedia.org/resource/Sarah_Sze",
        "predicate": "http://dbpedia.org/ontology/wikiPageWikiLink",
        "object": "http://dbpedia.org/resource/Elizabeth_Murray_(artist)"
    },
    {
        "subject": "http://dbpedia.org/resource/Sarah_Sze",
        "predicate": "http://dbpedia.org/ontology/wikiPageWikiLink",
        "object": "http://dbpedia.org/resource/Ellsworth_Kelly"
    },
    {
        "subject": "http://dbpedia.org/resource/Sarah_Sze",
        "predicate": "http://dbpedia.org/ontology/wikiPageWikiLink",
        "object": "http://dbpedia.org/resource/Frank_Lloyd_Wright"
    },
    {
        "subject": "http://dbpedia.org/resource/Sarah_Sze",
        "predicate": "http://dbpedia.org/ontology/wikiPageWikiLink",
        "object": "http://dbpedia.org/resource/Frank_Stella"
    },
    {
        "subject": "http://dbpedia.org/resource/Sarah_Sze",
        "predicate": "http://dbpedia.org/ontology/wikiPageWikiLink",
        "object": "http://dbpedia.org/resource/Gerhard_Richter"
    },
    {
        "subject": "http://dbpedia.org/resource/Sarah_Sze",
        "predicate": "http://dbpedia.org/ontology/wikiPageWikiLink",
        "object": "http://dbpedia.org/resource/Getty_Center"
    },
    {
        "subject": "http://dbpedia.org/resource/Sarah_Sze",
        "predicate": "http://dbpedia.org/ontology/wikiPageWikiLink",
        "object": "http://dbpedia.org/resource/Getty_Leadership_Institute_at_Claremont_Graduate_University"
    },
    {
        "subject": "http://dbpedia.org/resource/Sarah_Sze",
        "predicate": "http://dbpedia.org/ontology/wikiPageWikiLink",
        "object": "http://dbpedia.org/resource/Gilbert_&_George"
    },
    {
        "subject": "http://dbpedia.org/resource/Sarah_Sze",
        "predicate": "http://dbpedia.org/ontology/wikiPageWikiLink",
        "object": "http://dbpedia.org/resource/Morris_Louis"
    },
    {
        "subject": "http://dbpedia.org/resource/Sarah_Sze",
        "predicate": "http://dbpedia.org/ontology/wikiPageWikiLink",
        "object": "http://dbpedia.org/resource/Museum_of_Fine_Arts,_Houston"
    },
    {
        "subject": "http://dbpedia.org/resource/Sarah_Sze",
        "predicate": "http://dbpedia.org/ontology/wikiPageWikiLink",
        "object": "http://dbpedia.org/resource/Museum_of_Modern_Art"
    },
    {
        "subject": "http://dbpedia.org/resource/Sarah_Sze",
        "predicate": "http://dbpedia.org/ontology/wikiPageWikiLink",
        "object": "http://dbpedia.org/resource/Nam_June_Paik"
    },
    {
        "subject": "http://dbpedia.org/resource/Sarah_Sze",
        "predicate": "http://dbpedia.org/ontology/wikiPageWikiLink",
        "object": "http://dbpedia.org/resource/The_New_York_Times"
    },
    {
        "subject": "http://dbpedia.org/resource/Sarah_Sze",
        "predicate": "http://dbpedia.org/ontology/wikiPageWikiLink",
        "object": "http://dbpedia.org/resource/The_New_Yorker"
    },
    {
        "subject": "http://dbpedia.org/resource/Sarah_Sze",
        "predicate": "http://dbpedia.org/ontology/wikiPageWikiLink",
        "object": "http://dbpedia.org/resource/The_Washington_Star"
    },
    {
        "subject": "http://dbpedia.org/resource/Sarah_Sze",
        "predicate": "http://dbpedia.org/ontology/wikiPageWikiLink",
        "object": "http://dbpedia.org/resource/Theodore_Roosevelt"
    },
    {
        "subject": "http://dbpedia.org/resource/Sarah_Sze",
        "predicate": "http://dbpedia.org/ontology/wikiPageWikiLink",
        "object": "http://dbpedia.org/resource/Thomas_Krens"
    },
    {
        "subject": "http://dbpedia.org/resource/Sarah_Sze",
        "predicate": "http://dbpedia.org/ontology/wikiPageWikiLink",
        "object": "http://dbpedia.org/resource/Andrew_W._Mellon"
    },
    {
        "subject": "http://dbpedia.org/resource/Sarah_Sze",
        "predicate": "http://dbpedia.org/ontology/wikiPageWikiLink",
        "object": "http://dbpedia.org/resource/Anne_d'Harnoncourt"
    },
    {
        "subject": "http://dbpedia.org/resource/Sarah_Sze",
        "predicate": "http://dbpedia.org/ontology/wikiPageWikiLink",
        "object": "http://dbpedia.org/resource/Lincoln_Center_for_the_Performing_Arts"
    },
    {
        "subject": "http://dbpedia.org/resource/Sarah_Sze",
        "predicate": "http://dbpedia.org/ontology/wikiPageWikiLink",
        "object": "http://dbpedia.org/resource/Lorna_Simpson"
    },
    {
        "subject": "http://dbpedia.org/resource/Sarah_Sze",
        "predicate": "http://dbpedia.org/ontology/wikiPageWikiLink",
        "object": "http://dbpedia.org/resource/Louise_Bourgeois"
    },
    {
        "subject": "http://dbpedia.org/resource/Sarah_Sze",
        "predicate": "http://dbpedia.org/ontology/wikiPageWikiLink",
        "object": "http://dbpedia.org/resource/Louvre"
    },
    {
        "subject": "http://dbpedia.org/resource/Sarah_Sze",
        "predicate": "http://dbpedia.org/ontology/wikiPageWikiLink",
        "object": "http://dbpedia.org/resource/Lubbock,_Texas"
    },
    {
        "subject": "http://dbpedia.org/resource/Sarah_Sze",
        "predicate": "http://dbpedia.org/ontology/wikiPageWikiLink",
        "object": "http://dbpedia.org/resource/Shirin_Neshat"
    },
    {
        "subject": "http://dbpedia.org/resource/Sarah_Sze",
        "predicate": "http://dbpedia.org/ontology/wikiPageWikiLink",
        "object": "http://dbpedia.org/resource/Stuart_Davis_(painter)"
    },
    {
        "subject": "http://dbpedia.org/resource/Sarah_Sze",
        "predicate": "http://dbpedia.org/ontology/wikiPageWikiLink",
        "object": "http://dbpedia.org/resource/Bard_Graduate_Center"
    },
    {
        "subject": "http://dbpedia.org/resource/Sarah_Sze",
        "predicate": "http://dbpedia.org/ontology/wikiPageWikiLink",
        "object": "http://dbpedia.org/resource/Buddy_Holly_Center"
    },
    {
        "subject": "http://dbpedia.org/resource/Sarah_Sze",
        "predicate": "http://dbpedia.org/ontology/wikiPageWikiLink",
        "object": "http://dbpedia.org/resource/Cecilia_Beaux"
    },
    {
        "subject": "http://dbpedia.org/resource/Sarah_Sze",
        "predicate": "http://dbpedia.org/ontology/wikiPageWikiLink",
        "object": "http://dbpedia.org/resource/Tony_Oursler"
    },
    {
        "subject": "http://dbpedia.org/resource/Sarah_Sze",
        "predicate": "http://dbpedia.org/ontology/wikiPageWikiLink",
        "object": "http://dbpedia.org/resource/Wangechi_Mutu"
    },
    {
        "subject": "http://dbpedia.org/resource/Sarah_Sze",
        "predicate": "http://dbpedia.org/ontology/wikiPageWikiLink",
        "object": "http://dbpedia.org/resource/Whitney_Museum"
    },
    {
        "subject": "http://dbpedia.org/resource/Sarah_Sze",
        "predicate": "http://dbpedia.org/ontology/wikiPageWikiLink",
        "object": "http://dbpedia.org/resource/Whitney_Museum_of_American_Art"
    },
    {
        "subject": "http://dbpedia.org/resource/Sarah_Sze",
        "predicate": "http://dbpedia.org/ontology/wikiPageWikiLink",
        "object": "http://dbpedia.org/resource/Who's_Who_in_American_Art"
    },
    {
        "subject": "http://dbpedia.org/resource/Sarah_Sze",
        "predicate": "http://dbpedia.org/ontology/wikiPageWikiLink",
        "object": "http://dbpedia.org/resource/William_Howard_Taft"
    },
    {
        "subject": "http://dbpedia.org/resource/Sarah_Sze",
        "predicate": "http://dbpedia.org/ontology/wikiPageWikiLink",
        "object": "http://dbpedia.org/resource/William_Merritt_Chase"
    },
    {
        "subject": "http://dbpedia.org/resource/Sarah_Sze",
        "predicate": "http://dbpedia.org/ontology/wikiPageWikiLink",
        "object": "http://dbpedia.org/resource/William_Wegman_(photographer)"
    },
    {
        "subject": "http://dbpedia.org/resource/Sarah_Sze",
        "predicate": "http://dbpedia.org/ontology/wikiPageWikiLink",
        "object": "http://dbpedia.org/resource/Winslow_Homer"
    },
    {
        "subject": "http://dbpedia.org/resource/Sarah_Sze",
        "predicate": "http://dbpedia.org/ontology/wikiPageWikiLink",
        "object": "http://dbpedia.org/resource/John_Currin"
    },
    {
        "subject": "http://dbpedia.org/resource/Sarah_Sze",
        "predicate": "http://dbpedia.org/ontology/wikiPageWikiLink",
        "object": "http://dbpedia.org/resource/John_H._Bryan"
    },
    {
        "subject": "http://dbpedia.org/resource/Sarah_Sze",
        "predicate": "http://dbpedia.org/ontology/wikiPageWikiLink",
        "object": "http://dbpedia.org/resource/Lisa_Small"
    },
    {
        "subject": "http://dbpedia.org/resource/Sarah_Sze",
        "predicate": "http://dbpedia.org/ontology/wikiPageWikiLink",
        "object": "http://dbpedia.org/resource/ARTnews"
    },
    {
        "subject": "http://dbpedia.org/resource/Sarah_Sze",
        "predicate": "http://dbpedia.org/ontology/wikiPageWikiLink",
        "object": "http://dbpedia.org/resource/Adam_Gopnik"
    },
    {
        "subject": "http://dbpedia.org/resource/Sarah_Sze",
        "predicate": "http://dbpedia.org/ontology/wikiPageWikiLink",
        "object": "http://dbpedia.org/resource/Africa"
    },
    {
        "subject": "http://dbpedia.org/resource/Sarah_Sze",
        "predicate": "http://dbpedia.org/ontology/wikiPageWikiLink",
        "object": "http://dbpedia.org/resource/Agnes_Martin"
    },
    {
        "subject": "http://dbpedia.org/resource/Sarah_Sze",
        "predicate": "http://dbpedia.org/ontology/wikiPageWikiLink",
        "object": "http://dbpedia.org/resource/Alberto_Giacometti"
    },
    {
        "subject": "http://dbpedia.org/resource/Sarah_Sze",
        "predicate": "http://dbpedia.org/ontology/wikiPageWikiLink",
        "object": "http://dbpedia.org/resource/Alfred_Stieglitz"
    },
    {
        "subject": "http://dbpedia.org/resource/Sarah_Sze",
        "predicate": "http://dbpedia.org/ontology/wikiPageWikiLink",
        "object": "http://dbpedia.org/resource/Alice_Walton"
    },
    {
        "subject": "http://dbpedia.org/resource/Sarah_Sze",
        "predicate": "http://dbpedia.org/ontology/wikiPageWikiLink",
        "object": "http://dbpedia.org/resource/Altria"
    },
    {
        "subject": "http://dbpedia.org/resource/Sarah_Sze",
        "predicate": "http://dbpedia.org/ontology/wikiPageWikiLink",
        "object": "http://dbpedia.org/resource/American_Fine_Arts_Society"
    },
    {
        "subject": "http://dbpedia.org/resource/Sarah_Sze",
        "predicate": "http://dbpedia.org/ontology/wikiPageWikiLink",
        "object": "http://dbpedia.org/resource/American_Institute_of_Architects"
    },
    {
        "subject": "http://dbpedia.org/resource/Sarah_Sze",
        "predicate": "http://dbpedia.org/ontology/wikiPageWikiLink",
        "object": "http://dbpedia.org/resource/C\u00e9zanne"
    },
    {
        "subject": "http://dbpedia.org/resource/Sarah_Sze",
        "predicate": "http://dbpedia.org/ontology/wikiPageWikiLink",
        "object": "http://dbpedia.org/resource/Earl_A._Powell_III"
    },
    {
        "subject": "http://dbpedia.org/resource/Sarah_Sze",
        "predicate": "http://dbpedia.org/ontology/wikiPageWikiLink",
        "object": "http://dbpedia.org/resource/Europe"
    },
    {
        "subject": "http://dbpedia.org/resource/Sarah_Sze",
        "predicate": "http://dbpedia.org/ontology/wikiPageWikiLink",
        "object": "http://dbpedia.org/resource/Eva_Hesse"
    },
    {
        "subject": "http://dbpedia.org/resource/Sarah_Sze",
        "predicate": "http://dbpedia.org/ontology/wikiPageWikiLink",
        "object": "http://dbpedia.org/resource/Francis_Davis_Millet"
    },
    {
        "subject": "http://dbpedia.org/resource/Sarah_Sze",
        "predicate": "http://dbpedia.org/ontology/wikiPageWikiLink",
        "object": "http://dbpedia.org/resource/Norman_Bel_Geddes"
    }
]