[
    {
        "subject": "http://dbpedia.org/resource/Sol_LeWitt",
        "predicate": "http://dbpedia.org/ontology/wikiPageWikiLink",
        "object": "http://dbpedia.org/resource/CaixaForum_Madrid"
    },
    {
        "subject": "http://dbpedia.org/resource/Sol_LeWitt",
        "predicate": "http://dbpedia.org/ontology/wikiPageWikiLink",
        "object": "http://dbpedia.org/resource/Catalonia"
    },
    {
        "subject": "http://dbpedia.org/resource/Sol_LeWitt",
        "predicate": "http://dbpedia.org/ontology/wikiPageWikiLink",
        "object": "http://dbpedia.org/resource/Modernisme"
    },
    {
        "subject": "http://dbpedia.org/resource/Sol_LeWitt",
        "predicate": "http://dbpedia.org/ontology/wikiPageWikiLink",
        "object": "http://dbpedia.org/resource/Josep_Puig_i_Cadafalch"
    },
    {
        "subject": "http://dbpedia.org/resource/Sol_LeWitt",
        "predicate": "http://dbpedia.org/ontology/wikiPageWikiLink",
        "object": "http://dbpedia.org/resource/1929_Barcelona_International_Exposition"
    },
    {
        "subject": "http://dbpedia.org/resource/Sol_LeWitt",
        "predicate": "http://dbpedia.org/ontology/wikiPageWikiLink",
        "object": "http://dbpedia.org/resource/CosmoCaixa_Barcelona"
    },
    {
        "subject": "http://dbpedia.org/resource/Sol_LeWitt",
        "predicate": "http://dbpedia.org/ontology/wikiPageWikiLink",
        "object": "http://dbpedia.org/resource/City_Council_of_Barcelona"
    },
    {
        "subject": "http://dbpedia.org/resource/Sol_LeWitt",
        "predicate": "http://dbpedia.org/ontology/wikiPageWikiLink",
        "object": "http://dbpedia.org/resource/Montju\u00efc"
    },
    {
        "subject": "http://dbpedia.org/resource/Sol_LeWitt",
        "predicate": "http://dbpedia.org/ontology/wikiPageWikiLink",
        "object": "http://dbpedia.org/resource/Arata_Isozaki"
    },
    {
        "subject": "http://dbpedia.org/resource/Sol_LeWitt",
        "predicate": "http://dbpedia.org/ontology/wikiPageWikiLink",
        "object": "http://dbpedia.org/resource/CaixaForum_Lleida"
    },
    {
        "subject": "http://dbpedia.org/resource/Sol_LeWitt",
        "predicate": "http://dbpedia.org/ontology/wikiPageWikiLink",
        "object": "http://dbpedia.org/resource/Barcelona"
    },
    {
        "subject": "http://dbpedia.org/resource/Sol_LeWitt",
        "predicate": "http://dbpedia.org/ontology/wikiPageWikiLink",
        "object": "http://dbpedia.org/resource/Cultural_center"
    },
    {
        "subject": "http://dbpedia.org/resource/Sol_LeWitt",
        "predicate": "http://dbpedia.org/ontology/wikiPageWikiLink",
        "object": "http://dbpedia.org/resource/Banking_foundation"
    },
    {
        "subject": "http://dbpedia.org/resource/Sol_LeWitt",
        "predicate": "http://dbpedia.org/ontology/wikiPageWikiLink",
        "object": "http://dbpedia.org/resource/Category:La_Caixa"
    },
    {
        "subject": "http://dbpedia.org/resource/Sol_LeWitt",
        "predicate": "http://dbpedia.org/ontology/wikiPageWikiLink",
        "object": "http://dbpedia.org/resource/Category:Museums_in_Barcelona"
    },
    {
        "subject": "http://dbpedia.org/resource/Sol_LeWitt",
        "predicate": "http://dbpedia.org/ontology/wikiPageWikiLink",
        "object": "http://dbpedia.org/resource/Armed_Police_Corps"
    },
    {
        "subject": "http://dbpedia.org/resource/Sol_LeWitt",
        "predicate": "http://dbpedia.org/ontology/wikiPageWikiLink",
        "object": "http://dbpedia.org/resource/Category:Art_museums_and_galleries_in_Catalonia"
    },
    {
        "subject": "http://dbpedia.org/resource/Sol_LeWitt",
        "predicate": "http://dbpedia.org/ontology/wikiPageWikiLink",
        "object": "http://dbpedia.org/resource/La_Caixa"
    },
    {
        "subject": "http://dbpedia.org/resource/Sol_LeWitt",
        "predicate": "http://dbpedia.org/ontology/wikiPageWikiLink",
        "object": "http://dbpedia.org/resource/Textile"
    },
    {
        "subject": "http://dbpedia.org/resource/Sol_LeWitt",
        "predicate": "http://dbpedia.org/ontology/wikiPageWikiLink",
        "object": "http://dbpedia.org/resource/Pla\u00e7a_d'Espanya_station"
    },
    {
        "subject": "http://dbpedia.org/resource/Sol_LeWitt",
        "predicate": "http://dbpedia.org/ontology/wikiPageWikiLink",
        "object": "http://dbpedia.org/resource/Sol_LeWitt"
    },
    {
        "subject": "http://dbpedia.org/resource/Sol_LeWitt",
        "predicate": "http://dbpedia.org/ontology/wikiPageWikiLink",
        "object": "http://dbpedia.org/resource/Spain"
    },
    {
        "subject": "http://dbpedia.org/resource/Sol_LeWitt",
        "predicate": "http://dbpedia.org/ontology/wikiPageWikiLink",
        "object": "http://dbpedia.org/resource/Canada"
    },
    {
        "subject": "http://dbpedia.org/resource/Sol_LeWitt",
        "predicate": "http://dbpedia.org/ontology/wikiPageWikiLink",
        "object": "http://dbpedia.org/resource/Canadian_Exhibition_at_the_Louisiana_Purchase_Exposition"
    },
    {
        "subject": "http://dbpedia.org/resource/Sol_LeWitt",
        "predicate": "http://dbpedia.org/ontology/wikiPageWikiLink",
        "object": "http://dbpedia.org/resource/Carl_Schaefer_(artist)"
    },
    {
        "subject": "http://dbpedia.org/resource/Sol_LeWitt",
        "predicate": "http://dbpedia.org/ontology/wikiPageWikiLink",
        "object": "http://dbpedia.org/resource/Beaver_Hall_Group"
    },
    {
        "subject": "http://dbpedia.org/resource/Sol_LeWitt",
        "predicate": "http://dbpedia.org/ontology/wikiPageWikiLink",
        "object": "http://dbpedia.org/resource/Category:Canadian_art"
    },
    {
        "subject": "http://dbpedia.org/resource/Sol_LeWitt",
        "predicate": "http://dbpedia.org/ontology/wikiPageWikiLink",
        "object": "http://dbpedia.org/resource/Quebec_City"
    },
    {
        "subject": "http://dbpedia.org/resource/Sol_LeWitt",
        "predicate": "http://dbpedia.org/ontology/wikiPageWikiLink",
        "object": "http://dbpedia.org/resource/Robert_Markle"
    },
    {
        "subject": "http://dbpedia.org/resource/Sol_LeWitt",
        "predicate": "http://dbpedia.org/ontology/wikiPageWikiLink",
        "object": "http://dbpedia.org/resource/Robert_Murray_(artist)"
    },
    {
        "subject": "http://dbpedia.org/resource/Sol_LeWitt",
        "predicate": "http://dbpedia.org/ontology/wikiPageWikiLink",
        "object": "http://dbpedia.org/resource/Robert_Smithson"
    },
    {
        "subject": "http://dbpedia.org/resource/Sol_LeWitt",
        "predicate": "http://dbpedia.org/ontology/wikiPageWikiLink",
        "object": "http://dbpedia.org/resource/Rococo"
    },
    {
        "subject": "http://dbpedia.org/resource/Sol_LeWitt",
        "predicate": "http://dbpedia.org/ontology/wikiPageWikiLink",
        "object": "http://dbpedia.org/resource/Rodney_Graham"
    },
    {
        "subject": "http://dbpedia.org/resource/Sol_LeWitt",
        "predicate": "http://dbpedia.org/ontology/wikiPageWikiLink",
        "object": "http://dbpedia.org/resource/Romanticism"
    },
    {
        "subject": "http://dbpedia.org/resource/Sol_LeWitt",
        "predicate": "http://dbpedia.org/ontology/wikiPageWikiLink",
        "object": "http://dbpedia.org/resource/Royal_Academy_of_Arts"
    },
    {
        "subject": "http://dbpedia.org/resource/Sol_LeWitt",
        "predicate": "http://dbpedia.org/ontology/wikiPageWikiLink",
        "object": "http://dbpedia.org/resource/Royal_Military_College_of_Canada"
    },
    {
        "subject": "http://dbpedia.org/resource/Sol_LeWitt",
        "predicate": "http://dbpedia.org/ontology/wikiPageWikiLink",
        "object": "http://dbpedia.org/resource/Samuel_de_Champlain"
    },
    {
        "subject": "http://dbpedia.org/resource/Sol_LeWitt",
        "predicate": "http://dbpedia.org/ontology/wikiPageWikiLink",
        "object": "http://dbpedia.org/resource/Saxony"
    },
    {
        "subject": "http://dbpedia.org/resource/Sol_LeWitt",
        "predicate": "http://dbpedia.org/ontology/wikiPageWikiLink",
        "object": "http://dbpedia.org/resource/CARFAC"
    },
    {
        "subject": "http://dbpedia.org/resource/Sol_LeWitt",
        "predicate": "http://dbpedia.org/ontology/wikiPageWikiLink",
        "object": "http://dbpedia.org/resource/Bertram_Brooker"
    },
    {
        "subject": "http://dbpedia.org/resource/Sol_LeWitt",
        "predicate": "http://dbpedia.org/ontology/wikiPageWikiLink",
        "object": "http://dbpedia.org/resource/Bill_Reid"
    },
    {
        "subject": "http://dbpedia.org/resource/Sol_LeWitt",
        "predicate": "http://dbpedia.org/ontology/wikiPageWikiLink",
        "object": "http://dbpedia.org/resource/Birthday_Suit_\u2013_with_scars_and_defects"
    },
    {
        "subject": "http://dbpedia.org/resource/Sol_LeWitt",
        "predicate": "http://dbpedia.org/ontology/wikiPageWikiLink",
        "object": "http://dbpedia.org/resource/Aquatint"
    },
    {
        "subject": "http://dbpedia.org/resource/Sol_LeWitt",
        "predicate": "http://dbpedia.org/ontology/wikiPageWikiLink",
        "object": "http://dbpedia.org/resource/Homer_Watson"
    },
    {
        "subject": "http://dbpedia.org/resource/Sol_LeWitt",
        "predicate": "http://dbpedia.org/ontology/wikiPageWikiLink",
        "object": "http://dbpedia.org/resource/Horatio_Walker"
    },
    {
        "subject": "http://dbpedia.org/resource/Sol_LeWitt",
        "predicate": "http://dbpedia.org/ontology/wikiPageWikiLink",
        "object": "http://dbpedia.org/resource/Jori_Smith"
    },
    {
        "subject": "http://dbpedia.org/resource/Sol_LeWitt",
        "predicate": "http://dbpedia.org/ontology/wikiPageWikiLink",
        "object": "http://dbpedia.org/resource/Joseph_Beuys"
    },
    {
        "subject": "http://dbpedia.org/resource/Sol_LeWitt",
        "predicate": "http://dbpedia.org/ontology/wikiPageWikiLink",
        "object": "http://dbpedia.org/resource/Joseph_Brant"
    },
    {
        "subject": "http://dbpedia.org/resource/Sol_LeWitt",
        "predicate": "http://dbpedia.org/ontology/wikiPageWikiLink",
        "object": "http://dbpedia.org/resource/Joseph_L\u00e9gar\u00e9"
    },
    {
        "subject": "http://dbpedia.org/resource/Sol_LeWitt",
        "predicate": "http://dbpedia.org/ontology/wikiPageWikiLink",
        "object": "http://dbpedia.org/resource/Paul-\u00c9mile_Borduas"
    },
    {
        "subject": "http://dbpedia.org/resource/Sol_LeWitt",
        "predicate": "http://dbpedia.org/ontology/wikiPageWikiLink",
        "object": "http://dbpedia.org/resource/Paul_Kane"
    },
    {
        "subject": "http://dbpedia.org/resource/Sol_LeWitt",
        "predicate": "http://dbpedia.org/ontology/wikiPageWikiLink",
        "object": "http://dbpedia.org/resource/Richard_Short_(military_artist)"
    },
    {
        "subject": "http://dbpedia.org/resource/Sol_LeWitt",
        "predicate": "http://dbpedia.org/ontology/wikiPageWikiLink",
        "object": "http://dbpedia.org/resource/Robert_Harris_(painter)"
    },
    {
        "subject": "http://dbpedia.org/resource/Sol_LeWitt",
        "predicate": "http://dbpedia.org/ontology/wikiPageWikiLink",
        "object": "http://dbpedia.org/resource/Universit\u00e9_de_Moncton"
    },
    {
        "subject": "http://dbpedia.org/resource/Sol_LeWitt",
        "predicate": "http://dbpedia.org/ontology/wikiPageWikiLink",
        "object": "http://dbpedia.org/resource/Venice_Biennale"
    },
    {
        "subject": "http://dbpedia.org/resource/Sol_LeWitt",
        "predicate": "http://dbpedia.org/ontology/wikiPageWikiLink",
        "object": "http://dbpedia.org/resource/Vito_Acconci"
    },
    {
        "subject": "http://dbpedia.org/resource/Sol_LeWitt",
        "predicate": "http://dbpedia.org/ontology/wikiPageWikiLink",
        "object": "http://dbpedia.org/resource/David_Askevold"
    },
    {
        "subject": "http://dbpedia.org/resource/Sol_LeWitt",
        "predicate": "http://dbpedia.org/ontology/wikiPageWikiLink",
        "object": "http://dbpedia.org/resource/Eastern_Group_of_Painters"
    },
    {
        "subject": "http://dbpedia.org/resource/Sol_LeWitt",
        "predicate": "http://dbpedia.org/ontology/wikiPageWikiLink",
        "object": "http://dbpedia.org/resource/Indigenous_peoples_of_the_Northeastern_Woodlands"
    },
    {
        "subject": "http://dbpedia.org/resource/Sol_LeWitt",
        "predicate": "http://dbpedia.org/ontology/wikiPageWikiLink",
        "object": "http://dbpedia.org/resource/Indigenous_peoples_of_the_Northwest_Plateau"
    },
    {
        "subject": "http://dbpedia.org/resource/Sol_LeWitt",
        "predicate": "http://dbpedia.org/ontology/wikiPageWikiLink",
        "object": "http://dbpedia.org/resource/Indigenous_peoples_of_the_Subarctic"
    },
    {
        "subject": "http://dbpedia.org/resource/Sol_LeWitt",
        "predicate": "http://dbpedia.org/ontology/wikiPageWikiLink",
        "object": "http://dbpedia.org/resource/Inuit_art"
    },
    {
        "subject": "http://dbpedia.org/resource/Sol_LeWitt",
        "predicate": "http://dbpedia.org/ontology/wikiPageWikiLink",
        "object": "http://dbpedia.org/resource/Sculpture"
    },
    {
        "subject": "http://dbpedia.org/resource/Sol_LeWitt",
        "predicate": "http://dbpedia.org/ontology/wikiPageWikiLink",
        "object": "http://dbpedia.org/resource/Pedimental_sculptures_in_Canada"
    },
    {
        "subject": "http://dbpedia.org/resource/Sol_LeWitt",
        "predicate": "http://dbpedia.org/ontology/wikiPageWikiLink",
        "object": "http://dbpedia.org/resource/Cornelius_Krieghoff"
    },
    {
        "subject": "http://dbpedia.org/resource/Sol_LeWitt",
        "predicate": "http://dbpedia.org/ontology/wikiPageWikiLink",
        "object": "http://dbpedia.org/resource/Massey_Ferguson"
    },
    {
        "subject": "http://dbpedia.org/resource/Sol_LeWitt",
        "predicate": "http://dbpedia.org/ontology/wikiPageWikiLink",
        "object": "http://dbpedia.org/resource/Maurice_Cullen_(artist)"
    },
    {
        "subject": "http://dbpedia.org/resource/Sol_LeWitt",
        "predicate": "http://dbpedia.org/ontology/wikiPageWikiLink",
        "object": "http://dbpedia.org/resource/Saint_Anne"
    },
    {
        "subject": "http://dbpedia.org/resource/Sol_LeWitt",
        "predicate": "http://dbpedia.org/ontology/wikiPageWikiLink",
        "object": "http://dbpedia.org/resource/Saint_Lawrence_River"
    },
    {
        "subject": "http://dbpedia.org/resource/Sol_LeWitt",
        "predicate": "http://dbpedia.org/ontology/wikiPageWikiLink",
        "object": "http://dbpedia.org/resource/Sainte-Anne-de-Beaupr\u00e9"
    },
    {
        "subject": "http://dbpedia.org/resource/Sol_LeWitt",
        "predicate": "http://dbpedia.org/ontology/wikiPageWikiLink",
        "object": "http://dbpedia.org/resource/Geoffrey_Farmer"
    },
    {
        "subject": "http://dbpedia.org/resource/Sol_LeWitt",
        "predicate": "http://dbpedia.org/ontology/wikiPageWikiLink",
        "object": "http://dbpedia.org/resource/Ontario_Society_of_Artists"
    },
    {
        "subject": "http://dbpedia.org/resource/Sol_LeWitt",
        "predicate": "http://dbpedia.org/ontology/wikiPageWikiLink",
        "object": "http://dbpedia.org/resource/Claes_Oldenburg"
    },
    {
        "subject": "http://dbpedia.org/resource/Sol_LeWitt",
        "predicate": "http://dbpedia.org/ontology/wikiPageWikiLink",
        "object": "http://dbpedia.org/resource/Colin_Campbell_(artist)"
    },
    {
        "subject": "http://dbpedia.org/resource/Sol_LeWitt",
        "predicate": "http://dbpedia.org/ontology/wikiPageWikiLink",
        "object": "http://dbpedia.org/resource/Edward_Poitras"
    },
    {
        "subject": "http://dbpedia.org/resource/Sol_LeWitt",
        "predicate": "http://dbpedia.org/ontology/wikiPageWikiLink",
        "object": "http://dbpedia.org/resource/Emily_Carr"
    },
    {
        "subject": "http://dbpedia.org/resource/Sol_LeWitt",
        "predicate": "http://dbpedia.org/ontology/wikiPageWikiLink",
        "object": "http://dbpedia.org/resource/Emily_Carr_University_of_Art_and_Design"
    },
    {
        "subject": "http://dbpedia.org/resource/Sol_LeWitt",
        "predicate": "http://dbpedia.org/ontology/wikiPageWikiLink",
        "object": "http://dbpedia.org/resource/Frank_Johnston_(artist)"
    },
    {
        "subject": "http://dbpedia.org/resource/Sol_LeWitt",
        "predicate": "http://dbpedia.org/ontology/wikiPageWikiLink",
        "object": "http://dbpedia.org/resource/Franklin_Carmichael"
    },
    {
        "subject": "http://dbpedia.org/resource/Sol_LeWitt",
        "predicate": "http://dbpedia.org/ontology/wikiPageWikiLink",
        "object": "http://dbpedia.org/resource/Frederic_Marlett_Bell-Smith"
    },
    {
        "subject": "http://dbpedia.org/resource/Sol_LeWitt",
        "predicate": "http://dbpedia.org/ontology/wikiPageWikiLink",
        "object": "http://dbpedia.org/resource/Frederick_Varley"
    },
    {
        "subject": "http://dbpedia.org/resource/Sol_LeWitt",
        "predicate": "http://dbpedia.org/ontology/wikiPageWikiLink",
        "object": "http://dbpedia.org/resource/French_Revolution"
    },
    {
        "subject": "http://dbpedia.org/resource/Sol_LeWitt",
        "predicate": "http://dbpedia.org/ontology/wikiPageWikiLink",
        "object": "http://dbpedia.org/resource/General_Idea"
    },
    {
        "subject": "http://dbpedia.org/resource/Sol_LeWitt",
        "predicate": "http://dbpedia.org/ontology/wikiPageWikiLink",
        "object": "http://dbpedia.org/resource/George_Bures_Miller"
    },
    {
        "subject": "http://dbpedia.org/resource/Sol_LeWitt",
        "predicate": "http://dbpedia.org/ontology/wikiPageWikiLink",
        "object": "http://dbpedia.org/resource/George_Heriot_(artist)"
    },
    {
        "subject": "http://dbpedia.org/resource/Sol_LeWitt",
        "predicate": "http://dbpedia.org/ontology/wikiPageWikiLink",
        "object": "http://dbpedia.org/resource/Goodridge_Roberts"
    },
    {
        "subject": "http://dbpedia.org/resource/Sol_LeWitt",
        "predicate": "http://dbpedia.org/ontology/wikiPageWikiLink",
        "object": "http://dbpedia.org/resource/Gordon_Rayner"
    },
    {
        "subject": "http://dbpedia.org/resource/Sol_LeWitt",
        "predicate": "http://dbpedia.org/ontology/wikiPageWikiLink",
        "object": "http://dbpedia.org/resource/Government_of_Canada"
    },
    {
        "subject": "http://dbpedia.org/resource/Sol_LeWitt",
        "predicate": "http://dbpedia.org/ontology/wikiPageWikiLink",
        "object": "http://dbpedia.org/resource/Graham_Coughtry"
    },
    {
        "subject": "http://dbpedia.org/resource/Sol_LeWitt",
        "predicate": "http://dbpedia.org/ontology/wikiPageWikiLink",
        "object": "http://dbpedia.org/resource/Montreal"
    },
    {
        "subject": "http://dbpedia.org/resource/Sol_LeWitt",
        "predicate": "http://dbpedia.org/ontology/wikiPageWikiLink",
        "object": "http://dbpedia.org/resource/Montr\u00e9al"
    },
    {
        "subject": "http://dbpedia.org/resource/Sol_LeWitt",
        "predicate": "http://dbpedia.org/ontology/wikiPageWikiLink",
        "object": "http://dbpedia.org/resource/Mungo_Martin"
    },
    {
        "subject": "http://dbpedia.org/resource/Sol_LeWitt",
        "predicate": "http://dbpedia.org/ontology/wikiPageWikiLink",
        "object": "http://dbpedia.org/resource/Museum_of_Modern_Art"
    },
    {
        "subject": "http://dbpedia.org/resource/Sol_LeWitt",
        "predicate": "http://dbpedia.org/ontology/wikiPageWikiLink",
        "object": "http://dbpedia.org/resource/Mysticism"
    },
    {
        "subject": "http://dbpedia.org/resource/Sol_LeWitt",
        "predicate": "http://dbpedia.org/ontology/wikiPageWikiLink",
        "object": "http://dbpedia.org/resource/M\u00e9tis_people_(Canada)"
    },
    {
        "subject": "http://dbpedia.org/resource/Sol_LeWitt",
        "predicate": "http://dbpedia.org/ontology/wikiPageWikiLink",
        "object": "http://dbpedia.org/resource/Conceptual_art"
    },
    {
        "subject": "http://dbpedia.org/resource/Sol_LeWitt",
        "predicate": "http://dbpedia.org/ontology/wikiPageWikiLink",
        "object": "http://dbpedia.org/resource/Contemporary_Arts_Society"
    },
    {
        "subject": "http://dbpedia.org/resource/Sol_LeWitt",
        "predicate": "http://dbpedia.org/ontology/wikiPageWikiLink",
        "object": "http://dbpedia.org/resource/The_Power_Plant"
    },
    {
        "subject": "http://dbpedia.org/resource/Sol_LeWitt",
        "predicate": "http://dbpedia.org/ontology/wikiPageWikiLink",
        "object": "http://dbpedia.org/resource/Thomas_Davies_(British_Army_officer)"
    },
    {
        "subject": "http://dbpedia.org/resource/Sol_LeWitt",
        "predicate": "http://dbpedia.org/ontology/wikiPageWikiLink",
        "object": "http://dbpedia.org/resource/Dance_in_Canada"
    }
]