[
    {
        "subject": "http://dbpedia.org/resource/Stuart_Brisley",
        "predicate": "http://dbpedia.org/ontology/wikiPageWikiLink",
        "object": "http://dbpedia.org/resource/American_Association_of_Independent_Music"
    },
    {
        "subject": "http://dbpedia.org/resource/Stuart_Brisley",
        "predicate": "http://dbpedia.org/ontology/wikiPageWikiLink",
        "object": "http://dbpedia.org/resource/Desire_(Toyah_album)"
    },
    {
        "subject": "http://dbpedia.org/resource/Stuart_Brisley",
        "predicate": "http://dbpedia.org/ontology/wikiPageWikiLink",
        "object": "http://dbpedia.org/resource/Robert_Fripp"
    },
    {
        "subject": "http://dbpedia.org/resource/Stuart_Brisley",
        "predicate": "http://dbpedia.org/ontology/wikiPageWikiLink",
        "object": "http://dbpedia.org/resource/Category:Toyah_Willcox_albums"
    },
    {
        "subject": "http://dbpedia.org/resource/Stuart_Brisley",
        "predicate": "http://dbpedia.org/ontology/wikiPageWikiLink",
        "object": "http://dbpedia.org/resource/Industrial_music"
    },
    {
        "subject": "http://dbpedia.org/resource/Stuart_Brisley",
        "predicate": "http://dbpedia.org/ontology/wikiPageWikiLink",
        "object": "http://dbpedia.org/resource/Category:1988_albums"
    },
    {
        "subject": "http://dbpedia.org/resource/Stuart_Brisley",
        "predicate": "http://dbpedia.org/ontology/wikiPageWikiLink",
        "object": "http://dbpedia.org/resource/Concept_album"
    },
    {
        "subject": "http://dbpedia.org/resource/Stuart_Brisley",
        "predicate": "http://dbpedia.org/ontology/wikiPageWikiLink",
        "object": "http://dbpedia.org/resource/Stuart_Brisley"
    },
    {
        "subject": "http://dbpedia.org/resource/Stuart_Brisley",
        "predicate": "http://dbpedia.org/ontology/wikiPageWikiLink",
        "object": "http://dbpedia.org/resource/Toyah_Solo"
    },
    {
        "subject": "http://dbpedia.org/resource/Stuart_Brisley",
        "predicate": "http://dbpedia.org/ontology/wikiPageWikiLink",
        "object": "http://dbpedia.org/resource/Toyah_Willcox"
    },
    {
        "subject": "http://dbpedia.org/resource/Stuart_Brisley",
        "predicate": "http://dbpedia.org/ontology/wikiPageWikiLink",
        "object": "http://dbpedia.org/resource/AllMusic"
    },
    {
        "subject": "http://dbpedia.org/resource/Stuart_Brisley",
        "predicate": "http://dbpedia.org/ontology/wikiPageWikiLink",
        "object": "http://dbpedia.org/resource/Category:E.G._Records_albums"
    },
    {
        "subject": "http://dbpedia.org/resource/Stuart_Brisley",
        "predicate": "http://dbpedia.org/ontology/wikiPageWikiLink",
        "object": "http://dbpedia.org/resource/E.G._Records"
    },
    {
        "subject": "http://dbpedia.org/resource/Stuart_Brisley",
        "predicate": "http://dbpedia.org/ontology/wikiPageWikiLink",
        "object": "http://dbpedia.org/resource/Q_(magazine)"
    },
    {
        "subject": "http://dbpedia.org/resource/Stuart_Brisley",
        "predicate": "http://dbpedia.org/ontology/wikiPageWikiLink",
        "object": "http://dbpedia.org/resource/Sunday_All_Over_the_World"
    },
    {
        "subject": "http://dbpedia.org/resource/Stuart_Brisley",
        "predicate": "http://dbpedia.org/ontology/wikiPageWikiLink",
        "object": "http://dbpedia.org/resource/Avant-pop"
    },
    {
        "subject": "http://dbpedia.org/resource/Stuart_Brisley",
        "predicate": "http://dbpedia.org/ontology/wikiPageWikiLink",
        "object": "http://dbpedia.org/resource/Ophelia's_Shadow"
    },
    {
        "subject": "http://dbpedia.org/resource/Stuart_Brisley",
        "predicate": "http://dbpedia.org/ontology/wikiPageWikiLink",
        "object": "http://dbpedia.org/resource/Elevator_Repair_Service"
    },
    {
        "subject": "http://dbpedia.org/resource/Stuart_Brisley",
        "predicate": "http://dbpedia.org/ontology/wikiPageWikiLink",
        "object": "http://dbpedia.org/resource/Biography"
    },
    {
        "subject": "http://dbpedia.org/resource/Stuart_Brisley",
        "predicate": "http://dbpedia.org/ontology/wikiPageWikiLink",
        "object": "http://dbpedia.org/resource/David_Blaine"
    },
    {
        "subject": "http://dbpedia.org/resource/Stuart_Brisley",
        "predicate": "http://dbpedia.org/ontology/wikiPageWikiLink",
        "object": "http://dbpedia.org/resource/Houston_Conwill"
    },
    {
        "subject": "http://dbpedia.org/resource/Stuart_Brisley",
        "predicate": "http://dbpedia.org/ontology/wikiPageWikiLink",
        "object": "http://dbpedia.org/resource/Ulay"
    },
    {
        "subject": "http://dbpedia.org/resource/Stuart_Brisley",
        "predicate": "http://dbpedia.org/ontology/wikiPageWikiLink",
        "object": "http://dbpedia.org/resource/Vito_Acconci"
    },
    {
        "subject": "http://dbpedia.org/resource/Stuart_Brisley",
        "predicate": "http://dbpedia.org/ontology/wikiPageWikiLink",
        "object": "http://dbpedia.org/resource/David_Askevold"
    },
    {
        "subject": "http://dbpedia.org/resource/Stuart_Brisley",
        "predicate": "http://dbpedia.org/ontology/wikiPageWikiLink",
        "object": "http://dbpedia.org/resource/Stylite"
    },
    {
        "subject": "http://dbpedia.org/resource/Stuart_Brisley",
        "predicate": "http://dbpedia.org/ontology/wikiPageWikiLink",
        "object": "http://dbpedia.org/resource/Mattress_Performance_(Carry_That_Weight)"
    },
    {
        "subject": "http://dbpedia.org/resource/Stuart_Brisley",
        "predicate": "http://dbpedia.org/ontology/wikiPageWikiLink",
        "object": "http://dbpedia.org/resource/Chris_Burden"
    },
    {
        "subject": "http://dbpedia.org/resource/Stuart_Brisley",
        "predicate": "http://dbpedia.org/ontology/wikiPageWikiLink",
        "object": "http://dbpedia.org/resource/Emma_Sulkowicz"
    },
    {
        "subject": "http://dbpedia.org/resource/Stuart_Brisley",
        "predicate": "http://dbpedia.org/ontology/wikiPageWikiLink",
        "object": "http://dbpedia.org/resource/Franz_Kafka"
    },
    {
        "subject": "http://dbpedia.org/resource/Stuart_Brisley",
        "predicate": "http://dbpedia.org/ontology/wikiPageWikiLink",
        "object": "http://dbpedia.org/resource/Eric_Millikin"
    },
    {
        "subject": "http://dbpedia.org/resource/Stuart_Brisley",
        "predicate": "http://dbpedia.org/ontology/wikiPageWikiLink",
        "object": "http://dbpedia.org/resource/Linda_Montano"
    },
    {
        "subject": "http://dbpedia.org/resource/Stuart_Brisley",
        "predicate": "http://dbpedia.org/ontology/wikiPageWikiLink",
        "object": "http://dbpedia.org/resource/Shoot_(Burden)"
    },
    {
        "subject": "http://dbpedia.org/resource/Stuart_Brisley",
        "predicate": "http://dbpedia.org/ontology/wikiPageWikiLink",
        "object": "http://dbpedia.org/resource/Stan_Lai"
    },
    {
        "subject": "http://dbpedia.org/resource/Stuart_Brisley",
        "predicate": "http://dbpedia.org/ontology/wikiPageWikiLink",
        "object": "http://dbpedia.org/resource/Stuart_Brisley"
    },
    {
        "subject": "http://dbpedia.org/resource/Stuart_Brisley",
        "predicate": "http://dbpedia.org/ontology/wikiPageWikiLink",
        "object": "http://dbpedia.org/resource/Performance_art"
    },
    {
        "subject": "http://dbpedia.org/resource/Stuart_Brisley",
        "predicate": "http://dbpedia.org/ontology/wikiPageWikiLink",
        "object": "http://dbpedia.org/resource/Category:Performance_art"
    },
    {
        "subject": "http://dbpedia.org/resource/Stuart_Brisley",
        "predicate": "http://dbpedia.org/ontology/wikiPageWikiLink",
        "object": "http://dbpedia.org/resource/Bruce_Nauman"
    },
    {
        "subject": "http://dbpedia.org/resource/Stuart_Brisley",
        "predicate": "http://dbpedia.org/ontology/wikiPageWikiLink",
        "object": "http://dbpedia.org/resource/Bryan_Lewis_Saunders"
    },
    {
        "subject": "http://dbpedia.org/resource/Stuart_Brisley",
        "predicate": "http://dbpedia.org/ontology/wikiPageWikiLink",
        "object": "http://dbpedia.org/resource/Abel_Azcona"
    },
    {
        "subject": "http://dbpedia.org/resource/Stuart_Brisley",
        "predicate": "http://dbpedia.org/ontology/wikiPageWikiLink",
        "object": "http://dbpedia.org/resource/Amen_or_The_Pederasty"
    },
    {
        "subject": "http://dbpedia.org/resource/Stuart_Brisley",
        "predicate": "http://dbpedia.org/ontology/wikiPageWikiLink",
        "object": "http://dbpedia.org/resource/EJ_Hill"
    },
    {
        "subject": "http://dbpedia.org/resource/Stuart_Brisley",
        "predicate": "http://dbpedia.org/ontology/wikiPageWikiLink",
        "object": "http://dbpedia.org/resource/Deprivation_of_liberty"
    },
    {
        "subject": "http://dbpedia.org/resource/Stuart_Brisley",
        "predicate": "http://dbpedia.org/ontology/wikiPageWikiLink",
        "object": "http://dbpedia.org/resource/Tehching_Hsieh"
    },
    {
        "subject": "http://dbpedia.org/resource/Stuart_Brisley",
        "predicate": "http://dbpedia.org/ontology/wikiPageWikiLink",
        "object": "http://dbpedia.org/resource/Hunger_artist"
    },
    {
        "subject": "http://dbpedia.org/resource/Stuart_Brisley",
        "predicate": "http://dbpedia.org/ontology/wikiPageWikiLink",
        "object": "http://dbpedia.org/resource/A_Hunger_Artist"
    },
    {
        "subject": "http://dbpedia.org/resource/Stuart_Brisley",
        "predicate": "http://dbpedia.org/ontology/wikiPageWikiLink",
        "object": "http://dbpedia.org/resource/Category:Asceticism"
    },
    {
        "subject": "http://dbpedia.org/resource/Stuart_Brisley",
        "predicate": "http://dbpedia.org/ontology/wikiPageWikiLink",
        "object": "http://dbpedia.org/resource/Category:Contemporary_art_movements"
    },
    {
        "subject": "http://dbpedia.org/resource/Stuart_Brisley",
        "predicate": "http://dbpedia.org/ontology/wikiPageWikiLink",
        "object": "http://dbpedia.org/resource/Eating_(performance_art)"
    },
    {
        "subject": "http://dbpedia.org/resource/Stuart_Brisley",
        "predicate": "http://dbpedia.org/ontology/wikiPageWikiLink",
        "object": "http://dbpedia.org/resource/Marina_Abramovi\u0107"
    },
    {
        "subject": "http://dbpedia.org/resource/Stuart_Brisley",
        "predicate": "http://dbpedia.org/ontology/wikiPageWikiLink",
        "object": "http://dbpedia.org/resource/Buried_(performance_art)"
    },
    {
        "subject": "http://dbpedia.org/resource/Stuart_Brisley",
        "predicate": "http://dbpedia.org/ontology/wikiPageWikiLink",
        "object": "http://dbpedia.org/resource/Zhang_Huan"
    },
    {
        "subject": "http://dbpedia.org/resource/Stuart_Brisley",
        "predicate": "http://dbpedia.org/ontology/wikiPageWikiLink",
        "object": "http://dbpedia.org/resource/Ragnar_Kjartansson_(performance_artist)"
    },
    {
        "subject": "http://dbpedia.org/resource/Stuart_Brisley",
        "predicate": "http://dbpedia.org/ontology/wikiPageWikiLink",
        "object": "http://dbpedia.org/resource/Fitness_boot_camp"
    },
    {
        "subject": "http://dbpedia.org/resource/Stuart_Brisley",
        "predicate": "http://dbpedia.org/ontology/wikiPageWikiLink",
        "object": "http://dbpedia.org/resource/Five_Day_Locker_Piece"
    },
    {
        "subject": "http://dbpedia.org/resource/Stuart_Brisley",
        "predicate": "http://dbpedia.org/ontology/wikiPageWikiLink",
        "object": "http://dbpedia.org/resource/Wolfgang_Stoerchle"
    },
    {
        "subject": "http://dbpedia.org/resource/Stuart_Brisley",
        "predicate": "http://dbpedia.org/ontology/wikiPageWikiLink",
        "object": "http://dbpedia.org/resource/Seedbed_(performance_piece)"
    },
    {
        "subject": "http://dbpedia.org/resource/Stuart_Brisley",
        "predicate": "http://dbpedia.org/ontology/wikiPageWikiLink",
        "object": "http://dbpedia.org/resource/The_Fathers"
    },
    {
        "subject": "http://dbpedia.org/resource/Stuart_Brisley",
        "predicate": "http://dbpedia.org/ontology/wikiPageWikiLink",
        "object": "http://dbpedia.org/resource/The_Death_of_The_Artist"
    },
    {
        "subject": "http://dbpedia.org/resource/Stuart_Brisley",
        "predicate": "http://dbpedia.org/ontology/wikiPageWikiLink",
        "object": "http://dbpedia.org/resource/The_Nine_Confinements_or_The_Deprivation_of_Liberty"
    },
    {
        "subject": "http://dbpedia.org/resource/Stuart_Brisley",
        "predicate": "http://dbpedia.org/ontology/wikiPageWikiLink",
        "object": "http://dbpedia.org/resource/Sitting_and_Smiling"
    },
    {
        "subject": "http://dbpedia.org/resource/Stuart_Brisley",
        "predicate": "http://dbpedia.org/ontology/wikiPageWikiLink",
        "object": "http://dbpedia.org/resource/Carolee_Schneeman"
    },
    {
        "subject": "http://dbpedia.org/resource/Stuart_Brisley",
        "predicate": "http://dbpedia.org/ontology/wikiPageWikiLink",
        "object": "http://dbpedia.org/resource/File:El_artista_Abel_Azcona,_retratado_en_el_C\u00edrculo_de_Bellas_Artes_de_Madrid.jpg"
    },
    {
        "subject": "http://dbpedia.org/resource/Stuart_Brisley",
        "predicate": "http://dbpedia.org/ontology/wikiPageWikiLink",
        "object": "http://dbpedia.org/resource/File:Marina_Abramovi\u0107,_The_Artist_is_Present,_2010_(2).jpg"
    },
    {
        "subject": "http://dbpedia.org/resource/Stuart_Brisley",
        "predicate": "http://dbpedia.org/ontology/wikiPageWikiLink",
        "object": "http://dbpedia.org/resource/File:Tehching_Hsieh_Cage_Piece_(1).jpg"
    },
    {
        "subject": "http://dbpedia.org/resource/Stuart_Brisley",
        "predicate": "http://dbpedia.org/ontology/wikiPageWikiLink",
        "object": "http://dbpedia.org/resource/Caio_Fonseca"
    },
    {
        "subject": "http://dbpedia.org/resource/Stuart_Brisley",
        "predicate": "http://dbpedia.org/ontology/wikiPageWikiLink",
        "object": "http://dbpedia.org/resource/Candida_H\u00f6fer"
    },
    {
        "subject": "http://dbpedia.org/resource/Stuart_Brisley",
        "predicate": "http://dbpedia.org/ontology/wikiPageWikiLink",
        "object": "http://dbpedia.org/resource/Carl_Andre"
    },
    {
        "subject": "http://dbpedia.org/resource/Stuart_Brisley",
        "predicate": "http://dbpedia.org/ontology/wikiPageWikiLink",
        "object": "http://dbpedia.org/resource/Carl_Michael_von_Hausswolff"
    },
    {
        "subject": "http://dbpedia.org/resource/Stuart_Brisley",
        "predicate": "http://dbpedia.org/ontology/wikiPageWikiLink",
        "object": "http://dbpedia.org/resource/Carole_Feuerman"
    },
    {
        "subject": "http://dbpedia.org/resource/Stuart_Brisley",
        "predicate": "http://dbpedia.org/ontology/wikiPageWikiLink",
        "object": "http://dbpedia.org/resource/Carolee_Schneemann"
    },
    {
        "subject": "http://dbpedia.org/resource/Stuart_Brisley",
        "predicate": "http://dbpedia.org/ontology/wikiPageWikiLink",
        "object": "http://dbpedia.org/resource/Carrie_Mae_Weems"
    },
    {
        "subject": "http://dbpedia.org/resource/Stuart_Brisley",
        "predicate": "http://dbpedia.org/ontology/wikiPageWikiLink",
        "object": "http://dbpedia.org/resource/Robert_Longo"
    },
    {
        "subject": "http://dbpedia.org/resource/Stuart_Brisley",
        "predicate": "http://dbpedia.org/ontology/wikiPageWikiLink",
        "object": "http://dbpedia.org/resource/Robert_Mangold"
    },
    {
        "subject": "http://dbpedia.org/resource/Stuart_Brisley",
        "predicate": "http://dbpedia.org/ontology/wikiPageWikiLink",
        "object": "http://dbpedia.org/resource/Robert_Mapplethorpe"
    },
    {
        "subject": "http://dbpedia.org/resource/Stuart_Brisley",
        "predicate": "http://dbpedia.org/ontology/wikiPageWikiLink",
        "object": "http://dbpedia.org/resource/Robert_Morris_(artist)"
    },
    {
        "subject": "http://dbpedia.org/resource/Stuart_Brisley",
        "predicate": "http://dbpedia.org/ontology/wikiPageWikiLink",
        "object": "http://dbpedia.org/resource/Robert_Rauschenberg"
    },
    {
        "subject": "http://dbpedia.org/resource/Stuart_Brisley",
        "predicate": "http://dbpedia.org/ontology/wikiPageWikiLink",
        "object": "http://dbpedia.org/resource/Robert_Smithson"
    },
    {
        "subject": "http://dbpedia.org/resource/Stuart_Brisley",
        "predicate": "http://dbpedia.org/ontology/wikiPageWikiLink",
        "object": "http://dbpedia.org/resource/Rodney_Graham"
    },
    {
        "subject": "http://dbpedia.org/resource/Stuart_Brisley",
        "predicate": "http://dbpedia.org/ontology/wikiPageWikiLink",
        "object": "http://dbpedia.org/resource/Roman_Opa\u0142ka"
    },
    {
        "subject": "http://dbpedia.org/resource/Stuart_Brisley",
        "predicate": "http://dbpedia.org/ontology/wikiPageWikiLink",
        "object": "http://dbpedia.org/resource/Ronald_Bladen"
    },
    {
        "subject": "http://dbpedia.org/resource/Stuart_Brisley",
        "predicate": "http://dbpedia.org/ontology/wikiPageWikiLink",
        "object": "http://dbpedia.org/resource/Ronald_Davis"
    },
    {
        "subject": "http://dbpedia.org/resource/Stuart_Brisley",
        "predicate": "http://dbpedia.org/ontology/wikiPageWikiLink",
        "object": "http://dbpedia.org/resource/Ronnie_Landfield"
    },
    {
        "subject": "http://dbpedia.org/resource/Stuart_Brisley",
        "predicate": "http://dbpedia.org/ontology/wikiPageWikiLink",
        "object": "http://dbpedia.org/resource/Rosemarie_Trockel"
    },
    {
        "subject": "http://dbpedia.org/resource/Stuart_Brisley",
        "predicate": "http://dbpedia.org/ontology/wikiPageWikiLink",
        "object": "http://dbpedia.org/resource/Roxy_Paine"
    },
    {
        "subject": "http://dbpedia.org/resource/Stuart_Brisley",
        "predicate": "http://dbpedia.org/ontology/wikiPageWikiLink",
        "object": "http://dbpedia.org/resource/Roy_Ascott"
    },
    {
        "subject": "http://dbpedia.org/resource/Stuart_Brisley",
        "predicate": "http://dbpedia.org/ontology/wikiPageWikiLink",
        "object": "http://dbpedia.org/resource/Sam_Dillemans"
    },
    {
        "subject": "http://dbpedia.org/resource/Stuart_Brisley",
        "predicate": "http://dbpedia.org/ontology/wikiPageWikiLink",
        "object": "http://dbpedia.org/resource/Sam_Francis"
    },
    {
        "subject": "http://dbpedia.org/resource/Stuart_Brisley",
        "predicate": "http://dbpedia.org/ontology/wikiPageWikiLink",
        "object": "http://dbpedia.org/resource/Sam_Gilliam"
    },
    {
        "subject": "http://dbpedia.org/resource/Stuart_Brisley",
        "predicate": "http://dbpedia.org/ontology/wikiPageWikiLink",
        "object": "http://dbpedia.org/resource/Sarah_Lucas"
    },
    {
        "subject": "http://dbpedia.org/resource/Stuart_Brisley",
        "predicate": "http://dbpedia.org/ontology/wikiPageWikiLink",
        "object": "http://dbpedia.org/resource/Sarah_Sze"
    },
    {
        "subject": "http://dbpedia.org/resource/Stuart_Brisley",
        "predicate": "http://dbpedia.org/ontology/wikiPageWikiLink",
        "object": "http://dbpedia.org/resource/Braco_Dimitrijevic"
    },
    {
        "subject": "http://dbpedia.org/resource/Stuart_Brisley",
        "predicate": "http://dbpedia.org/ontology/wikiPageWikiLink",
        "object": "http://dbpedia.org/resource/Enrico_Garff"
    },
    {
        "subject": "http://dbpedia.org/resource/Stuart_Brisley",
        "predicate": "http://dbpedia.org/ontology/wikiPageWikiLink",
        "object": "http://dbpedia.org/resource/Yasumasa_Morimura"
    },
    {
        "subject": "http://dbpedia.org/resource/Stuart_Brisley",
        "predicate": "http://dbpedia.org/ontology/wikiPageWikiLink",
        "object": "http://dbpedia.org/resource/William_Powhida"
    },
    {
        "subject": "http://dbpedia.org/resource/Stuart_Brisley",
        "predicate": "http://dbpedia.org/ontology/wikiPageWikiLink",
        "object": "http://dbpedia.org/resource/Sebastian_Diaz_Morales"
    },
    {
        "subject": "http://dbpedia.org/resource/Stuart_Brisley",
        "predicate": "http://dbpedia.org/ontology/wikiPageWikiLink",
        "object": "http://dbpedia.org/resource/Sanejouand"
    },
    {
        "subject": "http://dbpedia.org/resource/Stuart_Brisley",
        "predicate": "http://dbpedia.org/ontology/wikiPageWikiLink",
        "object": "http://dbpedia.org/resource/Bas_Jan_Ader"
    },
    {
        "subject": "http://dbpedia.org/resource/Stuart_Brisley",
        "predicate": "http://dbpedia.org/ontology/wikiPageWikiLink",
        "object": "http://dbpedia.org/resource/Ben_Enwonwu"
    },
    {
        "subject": "http://dbpedia.org/resource/Stuart_Brisley",
        "predicate": "http://dbpedia.org/ontology/wikiPageWikiLink",
        "object": "http://dbpedia.org/resource/Bill_Viola"
    },
    {
        "subject": "http://dbpedia.org/resource/Stuart_Brisley",
        "predicate": "http://dbpedia.org/ontology/wikiPageWikiLink",
        "object": "http://dbpedia.org/resource/Bob_and_Roberta_Smith"
    }
]