[
    {
        "subject": "http://dbpedia.org/resource/Tomasz_Urbanowicz",
        "predicate": "http://dbpedia.org/ontology/wikiPageWikiLink",
        "object": "http://dbpedia.org/resource/Carly_Simon"
    },
    {
        "subject": "http://dbpedia.org/resource/Tomasz_Urbanowicz",
        "predicate": "http://dbpedia.org/ontology/wikiPageWikiLink",
        "object": "http://dbpedia.org/resource/Carnival_Corporation_&_plc"
    },
    {
        "subject": "http://dbpedia.org/resource/Tomasz_Urbanowicz",
        "predicate": "http://dbpedia.org/ontology/wikiPageWikiLink",
        "object": "http://dbpedia.org/resource/Carnival_Cruise_Line"
    },
    {
        "subject": "http://dbpedia.org/resource/Tomasz_Urbanowicz",
        "predicate": "http://dbpedia.org/ontology/wikiPageWikiLink",
        "object": "http://dbpedia.org/resource/Category:Ocean_liners"
    },
    {
        "subject": "http://dbpedia.org/resource/Tomasz_Urbanowicz",
        "predicate": "http://dbpedia.org/ontology/wikiPageWikiLink",
        "object": "http://dbpedia.org/resource/Category:Ships_of_the_Cunard_Line"
    },
    {
        "subject": "http://dbpedia.org/resource/Tomasz_Urbanowicz",
        "predicate": "http://dbpedia.org/ontology/wikiPageWikiLink",
        "object": "http://dbpedia.org/resource/Queen_Elizabeth_2"
    },
    {
        "subject": "http://dbpedia.org/resource/Tomasz_Urbanowicz",
        "predicate": "http://dbpedia.org/ontology/wikiPageWikiLink",
        "object": "http://dbpedia.org/resource/Rod_Stewart"
    },
    {
        "subject": "http://dbpedia.org/resource/Tomasz_Urbanowicz",
        "predicate": "http://dbpedia.org/ontology/wikiPageWikiLink",
        "object": "http://dbpedia.org/resource/Rolls-Royce_Holdings"
    },
    {
        "subject": "http://dbpedia.org/resource/Tomasz_Urbanowicz",
        "predicate": "http://dbpedia.org/ontology/wikiPageWikiLink",
        "object": "http://dbpedia.org/resource/Royal_Air_Force"
    },
    {
        "subject": "http://dbpedia.org/resource/Tomasz_Urbanowicz",
        "predicate": "http://dbpedia.org/ontology/wikiPageWikiLink",
        "object": "http://dbpedia.org/resource/Royal_Caribbean_International"
    },
    {
        "subject": "http://dbpedia.org/resource/Tomasz_Urbanowicz",
        "predicate": "http://dbpedia.org/ontology/wikiPageWikiLink",
        "object": "http://dbpedia.org/resource/Royal_Mail"
    },
    {
        "subject": "http://dbpedia.org/resource/Tomasz_Urbanowicz",
        "predicate": "http://dbpedia.org/ontology/wikiPageWikiLink",
        "object": "http://dbpedia.org/resource/Samuel_Cunard"
    },
    {
        "subject": "http://dbpedia.org/resource/Tomasz_Urbanowicz",
        "predicate": "http://dbpedia.org/ontology/wikiPageWikiLink",
        "object": "http://dbpedia.org/resource/Satellite_phone"
    },
    {
        "subject": "http://dbpedia.org/resource/Tomasz_Urbanowicz",
        "predicate": "http://dbpedia.org/ontology/wikiPageWikiLink",
        "object": "http://dbpedia.org/resource/Elbe_17"
    },
    {
        "subject": "http://dbpedia.org/resource/Tomasz_Urbanowicz",
        "predicate": "http://dbpedia.org/ontology/wikiPageWikiLink",
        "object": "http://dbpedia.org/resource/Electric_generator"
    },
    {
        "subject": "http://dbpedia.org/resource/Tomasz_Urbanowicz",
        "predicate": "http://dbpedia.org/ontology/wikiPageWikiLink",
        "object": "http://dbpedia.org/resource/Electronic_Chart_Display_and_Information_System"
    },
    {
        "subject": "http://dbpedia.org/resource/Tomasz_Urbanowicz",
        "predicate": "http://dbpedia.org/ontology/wikiPageWikiLink",
        "object": "http://dbpedia.org/resource/Engine_room"
    },
    {
        "subject": "http://dbpedia.org/resource/Tomasz_Urbanowicz",
        "predicate": "http://dbpedia.org/ontology/wikiPageWikiLink",
        "object": "http://dbpedia.org/resource/Mural"
    },
    {
        "subject": "http://dbpedia.org/resource/Tomasz_Urbanowicz",
        "predicate": "http://dbpedia.org/ontology/wikiPageWikiLink",
        "object": "http://dbpedia.org/resource/Passenger_ship"
    },
    {
        "subject": "http://dbpedia.org/resource/Tomasz_Urbanowicz",
        "predicate": "http://dbpedia.org/ontology/wikiPageWikiLink",
        "object": "http://dbpedia.org/resource/Blohm+Voss"
    },
    {
        "subject": "http://dbpedia.org/resource/Tomasz_Urbanowicz",
        "predicate": "http://dbpedia.org/ontology/wikiPageWikiLink",
        "object": "http://dbpedia.org/resource/Boston"
    },
    {
        "subject": "http://dbpedia.org/resource/Tomasz_Urbanowicz",
        "predicate": "http://dbpedia.org/ontology/wikiPageWikiLink",
        "object": "http://dbpedia.org/resource/Dave_Brubeck"
    },
    {
        "subject": "http://dbpedia.org/resource/Tomasz_Urbanowicz",
        "predicate": "http://dbpedia.org/ontology/wikiPageWikiLink",
        "object": "http://dbpedia.org/resource/David_Bushnell"
    },
    {
        "subject": "http://dbpedia.org/resource/Tomasz_Urbanowicz",
        "predicate": "http://dbpedia.org/ontology/wikiPageWikiLink",
        "object": "http://dbpedia.org/resource/Destiny-class_cruise_ship"
    },
    {
        "subject": "http://dbpedia.org/resource/Tomasz_Urbanowicz",
        "predicate": "http://dbpedia.org/ontology/wikiPageWikiLink",
        "object": "http://dbpedia.org/resource/List_of_largest_cruise_ships"
    },
    {
        "subject": "http://dbpedia.org/resource/Tomasz_Urbanowicz",
        "predicate": "http://dbpedia.org/ontology/wikiPageWikiLink",
        "object": "http://dbpedia.org/resource/List_of_longest_ships"
    },
    {
        "subject": "http://dbpedia.org/resource/Tomasz_Urbanowicz",
        "predicate": "http://dbpedia.org/ontology/wikiPageWikiLink",
        "object": "http://dbpedia.org/resource/Rio_de_Janeiro"
    },
    {
        "subject": "http://dbpedia.org/resource/Tomasz_Urbanowicz",
        "predicate": "http://dbpedia.org/ontology/wikiPageWikiLink",
        "object": "http://dbpedia.org/resource/River_Mersey"
    },
    {
        "subject": "http://dbpedia.org/resource/Tomasz_Urbanowicz",
        "predicate": "http://dbpedia.org/ontology/wikiPageWikiLink",
        "object": "http://dbpedia.org/resource/United_States_Coast_Guard"
    },
    {
        "subject": "http://dbpedia.org/resource/Tomasz_Urbanowicz",
        "predicate": "http://dbpedia.org/ontology/wikiPageWikiLink",
        "object": "http://dbpedia.org/resource/Voyager-class_cruise_ship"
    },
    {
        "subject": "http://dbpedia.org/resource/Tomasz_Urbanowicz",
        "predicate": "http://dbpedia.org/ontology/wikiPageWikiLink",
        "object": "http://dbpedia.org/resource/Davit"
    },
    {
        "subject": "http://dbpedia.org/resource/Tomasz_Urbanowicz",
        "predicate": "http://dbpedia.org/ontology/wikiPageWikiLink",
        "object": "http://dbpedia.org/resource/Defacement_(flag)"
    },
    {
        "subject": "http://dbpedia.org/resource/Tomasz_Urbanowicz",
        "predicate": "http://dbpedia.org/ontology/wikiPageWikiLink",
        "object": "http://dbpedia.org/resource/Desalination"
    },
    {
        "subject": "http://dbpedia.org/resource/Tomasz_Urbanowicz",
        "predicate": "http://dbpedia.org/ontology/wikiPageWikiLink",
        "object": "http://dbpedia.org/resource/Don_Lennox_(rower)"
    },
    {
        "subject": "http://dbpedia.org/resource/Tomasz_Urbanowicz",
        "predicate": "http://dbpedia.org/ontology/wikiPageWikiLink",
        "object": "http://dbpedia.org/resource/Duke_Riley"
    },
    {
        "subject": "http://dbpedia.org/resource/Tomasz_Urbanowicz",
        "predicate": "http://dbpedia.org/ontology/wikiPageWikiLink",
        "object": "http://dbpedia.org/resource/Integrated_electric_propulsion"
    },
    {
        "subject": "http://dbpedia.org/resource/Tomasz_Urbanowicz",
        "predicate": "http://dbpedia.org/ontology/wikiPageWikiLink",
        "object": "http://dbpedia.org/resource/Leven_Brown"
    },
    {
        "subject": "http://dbpedia.org/resource/Tomasz_Urbanowicz",
        "predicate": "http://dbpedia.org/ontology/wikiPageWikiLink",
        "object": "http://dbpedia.org/resource/Lifeboat_(shipboard)"
    },
    {
        "subject": "http://dbpedia.org/resource/Tomasz_Urbanowicz",
        "predicate": "http://dbpedia.org/ontology/wikiPageWikiLink",
        "object": "http://dbpedia.org/resource/Compagnie_G\u00e9n\u00e9rale_Transatlantique"
    },
    {
        "subject": "http://dbpedia.org/resource/Tomasz_Urbanowicz",
        "predicate": "http://dbpedia.org/ontology/wikiPageWikiLink",
        "object": "http://dbpedia.org/resource/Mary_of_Teck"
    },
    {
        "subject": "http://dbpedia.org/resource/Tomasz_Urbanowicz",
        "predicate": "http://dbpedia.org/ontology/wikiPageWikiLink",
        "object": "http://dbpedia.org/resource/Megastructures_(TV_series)"
    },
    {
        "subject": "http://dbpedia.org/resource/Tomasz_Urbanowicz",
        "predicate": "http://dbpedia.org/ontology/wikiPageWikiLink",
        "object": "http://dbpedia.org/resource/STX_Europe"
    },
    {
        "subject": "http://dbpedia.org/resource/Tomasz_Urbanowicz",
        "predicate": "http://dbpedia.org/ontology/wikiPageWikiLink",
        "object": "http://dbpedia.org/resource/Saint-Nazaire"
    },
    {
        "subject": "http://dbpedia.org/resource/Tomasz_Urbanowicz",
        "predicate": "http://dbpedia.org/ontology/wikiPageWikiLink",
        "object": "http://dbpedia.org/resource/Saint_Peter_Port"
    },
    {
        "subject": "http://dbpedia.org/resource/Tomasz_Urbanowicz",
        "predicate": "http://dbpedia.org/ontology/wikiPageWikiLink",
        "object": "http://dbpedia.org/resource/Gas_turbine"
    },
    {
        "subject": "http://dbpedia.org/resource/Tomasz_Urbanowicz",
        "predicate": "http://dbpedia.org/ontology/wikiPageWikiLink",
        "object": "http://dbpedia.org/resource/General_Electric_LM2500"
    },
    {
        "subject": "http://dbpedia.org/resource/Tomasz_Urbanowicz",
        "predicate": "http://dbpedia.org/ontology/wikiPageWikiLink",
        "object": "http://dbpedia.org/resource/SS_France_(1961)"
    },
    {
        "subject": "http://dbpedia.org/resource/Tomasz_Urbanowicz",
        "predicate": "http://dbpedia.org/ontology/wikiPageWikiLink",
        "object": "http://dbpedia.org/resource/National_Geographic_Channel"
    },
    {
        "subject": "http://dbpedia.org/resource/Tomasz_Urbanowicz",
        "predicate": "http://dbpedia.org/ontology/wikiPageWikiLink",
        "object": "http://dbpedia.org/resource/Electric_motor"
    },
    {
        "subject": "http://dbpedia.org/resource/Tomasz_Urbanowicz",
        "predicate": "http://dbpedia.org/ontology/wikiPageWikiLink",
        "object": "http://dbpedia.org/resource/Elizabeth_II"
    },
    {
        "subject": "http://dbpedia.org/resource/Tomasz_Urbanowicz",
        "predicate": "http://dbpedia.org/ontology/wikiPageWikiLink",
        "object": "http://dbpedia.org/resource/England"
    },
    {
        "subject": "http://dbpedia.org/resource/Tomasz_Urbanowicz",
        "predicate": "http://dbpedia.org/ontology/wikiPageWikiLink",
        "object": "http://dbpedia.org/resource/Fremantle"
    },
    {
        "subject": "http://dbpedia.org/resource/Tomasz_Urbanowicz",
        "predicate": "http://dbpedia.org/ontology/wikiPageWikiLink",
        "object": "http://dbpedia.org/resource/General_Electric"
    },
    {
        "subject": "http://dbpedia.org/resource/Tomasz_Urbanowicz",
        "predicate": "http://dbpedia.org/ontology/wikiPageWikiLink",
        "object": "http://dbpedia.org/resource/George_V"
    },
    {
        "subject": "http://dbpedia.org/resource/Tomasz_Urbanowicz",
        "predicate": "http://dbpedia.org/ontology/wikiPageWikiLink",
        "object": "http://dbpedia.org/resource/George_W._Bush"
    },
    {
        "subject": "http://dbpedia.org/resource/Tomasz_Urbanowicz",
        "predicate": "http://dbpedia.org/ontology/wikiPageWikiLink",
        "object": "http://dbpedia.org/resource/Cruise_ship"
    },
    {
        "subject": "http://dbpedia.org/resource/Tomasz_Urbanowicz",
        "predicate": "http://dbpedia.org/ontology/wikiPageWikiLink",
        "object": "http://dbpedia.org/resource/Anzac_Bridge"
    },
    {
        "subject": "http://dbpedia.org/resource/Tomasz_Urbanowicz",
        "predicate": "http://dbpedia.org/ontology/wikiPageWikiLink",
        "object": "http://dbpedia.org/resource/Lisbon"
    },
    {
        "subject": "http://dbpedia.org/resource/Tomasz_Urbanowicz",
        "predicate": "http://dbpedia.org/ontology/wikiPageWikiLink",
        "object": "http://dbpedia.org/resource/Livar_Nysted"
    },
    {
        "subject": "http://dbpedia.org/resource/Tomasz_Urbanowicz",
        "predicate": "http://dbpedia.org/ontology/wikiPageWikiLink",
        "object": "http://dbpedia.org/resource/Liverpool"
    },
    {
        "subject": "http://dbpedia.org/resource/Tomasz_Urbanowicz",
        "predicate": "http://dbpedia.org/ontology/wikiPageWikiLink",
        "object": "http://dbpedia.org/resource/Lockheed_C-130_Hercules"
    },
    {
        "subject": "http://dbpedia.org/resource/Tomasz_Urbanowicz",
        "predicate": "http://dbpedia.org/ontology/wikiPageWikiLink",
        "object": "http://dbpedia.org/resource/Long_Beach,_California"
    },
    {
        "subject": "http://dbpedia.org/resource/Tomasz_Urbanowicz",
        "predicate": "http://dbpedia.org/ontology/wikiPageWikiLink",
        "object": "http://dbpedia.org/resource/MV_Gastor"
    },
    {
        "subject": "http://dbpedia.org/resource/Tomasz_Urbanowicz",
        "predicate": "http://dbpedia.org/ontology/wikiPageWikiLink",
        "object": "http://dbpedia.org/resource/Singapore"
    },
    {
        "subject": "http://dbpedia.org/resource/Tomasz_Urbanowicz",
        "predicate": "http://dbpedia.org/ontology/wikiPageWikiLink",
        "object": "http://dbpedia.org/resource/Star_Princess_(2001)"
    },
    {
        "subject": "http://dbpedia.org/resource/Tomasz_Urbanowicz",
        "predicate": "http://dbpedia.org/ontology/wikiPageWikiLink",
        "object": "http://dbpedia.org/resource/Statue_of_Liberty"
    },
    {
        "subject": "http://dbpedia.org/resource/Tomasz_Urbanowicz",
        "predicate": "http://dbpedia.org/ontology/wikiPageWikiLink",
        "object": "http://dbpedia.org/resource/Steamship"
    },
    {
        "subject": "http://dbpedia.org/resource/Tomasz_Urbanowicz",
        "predicate": "http://dbpedia.org/ontology/wikiPageWikiLink",
        "object": "http://dbpedia.org/resource/Stephen_Payne_(naval_architect)"
    },
    {
        "subject": "http://dbpedia.org/resource/Tomasz_Urbanowicz",
        "predicate": "http://dbpedia.org/ontology/wikiPageWikiLink",
        "object": "http://dbpedia.org/resource/\u00cele_d'Yeu"
    },
    {
        "subject": "http://dbpedia.org/resource/Tomasz_Urbanowicz",
        "predicate": "http://dbpedia.org/ontology/wikiPageWikiLink",
        "object": "http://dbpedia.org/resource/Fuel_efficiency"
    },
    {
        "subject": "http://dbpedia.org/resource/Tomasz_Urbanowicz",
        "predicate": "http://dbpedia.org/ontology/wikiPageWikiLink",
        "object": "http://dbpedia.org/resource/John_McKenna_(sculptor)"
    },
    {
        "subject": "http://dbpedia.org/resource/Tomasz_Urbanowicz",
        "predicate": "http://dbpedia.org/ontology/wikiPageWikiLink",
        "object": "http://dbpedia.org/resource/Planetarium"
    },
    {
        "subject": "http://dbpedia.org/resource/Tomasz_Urbanowicz",
        "predicate": "http://dbpedia.org/ontology/wikiPageWikiLink",
        "object": "http://dbpedia.org/resource/Public_address_system"
    },
    {
        "subject": "http://dbpedia.org/resource/Tomasz_Urbanowicz",
        "predicate": "http://dbpedia.org/ontology/wikiPageWikiLink",
        "object": "http://dbpedia.org/resource/Magrodome"
    },
    {
        "subject": "http://dbpedia.org/resource/Tomasz_Urbanowicz",
        "predicate": "http://dbpedia.org/ontology/wikiPageWikiLink",
        "object": "http://dbpedia.org/resource/Stern"
    },
    {
        "subject": "http://dbpedia.org/resource/Tomasz_Urbanowicz",
        "predicate": "http://dbpedia.org/ontology/wikiPageWikiLink",
        "object": "http://dbpedia.org/resource/Superstructure"
    },
    {
        "subject": "http://dbpedia.org/resource/Tomasz_Urbanowicz",
        "predicate": "http://dbpedia.org/ontology/wikiPageWikiLink",
        "object": "http://dbpedia.org/resource/Tapestry"
    },
    {
        "subject": "http://dbpedia.org/resource/Tomasz_Urbanowicz",
        "predicate": "http://dbpedia.org/ontology/wikiPageWikiLink",
        "object": "http://dbpedia.org/resource/Maritime_call_sign"
    },
    {
        "subject": "http://dbpedia.org/resource/Tomasz_Urbanowicz",
        "predicate": "http://dbpedia.org/ontology/wikiPageWikiLink",
        "object": "http://dbpedia.org/resource/2004_Summer_Olympics"
    },
    {
        "subject": "http://dbpedia.org/resource/Tomasz_Urbanowicz",
        "predicate": "http://dbpedia.org/ontology/wikiPageWikiLink",
        "object": "http://dbpedia.org/resource/Category:2003_ships"
    },
    {
        "subject": "http://dbpedia.org/resource/Tomasz_Urbanowicz",
        "predicate": "http://dbpedia.org/ontology/wikiPageWikiLink",
        "object": "http://dbpedia.org/resource/COVID-19"
    },
    {
        "subject": "http://dbpedia.org/resource/Tomasz_Urbanowicz",
        "predicate": "http://dbpedia.org/ontology/wikiPageWikiLink",
        "object": "http://dbpedia.org/resource/Timeline_of_largest_passenger_ships"
    },
    {
        "subject": "http://dbpedia.org/resource/Tomasz_Urbanowicz",
        "predicate": "http://dbpedia.org/ontology/wikiPageWikiLink",
        "object": "http://dbpedia.org/resource/Tomasz_Urbanowicz"
    },
    {
        "subject": "http://dbpedia.org/resource/Tomasz_Urbanowicz",
        "predicate": "http://dbpedia.org/ontology/wikiPageWikiLink",
        "object": "http://dbpedia.org/resource/Tony_Blair"
    },
    {
        "subject": "http://dbpedia.org/resource/Tomasz_Urbanowicz",
        "predicate": "http://dbpedia.org/ontology/wikiPageWikiLink",
        "object": "http://dbpedia.org/resource/Transatlantic_crossing"
    },
    {
        "subject": "http://dbpedia.org/resource/Tomasz_Urbanowicz",
        "predicate": "http://dbpedia.org/ontology/wikiPageWikiLink",
        "object": "http://dbpedia.org/resource/Turtle_(submersible)"
    },
    {
        "subject": "http://dbpedia.org/resource/Tomasz_Urbanowicz",
        "predicate": "http://dbpedia.org/ontology/wikiPageWikiLink",
        "object": "http://dbpedia.org/resource/Drogue"
    },
    {
        "subject": "http://dbpedia.org/resource/Tomasz_Urbanowicz",
        "predicate": "http://dbpedia.org/ontology/wikiPageWikiLink",
        "object": "http://dbpedia.org/resource/Aker_Solutions"
    },
    {
        "subject": "http://dbpedia.org/resource/Tomasz_Urbanowicz",
        "predicate": "http://dbpedia.org/ontology/wikiPageWikiLink",
        "object": "http://dbpedia.org/resource/Alstom"
    },
    {
        "subject": "http://dbpedia.org/resource/Tomasz_Urbanowicz",
        "predicate": "http://dbpedia.org/ontology/wikiPageWikiLink",
        "object": "http://dbpedia.org/resource/Cunard_Line"
    },
    {
        "subject": "http://dbpedia.org/resource/Tomasz_Urbanowicz",
        "predicate": "http://dbpedia.org/ontology/wikiPageWikiLink",
        "object": "http://dbpedia.org/resource/Drag_(physics)"
    },
    {
        "subject": "http://dbpedia.org/resource/Tomasz_Urbanowicz",
        "predicate": "http://dbpedia.org/ontology/wikiPageWikiLink",
        "object": "http://dbpedia.org/resource/Euler_angles"
    },
    {
        "subject": "http://dbpedia.org/resource/Tomasz_Urbanowicz",
        "predicate": "http://dbpedia.org/ontology/wikiPageWikiLink",
        "object": "http://dbpedia.org/resource/Fincantieri"
    },
    {
        "subject": "http://dbpedia.org/resource/Tomasz_Urbanowicz",
        "predicate": "http://dbpedia.org/ontology/wikiPageWikiLink",
        "object": "http://dbpedia.org/resource/Fort_Lauderdale,_Florida"
    },
    {
        "subject": "http://dbpedia.org/resource/Tomasz_Urbanowicz",
        "predicate": "http://dbpedia.org/ontology/wikiPageWikiLink",
        "object": "http://dbpedia.org/resource/France"
    },
    {
        "subject": "http://dbpedia.org/resource/Tomasz_Urbanowicz",
        "predicate": "http://dbpedia.org/ontology/wikiPageWikiLink",
        "object": "http://dbpedia.org/resource/Brine"
    },
    {
        "subject": "http://dbpedia.org/resource/Tomasz_Urbanowicz",
        "predicate": "http://dbpedia.org/ontology/wikiPageWikiLink",
        "object": "http://dbpedia.org/resource/Nick_Owen"
    },
    {
        "subject": "http://dbpedia.org/resource/Tomasz_Urbanowicz",
        "predicate": "http://dbpedia.org/ontology/wikiPageWikiLink",
        "object": "http://dbpedia.org/resource/Northern_Ireland"
    },
    {
        "subject": "http://dbpedia.org/resource/Tomasz_Urbanowicz",
        "predicate": "http://dbpedia.org/ontology/wikiPageWikiLink",
        "object": "http://dbpedia.org/resource/Panama_Canal"
    },
    {
        "subject": "http://dbpedia.org/resource/Tomasz_Urbanowicz",
        "predicate": "http://dbpedia.org/ontology/wikiPageWikiLink",
        "object": "http://dbpedia.org/resource/Diamond_jubilee"
    }
]