[
    {
        "subject": "http://dbpedia.org/resource/Vito_Acconci",
        "predicate": "http://dbpedia.org/ontology/wikiPageWikiLink",
        "object": "http://dbpedia.org/resource/Canada"
    },
    {
        "subject": "http://dbpedia.org/resource/Vito_Acconci",
        "predicate": "http://dbpedia.org/ontology/wikiPageWikiLink",
        "object": "http://dbpedia.org/resource/Canadian_Exhibition_at_the_Louisiana_Purchase_Exposition"
    },
    {
        "subject": "http://dbpedia.org/resource/Vito_Acconci",
        "predicate": "http://dbpedia.org/ontology/wikiPageWikiLink",
        "object": "http://dbpedia.org/resource/Carl_Schaefer_(artist)"
    },
    {
        "subject": "http://dbpedia.org/resource/Vito_Acconci",
        "predicate": "http://dbpedia.org/ontology/wikiPageWikiLink",
        "object": "http://dbpedia.org/resource/Beaver_Hall_Group"
    },
    {
        "subject": "http://dbpedia.org/resource/Vito_Acconci",
        "predicate": "http://dbpedia.org/ontology/wikiPageWikiLink",
        "object": "http://dbpedia.org/resource/Category:Canadian_art"
    },
    {
        "subject": "http://dbpedia.org/resource/Vito_Acconci",
        "predicate": "http://dbpedia.org/ontology/wikiPageWikiLink",
        "object": "http://dbpedia.org/resource/Quebec_City"
    },
    {
        "subject": "http://dbpedia.org/resource/Vito_Acconci",
        "predicate": "http://dbpedia.org/ontology/wikiPageWikiLink",
        "object": "http://dbpedia.org/resource/Robert_Markle"
    },
    {
        "subject": "http://dbpedia.org/resource/Vito_Acconci",
        "predicate": "http://dbpedia.org/ontology/wikiPageWikiLink",
        "object": "http://dbpedia.org/resource/Robert_Murray_(artist)"
    },
    {
        "subject": "http://dbpedia.org/resource/Vito_Acconci",
        "predicate": "http://dbpedia.org/ontology/wikiPageWikiLink",
        "object": "http://dbpedia.org/resource/Robert_Smithson"
    },
    {
        "subject": "http://dbpedia.org/resource/Vito_Acconci",
        "predicate": "http://dbpedia.org/ontology/wikiPageWikiLink",
        "object": "http://dbpedia.org/resource/Rococo"
    },
    {
        "subject": "http://dbpedia.org/resource/Vito_Acconci",
        "predicate": "http://dbpedia.org/ontology/wikiPageWikiLink",
        "object": "http://dbpedia.org/resource/Rodney_Graham"
    },
    {
        "subject": "http://dbpedia.org/resource/Vito_Acconci",
        "predicate": "http://dbpedia.org/ontology/wikiPageWikiLink",
        "object": "http://dbpedia.org/resource/Romanticism"
    },
    {
        "subject": "http://dbpedia.org/resource/Vito_Acconci",
        "predicate": "http://dbpedia.org/ontology/wikiPageWikiLink",
        "object": "http://dbpedia.org/resource/Royal_Academy_of_Arts"
    },
    {
        "subject": "http://dbpedia.org/resource/Vito_Acconci",
        "predicate": "http://dbpedia.org/ontology/wikiPageWikiLink",
        "object": "http://dbpedia.org/resource/Royal_Military_College_of_Canada"
    },
    {
        "subject": "http://dbpedia.org/resource/Vito_Acconci",
        "predicate": "http://dbpedia.org/ontology/wikiPageWikiLink",
        "object": "http://dbpedia.org/resource/Samuel_de_Champlain"
    },
    {
        "subject": "http://dbpedia.org/resource/Vito_Acconci",
        "predicate": "http://dbpedia.org/ontology/wikiPageWikiLink",
        "object": "http://dbpedia.org/resource/Saxony"
    },
    {
        "subject": "http://dbpedia.org/resource/Vito_Acconci",
        "predicate": "http://dbpedia.org/ontology/wikiPageWikiLink",
        "object": "http://dbpedia.org/resource/CARFAC"
    },
    {
        "subject": "http://dbpedia.org/resource/Vito_Acconci",
        "predicate": "http://dbpedia.org/ontology/wikiPageWikiLink",
        "object": "http://dbpedia.org/resource/Bertram_Brooker"
    },
    {
        "subject": "http://dbpedia.org/resource/Vito_Acconci",
        "predicate": "http://dbpedia.org/ontology/wikiPageWikiLink",
        "object": "http://dbpedia.org/resource/Bill_Reid"
    },
    {
        "subject": "http://dbpedia.org/resource/Vito_Acconci",
        "predicate": "http://dbpedia.org/ontology/wikiPageWikiLink",
        "object": "http://dbpedia.org/resource/Birthday_Suit_\u2013_with_scars_and_defects"
    },
    {
        "subject": "http://dbpedia.org/resource/Vito_Acconci",
        "predicate": "http://dbpedia.org/ontology/wikiPageWikiLink",
        "object": "http://dbpedia.org/resource/Aquatint"
    },
    {
        "subject": "http://dbpedia.org/resource/Vito_Acconci",
        "predicate": "http://dbpedia.org/ontology/wikiPageWikiLink",
        "object": "http://dbpedia.org/resource/Homer_Watson"
    },
    {
        "subject": "http://dbpedia.org/resource/Vito_Acconci",
        "predicate": "http://dbpedia.org/ontology/wikiPageWikiLink",
        "object": "http://dbpedia.org/resource/Horatio_Walker"
    },
    {
        "subject": "http://dbpedia.org/resource/Vito_Acconci",
        "predicate": "http://dbpedia.org/ontology/wikiPageWikiLink",
        "object": "http://dbpedia.org/resource/Jori_Smith"
    },
    {
        "subject": "http://dbpedia.org/resource/Vito_Acconci",
        "predicate": "http://dbpedia.org/ontology/wikiPageWikiLink",
        "object": "http://dbpedia.org/resource/Joseph_Beuys"
    },
    {
        "subject": "http://dbpedia.org/resource/Vito_Acconci",
        "predicate": "http://dbpedia.org/ontology/wikiPageWikiLink",
        "object": "http://dbpedia.org/resource/Joseph_Brant"
    },
    {
        "subject": "http://dbpedia.org/resource/Vito_Acconci",
        "predicate": "http://dbpedia.org/ontology/wikiPageWikiLink",
        "object": "http://dbpedia.org/resource/Joseph_L\u00e9gar\u00e9"
    },
    {
        "subject": "http://dbpedia.org/resource/Vito_Acconci",
        "predicate": "http://dbpedia.org/ontology/wikiPageWikiLink",
        "object": "http://dbpedia.org/resource/Paul-\u00c9mile_Borduas"
    },
    {
        "subject": "http://dbpedia.org/resource/Vito_Acconci",
        "predicate": "http://dbpedia.org/ontology/wikiPageWikiLink",
        "object": "http://dbpedia.org/resource/Paul_Kane"
    },
    {
        "subject": "http://dbpedia.org/resource/Vito_Acconci",
        "predicate": "http://dbpedia.org/ontology/wikiPageWikiLink",
        "object": "http://dbpedia.org/resource/Richard_Short_(military_artist)"
    },
    {
        "subject": "http://dbpedia.org/resource/Vito_Acconci",
        "predicate": "http://dbpedia.org/ontology/wikiPageWikiLink",
        "object": "http://dbpedia.org/resource/Robert_Harris_(painter)"
    },
    {
        "subject": "http://dbpedia.org/resource/Vito_Acconci",
        "predicate": "http://dbpedia.org/ontology/wikiPageWikiLink",
        "object": "http://dbpedia.org/resource/Universit\u00e9_de_Moncton"
    },
    {
        "subject": "http://dbpedia.org/resource/Vito_Acconci",
        "predicate": "http://dbpedia.org/ontology/wikiPageWikiLink",
        "object": "http://dbpedia.org/resource/Venice_Biennale"
    },
    {
        "subject": "http://dbpedia.org/resource/Vito_Acconci",
        "predicate": "http://dbpedia.org/ontology/wikiPageWikiLink",
        "object": "http://dbpedia.org/resource/Vito_Acconci"
    },
    {
        "subject": "http://dbpedia.org/resource/Vito_Acconci",
        "predicate": "http://dbpedia.org/ontology/wikiPageWikiLink",
        "object": "http://dbpedia.org/resource/David_Askevold"
    },
    {
        "subject": "http://dbpedia.org/resource/Vito_Acconci",
        "predicate": "http://dbpedia.org/ontology/wikiPageWikiLink",
        "object": "http://dbpedia.org/resource/Eastern_Group_of_Painters"
    },
    {
        "subject": "http://dbpedia.org/resource/Vito_Acconci",
        "predicate": "http://dbpedia.org/ontology/wikiPageWikiLink",
        "object": "http://dbpedia.org/resource/Indigenous_peoples_of_the_Northeastern_Woodlands"
    },
    {
        "subject": "http://dbpedia.org/resource/Vito_Acconci",
        "predicate": "http://dbpedia.org/ontology/wikiPageWikiLink",
        "object": "http://dbpedia.org/resource/Indigenous_peoples_of_the_Northwest_Plateau"
    },
    {
        "subject": "http://dbpedia.org/resource/Vito_Acconci",
        "predicate": "http://dbpedia.org/ontology/wikiPageWikiLink",
        "object": "http://dbpedia.org/resource/Indigenous_peoples_of_the_Subarctic"
    },
    {
        "subject": "http://dbpedia.org/resource/Vito_Acconci",
        "predicate": "http://dbpedia.org/ontology/wikiPageWikiLink",
        "object": "http://dbpedia.org/resource/Inuit_art"
    },
    {
        "subject": "http://dbpedia.org/resource/Vito_Acconci",
        "predicate": "http://dbpedia.org/ontology/wikiPageWikiLink",
        "object": "http://dbpedia.org/resource/Sculpture"
    },
    {
        "subject": "http://dbpedia.org/resource/Vito_Acconci",
        "predicate": "http://dbpedia.org/ontology/wikiPageWikiLink",
        "object": "http://dbpedia.org/resource/Pedimental_sculptures_in_Canada"
    },
    {
        "subject": "http://dbpedia.org/resource/Vito_Acconci",
        "predicate": "http://dbpedia.org/ontology/wikiPageWikiLink",
        "object": "http://dbpedia.org/resource/Cornelius_Krieghoff"
    },
    {
        "subject": "http://dbpedia.org/resource/Vito_Acconci",
        "predicate": "http://dbpedia.org/ontology/wikiPageWikiLink",
        "object": "http://dbpedia.org/resource/Massey_Ferguson"
    },
    {
        "subject": "http://dbpedia.org/resource/Vito_Acconci",
        "predicate": "http://dbpedia.org/ontology/wikiPageWikiLink",
        "object": "http://dbpedia.org/resource/Maurice_Cullen_(artist)"
    },
    {
        "subject": "http://dbpedia.org/resource/Vito_Acconci",
        "predicate": "http://dbpedia.org/ontology/wikiPageWikiLink",
        "object": "http://dbpedia.org/resource/Saint_Anne"
    },
    {
        "subject": "http://dbpedia.org/resource/Vito_Acconci",
        "predicate": "http://dbpedia.org/ontology/wikiPageWikiLink",
        "object": "http://dbpedia.org/resource/Saint_Lawrence_River"
    },
    {
        "subject": "http://dbpedia.org/resource/Vito_Acconci",
        "predicate": "http://dbpedia.org/ontology/wikiPageWikiLink",
        "object": "http://dbpedia.org/resource/Sainte-Anne-de-Beaupr\u00e9"
    },
    {
        "subject": "http://dbpedia.org/resource/Vito_Acconci",
        "predicate": "http://dbpedia.org/ontology/wikiPageWikiLink",
        "object": "http://dbpedia.org/resource/Geoffrey_Farmer"
    },
    {
        "subject": "http://dbpedia.org/resource/Vito_Acconci",
        "predicate": "http://dbpedia.org/ontology/wikiPageWikiLink",
        "object": "http://dbpedia.org/resource/Ontario_Society_of_Artists"
    },
    {
        "subject": "http://dbpedia.org/resource/Vito_Acconci",
        "predicate": "http://dbpedia.org/ontology/wikiPageWikiLink",
        "object": "http://dbpedia.org/resource/Claes_Oldenburg"
    },
    {
        "subject": "http://dbpedia.org/resource/Vito_Acconci",
        "predicate": "http://dbpedia.org/ontology/wikiPageWikiLink",
        "object": "http://dbpedia.org/resource/Colin_Campbell_(artist)"
    },
    {
        "subject": "http://dbpedia.org/resource/Vito_Acconci",
        "predicate": "http://dbpedia.org/ontology/wikiPageWikiLink",
        "object": "http://dbpedia.org/resource/Edward_Poitras"
    },
    {
        "subject": "http://dbpedia.org/resource/Vito_Acconci",
        "predicate": "http://dbpedia.org/ontology/wikiPageWikiLink",
        "object": "http://dbpedia.org/resource/Emily_Carr"
    },
    {
        "subject": "http://dbpedia.org/resource/Vito_Acconci",
        "predicate": "http://dbpedia.org/ontology/wikiPageWikiLink",
        "object": "http://dbpedia.org/resource/Emily_Carr_University_of_Art_and_Design"
    },
    {
        "subject": "http://dbpedia.org/resource/Vito_Acconci",
        "predicate": "http://dbpedia.org/ontology/wikiPageWikiLink",
        "object": "http://dbpedia.org/resource/Frank_Johnston_(artist)"
    },
    {
        "subject": "http://dbpedia.org/resource/Vito_Acconci",
        "predicate": "http://dbpedia.org/ontology/wikiPageWikiLink",
        "object": "http://dbpedia.org/resource/Franklin_Carmichael"
    },
    {
        "subject": "http://dbpedia.org/resource/Vito_Acconci",
        "predicate": "http://dbpedia.org/ontology/wikiPageWikiLink",
        "object": "http://dbpedia.org/resource/Frederic_Marlett_Bell-Smith"
    },
    {
        "subject": "http://dbpedia.org/resource/Vito_Acconci",
        "predicate": "http://dbpedia.org/ontology/wikiPageWikiLink",
        "object": "http://dbpedia.org/resource/Frederick_Varley"
    },
    {
        "subject": "http://dbpedia.org/resource/Vito_Acconci",
        "predicate": "http://dbpedia.org/ontology/wikiPageWikiLink",
        "object": "http://dbpedia.org/resource/French_Revolution"
    },
    {
        "subject": "http://dbpedia.org/resource/Vito_Acconci",
        "predicate": "http://dbpedia.org/ontology/wikiPageWikiLink",
        "object": "http://dbpedia.org/resource/General_Idea"
    },
    {
        "subject": "http://dbpedia.org/resource/Vito_Acconci",
        "predicate": "http://dbpedia.org/ontology/wikiPageWikiLink",
        "object": "http://dbpedia.org/resource/George_Bures_Miller"
    },
    {
        "subject": "http://dbpedia.org/resource/Vito_Acconci",
        "predicate": "http://dbpedia.org/ontology/wikiPageWikiLink",
        "object": "http://dbpedia.org/resource/George_Heriot_(artist)"
    },
    {
        "subject": "http://dbpedia.org/resource/Vito_Acconci",
        "predicate": "http://dbpedia.org/ontology/wikiPageWikiLink",
        "object": "http://dbpedia.org/resource/Goodridge_Roberts"
    },
    {
        "subject": "http://dbpedia.org/resource/Vito_Acconci",
        "predicate": "http://dbpedia.org/ontology/wikiPageWikiLink",
        "object": "http://dbpedia.org/resource/Gordon_Rayner"
    },
    {
        "subject": "http://dbpedia.org/resource/Vito_Acconci",
        "predicate": "http://dbpedia.org/ontology/wikiPageWikiLink",
        "object": "http://dbpedia.org/resource/Government_of_Canada"
    },
    {
        "subject": "http://dbpedia.org/resource/Vito_Acconci",
        "predicate": "http://dbpedia.org/ontology/wikiPageWikiLink",
        "object": "http://dbpedia.org/resource/Graham_Coughtry"
    },
    {
        "subject": "http://dbpedia.org/resource/Vito_Acconci",
        "predicate": "http://dbpedia.org/ontology/wikiPageWikiLink",
        "object": "http://dbpedia.org/resource/Montreal"
    },
    {
        "subject": "http://dbpedia.org/resource/Vito_Acconci",
        "predicate": "http://dbpedia.org/ontology/wikiPageWikiLink",
        "object": "http://dbpedia.org/resource/Montr\u00e9al"
    },
    {
        "subject": "http://dbpedia.org/resource/Vito_Acconci",
        "predicate": "http://dbpedia.org/ontology/wikiPageWikiLink",
        "object": "http://dbpedia.org/resource/Mungo_Martin"
    },
    {
        "subject": "http://dbpedia.org/resource/Vito_Acconci",
        "predicate": "http://dbpedia.org/ontology/wikiPageWikiLink",
        "object": "http://dbpedia.org/resource/Museum_of_Modern_Art"
    },
    {
        "subject": "http://dbpedia.org/resource/Vito_Acconci",
        "predicate": "http://dbpedia.org/ontology/wikiPageWikiLink",
        "object": "http://dbpedia.org/resource/Mysticism"
    },
    {
        "subject": "http://dbpedia.org/resource/Vito_Acconci",
        "predicate": "http://dbpedia.org/ontology/wikiPageWikiLink",
        "object": "http://dbpedia.org/resource/M\u00e9tis_people_(Canada)"
    },
    {
        "subject": "http://dbpedia.org/resource/Vito_Acconci",
        "predicate": "http://dbpedia.org/ontology/wikiPageWikiLink",
        "object": "http://dbpedia.org/resource/Conceptual_art"
    },
    {
        "subject": "http://dbpedia.org/resource/Vito_Acconci",
        "predicate": "http://dbpedia.org/ontology/wikiPageWikiLink",
        "object": "http://dbpedia.org/resource/Contemporary_Arts_Society"
    },
    {
        "subject": "http://dbpedia.org/resource/Vito_Acconci",
        "predicate": "http://dbpedia.org/ontology/wikiPageWikiLink",
        "object": "http://dbpedia.org/resource/The_Power_Plant"
    },
    {
        "subject": "http://dbpedia.org/resource/Vito_Acconci",
        "predicate": "http://dbpedia.org/ontology/wikiPageWikiLink",
        "object": "http://dbpedia.org/resource/Thomas_Davies_(British_Army_officer)"
    },
    {
        "subject": "http://dbpedia.org/resource/Vito_Acconci",
        "predicate": "http://dbpedia.org/ontology/wikiPageWikiLink",
        "object": "http://dbpedia.org/resource/Dance_in_Canada"
    },
    {
        "subject": "http://dbpedia.org/resource/Vito_Acconci",
        "predicate": "http://dbpedia.org/ontology/wikiPageWikiLink",
        "object": "http://dbpedia.org/resource/Antoine_Plamondon"
    },
    {
        "subject": "http://dbpedia.org/resource/Vito_Acconci",
        "predicate": "http://dbpedia.org/ontology/wikiPageWikiLink",
        "object": "http://dbpedia.org/resource/Category:Art_by_country"
    },
    {
        "subject": "http://dbpedia.org/resource/Vito_Acconci",
        "predicate": "http://dbpedia.org/ontology/wikiPageWikiLink",
        "object": "http://dbpedia.org/resource/Lisa_Steele"
    },
    {
        "subject": "http://dbpedia.org/resource/Vito_Acconci",
        "predicate": "http://dbpedia.org/ontology/wikiPageWikiLink",
        "object": "http://dbpedia.org/resource/Lowrie_Warrener"
    },
    {
        "subject": "http://dbpedia.org/resource/Vito_Acconci",
        "predicate": "http://dbpedia.org/ontology/wikiPageWikiLink",
        "object": "http://dbpedia.org/resource/Art_Bank"
    },
    {
        "subject": "http://dbpedia.org/resource/Vito_Acconci",
        "predicate": "http://dbpedia.org/ontology/wikiPageWikiLink",
        "object": "http://dbpedia.org/resource/Stan_Douglas"
    },
    {
        "subject": "http://dbpedia.org/resource/Vito_Acconci",
        "predicate": "http://dbpedia.org/ontology/wikiPageWikiLink",
        "object": "http://dbpedia.org/resource/Steven_Shearer"
    },
    {
        "subject": "http://dbpedia.org/resource/Vito_Acconci",
        "predicate": "http://dbpedia.org/ontology/wikiPageWikiLink",
        "object": "http://dbpedia.org/resource/Dennis_Reid"
    },
    {
        "subject": "http://dbpedia.org/resource/Vito_Acconci",
        "predicate": "http://dbpedia.org/ontology/wikiPageWikiLink",
        "object": "http://dbpedia.org/resource/Felix_Partz"
    },
    {
        "subject": "http://dbpedia.org/resource/Vito_Acconci",
        "predicate": "http://dbpedia.org/ontology/wikiPageWikiLink",
        "object": "http://dbpedia.org/resource/Fran\u00e7ois_Baillairg\u00e9"
    },
    {
        "subject": "http://dbpedia.org/resource/Vito_Acconci",
        "predicate": "http://dbpedia.org/ontology/wikiPageWikiLink",
        "object": "http://dbpedia.org/resource/Les_Automatistes"
    },
    {
        "subject": "http://dbpedia.org/resource/Vito_Acconci",
        "predicate": "http://dbpedia.org/ontology/wikiPageWikiLink",
        "object": "http://dbpedia.org/resource/Painting"
    },
    {
        "subject": "http://dbpedia.org/resource/Vito_Acconci",
        "predicate": "http://dbpedia.org/ontology/wikiPageWikiLink",
        "object": "http://dbpedia.org/resource/Photography"
    },
    {
        "subject": "http://dbpedia.org/resource/Vito_Acconci",
        "predicate": "http://dbpedia.org/ontology/wikiPageWikiLink",
        "object": "http://dbpedia.org/resource/Plastic_arts"
    },
    {
        "subject": "http://dbpedia.org/resource/Vito_Acconci",
        "predicate": "http://dbpedia.org/ontology/wikiPageWikiLink",
        "object": "http://dbpedia.org/resource/Symbol"
    },
    {
        "subject": "http://dbpedia.org/resource/Vito_Acconci",
        "predicate": "http://dbpedia.org/ontology/wikiPageWikiLink",
        "object": "http://dbpedia.org/resource/Catholic_Church"
    },
    {
        "subject": "http://dbpedia.org/resource/Vito_Acconci",
        "predicate": "http://dbpedia.org/ontology/wikiPageWikiLink",
        "object": "http://dbpedia.org/resource/Tom_Thomson"
    },
    {
        "subject": "http://dbpedia.org/resource/Vito_Acconci",
        "predicate": "http://dbpedia.org/ontology/wikiPageWikiLink",
        "object": "http://dbpedia.org/resource/Tony_Urquhart"
    },
    {
        "subject": "http://dbpedia.org/resource/Vito_Acconci",
        "predicate": "http://dbpedia.org/ontology/wikiPageWikiLink",
        "object": "http://dbpedia.org/resource/Toronto"
    },
    {
        "subject": "http://dbpedia.org/resource/Vito_Acconci",
        "predicate": "http://dbpedia.org/ontology/wikiPageWikiLink",
        "object": "http://dbpedia.org/resource/William_Berczy"
    },
    {
        "subject": "http://dbpedia.org/resource/Vito_Acconci",
        "predicate": "http://dbpedia.org/ontology/wikiPageWikiLink",
        "object": "http://dbpedia.org/resource/William_Brymner"
    },
    {
        "subject": "http://dbpedia.org/resource/Vito_Acconci",
        "predicate": "http://dbpedia.org/ontology/wikiPageWikiLink",
        "object": "http://dbpedia.org/resource/William_Kurelek"
    }
]