[
    {
        "subject": "http://dbpedia.org/resource/Yoko_Ono",
        "predicate": "http://dbpedia.org/ontology/wikiPageWikiLink",
        "object": "http://dbpedia.org/resource/Providence,_Rhode_Island"
    },
    {
        "subject": "http://dbpedia.org/resource/Yoko_Ono",
        "predicate": "http://dbpedia.org/ontology/wikiPageWikiLink",
        "object": "http://dbpedia.org/resource/Providence_County,_Rhode_Island"
    },
    {
        "subject": "http://dbpedia.org/resource/Yoko_Ono",
        "predicate": "http://dbpedia.org/ontology/wikiPageWikiLink",
        "object": "http://dbpedia.org/resource/Category:Speakeasies"
    },
    {
        "subject": "http://dbpedia.org/resource/Yoko_Ono",
        "predicate": "http://dbpedia.org/ontology/wikiPageWikiLink",
        "object": "http://dbpedia.org/resource/Rhode_Island"
    },
    {
        "subject": "http://dbpedia.org/resource/Yoko_Ono",
        "predicate": "http://dbpedia.org/ontology/wikiPageWikiLink",
        "object": "http://dbpedia.org/resource/Frank_Sinatra"
    },
    {
        "subject": "http://dbpedia.org/resource/Yoko_Ono",
        "predicate": "http://dbpedia.org/ontology/wikiPageWikiLink",
        "object": "http://dbpedia.org/resource/Gerald_Ford"
    },
    {
        "subject": "http://dbpedia.org/resource/Yoko_Ono",
        "predicate": "http://dbpedia.org/ontology/wikiPageWikiLink",
        "object": "http://dbpedia.org/resource/Led_Zeppelin"
    },
    {
        "subject": "http://dbpedia.org/resource/Yoko_Ono",
        "predicate": "http://dbpedia.org/ontology/wikiPageWikiLink",
        "object": "http://dbpedia.org/resource/Lyndon_B._Johnson"
    },
    {
        "subject": "http://dbpedia.org/resource/Yoko_Ono",
        "predicate": "http://dbpedia.org/ontology/wikiPageWikiLink",
        "object": "http://dbpedia.org/resource/Aerosmith"
    },
    {
        "subject": "http://dbpedia.org/resource/Yoko_Ono",
        "predicate": "http://dbpedia.org/ontology/wikiPageWikiLink",
        "object": "http://dbpedia.org/resource/Category:Italian_restaurants_in_the_United_States"
    },
    {
        "subject": "http://dbpedia.org/resource/Yoko_Ono",
        "predicate": "http://dbpedia.org/ontology/wikiPageWikiLink",
        "object": "http://dbpedia.org/resource/Category:Restaurants_in_Rhode_Island"
    },
    {
        "subject": "http://dbpedia.org/resource/Yoko_Ono",
        "predicate": "http://dbpedia.org/ontology/wikiPageWikiLink",
        "object": "http://dbpedia.org/resource/Federal_Hill,_Providence,_Rhode_Island"
    },
    {
        "subject": "http://dbpedia.org/resource/Yoko_Ono",
        "predicate": "http://dbpedia.org/ontology/wikiPageWikiLink",
        "object": "http://dbpedia.org/resource/Jane_Fonda"
    },
    {
        "subject": "http://dbpedia.org/resource/Yoko_Ono",
        "predicate": "http://dbpedia.org/ontology/wikiPageWikiLink",
        "object": "http://dbpedia.org/resource/Category:Italian-American_culture_in_Providence,_Rhode_Island"
    },
    {
        "subject": "http://dbpedia.org/resource/Yoko_Ono",
        "predicate": "http://dbpedia.org/ontology/wikiPageWikiLink",
        "object": "http://dbpedia.org/resource/Jimmy_Carter"
    },
    {
        "subject": "http://dbpedia.org/resource/Yoko_Ono",
        "predicate": "http://dbpedia.org/ontology/wikiPageWikiLink",
        "object": "http://dbpedia.org/resource/John_F._Kennedy"
    },
    {
        "subject": "http://dbpedia.org/resource/Yoko_Ono",
        "predicate": "http://dbpedia.org/ontology/wikiPageWikiLink",
        "object": "http://dbpedia.org/resource/Category:1914_establishments"
    },
    {
        "subject": "http://dbpedia.org/resource/Yoko_Ono",
        "predicate": "http://dbpedia.org/ontology/wikiPageWikiLink",
        "object": "http://dbpedia.org/resource/Raymond_L._S._Patriarca"
    },
    {
        "subject": "http://dbpedia.org/resource/Yoko_Ono",
        "predicate": "http://dbpedia.org/ontology/wikiPageWikiLink",
        "object": "http://dbpedia.org/resource/Yoko_Ono"
    },
    {
        "subject": "http://dbpedia.org/resource/Yoko_Ono",
        "predicate": "http://dbpedia.org/ontology/wikiPageWikiLink",
        "object": "http://dbpedia.org/resource/Wine_Spectator"
    },
    {
        "subject": "http://dbpedia.org/resource/Yoko_Ono",
        "predicate": "http://dbpedia.org/ontology/wikiPageWikiLink",
        "object": "http://dbpedia.org/resource/Italian_wedding_soup"
    },
    {
        "subject": "http://dbpedia.org/resource/Yoko_Ono",
        "predicate": "http://dbpedia.org/ontology/wikiPageWikiLink",
        "object": "http://dbpedia.org/resource/Caitlin_Cronenberg"
    },
    {
        "subject": "http://dbpedia.org/resource/Yoko_Ono",
        "predicate": "http://dbpedia.org/ontology/wikiPageWikiLink",
        "object": "http://dbpedia.org/resource/Calgary"
    },
    {
        "subject": "http://dbpedia.org/resource/Yoko_Ono",
        "predicate": "http://dbpedia.org/ontology/wikiPageWikiLink",
        "object": "http://dbpedia.org/resource/Canada's_Drag_Race"
    },
    {
        "subject": "http://dbpedia.org/resource/Yoko_Ono",
        "predicate": "http://dbpedia.org/ontology/wikiPageWikiLink",
        "object": "http://dbpedia.org/resource/Canada's_Drag_Race_(season_1)"
    },
    {
        "subject": "http://dbpedia.org/resource/Yoko_Ono",
        "predicate": "http://dbpedia.org/ontology/wikiPageWikiLink",
        "object": "http://dbpedia.org/resource/Priyanka_(drag_queen)"
    },
    {
        "subject": "http://dbpedia.org/resource/Yoko_Ono",
        "predicate": "http://dbpedia.org/ontology/wikiPageWikiLink",
        "object": "http://dbpedia.org/resource/Pythia_(drag_queen)"
    },
    {
        "subject": "http://dbpedia.org/resource/Yoko_Ono",
        "predicate": "http://dbpedia.org/ontology/wikiPageWikiLink",
        "object": "http://dbpedia.org/resource/Quebec"
    },
    {
        "subject": "http://dbpedia.org/resource/Yoko_Ono",
        "predicate": "http://dbpedia.org/ontology/wikiPageWikiLink",
        "object": "http://dbpedia.org/resource/Quebec_City"
    },
    {
        "subject": "http://dbpedia.org/resource/Yoko_Ono",
        "predicate": "http://dbpedia.org/ontology/wikiPageWikiLink",
        "object": "http://dbpedia.org/resource/RuPaul"
    },
    {
        "subject": "http://dbpedia.org/resource/Yoko_Ono",
        "predicate": "http://dbpedia.org/ontology/wikiPageWikiLink",
        "object": "http://dbpedia.org/resource/Category:2021_in_LGBT_history"
    },
    {
        "subject": "http://dbpedia.org/resource/Yoko_Ono",
        "predicate": "http://dbpedia.org/ontology/wikiPageWikiLink",
        "object": "http://dbpedia.org/resource/Bernie_Sanders"
    },
    {
        "subject": "http://dbpedia.org/resource/Yoko_Ono",
        "predicate": "http://dbpedia.org/ontology/wikiPageWikiLink",
        "object": "http://dbpedia.org/resource/Bif_Naked"
    },
    {
        "subject": "http://dbpedia.org/resource/Yoko_Ono",
        "predicate": "http://dbpedia.org/ontology/wikiPageWikiLink",
        "object": "http://dbpedia.org/resource/Born_Naked"
    },
    {
        "subject": "http://dbpedia.org/resource/Yoko_Ono",
        "predicate": "http://dbpedia.org/ontology/wikiPageWikiLink",
        "object": "http://dbpedia.org/resource/Brad_Goreski"
    },
    {
        "subject": "http://dbpedia.org/resource/Yoko_Ono",
        "predicate": "http://dbpedia.org/ontology/wikiPageWikiLink",
        "object": "http://dbpedia.org/resource/Hollywood_Jade"
    },
    {
        "subject": "http://dbpedia.org/resource/Yoko_Ono",
        "predicate": "http://dbpedia.org/ontology/wikiPageWikiLink",
        "object": "http://dbpedia.org/resource/Vancouver"
    },
    {
        "subject": "http://dbpedia.org/resource/Yoko_Ono",
        "predicate": "http://dbpedia.org/ontology/wikiPageWikiLink",
        "object": "http://dbpedia.org/resource/10th_Canadian_Screen_Awards"
    },
    {
        "subject": "http://dbpedia.org/resource/Yoko_Ono",
        "predicate": "http://dbpedia.org/ontology/wikiPageWikiLink",
        "object": "http://dbpedia.org/resource/Connor_Jessup"
    },
    {
        "subject": "http://dbpedia.org/resource/Yoko_Ono",
        "predicate": "http://dbpedia.org/ontology/wikiPageWikiLink",
        "object": "http://dbpedia.org/resource/Crave_(TV_network)"
    },
    {
        "subject": "http://dbpedia.org/resource/Yoko_Ono",
        "predicate": "http://dbpedia.org/ontology/wikiPageWikiLink",
        "object": "http://dbpedia.org/resource/Get_Down_(B4-4_song)"
    },
    {
        "subject": "http://dbpedia.org/resource/Yoko_Ono",
        "predicate": "http://dbpedia.org/ontology/wikiPageWikiLink",
        "object": "http://dbpedia.org/resource/Ghost_(Fefe_Dobson_song)"
    },
    {
        "subject": "http://dbpedia.org/resource/Yoko_Ono",
        "predicate": "http://dbpedia.org/ontology/wikiPageWikiLink",
        "object": "http://dbpedia.org/resource/Gia_Metric"
    },
    {
        "subject": "http://dbpedia.org/resource/Yoko_Ono",
        "predicate": "http://dbpedia.org/ontology/wikiPageWikiLink",
        "object": "http://dbpedia.org/resource/Gigi_Gorgeous"
    },
    {
        "subject": "http://dbpedia.org/resource/Yoko_Ono",
        "predicate": "http://dbpedia.org/ontology/wikiPageWikiLink",
        "object": "http://dbpedia.org/resource/Girlicious"
    },
    {
        "subject": "http://dbpedia.org/resource/Yoko_Ono",
        "predicate": "http://dbpedia.org/ontology/wikiPageWikiLink",
        "object": "http://dbpedia.org/resource/Brandon_Ash-Mohammed"
    },
    {
        "subject": "http://dbpedia.org/resource/Yoko_Ono",
        "predicate": "http://dbpedia.org/ontology/wikiPageWikiLink",
        "object": "http://dbpedia.org/resource/Mitsou"
    },
    {
        "subject": "http://dbpedia.org/resource/Yoko_Ono",
        "predicate": "http://dbpedia.org/ontology/wikiPageWikiLink",
        "object": "http://dbpedia.org/resource/Montreal"
    },
    {
        "subject": "http://dbpedia.org/resource/Yoko_Ono",
        "predicate": "http://dbpedia.org/ontology/wikiPageWikiLink",
        "object": "http://dbpedia.org/resource/Leslie_Jones_(comedian)"
    },
    {
        "subject": "http://dbpedia.org/resource/Yoko_Ono",
        "predicate": "http://dbpedia.org/ontology/wikiPageWikiLink",
        "object": "http://dbpedia.org/resource/Made_/_Nous"
    },
    {
        "subject": "http://dbpedia.org/resource/Yoko_Ono",
        "predicate": "http://dbpedia.org/ontology/wikiPageWikiLink",
        "object": "http://dbpedia.org/resource/Maneater_(Nelly_Furtado_song)"
    },
    {
        "subject": "http://dbpedia.org/resource/Yoko_Ono",
        "predicate": "http://dbpedia.org/ontology/wikiPageWikiLink",
        "object": "http://dbpedia.org/resource/Slasher_film"
    },
    {
        "subject": "http://dbpedia.org/resource/Yoko_Ono",
        "predicate": "http://dbpedia.org/ontology/wikiPageWikiLink",
        "object": "http://dbpedia.org/resource/Stacey_McKenzie"
    },
    {
        "subject": "http://dbpedia.org/resource/Yoko_Ono",
        "predicate": "http://dbpedia.org/ontology/wikiPageWikiLink",
        "object": "http://dbpedia.org/resource/Emma_Hunter_(actress)"
    },
    {
        "subject": "http://dbpedia.org/resource/Yoko_Ono",
        "predicate": "http://dbpedia.org/ontology/wikiPageWikiLink",
        "object": "http://dbpedia.org/resource/British_Columbia"
    },
    {
        "subject": "http://dbpedia.org/resource/Yoko_Ono",
        "predicate": "http://dbpedia.org/ontology/wikiPageWikiLink",
        "object": "http://dbpedia.org/resource/Brooke_Lynn_Hytes"
    },
    {
        "subject": "http://dbpedia.org/resource/Yoko_Ono",
        "predicate": "http://dbpedia.org/ontology/wikiPageWikiLink",
        "object": "http://dbpedia.org/resource/Celine_Dion"
    },
    {
        "subject": "http://dbpedia.org/resource/Yoko_Ono",
        "predicate": "http://dbpedia.org/ontology/wikiPageWikiLink",
        "object": "http://dbpedia.org/resource/TikTok"
    },
    {
        "subject": "http://dbpedia.org/resource/Yoko_Ono",
        "predicate": "http://dbpedia.org/ontology/wikiPageWikiLink",
        "object": "http://dbpedia.org/resource/Toronto"
    },
    {
        "subject": "http://dbpedia.org/resource/Yoko_Ono",
        "predicate": "http://dbpedia.org/ontology/wikiPageWikiLink",
        "object": "http://dbpedia.org/resource/Trevor_Boris"
    },
    {
        "subject": "http://dbpedia.org/resource/Yoko_Ono",
        "predicate": "http://dbpedia.org/ontology/wikiPageWikiLink",
        "object": "http://dbpedia.org/resource/WOW_Presents_Plus"
    },
    {
        "subject": "http://dbpedia.org/resource/Yoko_Ono",
        "predicate": "http://dbpedia.org/ontology/wikiPageWikiLink",
        "object": "http://dbpedia.org/resource/Alberta"
    },
    {
        "subject": "http://dbpedia.org/resource/Yoko_Ono",
        "predicate": "http://dbpedia.org/ontology/wikiPageWikiLink",
        "object": "http://dbpedia.org/resource/Amanda_Brugel"
    },
    {
        "subject": "http://dbpedia.org/resource/Yoko_Ono",
        "predicate": "http://dbpedia.org/ontology/wikiPageWikiLink",
        "object": "http://dbpedia.org/resource/C\u00e9line_Dion"
    },
    {
        "subject": "http://dbpedia.org/resource/Yoko_Ono",
        "predicate": "http://dbpedia.org/ontology/wikiPageWikiLink",
        "object": "http://dbpedia.org/resource/DJ_Sammy"
    },
    {
        "subject": "http://dbpedia.org/resource/Yoko_Ono",
        "predicate": "http://dbpedia.org/ontology/wikiPageWikiLink",
        "object": "http://dbpedia.org/resource/Fefe_Dobson"
    },
    {
        "subject": "http://dbpedia.org/resource/Yoko_Ono",
        "predicate": "http://dbpedia.org/ontology/wikiPageWikiLink",
        "object": "http://dbpedia.org/resource/Ottawa"
    },
    {
        "subject": "http://dbpedia.org/resource/Yoko_Ono",
        "predicate": "http://dbpedia.org/ontology/wikiPageWikiLink",
        "object": "http://dbpedia.org/resource/Happiness_(Alexis_Jordan_song)"
    },
    {
        "subject": "http://dbpedia.org/resource/Yoko_Ono",
        "predicate": "http://dbpedia.org/ontology/wikiPageWikiLink",
        "object": "http://dbpedia.org/resource/Doordash"
    },
    {
        "subject": "http://dbpedia.org/resource/Yoko_Ono",
        "predicate": "http://dbpedia.org/ontology/wikiPageWikiLink",
        "object": "http://dbpedia.org/resource/Grimes_(musician)"
    },
    {
        "subject": "http://dbpedia.org/resource/Yoko_Ono",
        "predicate": "http://dbpedia.org/ontology/wikiPageWikiLink",
        "object": "http://dbpedia.org/resource/Heaven_(Bryan_Adams_song)"
    },
    {
        "subject": "http://dbpedia.org/resource/Yoko_Ono",
        "predicate": "http://dbpedia.org/ontology/wikiPageWikiLink",
        "object": "http://dbpedia.org/resource/It's_All_Coming_Back_to_Me_Now"
    },
    {
        "subject": "http://dbpedia.org/resource/Yoko_Ono",
        "predicate": "http://dbpedia.org/ontology/wikiPageWikiLink",
        "object": "http://dbpedia.org/resource/Jeffrey_Bowyer-Chapman"
    },
    {
        "subject": "http://dbpedia.org/resource/Yoko_Ono",
        "predicate": "http://dbpedia.org/ontology/wikiPageWikiLink",
        "object": "http://dbpedia.org/resource/Snatch_Game"
    },
    {
        "subject": "http://dbpedia.org/resource/Yoko_Ono",
        "predicate": "http://dbpedia.org/ontology/wikiPageWikiLink",
        "object": "http://dbpedia.org/resource/Champion_(RuPaul_album)"
    },
    {
        "subject": "http://dbpedia.org/resource/Yoko_Ono",
        "predicate": "http://dbpedia.org/ontology/wikiPageWikiLink",
        "object": "http://dbpedia.org/resource/Jim_Carrey"
    },
    {
        "subject": "http://dbpedia.org/resource/Yoko_Ono",
        "predicate": "http://dbpedia.org/ontology/wikiPageWikiLink",
        "object": "http://dbpedia.org/resource/Jimbo_(drag_queen)"
    },
    {
        "subject": "http://dbpedia.org/resource/Yoko_Ono",
        "predicate": "http://dbpedia.org/ontology/wikiPageWikiLink",
        "object": "http://dbpedia.org/resource/KAPRI"
    },
    {
        "subject": "http://dbpedia.org/resource/Yoko_Ono",
        "predicate": "http://dbpedia.org/ontology/wikiPageWikiLink",
        "object": "http://dbpedia.org/resource/Kendall_Gender"
    },
    {
        "subject": "http://dbpedia.org/resource/Yoko_Ono",
        "predicate": "http://dbpedia.org/ontology/wikiPageWikiLink",
        "object": "http://dbpedia.org/resource/La_Veneno"
    },
    {
        "subject": "http://dbpedia.org/resource/Yoko_Ono",
        "predicate": "http://dbpedia.org/ontology/wikiPageWikiLink",
        "object": "http://dbpedia.org/resource/Do_(singer)"
    },
    {
        "subject": "http://dbpedia.org/resource/Yoko_Ono",
        "predicate": "http://dbpedia.org/ontology/wikiPageWikiLink",
        "object": "http://dbpedia.org/resource/Category:2021_Canadian_television_seasons"
    },
    {
        "subject": "http://dbpedia.org/resource/Yoko_Ono",
        "predicate": "http://dbpedia.org/ontology/wikiPageWikiLink",
        "object": "http://dbpedia.org/resource/B4-4"
    },
    {
        "subject": "http://dbpedia.org/resource/Yoko_Ono",
        "predicate": "http://dbpedia.org/ontology/wikiPageWikiLink",
        "object": "http://dbpedia.org/resource/Boman_Martinez-Reid"
    },
    {
        "subject": "http://dbpedia.org/resource/Yoko_Ono",
        "predicate": "http://dbpedia.org/ontology/wikiPageWikiLink",
        "object": "http://dbpedia.org/resource/Sof\u00eda_Vergara"
    },
    {
        "subject": "http://dbpedia.org/resource/Yoko_Ono",
        "predicate": "http://dbpedia.org/ontology/wikiPageWikiLink",
        "object": "http://dbpedia.org/resource/Icesis_Couture"
    },
    {
        "subject": "http://dbpedia.org/resource/Yoko_Ono",
        "predicate": "http://dbpedia.org/ontology/wikiPageWikiLink",
        "object": "http://dbpedia.org/resource/Kris_Jenner"
    },
    {
        "subject": "http://dbpedia.org/resource/Yoko_Ono",
        "predicate": "http://dbpedia.org/ontology/wikiPageWikiLink",
        "object": "http://dbpedia.org/resource/Nelly_Furtado"
    },
    {
        "subject": "http://dbpedia.org/resource/Yoko_Ono",
        "predicate": "http://dbpedia.org/ontology/wikiPageWikiLink",
        "object": "http://dbpedia.org/resource/Ontario"
    },
    {
        "subject": "http://dbpedia.org/resource/Yoko_Ono",
        "predicate": "http://dbpedia.org/ontology/wikiPageWikiLink",
        "object": "http://dbpedia.org/resource/Canadian_Screen_Award_for_Best_Reality/Competition_Series"
    },
    {
        "subject": "http://dbpedia.org/resource/Yoko_Ono",
        "predicate": "http://dbpedia.org/ontology/wikiPageWikiLink",
        "object": "http://dbpedia.org/resource/Canadian_Screen_Awards"
    },
    {
        "subject": "http://dbpedia.org/resource/Yoko_Ono",
        "predicate": "http://dbpedia.org/ontology/wikiPageWikiLink",
        "object": "http://dbpedia.org/resource/Category:Canada's_Drag_Race_seasons"
    },
    {
        "subject": "http://dbpedia.org/resource/Yoko_Ono",
        "predicate": "http://dbpedia.org/ontology/wikiPageWikiLink",
        "object": "http://dbpedia.org/resource/Rachel_Zoe"
    },
    {
        "subject": "http://dbpedia.org/resource/Yoko_Ono",
        "predicate": "http://dbpedia.org/ontology/wikiPageWikiLink",
        "object": "http://dbpedia.org/resource/Yanou"
    },
    {
        "subject": "http://dbpedia.org/resource/Yoko_Ono",
        "predicate": "http://dbpedia.org/ontology/wikiPageWikiLink",
        "object": "http://dbpedia.org/resource/Yoko_Ono"
    },
    {
        "subject": "http://dbpedia.org/resource/Yoko_Ono",
        "predicate": "http://dbpedia.org/ontology/wikiPageWikiLink",
        "object": "http://dbpedia.org/resource/Traci_Melchor"
    },
    {
        "subject": "http://dbpedia.org/resource/Yoko_Ono",
        "predicate": "http://dbpedia.org/ontology/wikiPageWikiLink",
        "object": "http://dbpedia.org/resource/RuPaul_discography"
    },
    {
        "subject": "http://dbpedia.org/resource/Yoko_Ono",
        "predicate": "http://dbpedia.org/ontology/wikiPageWikiLink",
        "object": "http://dbpedia.org/resource/Rusical"
    },
    {
        "subject": "http://dbpedia.org/resource/Yoko_Ono",
        "predicate": "http://dbpedia.org/ontology/wikiPageWikiLink",
        "object": "http://dbpedia.org/resource/Shelagh_O'Brien"
    },
    {
        "subject": "http://dbpedia.org/resource/Yoko_Ono",
        "predicate": "http://dbpedia.org/ontology/wikiPageWikiLink",
        "object": "http://dbpedia.org/resource/Fenton_Bailey"
    }
]