[
    {
        "subject": "http://dbpedia.org/resource/Helen_Abbot_Merrill",
        "predicate": "http://dbpedia.org/ontology/wikiPageWikiLink",
        "object": "http://dbpedia.org/resource/Carla_Robbins"
    },
    {
        "subject": "http://dbpedia.org/resource/Helen_Abbot_Merrill",
        "predicate": "http://dbpedia.org/ontology/wikiPageWikiLink",
        "object": "http://dbpedia.org/resource/Carol_Bly"
    },
    {
        "subject": "http://dbpedia.org/resource/Helen_Abbot_Merrill",
        "predicate": "http://dbpedia.org/ontology/wikiPageWikiLink",
        "object": "http://dbpedia.org/resource/Carol_Cadou"
    },
    {
        "subject": "http://dbpedia.org/resource/Helen_Abbot_Merrill",
        "predicate": "http://dbpedia.org/ontology/wikiPageWikiLink",
        "object": "http://dbpedia.org/resource/Carol_E._Jackson"
    },
    {
        "subject": "http://dbpedia.org/resource/Helen_Abbot_Merrill",
        "predicate": "http://dbpedia.org/ontology/wikiPageWikiLink",
        "object": "http://dbpedia.org/resource/Carol_Sanger"
    },
    {
        "subject": "http://dbpedia.org/resource/Helen_Abbot_Merrill",
        "predicate": "http://dbpedia.org/ontology/wikiPageWikiLink",
        "object": "http://dbpedia.org/resource/Carole_B._Balin"
    },
    {
        "subject": "http://dbpedia.org/resource/Helen_Abbot_Merrill",
        "predicate": "http://dbpedia.org/ontology/wikiPageWikiLink",
        "object": "http://dbpedia.org/resource/Caroline_Rose"
    },
    {
        "subject": "http://dbpedia.org/resource/Helen_Abbot_Merrill",
        "predicate": "http://dbpedia.org/ontology/wikiPageWikiLink",
        "object": "http://dbpedia.org/resource/Carolyn_Dykema"
    },
    {
        "subject": "http://dbpedia.org/resource/Helen_Abbot_Merrill",
        "predicate": "http://dbpedia.org/ontology/wikiPageWikiLink",
        "object": "http://dbpedia.org/resource/Carolyn_Gold_Heilbrun"
    },
    {
        "subject": "http://dbpedia.org/resource/Helen_Abbot_Merrill",
        "predicate": "http://dbpedia.org/ontology/wikiPageWikiLink",
        "object": "http://dbpedia.org/resource/Carolyn_Shaw_Bell"
    },
    {
        "subject": "http://dbpedia.org/resource/Helen_Abbot_Merrill",
        "predicate": "http://dbpedia.org/ontology/wikiPageWikiLink",
        "object": "http://dbpedia.org/resource/Priya_Paul"
    },
    {
        "subject": "http://dbpedia.org/resource/Helen_Abbot_Merrill",
        "predicate": "http://dbpedia.org/ontology/wikiPageWikiLink",
        "object": "http://dbpedia.org/resource/Purdue_University"
    },
    {
        "subject": "http://dbpedia.org/resource/Helen_Abbot_Merrill",
        "predicate": "http://dbpedia.org/ontology/wikiPageWikiLink",
        "object": "http://dbpedia.org/resource/Robert_Pinsky"
    },
    {
        "subject": "http://dbpedia.org/resource/Helen_Abbot_Merrill",
        "predicate": "http://dbpedia.org/ontology/wikiPageWikiLink",
        "object": "http://dbpedia.org/resource/Rosalind_E._Krauss"
    },
    {
        "subject": "http://dbpedia.org/resource/Helen_Abbot_Merrill",
        "predicate": "http://dbpedia.org/ontology/wikiPageWikiLink",
        "object": "http://dbpedia.org/resource/Rosario_Ferr\u00e9"
    },
    {
        "subject": "http://dbpedia.org/resource/Helen_Abbot_Merrill",
        "predicate": "http://dbpedia.org/ontology/wikiPageWikiLink",
        "object": "http://dbpedia.org/resource/Rose_Laub_Coser"
    },
    {
        "subject": "http://dbpedia.org/resource/Helen_Abbot_Merrill",
        "predicate": "http://dbpedia.org/ontology/wikiPageWikiLink",
        "object": "http://dbpedia.org/resource/Santha_Rama_Rau"
    },
    {
        "subject": "http://dbpedia.org/resource/Helen_Abbot_Merrill",
        "predicate": "http://dbpedia.org/ontology/wikiPageWikiLink",
        "object": "http://dbpedia.org/resource/Sara_Soffel"
    },
    {
        "subject": "http://dbpedia.org/resource/Helen_Abbot_Merrill",
        "predicate": "http://dbpedia.org/ontology/wikiPageWikiLink",
        "object": "http://dbpedia.org/resource/Sarah_Frances_Whiting"
    },
    {
        "subject": "http://dbpedia.org/resource/Helen_Abbot_Merrill",
        "predicate": "http://dbpedia.org/ontology/wikiPageWikiLink",
        "object": "http://dbpedia.org/resource/Elisabeth_Severance_Prentiss"
    },
    {
        "subject": "http://dbpedia.org/resource/Helen_Abbot_Merrill",
        "predicate": "http://dbpedia.org/ontology/wikiPageWikiLink",
        "object": "http://dbpedia.org/resource/New_York_Academy_of_Sciences"
    },
    {
        "subject": "http://dbpedia.org/resource/Helen_Abbot_Merrill",
        "predicate": "http://dbpedia.org/ontology/wikiPageWikiLink",
        "object": "http://dbpedia.org/resource/Mabel_Minerva_Young"
    },
    {
        "subject": "http://dbpedia.org/resource/Helen_Abbot_Merrill",
        "predicate": "http://dbpedia.org/ontology/wikiPageWikiLink",
        "object": "http://dbpedia.org/resource/Philip_L._Kohl"
    },
    {
        "subject": "http://dbpedia.org/resource/Helen_Abbot_Merrill",
        "predicate": "http://dbpedia.org/ontology/wikiPageWikiLink",
        "object": "http://dbpedia.org/resource/Stanford_University_School_of_Engineering"
    },
    {
        "subject": "http://dbpedia.org/resource/Helen_Abbot_Merrill",
        "predicate": "http://dbpedia.org/ontology/wikiPageWikiLink",
        "object": "http://dbpedia.org/resource/United_States_Ambassador_to_Haiti"
    },
    {
        "subject": "http://dbpedia.org/resource/Helen_Abbot_Merrill",
        "predicate": "http://dbpedia.org/ontology/wikiPageWikiLink",
        "object": "http://dbpedia.org/resource/RTNDA_Edward_R._Murrow_Award"
    },
    {
        "subject": "http://dbpedia.org/resource/Helen_Abbot_Merrill",
        "predicate": "http://dbpedia.org/ontology/wikiPageWikiLink",
        "object": "http://dbpedia.org/resource/Sandra_L._Lynch"
    },
    {
        "subject": "http://dbpedia.org/resource/Helen_Abbot_Merrill",
        "predicate": "http://dbpedia.org/ontology/wikiPageWikiLink",
        "object": "http://dbpedia.org/resource/Bertha_Adkins"
    },
    {
        "subject": "http://dbpedia.org/resource/Helen_Abbot_Merrill",
        "predicate": "http://dbpedia.org/ontology/wikiPageWikiLink",
        "object": "http://dbpedia.org/resource/Bing_Xin"
    },
    {
        "subject": "http://dbpedia.org/resource/Helen_Abbot_Merrill",
        "predicate": "http://dbpedia.org/ontology/wikiPageWikiLink",
        "object": "http://dbpedia.org/resource/BlackRock"
    },
    {
        "subject": "http://dbpedia.org/resource/Helen_Abbot_Merrill",
        "predicate": "http://dbpedia.org/ontology/wikiPageWikiLink",
        "object": "http://dbpedia.org/resource/Blanche_Baker"
    },
    {
        "subject": "http://dbpedia.org/resource/Helen_Abbot_Merrill",
        "predicate": "http://dbpedia.org/ontology/wikiPageWikiLink",
        "object": "http://dbpedia.org/resource/David_Ferry_(poet)"
    },
    {
        "subject": "http://dbpedia.org/resource/Helen_Abbot_Merrill",
        "predicate": "http://dbpedia.org/ontology/wikiPageWikiLink",
        "object": "http://dbpedia.org/resource/Deadline_Hollywood"
    },
    {
        "subject": "http://dbpedia.org/resource/Helen_Abbot_Merrill",
        "predicate": "http://dbpedia.org/ontology/wikiPageWikiLink",
        "object": "http://dbpedia.org/resource/Deborah_R._Cochran"
    },
    {
        "subject": "http://dbpedia.org/resource/Helen_Abbot_Merrill",
        "predicate": "http://dbpedia.org/ontology/wikiPageWikiLink",
        "object": "http://dbpedia.org/resource/Democratic_Party_(United_States)"
    },
    {
        "subject": "http://dbpedia.org/resource/Helen_Abbot_Merrill",
        "predicate": "http://dbpedia.org/ontology/wikiPageWikiLink",
        "object": "http://dbpedia.org/resource/Alicia_Erian"
    },
    {
        "subject": "http://dbpedia.org/resource/Helen_Abbot_Merrill",
        "predicate": "http://dbpedia.org/ontology/wikiPageWikiLink",
        "object": "http://dbpedia.org/resource/Aline_B._Carter"
    },
    {
        "subject": "http://dbpedia.org/resource/Helen_Abbot_Merrill",
        "predicate": "http://dbpedia.org/ontology/wikiPageWikiLink",
        "object": "http://dbpedia.org/resource/Alison_McIntyre"
    },
    {
        "subject": "http://dbpedia.org/resource/Helen_Abbot_Merrill",
        "predicate": "http://dbpedia.org/ontology/wikiPageWikiLink",
        "object": "http://dbpedia.org/resource/Allen_Sapp_(composer)"
    },
    {
        "subject": "http://dbpedia.org/resource/Helen_Abbot_Merrill",
        "predicate": "http://dbpedia.org/ontology/wikiPageWikiLink",
        "object": "http://dbpedia.org/resource/Alona_E._Evans"
    },
    {
        "subject": "http://dbpedia.org/resource/Helen_Abbot_Merrill",
        "predicate": "http://dbpedia.org/ontology/wikiPageWikiLink",
        "object": "http://dbpedia.org/resource/Ann_Zwinger"
    },
    {
        "subject": "http://dbpedia.org/resource/Helen_Abbot_Merrill",
        "predicate": "http://dbpedia.org/ontology/wikiPageWikiLink",
        "object": "http://dbpedia.org/resource/Anne_Fougeron"
    },
    {
        "subject": "http://dbpedia.org/resource/Helen_Abbot_Merrill",
        "predicate": "http://dbpedia.org/ontology/wikiPageWikiLink",
        "object": "http://dbpedia.org/resource/Anne_Toth"
    },
    {
        "subject": "http://dbpedia.org/resource/Helen_Abbot_Merrill",
        "predicate": "http://dbpedia.org/ontology/wikiPageWikiLink",
        "object": "http://dbpedia.org/resource/Annette_Baker_Fox"
    },
    {
        "subject": "http://dbpedia.org/resource/Helen_Abbot_Merrill",
        "predicate": "http://dbpedia.org/ontology/wikiPageWikiLink",
        "object": "http://dbpedia.org/resource/Apeejay_Surrendra_Group"
    },
    {
        "subject": "http://dbpedia.org/resource/Helen_Abbot_Merrill",
        "predicate": "http://dbpedia.org/ontology/wikiPageWikiLink",
        "object": "http://dbpedia.org/resource/Jon_D._Levenson"
    },
    {
        "subject": "http://dbpedia.org/resource/Helen_Abbot_Merrill",
        "predicate": "http://dbpedia.org/ontology/wikiPageWikiLink",
        "object": "http://dbpedia.org/resource/Jorge_Guill\u00e9n"
    },
    {
        "subject": "http://dbpedia.org/resource/Helen_Abbot_Merrill",
        "predicate": "http://dbpedia.org/ontology/wikiPageWikiLink",
        "object": "http://dbpedia.org/resource/Judith_Goslin_Hall"
    },
    {
        "subject": "http://dbpedia.org/resource/Helen_Abbot_Merrill",
        "predicate": "http://dbpedia.org/ontology/wikiPageWikiLink",
        "object": "http://dbpedia.org/resource/Judith_Krantz"
    },
    {
        "subject": "http://dbpedia.org/resource/Helen_Abbot_Merrill",
        "predicate": "http://dbpedia.org/ontology/wikiPageWikiLink",
        "object": "http://dbpedia.org/resource/Judith_Martin"
    },
    {
        "subject": "http://dbpedia.org/resource/Helen_Abbot_Merrill",
        "predicate": "http://dbpedia.org/ontology/wikiPageWikiLink",
        "object": "http://dbpedia.org/resource/Judith_Roitman"
    },
    {
        "subject": "http://dbpedia.org/resource/Helen_Abbot_Merrill",
        "predicate": "http://dbpedia.org/ontology/wikiPageWikiLink",
        "object": "http://dbpedia.org/resource/JudyAnn_Bigby"
    },
    {
        "subject": "http://dbpedia.org/resource/Helen_Abbot_Merrill",
        "predicate": "http://dbpedia.org/ontology/wikiPageWikiLink",
        "object": "http://dbpedia.org/resource/Judy_Brown"
    },
    {
        "subject": "http://dbpedia.org/resource/Helen_Abbot_Merrill",
        "predicate": "http://dbpedia.org/ontology/wikiPageWikiLink",
        "object": "http://dbpedia.org/resource/Julieta_Valls_Noyes"
    },
    {
        "subject": "http://dbpedia.org/resource/Helen_Abbot_Merrill",
        "predicate": "http://dbpedia.org/ontology/wikiPageWikiLink",
        "object": "http://dbpedia.org/resource/Juliette_May_Fraser"
    },
    {
        "subject": "http://dbpedia.org/resource/Helen_Abbot_Merrill",
        "predicate": "http://dbpedia.org/ontology/wikiPageWikiLink",
        "object": "http://dbpedia.org/resource/Juli\u00e1n_Mar\u00edas"
    },
    {
        "subject": "http://dbpedia.org/resource/Helen_Abbot_Merrill",
        "predicate": "http://dbpedia.org/ontology/wikiPageWikiLink",
        "object": "http://dbpedia.org/resource/Betty_Freeman"
    },
    {
        "subject": "http://dbpedia.org/resource/Helen_Abbot_Merrill",
        "predicate": "http://dbpedia.org/ontology/wikiPageWikiLink",
        "object": "http://dbpedia.org/resource/Patricia_J._Williams"
    },
    {
        "subject": "http://dbpedia.org/resource/Helen_Abbot_Merrill",
        "predicate": "http://dbpedia.org/ontology/wikiPageWikiLink",
        "object": "http://dbpedia.org/resource/Patricia_Neal"
    },
    {
        "subject": "http://dbpedia.org/resource/Helen_Abbot_Merrill",
        "predicate": "http://dbpedia.org/ontology/wikiPageWikiLink",
        "object": "http://dbpedia.org/resource/Patricia_Zipprodt"
    },
    {
        "subject": "http://dbpedia.org/resource/Helen_Abbot_Merrill",
        "predicate": "http://dbpedia.org/ontology/wikiPageWikiLink",
        "object": "http://dbpedia.org/resource/Paul_J._Sachs"
    },
    {
        "subject": "http://dbpedia.org/resource/Helen_Abbot_Merrill",
        "predicate": "http://dbpedia.org/ontology/wikiPageWikiLink",
        "object": "http://dbpedia.org/resource/Paul_Ryan"
    },
    {
        "subject": "http://dbpedia.org/resource/Helen_Abbot_Merrill",
        "predicate": "http://dbpedia.org/ontology/wikiPageWikiLink",
        "object": "http://dbpedia.org/resource/Pauline_Hald"
    },
    {
        "subject": "http://dbpedia.org/resource/Helen_Abbot_Merrill",
        "predicate": "http://dbpedia.org/ontology/wikiPageWikiLink",
        "object": "http://dbpedia.org/resource/Peabody_Award"
    },
    {
        "subject": "http://dbpedia.org/resource/Helen_Abbot_Merrill",
        "predicate": "http://dbpedia.org/ontology/wikiPageWikiLink",
        "object": "http://dbpedia.org/resource/Persis_Drell"
    },
    {
        "subject": "http://dbpedia.org/resource/Helen_Abbot_Merrill",
        "predicate": "http://dbpedia.org/ontology/wikiPageWikiLink",
        "object": "http://dbpedia.org/resource/Relief_Society"
    },
    {
        "subject": "http://dbpedia.org/resource/Helen_Abbot_Merrill",
        "predicate": "http://dbpedia.org/ontology/wikiPageWikiLink",
        "object": "http://dbpedia.org/resource/Republic_of_China"
    },
    {
        "subject": "http://dbpedia.org/resource/Helen_Abbot_Merrill",
        "predicate": "http://dbpedia.org/ontology/wikiPageWikiLink",
        "object": "http://dbpedia.org/resource/Richard_Rorty"
    },
    {
        "subject": "http://dbpedia.org/resource/Helen_Abbot_Merrill",
        "predicate": "http://dbpedia.org/ontology/wikiPageWikiLink",
        "object": "http://dbpedia.org/resource/Rita_Crocker_Clements"
    },
    {
        "subject": "http://dbpedia.org/resource/Helen_Abbot_Merrill",
        "predicate": "http://dbpedia.org/ontology/wikiPageWikiLink",
        "object": "http://dbpedia.org/resource/Roald_Dahl"
    },
    {
        "subject": "http://dbpedia.org/resource/Helen_Abbot_Merrill",
        "predicate": "http://dbpedia.org/ontology/wikiPageWikiLink",
        "object": "http://dbpedia.org/resource/Cynthia_Glassman"
    },
    {
        "subject": "http://dbpedia.org/resource/Helen_Abbot_Merrill",
        "predicate": "http://dbpedia.org/ontology/wikiPageWikiLink",
        "object": "http://dbpedia.org/resource/United_States_Court_of_Appeals_for_the_First_Circuit"
    },
    {
        "subject": "http://dbpedia.org/resource/Helen_Abbot_Merrill",
        "predicate": "http://dbpedia.org/ontology/wikiPageWikiLink",
        "object": "http://dbpedia.org/resource/United_States_Court_of_Appeals_for_the_Ninth_Circuit"
    },
    {
        "subject": "http://dbpedia.org/resource/Helen_Abbot_Merrill",
        "predicate": "http://dbpedia.org/ontology/wikiPageWikiLink",
        "object": "http://dbpedia.org/resource/United_States_Court_of_Appeals_for_the_Second_Circuit"
    },
    {
        "subject": "http://dbpedia.org/resource/Helen_Abbot_Merrill",
        "predicate": "http://dbpedia.org/ontology/wikiPageWikiLink",
        "object": "http://dbpedia.org/resource/United_States_District_Court_for_the_Central_District_of_California"
    },
    {
        "subject": "http://dbpedia.org/resource/Helen_Abbot_Merrill",
        "predicate": "http://dbpedia.org/ontology/wikiPageWikiLink",
        "object": "http://dbpedia.org/resource/United_States_District_Court_for_the_District_of_Columbia"
    },
    {
        "subject": "http://dbpedia.org/resource/Helen_Abbot_Merrill",
        "predicate": "http://dbpedia.org/ontology/wikiPageWikiLink",
        "object": "http://dbpedia.org/resource/United_States_District_Court_for_the_District_of_Hawaii"
    },
    {
        "subject": "http://dbpedia.org/resource/Helen_Abbot_Merrill",
        "predicate": "http://dbpedia.org/ontology/wikiPageWikiLink",
        "object": "http://dbpedia.org/resource/United_States_District_Court_for_the_Eastern_District_of_Missouri"
    },
    {
        "subject": "http://dbpedia.org/resource/Helen_Abbot_Merrill",
        "predicate": "http://dbpedia.org/ontology/wikiPageWikiLink",
        "object": "http://dbpedia.org/resource/United_States_District_Court_for_the_Eastern_District_of_New_York"
    },
    {
        "subject": "http://dbpedia.org/resource/Helen_Abbot_Merrill",
        "predicate": "http://dbpedia.org/ontology/wikiPageWikiLink",
        "object": "http://dbpedia.org/resource/United_States_District_Court_for_the_Eastern_District_of_Pennsylvania"
    },
    {
        "subject": "http://dbpedia.org/resource/Helen_Abbot_Merrill",
        "predicate": "http://dbpedia.org/ontology/wikiPageWikiLink",
        "object": "http://dbpedia.org/resource/United_States_District_Court_for_the_Eastern_District_of_Virginia"
    },
    {
        "subject": "http://dbpedia.org/resource/Helen_Abbot_Merrill",
        "predicate": "http://dbpedia.org/ontology/wikiPageWikiLink",
        "object": "http://dbpedia.org/resource/United_States_Secretary_of_State"
    },
    {
        "subject": "http://dbpedia.org/resource/Helen_Abbot_Merrill",
        "predicate": "http://dbpedia.org/ontology/wikiPageWikiLink",
        "object": "http://dbpedia.org/resource/University_of_Cincinnati"
    },
    {
        "subject": "http://dbpedia.org/resource/Helen_Abbot_Merrill",
        "predicate": "http://dbpedia.org/ontology/wikiPageWikiLink",
        "object": "http://dbpedia.org/resource/University_of_Maine_at_Farmington"
    },
    {
        "subject": "http://dbpedia.org/resource/Helen_Abbot_Merrill",
        "predicate": "http://dbpedia.org/ontology/wikiPageWikiLink",
        "object": "http://dbpedia.org/resource/University_of_Southern_Maine"
    },
    {
        "subject": "http://dbpedia.org/resource/Helen_Abbot_Merrill",
        "predicate": "http://dbpedia.org/ontology/wikiPageWikiLink",
        "object": "http://dbpedia.org/resource/Utah_Supreme_Court"
    },
    {
        "subject": "http://dbpedia.org/resource/Helen_Abbot_Merrill",
        "predicate": "http://dbpedia.org/ontology/wikiPageWikiLink",
        "object": "http://dbpedia.org/resource/Vanessa_Ruiz"
    },
    {
        "subject": "http://dbpedia.org/resource/Helen_Abbot_Merrill",
        "predicate": "http://dbpedia.org/ontology/wikiPageWikiLink",
        "object": "http://dbpedia.org/resource/Vassar_College"
    },
    {
        "subject": "http://dbpedia.org/resource/Helen_Abbot_Merrill",
        "predicate": "http://dbpedia.org/ontology/wikiPageWikiLink",
        "object": "http://dbpedia.org/resource/Victorine_du_Pont_Homsey"
    },
    {
        "subject": "http://dbpedia.org/resource/Helen_Abbot_Merrill",
        "predicate": "http://dbpedia.org/ontology/wikiPageWikiLink",
        "object": "http://dbpedia.org/resource/Virginia_Abernethy"
    },
    {
        "subject": "http://dbpedia.org/resource/Helen_Abbot_Merrill",
        "predicate": "http://dbpedia.org/ontology/wikiPageWikiLink",
        "object": "http://dbpedia.org/resource/Vivian_Pinn"
    },
    {
        "subject": "http://dbpedia.org/resource/Helen_Abbot_Merrill",
        "predicate": "http://dbpedia.org/ontology/wikiPageWikiLink",
        "object": "http://dbpedia.org/resource/Vladimir_Nabokov"
    },
    {
        "subject": "http://dbpedia.org/resource/Helen_Abbot_Merrill",
        "predicate": "http://dbpedia.org/ontology/wikiPageWikiLink",
        "object": "http://dbpedia.org/resource/Davis_Museum_at_Wellesley_College"
    },
    {
        "subject": "http://dbpedia.org/resource/Helen_Abbot_Merrill",
        "predicate": "http://dbpedia.org/ontology/wikiPageWikiLink",
        "object": "http://dbpedia.org/resource/California_courts_of_appeal"
    },
    {
        "subject": "http://dbpedia.org/resource/Helen_Abbot_Merrill",
        "predicate": "http://dbpedia.org/ontology/wikiPageWikiLink",
        "object": "http://dbpedia.org/resource/Debra_Chasnoff"
    },
    {
        "subject": "http://dbpedia.org/resource/Helen_Abbot_Merrill",
        "predicate": "http://dbpedia.org/ontology/wikiPageWikiLink",
        "object": "http://dbpedia.org/resource/Dorothy_Day_(plant_physiologist)"
    },
    {
        "subject": "http://dbpedia.org/resource/Helen_Abbot_Merrill",
        "predicate": "http://dbpedia.org/ontology/wikiPageWikiLink",
        "object": "http://dbpedia.org/resource/Jan_Coggeshall"
    },
    {
        "subject": "http://dbpedia.org/resource/Helen_Abbot_Merrill",
        "predicate": "http://dbpedia.org/ontology/wikiPageWikiLink",
        "object": "http://dbpedia.org/resource/Jane_Langton"
    },
    {
        "subject": "http://dbpedia.org/resource/Helen_Abbot_Merrill",
        "predicate": "http://dbpedia.org/ontology/wikiPageWikiLink",
        "object": "http://dbpedia.org/resource/Pennsylvania_courts_of_common_pleas"
    },
    {
        "subject": "http://dbpedia.org/resource/Helen_Abbot_Merrill",
        "predicate": "http://dbpedia.org/ontology/wikiPageWikiLink",
        "object": "http://dbpedia.org/resource/Katie_Johnson_(Personal_Secretary)"
    }
]