[
    {
        "subject": "http://dbpedia.org/resource/L\u00ea_Th\u1ecb_Thanh_Nh\u00e0n",
        "predicate": "http://dbpedia.org/ontology/wikiPageWikiLink",
        "object": "http://dbpedia.org/resource/L\u00ea_Th\u1ecb_Thanh_Nh\u00e0n"
    },
    {
        "subject": "http://dbpedia.org/resource/L\u00ea_Th\u1ecb_Thanh_Nh\u00e0n",
        "predicate": "http://dbpedia.org/ontology/wikiPageWikiLink",
        "object": "http://dbpedia.org/resource/Princeton_University"
    },
    {
        "subject": "http://dbpedia.org/resource/L\u00ea_Th\u1ecb_Thanh_Nh\u00e0n",
        "predicate": "http://dbpedia.org/ontology/wikiPageWikiLink",
        "object": "http://dbpedia.org/resource/Samuel_P._Huntington"
    },
    {
        "subject": "http://dbpedia.org/resource/L\u00ea_Th\u1ecb_Thanh_Nh\u00e0n",
        "predicate": "http://dbpedia.org/ontology/wikiPageWikiLink",
        "object": "http://dbpedia.org/resource/Saunders_Mac_Lane"
    },
    {
        "subject": "http://dbpedia.org/resource/L\u00ea_Th\u1ecb_Thanh_Nh\u00e0n",
        "predicate": "http://dbpedia.org/ontology/wikiPageWikiLink",
        "object": "http://dbpedia.org/resource/List_of_University_of_Waterloo_people"
    },
    {
        "subject": "http://dbpedia.org/resource/L\u00ea_Th\u1ecb_Thanh_Nh\u00e0n",
        "predicate": "http://dbpedia.org/ontology/wikiPageWikiLink",
        "object": "http://dbpedia.org/resource/L\u00ea_Th\u1ecb_Thanh_Nh\u00e0n"
    },
    {
        "subject": "http://dbpedia.org/resource/L\u00ea_Th\u1ecb_Thanh_Nh\u00e0n",
        "predicate": "http://dbpedia.org/ontology/wikiPageWikiLink",
        "object": "http://dbpedia.org/resource/Developing_countries"
    },
    {
        "subject": "http://dbpedia.org/resource/L\u00ea_Th\u1ecb_Thanh_Nh\u00e0n",
        "predicate": "http://dbpedia.org/ontology/wikiPageWikiLink",
        "object": "http://dbpedia.org/resource/Ann_Hibner_Koblitz"
    },
    {
        "subject": "http://dbpedia.org/resource/L\u00ea_Th\u1ecb_Thanh_Nh\u00e0n",
        "predicate": "http://dbpedia.org/ontology/wikiPageWikiLink",
        "object": "http://dbpedia.org/resource/United_States"
    },
    {
        "subject": "http://dbpedia.org/resource/L\u00ea_Th\u1ecb_Thanh_Nh\u00e0n",
        "predicate": "http://dbpedia.org/ontology/wikiPageWikiLink",
        "object": "http://dbpedia.org/resource/University_of_Washington"
    },
    {
        "subject": "http://dbpedia.org/resource/L\u00ea_Th\u1ecb_Thanh_Nh\u00e0n",
        "predicate": "http://dbpedia.org/ontology/wikiPageWikiLink",
        "object": "http://dbpedia.org/resource/University_of_Waterloo"
    },
    {
        "subject": "http://dbpedia.org/resource/L\u00ea_Th\u1ecb_Thanh_Nh\u00e0n",
        "predicate": "http://dbpedia.org/ontology/wikiPageWikiLink",
        "object": "http://dbpedia.org/resource/Victor_S._Miller"
    },
    {
        "subject": "http://dbpedia.org/resource/L\u00ea_Th\u1ecb_Thanh_Nh\u00e0n",
        "predicate": "http://dbpedia.org/ontology/wikiPageWikiLink",
        "object": "http://dbpedia.org/resource/Elliptic_curve_cryptography"
    },
    {
        "subject": "http://dbpedia.org/resource/L\u00ea_Th\u1ecb_Thanh_Nh\u00e0n",
        "predicate": "http://dbpedia.org/ontology/wikiPageWikiLink",
        "object": "http://dbpedia.org/resource/The_Mathematical_Intelligencer"
    },
    {
        "subject": "http://dbpedia.org/resource/L\u00ea_Th\u1ecb_Thanh_Nh\u00e0n",
        "predicate": "http://dbpedia.org/ontology/wikiPageWikiLink",
        "object": "http://dbpedia.org/resource/Category:Living_people"
    },
    {
        "subject": "http://dbpedia.org/resource/L\u00ea_Th\u1ecb_Thanh_Nh\u00e0n",
        "predicate": "http://dbpedia.org/ontology/wikiPageWikiLink",
        "object": "http://dbpedia.org/resource/Mathematics"
    },
    {
        "subject": "http://dbpedia.org/resource/L\u00ea_Th\u1ecb_Thanh_Nh\u00e0n",
        "predicate": "http://dbpedia.org/ontology/wikiPageWikiLink",
        "object": "http://dbpedia.org/resource/Elliptic-curve_cryptography"
    },
    {
        "subject": "http://dbpedia.org/resource/L\u00ea_Th\u1ecb_Thanh_Nh\u00e0n",
        "predicate": "http://dbpedia.org/ontology/wikiPageWikiLink",
        "object": "http://dbpedia.org/resource/Category:1948_births"
    },
    {
        "subject": "http://dbpedia.org/resource/L\u00ea_Th\u1ecb_Thanh_Nh\u00e0n",
        "predicate": "http://dbpedia.org/ontology/wikiPageWikiLink",
        "object": "http://dbpedia.org/resource/Category:20th-century_American_mathematicians"
    },
    {
        "subject": "http://dbpedia.org/resource/L\u00ea_Th\u1ecb_Thanh_Nh\u00e0n",
        "predicate": "http://dbpedia.org/ontology/wikiPageWikiLink",
        "object": "http://dbpedia.org/resource/Category:21st-century_American_mathematicians"
    },
    {
        "subject": "http://dbpedia.org/resource/L\u00ea_Th\u1ecb_Thanh_Nh\u00e0n",
        "predicate": "http://dbpedia.org/ontology/wikiPageWikiLink",
        "object": "http://dbpedia.org/resource/Category:American_atheists"
    },
    {
        "subject": "http://dbpedia.org/resource/L\u00ea_Th\u1ecb_Thanh_Nh\u00e0n",
        "predicate": "http://dbpedia.org/ontology/wikiPageWikiLink",
        "object": "http://dbpedia.org/resource/Category:Harvard_University_alumni"
    },
    {
        "subject": "http://dbpedia.org/resource/L\u00ea_Th\u1ecb_Thanh_Nh\u00e0n",
        "predicate": "http://dbpedia.org/ontology/wikiPageWikiLink",
        "object": "http://dbpedia.org/resource/Category:Number_theorists"
    },
    {
        "subject": "http://dbpedia.org/resource/L\u00ea_Th\u1ecb_Thanh_Nh\u00e0n",
        "predicate": "http://dbpedia.org/ontology/wikiPageWikiLink",
        "object": "http://dbpedia.org/resource/Category:Princeton_University_alumni"
    },
    {
        "subject": "http://dbpedia.org/resource/L\u00ea_Th\u1ecb_Thanh_Nh\u00e0n",
        "predicate": "http://dbpedia.org/ontology/wikiPageWikiLink",
        "object": "http://dbpedia.org/resource/Adjunct_professor"
    },
    {
        "subject": "http://dbpedia.org/resource/L\u00ea_Th\u1ecb_Thanh_Nh\u00e0n",
        "predicate": "http://dbpedia.org/ontology/wikiPageWikiLink",
        "object": "http://dbpedia.org/resource/Category:Public-key_cryptographers"
    },
    {
        "subject": "http://dbpedia.org/resource/L\u00ea_Th\u1ecb_Thanh_Nh\u00e0n",
        "predicate": "http://dbpedia.org/ontology/wikiPageWikiLink",
        "object": "http://dbpedia.org/resource/Undergraduate_degree"
    },
    {
        "subject": "http://dbpedia.org/resource/L\u00ea_Th\u1ecb_Thanh_Nh\u00e0n",
        "predicate": "http://dbpedia.org/ontology/wikiPageWikiLink",
        "object": "http://dbpedia.org/resource/Daqing_Wan"
    },
    {
        "subject": "http://dbpedia.org/resource/L\u00ea_Th\u1ecb_Thanh_Nh\u00e0n",
        "predicate": "http://dbpedia.org/ontology/wikiPageWikiLink",
        "object": "http://dbpedia.org/resource/Nick_Katz"
    },
    {
        "subject": "http://dbpedia.org/resource/L\u00ea_Th\u1ecb_Thanh_Nh\u00e0n",
        "predicate": "http://dbpedia.org/ontology/wikiPageWikiLink",
        "object": "http://dbpedia.org/resource/Centre_for_Applied_Cryptographic_Research"
    },
    {
        "subject": "http://dbpedia.org/resource/L\u00ea_Th\u1ecb_Thanh_Nh\u00e0n",
        "predicate": "http://dbpedia.org/ontology/wikiPageWikiLink",
        "object": "http://dbpedia.org/resource/Graduate_Texts_in_Mathematics"
    },
    {
        "subject": "http://dbpedia.org/resource/L\u00ea_Th\u1ecb_Thanh_Nh\u00e0n",
        "predicate": "http://dbpedia.org/ontology/wikiPageWikiLink",
        "object": "http://dbpedia.org/resource/Harvard_University"
    },
    {
        "subject": "http://dbpedia.org/resource/L\u00ea_Th\u1ecb_Thanh_Nh\u00e0n",
        "predicate": "http://dbpedia.org/ontology/wikiPageWikiLink",
        "object": "http://dbpedia.org/resource/Herbert_A._Simon"
    },
    {
        "subject": "http://dbpedia.org/resource/L\u00ea_Th\u1ecb_Thanh_Nh\u00e0n",
        "predicate": "http://dbpedia.org/ontology/wikiPageWikiLink",
        "object": "http://dbpedia.org/resource/Hyperelliptic_curve_cryptography"
    },
    {
        "subject": "http://dbpedia.org/resource/L\u00ea_Th\u1ecb_Thanh_Nh\u00e0n",
        "predicate": "http://dbpedia.org/ontology/wikiPageWikiLink",
        "object": "http://dbpedia.org/resource/Category:Putnam_Fellows"
    },
    {
        "subject": "http://dbpedia.org/resource/L\u00ea_Th\u1ecb_Thanh_Nh\u00e0n",
        "predicate": "http://dbpedia.org/ontology/wikiPageWikiLink",
        "object": "http://dbpedia.org/resource/Category:Modern_cryptographers"
    },
    {
        "subject": "http://dbpedia.org/resource/L\u00ea_Th\u1ecb_Thanh_Nh\u00e0n",
        "predicate": "http://dbpedia.org/ontology/wikiPageWikiLink",
        "object": "http://dbpedia.org/resource/Category:University_of_Washington_faculty"
    },
    {
        "subject": "http://dbpedia.org/resource/L\u00ea_Th\u1ecb_Thanh_Nh\u00e0n",
        "predicate": "http://dbpedia.org/ontology/wikiPageWikiLink",
        "object": "http://dbpedia.org/resource/Gross\u2013Koblitz_formula"
    },
    {
        "subject": "http://dbpedia.org/resource/L\u00ea_Th\u1ecb_Thanh_Nh\u00e0n",
        "predicate": "http://dbpedia.org/ontology/wikiPageWikiLink",
        "object": "http://dbpedia.org/resource/Serge_Lang"
    },
    {
        "subject": "http://dbpedia.org/resource/L\u00ea_Th\u1ecb_Thanh_Nh\u00e0n",
        "predicate": "http://dbpedia.org/ontology/wikiPageWikiLink",
        "object": "http://dbpedia.org/resource/United_States_National_Academy_of_Sciences"
    },
    {
        "subject": "http://dbpedia.org/resource/L\u00ea_Th\u1ecb_Thanh_Nh\u00e0n",
        "predicate": "http://dbpedia.org/ontology/wikiPageWikiLink",
        "object": "http://dbpedia.org/resource/Springer-Verlag"
    },
    {
        "subject": "http://dbpedia.org/resource/L\u00ea_Th\u1ecb_Thanh_Nh\u00e0n",
        "predicate": "http://dbpedia.org/ontology/wikiPageWikiLink",
        "object": "http://dbpedia.org/resource/Putnam_Fellow"
    },
    {
        "subject": "http://dbpedia.org/resource/L\u00ea_Th\u1ecb_Thanh_Nh\u00e0n",
        "predicate": "http://dbpedia.org/ontology/wikiPageWikiLink",
        "object": "http://dbpedia.org/resource/Sofia_Kovalevskaia"
    },
    {
        "subject": "http://dbpedia.org/resource/L\u00ea_Th\u1ecb_Thanh_Nh\u00e0n",
        "predicate": "http://dbpedia.org/ontology/wikiPageWikiLink",
        "object": "http://dbpedia.org/resource/Cabiria_Andreian_Cazacu"
    },
    {
        "subject": "http://dbpedia.org/resource/L\u00ea_Th\u1ecb_Thanh_Nh\u00e0n",
        "predicate": "http://dbpedia.org/ontology/wikiPageWikiLink",
        "object": "http://dbpedia.org/resource/Camille_McKayle"
    },
    {
        "subject": "http://dbpedia.org/resource/L\u00ea_Th\u1ecb_Thanh_Nh\u00e0n",
        "predicate": "http://dbpedia.org/ontology/wikiPageWikiLink",
        "object": "http://dbpedia.org/resource/Carina_Curto"
    },
    {
        "subject": "http://dbpedia.org/resource/L\u00ea_Th\u1ecb_Thanh_Nh\u00e0n",
        "predicate": "http://dbpedia.org/ontology/wikiPageWikiLink",
        "object": "http://dbpedia.org/resource/Carol_Jane_Anger_Rieke"
    },
    {
        "subject": "http://dbpedia.org/resource/L\u00ea_Th\u1ecb_Thanh_Nh\u00e0n",
        "predicate": "http://dbpedia.org/ontology/wikiPageWikiLink",
        "object": "http://dbpedia.org/resource/Carol_Wood"
    },
    {
        "subject": "http://dbpedia.org/resource/L\u00ea_Th\u1ecb_Thanh_Nh\u00e0n",
        "predicate": "http://dbpedia.org/ontology/wikiPageWikiLink",
        "object": "http://dbpedia.org/resource/Carola-Bibiane_Sch\u00f6nlieb"
    },
    {
        "subject": "http://dbpedia.org/resource/L\u00ea_Th\u1ecb_Thanh_Nh\u00e0n",
        "predicate": "http://dbpedia.org/ontology/wikiPageWikiLink",
        "object": "http://dbpedia.org/resource/Carole_Lacampagne"
    },
    {
        "subject": "http://dbpedia.org/resource/L\u00ea_Th\u1ecb_Thanh_Nh\u00e0n",
        "predicate": "http://dbpedia.org/ontology/wikiPageWikiLink",
        "object": "http://dbpedia.org/resource/Carolina_Araujo_(mathematician)"
    },
    {
        "subject": "http://dbpedia.org/resource/L\u00ea_Th\u1ecb_Thanh_Nh\u00e0n",
        "predicate": "http://dbpedia.org/ontology/wikiPageWikiLink",
        "object": "http://dbpedia.org/resource/Caroline_Series"
    },
    {
        "subject": "http://dbpedia.org/resource/L\u00ea_Th\u1ecb_Thanh_Nh\u00e0n",
        "predicate": "http://dbpedia.org/ontology/wikiPageWikiLink",
        "object": "http://dbpedia.org/resource/Carolyn_A._Maher"
    },
    {
        "subject": "http://dbpedia.org/resource/L\u00ea_Th\u1ecb_Thanh_Nh\u00e0n",
        "predicate": "http://dbpedia.org/ontology/wikiPageWikiLink",
        "object": "http://dbpedia.org/resource/Carolyn_Eisele"
    },
    {
        "subject": "http://dbpedia.org/resource/L\u00ea_Th\u1ecb_Thanh_Nh\u00e0n",
        "predicate": "http://dbpedia.org/ontology/wikiPageWikiLink",
        "object": "http://dbpedia.org/resource/Carolyn_S._Gordon"
    },
    {
        "subject": "http://dbpedia.org/resource/L\u00ea_Th\u1ecb_Thanh_Nh\u00e0n",
        "predicate": "http://dbpedia.org/ontology/wikiPageWikiLink",
        "object": "http://dbpedia.org/resource/Caryn_Navy"
    },
    {
        "subject": "http://dbpedia.org/resource/L\u00ea_Th\u1ecb_Thanh_Nh\u00e0n",
        "predicate": "http://dbpedia.org/ontology/wikiPageWikiLink",
        "object": "http://dbpedia.org/resource/Ami_Radunskaya"
    },
    {
        "subject": "http://dbpedia.org/resource/L\u00ea_Th\u1ecb_Thanh_Nh\u00e0n",
        "predicate": "http://dbpedia.org/ontology/wikiPageWikiLink",
        "object": "http://dbpedia.org/resource/Amy_C._King"
    },
    {
        "subject": "http://dbpedia.org/resource/L\u00ea_Th\u1ecb_Thanh_Nh\u00e0n",
        "predicate": "http://dbpedia.org/ontology/wikiPageWikiLink",
        "object": "http://dbpedia.org/resource/Amy_Cohen-Corwin"
    },
    {
        "subject": "http://dbpedia.org/resource/L\u00ea_Th\u1ecb_Thanh_Nh\u00e0n",
        "predicate": "http://dbpedia.org/ontology/wikiPageWikiLink",
        "object": "http://dbpedia.org/resource/Amy_Dahan"
    },
    {
        "subject": "http://dbpedia.org/resource/L\u00ea_Th\u1ecb_Thanh_Nh\u00e0n",
        "predicate": "http://dbpedia.org/ontology/wikiPageWikiLink",
        "object": "http://dbpedia.org/resource/Beatrice_Meini"
    },
    {
        "subject": "http://dbpedia.org/resource/L\u00ea_Th\u1ecb_Thanh_Nh\u00e0n",
        "predicate": "http://dbpedia.org/ontology/wikiPageWikiLink",
        "object": "http://dbpedia.org/resource/Beatrice_Pelloni"
    },
    {
        "subject": "http://dbpedia.org/resource/L\u00ea_Th\u1ecb_Thanh_Nh\u00e0n",
        "predicate": "http://dbpedia.org/ontology/wikiPageWikiLink",
        "object": "http://dbpedia.org/resource/Beatrice_Rivi\u00e8re"
    },
    {
        "subject": "http://dbpedia.org/resource/L\u00ea_Th\u1ecb_Thanh_Nh\u00e0n",
        "predicate": "http://dbpedia.org/ontology/wikiPageWikiLink",
        "object": "http://dbpedia.org/resource/Bego\u00f1a_Fern\u00e1ndez_(mathematician)"
    },
    {
        "subject": "http://dbpedia.org/resource/L\u00ea_Th\u1ecb_Thanh_Nh\u00e0n",
        "predicate": "http://dbpedia.org/ontology/wikiPageWikiLink",
        "object": "http://dbpedia.org/resource/Priyanshi_Somani"
    },
    {
        "subject": "http://dbpedia.org/resource/L\u00ea_Th\u1ecb_Thanh_Nh\u00e0n",
        "predicate": "http://dbpedia.org/ontology/wikiPageWikiLink",
        "object": "http://dbpedia.org/resource/Rosa_M._Morris"
    },
    {
        "subject": "http://dbpedia.org/resource/L\u00ea_Th\u1ecb_Thanh_Nh\u00e0n",
        "predicate": "http://dbpedia.org/ontology/wikiPageWikiLink",
        "object": "http://dbpedia.org/resource/Rosalind_Tanner"
    },
    {
        "subject": "http://dbpedia.org/resource/L\u00ea_Th\u1ecb_Thanh_Nh\u00e0n",
        "predicate": "http://dbpedia.org/ontology/wikiPageWikiLink",
        "object": "http://dbpedia.org/resource/Rose_Peltesohn"
    },
    {
        "subject": "http://dbpedia.org/resource/L\u00ea_Th\u1ecb_Thanh_Nh\u00e0n",
        "predicate": "http://dbpedia.org/ontology/wikiPageWikiLink",
        "object": "http://dbpedia.org/resource/Rose_Whelan_Sedgewick"
    },
    {
        "subject": "http://dbpedia.org/resource/L\u00ea_Th\u1ecb_Thanh_Nh\u00e0n",
        "predicate": "http://dbpedia.org/ontology/wikiPageWikiLink",
        "object": "http://dbpedia.org/resource/Rozetta_Zhilina"
    },
    {
        "subject": "http://dbpedia.org/resource/L\u00ea_Th\u1ecb_Thanh_Nh\u00e0n",
        "predicate": "http://dbpedia.org/ontology/wikiPageWikiLink",
        "object": "http://dbpedia.org/resource/Sandra_Collins_(librarian)"
    },
    {
        "subject": "http://dbpedia.org/resource/L\u00ea_Th\u1ecb_Thanh_Nh\u00e0n",
        "predicate": "http://dbpedia.org/ontology/wikiPageWikiLink",
        "object": "http://dbpedia.org/resource/Sara_Billey"
    },
    {
        "subject": "http://dbpedia.org/resource/L\u00ea_Th\u1ecb_Thanh_Nh\u00e0n",
        "predicate": "http://dbpedia.org/ontology/wikiPageWikiLink",
        "object": "http://dbpedia.org/resource/Sarah_J._Greenwald"
    },
    {
        "subject": "http://dbpedia.org/resource/L\u00ea_Th\u1ecb_Thanh_Nh\u00e0n",
        "predicate": "http://dbpedia.org/ontology/wikiPageWikiLink",
        "object": "http://dbpedia.org/resource/Sarah_Witherspoon"
    },
    {
        "subject": "http://dbpedia.org/resource/L\u00ea_Th\u1ecb_Thanh_Nh\u00e0n",
        "predicate": "http://dbpedia.org/ontology/wikiPageWikiLink",
        "object": "http://dbpedia.org/resource/Elaine_Chew"
    },
    {
        "subject": "http://dbpedia.org/resource/L\u00ea_Th\u1ecb_Thanh_Nh\u00e0n",
        "predicate": "http://dbpedia.org/ontology/wikiPageWikiLink",
        "object": "http://dbpedia.org/resource/Elaine_Cohen"
    },
    {
        "subject": "http://dbpedia.org/resource/L\u00ea_Th\u1ecb_Thanh_Nh\u00e0n",
        "predicate": "http://dbpedia.org/ontology/wikiPageWikiLink",
        "object": "http://dbpedia.org/resource/Elayne_Arrington"
    },
    {
        "subject": "http://dbpedia.org/resource/L\u00ea_Th\u1ecb_Thanh_Nh\u00e0n",
        "predicate": "http://dbpedia.org/ontology/wikiPageWikiLink",
        "object": "http://dbpedia.org/resource/Eleanor_Jones"
    },
    {
        "subject": "http://dbpedia.org/resource/L\u00ea_Th\u1ecb_Thanh_Nh\u00e0n",
        "predicate": "http://dbpedia.org/ontology/wikiPageWikiLink",
        "object": "http://dbpedia.org/resource/Eleanor_Krawitz_Kolchin"
    },
    {
        "subject": "http://dbpedia.org/resource/L\u00ea_Th\u1ecb_Thanh_Nh\u00e0n",
        "predicate": "http://dbpedia.org/ontology/wikiPageWikiLink",
        "object": "http://dbpedia.org/resource/Eleanor_Mollie_Horadam"
    },
    {
        "subject": "http://dbpedia.org/resource/L\u00ea_Th\u1ecb_Thanh_Nh\u00e0n",
        "predicate": "http://dbpedia.org/ontology/wikiPageWikiLink",
        "object": "http://dbpedia.org/resource/Eleanor_P._Cushing"
    },
    {
        "subject": "http://dbpedia.org/resource/L\u00ea_Th\u1ecb_Thanh_Nh\u00e0n",
        "predicate": "http://dbpedia.org/ontology/wikiPageWikiLink",
        "object": "http://dbpedia.org/resource/Eleanor_Rieffel"
    },
    {
        "subject": "http://dbpedia.org/resource/L\u00ea_Th\u1ecb_Thanh_Nh\u00e0n",
        "predicate": "http://dbpedia.org/ontology/wikiPageWikiLink",
        "object": "http://dbpedia.org/resource/Elena_Braverman"
    },
    {
        "subject": "http://dbpedia.org/resource/L\u00ea_Th\u1ecb_Thanh_Nh\u00e0n",
        "predicate": "http://dbpedia.org/ontology/wikiPageWikiLink",
        "object": "http://dbpedia.org/resource/Elena_Celledoni"
    },
    {
        "subject": "http://dbpedia.org/resource/L\u00ea_Th\u1ecb_Thanh_Nh\u00e0n",
        "predicate": "http://dbpedia.org/ontology/wikiPageWikiLink",
        "object": "http://dbpedia.org/resource/Elena_Deza"
    },
    {
        "subject": "http://dbpedia.org/resource/L\u00ea_Th\u1ecb_Thanh_Nh\u00e0n",
        "predicate": "http://dbpedia.org/ontology/wikiPageWikiLink",
        "object": "http://dbpedia.org/resource/Elena_Fern\u00e1ndez"
    },
    {
        "subject": "http://dbpedia.org/resource/L\u00ea_Th\u1ecb_Thanh_Nh\u00e0n",
        "predicate": "http://dbpedia.org/ontology/wikiPageWikiLink",
        "object": "http://dbpedia.org/resource/Elena_Freda"
    },
    {
        "subject": "http://dbpedia.org/resource/L\u00ea_Th\u1ecb_Thanh_Nh\u00e0n",
        "predicate": "http://dbpedia.org/ontology/wikiPageWikiLink",
        "object": "http://dbpedia.org/resource/Elena_Marchisotto"
    },
    {
        "subject": "http://dbpedia.org/resource/L\u00ea_Th\u1ecb_Thanh_Nh\u00e0n",
        "predicate": "http://dbpedia.org/ontology/wikiPageWikiLink",
        "object": "http://dbpedia.org/resource/Elena_Moldovan_Popoviciu"
    },
    {
        "subject": "http://dbpedia.org/resource/L\u00ea_Th\u1ecb_Thanh_Nh\u00e0n",
        "predicate": "http://dbpedia.org/ontology/wikiPageWikiLink",
        "object": "http://dbpedia.org/resource/Elena_V\u00e1zquez_Cend\u00f3n"
    },
    {
        "subject": "http://dbpedia.org/resource/L\u00ea_Th\u1ecb_Thanh_Nh\u00e0n",
        "predicate": "http://dbpedia.org/ontology/wikiPageWikiLink",
        "object": "http://dbpedia.org/resource/Eleny_Ionel"
    },
    {
        "subject": "http://dbpedia.org/resource/L\u00ea_Th\u1ecb_Thanh_Nh\u00e0n",
        "predicate": "http://dbpedia.org/ontology/wikiPageWikiLink",
        "object": "http://dbpedia.org/resource/Eleonora_Di_Nezza"
    },
    {
        "subject": "http://dbpedia.org/resource/L\u00ea_Th\u1ecb_Thanh_Nh\u00e0n",
        "predicate": "http://dbpedia.org/ontology/wikiPageWikiLink",
        "object": "http://dbpedia.org/resource/Elham_Kazemi"
    },
    {
        "subject": "http://dbpedia.org/resource/L\u00ea_Th\u1ecb_Thanh_Nh\u00e0n",
        "predicate": "http://dbpedia.org/ontology/wikiPageWikiLink",
        "object": "http://dbpedia.org/resource/Eliane_R._Rodrigues"
    },
    {
        "subject": "http://dbpedia.org/resource/L\u00ea_Th\u1ecb_Thanh_Nh\u00e0n",
        "predicate": "http://dbpedia.org/ontology/wikiPageWikiLink",
        "object": "http://dbpedia.org/resource/Elisabeth_Larsson_(scientific_computing)"
    },
    {
        "subject": "http://dbpedia.org/resource/L\u00ea_Th\u1ecb_Thanh_Nh\u00e0n",
        "predicate": "http://dbpedia.org/ontology/wikiPageWikiLink",
        "object": "http://dbpedia.org/resource/Elisabeth_M._Werner"
    },
    {
        "subject": "http://dbpedia.org/resource/L\u00ea_Th\u1ecb_Thanh_Nh\u00e0n",
        "predicate": "http://dbpedia.org/ontology/wikiPageWikiLink",
        "object": "http://dbpedia.org/resource/Elisabeth_Vreede"
    },
    {
        "subject": "http://dbpedia.org/resource/L\u00ea_Th\u1ecb_Thanh_Nh\u00e0n",
        "predicate": "http://dbpedia.org/ontology/wikiPageWikiLink",
        "object": "http://dbpedia.org/resource/Ene-Margit_Tiit"
    },
    {
        "subject": "http://dbpedia.org/resource/L\u00ea_Th\u1ecb_Thanh_Nh\u00e0n",
        "predicate": "http://dbpedia.org/ontology/wikiPageWikiLink",
        "object": "http://dbpedia.org/resource/Enriqueta_Gonz\u00e1lez_Baz"
    },
    {
        "subject": "http://dbpedia.org/resource/L\u00ea_Th\u1ecb_Thanh_Nh\u00e0n",
        "predicate": "http://dbpedia.org/ontology/wikiPageWikiLink",
        "object": "http://dbpedia.org/resource/Category:Lists_of_mathematicians"
    }
]