[
    {
        "subject": "http://dbpedia.org/resource/Marilyn_Strutchens",
        "predicate": "http://dbpedia.org/ontology/wikiPageWikiLink",
        "object": "http://dbpedia.org/resource/California_Institute_of_Technology"
    },
    {
        "subject": "http://dbpedia.org/resource/Marilyn_Strutchens",
        "predicate": "http://dbpedia.org/ontology/wikiPageWikiLink",
        "object": "http://dbpedia.org/resource/California_State_University,_Chico"
    },
    {
        "subject": "http://dbpedia.org/resource/Marilyn_Strutchens",
        "predicate": "http://dbpedia.org/ontology/wikiPageWikiLink",
        "object": "http://dbpedia.org/resource/California_State_University,_Long_Beach"
    },
    {
        "subject": "http://dbpedia.org/resource/Marilyn_Strutchens",
        "predicate": "http://dbpedia.org/ontology/wikiPageWikiLink",
        "object": "http://dbpedia.org/resource/Canada"
    },
    {
        "subject": "http://dbpedia.org/resource/Marilyn_Strutchens",
        "predicate": "http://dbpedia.org/ontology/wikiPageWikiLink",
        "object": "http://dbpedia.org/resource/Princeton_University"
    },
    {
        "subject": "http://dbpedia.org/resource/Marilyn_Strutchens",
        "predicate": "http://dbpedia.org/ontology/wikiPageWikiLink",
        "object": "http://dbpedia.org/resource/Purdue_University"
    },
    {
        "subject": "http://dbpedia.org/resource/Marilyn_Strutchens",
        "predicate": "http://dbpedia.org/ontology/wikiPageWikiLink",
        "object": "http://dbpedia.org/resource/Ron_Buckmire"
    },
    {
        "subject": "http://dbpedia.org/resource/Marilyn_Strutchens",
        "predicate": "http://dbpedia.org/ontology/wikiPageWikiLink",
        "object": "http://dbpedia.org/resource/San_Francisco_State_University"
    },
    {
        "subject": "http://dbpedia.org/resource/Marilyn_Strutchens",
        "predicate": "http://dbpedia.org/ontology/wikiPageWikiLink",
        "object": "http://dbpedia.org/resource/Elayne_Arrington"
    },
    {
        "subject": "http://dbpedia.org/resource/Marilyn_Strutchens",
        "predicate": "http://dbpedia.org/ontology/wikiPageWikiLink",
        "object": "http://dbpedia.org/resource/Eleanor_Jones"
    },
    {
        "subject": "http://dbpedia.org/resource/Marilyn_Strutchens",
        "predicate": "http://dbpedia.org/ontology/wikiPageWikiLink",
        "object": "http://dbpedia.org/resource/Elgy_Johnson"
    },
    {
        "subject": "http://dbpedia.org/resource/Marilyn_Strutchens",
        "predicate": "http://dbpedia.org/ontology/wikiPageWikiLink",
        "object": "http://dbpedia.org/resource/Melba_Roy_Mouton"
    },
    {
        "subject": "http://dbpedia.org/resource/Marilyn_Strutchens",
        "predicate": "http://dbpedia.org/ontology/wikiPageWikiLink",
        "object": "http://dbpedia.org/resource/Melvin_Currie"
    },
    {
        "subject": "http://dbpedia.org/resource/Marilyn_Strutchens",
        "predicate": "http://dbpedia.org/ontology/wikiPageWikiLink",
        "object": "http://dbpedia.org/resource/Omayra_Ortega"
    },
    {
        "subject": "http://dbpedia.org/resource/Marilyn_Strutchens",
        "predicate": "http://dbpedia.org/ontology/wikiPageWikiLink",
        "object": "http://dbpedia.org/resource/Belize"
    },
    {
        "subject": "http://dbpedia.org/resource/Marilyn_Strutchens",
        "predicate": "http://dbpedia.org/ontology/wikiPageWikiLink",
        "object": "http://dbpedia.org/resource/Benjamin_Banneker"
    },
    {
        "subject": "http://dbpedia.org/resource/Marilyn_Strutchens",
        "predicate": "http://dbpedia.org/ontology/wikiPageWikiLink",
        "object": "http://dbpedia.org/resource/Bob_Moses_(activist)"
    },
    {
        "subject": "http://dbpedia.org/resource/Marilyn_Strutchens",
        "predicate": "http://dbpedia.org/ontology/wikiPageWikiLink",
        "object": "http://dbpedia.org/resource/David_Blackwell"
    },
    {
        "subject": "http://dbpedia.org/resource/Marilyn_Strutchens",
        "predicate": "http://dbpedia.org/ontology/wikiPageWikiLink",
        "object": "http://dbpedia.org/resource/Algebra_Project"
    },
    {
        "subject": "http://dbpedia.org/resource/Marilyn_Strutchens",
        "predicate": "http://dbpedia.org/ontology/wikiPageWikiLink",
        "object": "http://dbpedia.org/resource/Howard_University"
    },
    {
        "subject": "http://dbpedia.org/resource/Marilyn_Strutchens",
        "predicate": "http://dbpedia.org/ontology/wikiPageWikiLink",
        "object": "http://dbpedia.org/resource/John_Urschel"
    },
    {
        "subject": "http://dbpedia.org/resource/Marilyn_Strutchens",
        "predicate": "http://dbpedia.org/ontology/wikiPageWikiLink",
        "object": "http://dbpedia.org/resource/Johns_Hopkins_University"
    },
    {
        "subject": "http://dbpedia.org/resource/Marilyn_Strutchens",
        "predicate": "http://dbpedia.org/ontology/wikiPageWikiLink",
        "object": "http://dbpedia.org/resource/Johnson_C._Smith_University"
    },
    {
        "subject": "http://dbpedia.org/resource/Marilyn_Strutchens",
        "predicate": "http://dbpedia.org/ontology/wikiPageWikiLink",
        "object": "http://dbpedia.org/resource/Joseph_Carter_Corbin"
    },
    {
        "subject": "http://dbpedia.org/resource/Marilyn_Strutchens",
        "predicate": "http://dbpedia.org/ontology/wikiPageWikiLink",
        "object": "http://dbpedia.org/resource/Pennsylvania_State_University"
    },
    {
        "subject": "http://dbpedia.org/resource/Marilyn_Strutchens",
        "predicate": "http://dbpedia.org/ontology/wikiPageWikiLink",
        "object": "http://dbpedia.org/resource/Rensselaer_Polytechnic_Institute"
    },
    {
        "subject": "http://dbpedia.org/resource/Marilyn_Strutchens",
        "predicate": "http://dbpedia.org/ontology/wikiPageWikiLink",
        "object": "http://dbpedia.org/resource/Rice_University"
    },
    {
        "subject": "http://dbpedia.org/resource/Marilyn_Strutchens",
        "predicate": "http://dbpedia.org/ontology/wikiPageWikiLink",
        "object": "http://dbpedia.org/resource/United_Kingdom"
    },
    {
        "subject": "http://dbpedia.org/resource/Marilyn_Strutchens",
        "predicate": "http://dbpedia.org/ontology/wikiPageWikiLink",
        "object": "http://dbpedia.org/resource/University_of_Alabama"
    },
    {
        "subject": "http://dbpedia.org/resource/Marilyn_Strutchens",
        "predicate": "http://dbpedia.org/ontology/wikiPageWikiLink",
        "object": "http://dbpedia.org/resource/University_of_Arkansas_at_Pine_Bluff"
    },
    {
        "subject": "http://dbpedia.org/resource/Marilyn_Strutchens",
        "predicate": "http://dbpedia.org/ontology/wikiPageWikiLink",
        "object": "http://dbpedia.org/resource/University_of_California,_Berkeley"
    },
    {
        "subject": "http://dbpedia.org/resource/Marilyn_Strutchens",
        "predicate": "http://dbpedia.org/ontology/wikiPageWikiLink",
        "object": "http://dbpedia.org/resource/University_of_California,_Los_Angeles"
    },
    {
        "subject": "http://dbpedia.org/resource/Marilyn_Strutchens",
        "predicate": "http://dbpedia.org/ontology/wikiPageWikiLink",
        "object": "http://dbpedia.org/resource/University_of_Cambridge"
    },
    {
        "subject": "http://dbpedia.org/resource/Marilyn_Strutchens",
        "predicate": "http://dbpedia.org/ontology/wikiPageWikiLink",
        "object": "http://dbpedia.org/resource/University_of_Chicago"
    },
    {
        "subject": "http://dbpedia.org/resource/Marilyn_Strutchens",
        "predicate": "http://dbpedia.org/ontology/wikiPageWikiLink",
        "object": "http://dbpedia.org/resource/University_of_Cincinnati"
    },
    {
        "subject": "http://dbpedia.org/resource/Marilyn_Strutchens",
        "predicate": "http://dbpedia.org/ontology/wikiPageWikiLink",
        "object": "http://dbpedia.org/resource/University_of_Colorado_Boulder"
    },
    {
        "subject": "http://dbpedia.org/resource/Marilyn_Strutchens",
        "predicate": "http://dbpedia.org/ontology/wikiPageWikiLink",
        "object": "http://dbpedia.org/resource/University_of_Connecticut"
    },
    {
        "subject": "http://dbpedia.org/resource/Marilyn_Strutchens",
        "predicate": "http://dbpedia.org/ontology/wikiPageWikiLink",
        "object": "http://dbpedia.org/resource/University_of_Florida"
    },
    {
        "subject": "http://dbpedia.org/resource/Marilyn_Strutchens",
        "predicate": "http://dbpedia.org/ontology/wikiPageWikiLink",
        "object": "http://dbpedia.org/resource/University_of_Geneva"
    },
    {
        "subject": "http://dbpedia.org/resource/Marilyn_Strutchens",
        "predicate": "http://dbpedia.org/ontology/wikiPageWikiLink",
        "object": "http://dbpedia.org/resource/University_of_Georgia"
    },
    {
        "subject": "http://dbpedia.org/resource/Marilyn_Strutchens",
        "predicate": "http://dbpedia.org/ontology/wikiPageWikiLink",
        "object": "http://dbpedia.org/resource/University_of_Havana"
    },
    {
        "subject": "http://dbpedia.org/resource/Marilyn_Strutchens",
        "predicate": "http://dbpedia.org/ontology/wikiPageWikiLink",
        "object": "http://dbpedia.org/resource/University_of_Houston"
    },
    {
        "subject": "http://dbpedia.org/resource/Marilyn_Strutchens",
        "predicate": "http://dbpedia.org/ontology/wikiPageWikiLink",
        "object": "http://dbpedia.org/resource/University_of_Ibadan"
    },
    {
        "subject": "http://dbpedia.org/resource/Marilyn_Strutchens",
        "predicate": "http://dbpedia.org/ontology/wikiPageWikiLink",
        "object": "http://dbpedia.org/resource/University_of_Idaho"
    },
    {
        "subject": "http://dbpedia.org/resource/Marilyn_Strutchens",
        "predicate": "http://dbpedia.org/ontology/wikiPageWikiLink",
        "object": "http://dbpedia.org/resource/University_of_Illinois_at_Urbana-Champaign"
    },
    {
        "subject": "http://dbpedia.org/resource/Marilyn_Strutchens",
        "predicate": "http://dbpedia.org/ontology/wikiPageWikiLink",
        "object": "http://dbpedia.org/resource/University_of_Illinois_at_Urbana\u2013Champaign"
    },
    {
        "subject": "http://dbpedia.org/resource/Marilyn_Strutchens",
        "predicate": "http://dbpedia.org/ontology/wikiPageWikiLink",
        "object": "http://dbpedia.org/resource/University_of_Iowa"
    },
    {
        "subject": "http://dbpedia.org/resource/Marilyn_Strutchens",
        "predicate": "http://dbpedia.org/ontology/wikiPageWikiLink",
        "object": "http://dbpedia.org/resource/University_of_Kansas"
    },
    {
        "subject": "http://dbpedia.org/resource/Marilyn_Strutchens",
        "predicate": "http://dbpedia.org/ontology/wikiPageWikiLink",
        "object": "http://dbpedia.org/resource/University_of_Miami"
    },
    {
        "subject": "http://dbpedia.org/resource/Marilyn_Strutchens",
        "predicate": "http://dbpedia.org/ontology/wikiPageWikiLink",
        "object": "http://dbpedia.org/resource/University_of_Michigan"
    },
    {
        "subject": "http://dbpedia.org/resource/Marilyn_Strutchens",
        "predicate": "http://dbpedia.org/ontology/wikiPageWikiLink",
        "object": "http://dbpedia.org/resource/University_of_Minnesota"
    },
    {
        "subject": "http://dbpedia.org/resource/Marilyn_Strutchens",
        "predicate": "http://dbpedia.org/ontology/wikiPageWikiLink",
        "object": "http://dbpedia.org/resource/University_of_Mississippi"
    },
    {
        "subject": "http://dbpedia.org/resource/Marilyn_Strutchens",
        "predicate": "http://dbpedia.org/ontology/wikiPageWikiLink",
        "object": "http://dbpedia.org/resource/University_of_Missouri"
    },
    {
        "subject": "http://dbpedia.org/resource/Marilyn_Strutchens",
        "predicate": "http://dbpedia.org/ontology/wikiPageWikiLink",
        "object": "http://dbpedia.org/resource/University_of_Nebraska\u2013Lincoln"
    },
    {
        "subject": "http://dbpedia.org/resource/Marilyn_Strutchens",
        "predicate": "http://dbpedia.org/ontology/wikiPageWikiLink",
        "object": "http://dbpedia.org/resource/University_of_New_Mexico"
    },
    {
        "subject": "http://dbpedia.org/resource/Marilyn_Strutchens",
        "predicate": "http://dbpedia.org/ontology/wikiPageWikiLink",
        "object": "http://dbpedia.org/resource/University_of_North_Carolina"
    },
    {
        "subject": "http://dbpedia.org/resource/Marilyn_Strutchens",
        "predicate": "http://dbpedia.org/ontology/wikiPageWikiLink",
        "object": "http://dbpedia.org/resource/University_of_North_Carolina_at_Chapel_Hill"
    },
    {
        "subject": "http://dbpedia.org/resource/Marilyn_Strutchens",
        "predicate": "http://dbpedia.org/ontology/wikiPageWikiLink",
        "object": "http://dbpedia.org/resource/University_of_Notre_Dame"
    },
    {
        "subject": "http://dbpedia.org/resource/Marilyn_Strutchens",
        "predicate": "http://dbpedia.org/ontology/wikiPageWikiLink",
        "object": "http://dbpedia.org/resource/University_of_Oklahoma"
    },
    {
        "subject": "http://dbpedia.org/resource/Marilyn_Strutchens",
        "predicate": "http://dbpedia.org/ontology/wikiPageWikiLink",
        "object": "http://dbpedia.org/resource/University_of_Pennsylvania"
    },
    {
        "subject": "http://dbpedia.org/resource/Marilyn_Strutchens",
        "predicate": "http://dbpedia.org/ontology/wikiPageWikiLink",
        "object": "http://dbpedia.org/resource/University_of_Pittsburgh"
    },
    {
        "subject": "http://dbpedia.org/resource/Marilyn_Strutchens",
        "predicate": "http://dbpedia.org/ontology/wikiPageWikiLink",
        "object": "http://dbpedia.org/resource/University_of_South_Carolina"
    },
    {
        "subject": "http://dbpedia.org/resource/Marilyn_Strutchens",
        "predicate": "http://dbpedia.org/ontology/wikiPageWikiLink",
        "object": "http://dbpedia.org/resource/University_of_Southampton"
    },
    {
        "subject": "http://dbpedia.org/resource/Marilyn_Strutchens",
        "predicate": "http://dbpedia.org/ontology/wikiPageWikiLink",
        "object": "http://dbpedia.org/resource/University_of_Southern_California"
    },
    {
        "subject": "http://dbpedia.org/resource/Marilyn_Strutchens",
        "predicate": "http://dbpedia.org/ontology/wikiPageWikiLink",
        "object": "http://dbpedia.org/resource/University_of_Texas"
    },
    {
        "subject": "http://dbpedia.org/resource/Marilyn_Strutchens",
        "predicate": "http://dbpedia.org/ontology/wikiPageWikiLink",
        "object": "http://dbpedia.org/resource/University_of_Texas_at_Austin"
    },
    {
        "subject": "http://dbpedia.org/resource/Marilyn_Strutchens",
        "predicate": "http://dbpedia.org/ontology/wikiPageWikiLink",
        "object": "http://dbpedia.org/resource/University_of_Washington"
    },
    {
        "subject": "http://dbpedia.org/resource/Marilyn_Strutchens",
        "predicate": "http://dbpedia.org/ontology/wikiPageWikiLink",
        "object": "http://dbpedia.org/resource/University_of_Wisconsin"
    },
    {
        "subject": "http://dbpedia.org/resource/Marilyn_Strutchens",
        "predicate": "http://dbpedia.org/ontology/wikiPageWikiLink",
        "object": "http://dbpedia.org/resource/Vanderbilt_University"
    },
    {
        "subject": "http://dbpedia.org/resource/Marilyn_Strutchens",
        "predicate": "http://dbpedia.org/ontology/wikiPageWikiLink",
        "object": "http://dbpedia.org/resource/Vassar_College"
    },
    {
        "subject": "http://dbpedia.org/resource/Marilyn_Strutchens",
        "predicate": "http://dbpedia.org/ontology/wikiPageWikiLink",
        "object": "http://dbpedia.org/resource/Virginia_State_University"
    },
    {
        "subject": "http://dbpedia.org/resource/Marilyn_Strutchens",
        "predicate": "http://dbpedia.org/ontology/wikiPageWikiLink",
        "object": "http://dbpedia.org/resource/Vivienne_Malone-Mayes"
    },
    {
        "subject": "http://dbpedia.org/resource/Marilyn_Strutchens",
        "predicate": "http://dbpedia.org/ontology/wikiPageWikiLink",
        "object": "http://dbpedia.org/resource/Dudley_Weldon_Woodard"
    },
    {
        "subject": "http://dbpedia.org/resource/Marilyn_Strutchens",
        "predicate": "http://dbpedia.org/ontology/wikiPageWikiLink",
        "object": "http://dbpedia.org/resource/Presidential_Early_Career_Award_for_Scientists_and_Engineers"
    },
    {
        "subject": "http://dbpedia.org/resource/Marilyn_Strutchens",
        "predicate": "http://dbpedia.org/ontology/wikiPageWikiLink",
        "object": "http://dbpedia.org/resource/Category:Lists_of_African-American_people"
    },
    {
        "subject": "http://dbpedia.org/resource/Marilyn_Strutchens",
        "predicate": "http://dbpedia.org/ontology/wikiPageWikiLink",
        "object": "http://dbpedia.org/resource/Columbia_University"
    },
    {
        "subject": "http://dbpedia.org/resource/Marilyn_Strutchens",
        "predicate": "http://dbpedia.org/ontology/wikiPageWikiLink",
        "object": "http://dbpedia.org/resource/Cornell_University"
    },
    {
        "subject": "http://dbpedia.org/resource/Marilyn_Strutchens",
        "predicate": "http://dbpedia.org/ontology/wikiPageWikiLink",
        "object": "http://dbpedia.org/resource/Massachusetts_Institute_of_Technology"
    },
    {
        "subject": "http://dbpedia.org/resource/Marilyn_Strutchens",
        "predicate": "http://dbpedia.org/ontology/wikiPageWikiLink",
        "object": "http://dbpedia.org/resource/Rutgers_University"
    },
    {
        "subject": "http://dbpedia.org/resource/Marilyn_Strutchens",
        "predicate": "http://dbpedia.org/ontology/wikiPageWikiLink",
        "object": "http://dbpedia.org/resource/National_Association_of_Mathematicians"
    },
    {
        "subject": "http://dbpedia.org/resource/Marilyn_Strutchens",
        "predicate": "http://dbpedia.org/ontology/wikiPageWikiLink",
        "object": "http://dbpedia.org/resource/Christine_Darden"
    },
    {
        "subject": "http://dbpedia.org/resource/Marilyn_Strutchens",
        "predicate": "http://dbpedia.org/ontology/wikiPageWikiLink",
        "object": "http://dbpedia.org/resource/City_University_of_New_York"
    },
    {
        "subject": "http://dbpedia.org/resource/Marilyn_Strutchens",
        "predicate": "http://dbpedia.org/ontology/wikiPageWikiLink",
        "object": "http://dbpedia.org/resource/Clark_Atlanta_University"
    },
    {
        "subject": "http://dbpedia.org/resource/Marilyn_Strutchens",
        "predicate": "http://dbpedia.org/ontology/wikiPageWikiLink",
        "object": "http://dbpedia.org/resource/Cleveland_State_University"
    },
    {
        "subject": "http://dbpedia.org/resource/Marilyn_Strutchens",
        "predicate": "http://dbpedia.org/ontology/wikiPageWikiLink",
        "object": "http://dbpedia.org/resource/Elbert_Frank_Cox"
    },
    {
        "subject": "http://dbpedia.org/resource/Marilyn_Strutchens",
        "predicate": "http://dbpedia.org/ontology/wikiPageWikiLink",
        "object": "http://dbpedia.org/resource/Emory_University"
    },
    {
        "subject": "http://dbpedia.org/resource/Marilyn_Strutchens",
        "predicate": "http://dbpedia.org/ontology/wikiPageWikiLink",
        "object": "http://dbpedia.org/resource/Freeman_A._Hrabowski_III"
    },
    {
        "subject": "http://dbpedia.org/resource/Marilyn_Strutchens",
        "predicate": "http://dbpedia.org/ontology/wikiPageWikiLink",
        "object": "http://dbpedia.org/resource/Fuller_Theological_Seminary"
    },
    {
        "subject": "http://dbpedia.org/resource/Marilyn_Strutchens",
        "predicate": "http://dbpedia.org/ontology/wikiPageWikiLink",
        "object": "http://dbpedia.org/resource/George_Washington_University"
    },
    {
        "subject": "http://dbpedia.org/resource/Marilyn_Strutchens",
        "predicate": "http://dbpedia.org/ontology/wikiPageWikiLink",
        "object": "http://dbpedia.org/resource/Georgia_Caldwell_Smith"
    },
    {
        "subject": "http://dbpedia.org/resource/Marilyn_Strutchens",
        "predicate": "http://dbpedia.org/ontology/wikiPageWikiLink",
        "object": "http://dbpedia.org/resource/Gloria_Conyers_Hewitt"
    },
    {
        "subject": "http://dbpedia.org/resource/Marilyn_Strutchens",
        "predicate": "http://dbpedia.org/ontology/wikiPageWikiLink",
        "object": "http://dbpedia.org/resource/Grace_Alele-Williams"
    },
    {
        "subject": "http://dbpedia.org/resource/Marilyn_Strutchens",
        "predicate": "http://dbpedia.org/ontology/wikiPageWikiLink",
        "object": "http://dbpedia.org/resource/Graduate_Center,_CUNY"
    },
    {
        "subject": "http://dbpedia.org/resource/Marilyn_Strutchens",
        "predicate": "http://dbpedia.org/ontology/wikiPageWikiLink",
        "object": "http://dbpedia.org/resource/Morehouse_College"
    },
    {
        "subject": "http://dbpedia.org/resource/Marilyn_Strutchens",
        "predicate": "http://dbpedia.org/ontology/wikiPageWikiLink",
        "object": "http://dbpedia.org/resource/Morgan_State_University"
    },
    {
        "subject": "http://dbpedia.org/resource/Marilyn_Strutchens",
        "predicate": "http://dbpedia.org/ontology/wikiPageWikiLink",
        "object": "http://dbpedia.org/resource/NASA"
    },
    {
        "subject": "http://dbpedia.org/resource/Marilyn_Strutchens",
        "predicate": "http://dbpedia.org/ontology/wikiPageWikiLink",
        "object": "http://dbpedia.org/resource/Angie_Turner_King"
    },
    {
        "subject": "http://dbpedia.org/resource/Marilyn_Strutchens",
        "predicate": "http://dbpedia.org/ontology/wikiPageWikiLink",
        "object": "http://dbpedia.org/resource/Annie_Easley"
    },
    {
        "subject": "http://dbpedia.org/resource/Marilyn_Strutchens",
        "predicate": "http://dbpedia.org/ontology/wikiPageWikiLink",
        "object": "http://dbpedia.org/resource/Annie_Marie_Watkins_Garraway"
    },
    {
        "subject": "http://dbpedia.org/resource/Marilyn_Strutchens",
        "predicate": "http://dbpedia.org/ontology/wikiPageWikiLink",
        "object": "http://dbpedia.org/resource/Antioch_College"
    }
]