[
    {
        "subject": "http://dbpedia.org/resource/Maria_Cristina_Villalobos",
        "predicate": "http://dbpedia.org/ontology/wikiPageWikiLink",
        "object": "http://dbpedia.org/resource/Cade_Cowell"
    },
    {
        "subject": "http://dbpedia.org/resource/Maria_Cristina_Villalobos",
        "predicate": "http://dbpedia.org/ontology/wikiPageWikiLink",
        "object": "http://dbpedia.org/resource/Cain_Velasquez"
    },
    {
        "subject": "http://dbpedia.org/resource/Maria_Cristina_Villalobos",
        "predicate": "http://dbpedia.org/ontology/wikiPageWikiLink",
        "object": "http://dbpedia.org/resource/California_Gold_Rush"
    },
    {
        "subject": "http://dbpedia.org/resource/Maria_Cristina_Villalobos",
        "predicate": "http://dbpedia.org/ontology/wikiPageWikiLink",
        "object": "http://dbpedia.org/resource/California_State_Assembly"
    },
    {
        "subject": "http://dbpedia.org/resource/Maria_Cristina_Villalobos",
        "predicate": "http://dbpedia.org/ontology/wikiPageWikiLink",
        "object": "http://dbpedia.org/resource/California_State_Polytechnic_University,_Pomona"
    },
    {
        "subject": "http://dbpedia.org/resource/Maria_Cristina_Villalobos",
        "predicate": "http://dbpedia.org/ontology/wikiPageWikiLink",
        "object": "http://dbpedia.org/resource/California_State_Senate"
    },
    {
        "subject": "http://dbpedia.org/resource/Maria_Cristina_Villalobos",
        "predicate": "http://dbpedia.org/ontology/wikiPageWikiLink",
        "object": "http://dbpedia.org/resource/California_State_University"
    },
    {
        "subject": "http://dbpedia.org/resource/Maria_Cristina_Villalobos",
        "predicate": "http://dbpedia.org/ontology/wikiPageWikiLink",
        "object": "http://dbpedia.org/resource/Callie_Hernandez"
    },
    {
        "subject": "http://dbpedia.org/resource/Maria_Cristina_Villalobos",
        "predicate": "http://dbpedia.org/ontology/wikiPageWikiLink",
        "object": "http://dbpedia.org/resource/Cam_Carreon"
    },
    {
        "subject": "http://dbpedia.org/resource/Maria_Cristina_Villalobos",
        "predicate": "http://dbpedia.org/ontology/wikiPageWikiLink",
        "object": "http://dbpedia.org/resource/Camila_Cabello"
    },
    {
        "subject": "http://dbpedia.org/resource/Maria_Cristina_Villalobos",
        "predicate": "http://dbpedia.org/ontology/wikiPageWikiLink",
        "object": "http://dbpedia.org/resource/Candelario_Garcia"
    },
    {
        "subject": "http://dbpedia.org/resource/Maria_Cristina_Villalobos",
        "predicate": "http://dbpedia.org/ontology/wikiPageWikiLink",
        "object": "http://dbpedia.org/resource/Carla_Esparza"
    },
    {
        "subject": "http://dbpedia.org/resource/Maria_Cristina_Villalobos",
        "predicate": "http://dbpedia.org/ontology/wikiPageWikiLink",
        "object": "http://dbpedia.org/resource/Carlos_Almaraz"
    },
    {
        "subject": "http://dbpedia.org/resource/Maria_Cristina_Villalobos",
        "predicate": "http://dbpedia.org/ontology/wikiPageWikiLink",
        "object": "http://dbpedia.org/resource/Carlos_Alvarez_(soccer,_born_1990)"
    },
    {
        "subject": "http://dbpedia.org/resource/Maria_Cristina_Villalobos",
        "predicate": "http://dbpedia.org/ontology/wikiPageWikiLink",
        "object": "http://dbpedia.org/resource/Carlos_Antonio_Carrillo"
    },
    {
        "subject": "http://dbpedia.org/resource/Maria_Cristina_Villalobos",
        "predicate": "http://dbpedia.org/ontology/wikiPageWikiLink",
        "object": "http://dbpedia.org/resource/Carlos_Avilez"
    },
    {
        "subject": "http://dbpedia.org/resource/Maria_Cristina_Villalobos",
        "predicate": "http://dbpedia.org/ontology/wikiPageWikiLink",
        "object": "http://dbpedia.org/resource/Carlos_Balderas"
    },
    {
        "subject": "http://dbpedia.org/resource/Maria_Cristina_Villalobos",
        "predicate": "http://dbpedia.org/ontology/wikiPageWikiLink",
        "object": "http://dbpedia.org/resource/Carlos_Bocanegra"
    },
    {
        "subject": "http://dbpedia.org/resource/Maria_Cristina_Villalobos",
        "predicate": "http://dbpedia.org/ontology/wikiPageWikiLink",
        "object": "http://dbpedia.org/resource/Carlos_Borja_(soccer,_born_1988)"
    },
    {
        "subject": "http://dbpedia.org/resource/Maria_Cristina_Villalobos",
        "predicate": "http://dbpedia.org/ontology/wikiPageWikiLink",
        "object": "http://dbpedia.org/resource/Carlos_Cavazo"
    },
    {
        "subject": "http://dbpedia.org/resource/Maria_Cristina_Villalobos",
        "predicate": "http://dbpedia.org/ontology/wikiPageWikiLink",
        "object": "http://dbpedia.org/resource/Carlos_Condit"
    },
    {
        "subject": "http://dbpedia.org/resource/Maria_Cristina_Villalobos",
        "predicate": "http://dbpedia.org/ontology/wikiPageWikiLink",
        "object": "http://dbpedia.org/resource/Carlos_Cumpi\u00e1n"
    },
    {
        "subject": "http://dbpedia.org/resource/Maria_Cristina_Villalobos",
        "predicate": "http://dbpedia.org/ontology/wikiPageWikiLink",
        "object": "http://dbpedia.org/resource/Carlos_Fisher"
    },
    {
        "subject": "http://dbpedia.org/resource/Maria_Cristina_Villalobos",
        "predicate": "http://dbpedia.org/ontology/wikiPageWikiLink",
        "object": "http://dbpedia.org/resource/Carlos_Gracida"
    },
    {
        "subject": "http://dbpedia.org/resource/Maria_Cristina_Villalobos",
        "predicate": "http://dbpedia.org/ontology/wikiPageWikiLink",
        "object": "http://dbpedia.org/resource/Carlos_Guevara"
    },
    {
        "subject": "http://dbpedia.org/resource/Maria_Cristina_Villalobos",
        "predicate": "http://dbpedia.org/ontology/wikiPageWikiLink",
        "object": "http://dbpedia.org/resource/Carlos_Licona"
    },
    {
        "subject": "http://dbpedia.org/resource/Maria_Cristina_Villalobos",
        "predicate": "http://dbpedia.org/ontology/wikiPageWikiLink",
        "object": "http://dbpedia.org/resource/Carlos_L\u00f3pez_Estrada"
    },
    {
        "subject": "http://dbpedia.org/resource/Maria_Cristina_Villalobos",
        "predicate": "http://dbpedia.org/ontology/wikiPageWikiLink",
        "object": "http://dbpedia.org/resource/Carlos_Montalb\u00e1n"
    },
    {
        "subject": "http://dbpedia.org/resource/Maria_Cristina_Villalobos",
        "predicate": "http://dbpedia.org/ontology/wikiPageWikiLink",
        "object": "http://dbpedia.org/resource/Carlos_Mu\u00f1iz"
    },
    {
        "subject": "http://dbpedia.org/resource/Maria_Cristina_Villalobos",
        "predicate": "http://dbpedia.org/ontology/wikiPageWikiLink",
        "object": "http://dbpedia.org/resource/Carlos_Quentin"
    },
    {
        "subject": "http://dbpedia.org/resource/Maria_Cristina_Villalobos",
        "predicate": "http://dbpedia.org/ontology/wikiPageWikiLink",
        "object": "http://dbpedia.org/resource/Carlos_R._Moreno"
    },
    {
        "subject": "http://dbpedia.org/resource/Maria_Cristina_Villalobos",
        "predicate": "http://dbpedia.org/ontology/wikiPageWikiLink",
        "object": "http://dbpedia.org/resource/Carlos_Santana"
    },
    {
        "subject": "http://dbpedia.org/resource/Maria_Cristina_Villalobos",
        "predicate": "http://dbpedia.org/ontology/wikiPageWikiLink",
        "object": "http://dbpedia.org/resource/Carlos_Torres_(pitcher)"
    },
    {
        "subject": "http://dbpedia.org/resource/Maria_Cristina_Villalobos",
        "predicate": "http://dbpedia.org/ontology/wikiPageWikiLink",
        "object": "http://dbpedia.org/resource/Carlos_Zavala"
    },
    {
        "subject": "http://dbpedia.org/resource/Maria_Cristina_Villalobos",
        "predicate": "http://dbpedia.org/ontology/wikiPageWikiLink",
        "object": "http://dbpedia.org/resource/Carmen_Beltr\u00e1n"
    },
    {
        "subject": "http://dbpedia.org/resource/Maria_Cristina_Villalobos",
        "predicate": "http://dbpedia.org/ontology/wikiPageWikiLink",
        "object": "http://dbpedia.org/resource/Carmen_Lomellin"
    },
    {
        "subject": "http://dbpedia.org/resource/Maria_Cristina_Villalobos",
        "predicate": "http://dbpedia.org/ontology/wikiPageWikiLink",
        "object": "http://dbpedia.org/resource/Carmen_Osbahr"
    },
    {
        "subject": "http://dbpedia.org/resource/Maria_Cristina_Villalobos",
        "predicate": "http://dbpedia.org/ontology/wikiPageWikiLink",
        "object": "http://dbpedia.org/resource/Carmen_Zapata"
    },
    {
        "subject": "http://dbpedia.org/resource/Maria_Cristina_Villalobos",
        "predicate": "http://dbpedia.org/ontology/wikiPageWikiLink",
        "object": "http://dbpedia.org/resource/Carter_Oosterhouse"
    },
    {
        "subject": "http://dbpedia.org/resource/Maria_Cristina_Villalobos",
        "predicate": "http://dbpedia.org/ontology/wikiPageWikiLink",
        "object": "http://dbpedia.org/resource/Cassie_Ventura"
    },
    {
        "subject": "http://dbpedia.org/resource/Maria_Cristina_Villalobos",
        "predicate": "http://dbpedia.org/ontology/wikiPageWikiLink",
        "object": "http://dbpedia.org/resource/Aaron_Garcia_(arena_football)"
    },
    {
        "subject": "http://dbpedia.org/resource/Maria_Cristina_Villalobos",
        "predicate": "http://dbpedia.org/ontology/wikiPageWikiLink",
        "object": "http://dbpedia.org/resource/B._J._Flores"
    },
    {
        "subject": "http://dbpedia.org/resource/Maria_Cristina_Villalobos",
        "predicate": "http://dbpedia.org/ontology/wikiPageWikiLink",
        "object": "http://dbpedia.org/resource/P\u00edo_Pico"
    },
    {
        "subject": "http://dbpedia.org/resource/Maria_Cristina_Villalobos",
        "predicate": "http://dbpedia.org/ontology/wikiPageWikiLink",
        "object": "http://dbpedia.org/resource/Quiet_Riot"
    },
    {
        "subject": "http://dbpedia.org/resource/Maria_Cristina_Villalobos",
        "predicate": "http://dbpedia.org/ontology/wikiPageWikiLink",
        "object": "http://dbpedia.org/resource/Robert_Quiroga"
    },
    {
        "subject": "http://dbpedia.org/resource/Maria_Cristina_Villalobos",
        "predicate": "http://dbpedia.org/ontology/wikiPageWikiLink",
        "object": "http://dbpedia.org/resource/Robert_R._Davila"
    },
    {
        "subject": "http://dbpedia.org/resource/Maria_Cristina_Villalobos",
        "predicate": "http://dbpedia.org/ontology/wikiPageWikiLink",
        "object": "http://dbpedia.org/resource/Robert_Trevi\u00f1o"
    },
    {
        "subject": "http://dbpedia.org/resource/Maria_Cristina_Villalobos",
        "predicate": "http://dbpedia.org/ontology/wikiPageWikiLink",
        "object": "http://dbpedia.org/resource/Robert_Trujillo"
    },
    {
        "subject": "http://dbpedia.org/resource/Maria_Cristina_Villalobos",
        "predicate": "http://dbpedia.org/ontology/wikiPageWikiLink",
        "object": "http://dbpedia.org/resource/Robert_Xavier_Rodriguez"
    },
    {
        "subject": "http://dbpedia.org/resource/Maria_Cristina_Villalobos",
        "predicate": "http://dbpedia.org/ontology/wikiPageWikiLink",
        "object": "http://dbpedia.org/resource/Roberto_Aguayo"
    },
    {
        "subject": "http://dbpedia.org/resource/Maria_Cristina_Villalobos",
        "predicate": "http://dbpedia.org/ontology/wikiPageWikiLink",
        "object": "http://dbpedia.org/resource/Roberto_Benabib"
    },
    {
        "subject": "http://dbpedia.org/resource/Maria_Cristina_Villalobos",
        "predicate": "http://dbpedia.org/ontology/wikiPageWikiLink",
        "object": "http://dbpedia.org/resource/Roberto_Enrique"
    },
    {
        "subject": "http://dbpedia.org/resource/Maria_Cristina_Villalobos",
        "predicate": "http://dbpedia.org/ontology/wikiPageWikiLink",
        "object": "http://dbpedia.org/resource/Roberto_Garza"
    },
    {
        "subject": "http://dbpedia.org/resource/Maria_Cristina_Villalobos",
        "predicate": "http://dbpedia.org/ontology/wikiPageWikiLink",
        "object": "http://dbpedia.org/resource/Roberto_Orci"
    },
    {
        "subject": "http://dbpedia.org/resource/Maria_Cristina_Villalobos",
        "predicate": "http://dbpedia.org/ontology/wikiPageWikiLink",
        "object": "http://dbpedia.org/resource/Robin_Hood"
    },
    {
        "subject": "http://dbpedia.org/resource/Maria_Cristina_Villalobos",
        "predicate": "http://dbpedia.org/ontology/wikiPageWikiLink",
        "object": "http://dbpedia.org/resource/Robin_Scorpio"
    },
    {
        "subject": "http://dbpedia.org/resource/Maria_Cristina_Villalobos",
        "predicate": "http://dbpedia.org/ontology/wikiPageWikiLink",
        "object": "http://dbpedia.org/resource/Rocky_Juarez"
    },
    {
        "subject": "http://dbpedia.org/resource/Maria_Cristina_Villalobos",
        "predicate": "http://dbpedia.org/ontology/wikiPageWikiLink",
        "object": "http://dbpedia.org/resource/Rod_Barajas"
    },
    {
        "subject": "http://dbpedia.org/resource/Maria_Cristina_Villalobos",
        "predicate": "http://dbpedia.org/ontology/wikiPageWikiLink",
        "object": "http://dbpedia.org/resource/Rodney_Alcala"
    },
    {
        "subject": "http://dbpedia.org/resource/Maria_Cristina_Villalobos",
        "predicate": "http://dbpedia.org/ontology/wikiPageWikiLink",
        "object": "http://dbpedia.org/resource/Rodolfo_Acosta"
    },
    {
        "subject": "http://dbpedia.org/resource/Maria_Cristina_Villalobos",
        "predicate": "http://dbpedia.org/ontology/wikiPageWikiLink",
        "object": "http://dbpedia.org/resource/Rodolfo_Acu\u00f1a"
    },
    {
        "subject": "http://dbpedia.org/resource/Maria_Cristina_Villalobos",
        "predicate": "http://dbpedia.org/ontology/wikiPageWikiLink",
        "object": "http://dbpedia.org/resource/Rodolfo_Gonzales"
    },
    {
        "subject": "http://dbpedia.org/resource/Maria_Cristina_Villalobos",
        "predicate": "http://dbpedia.org/ontology/wikiPageWikiLink",
        "object": "http://dbpedia.org/resource/Rodrigo_L\u00f3pez_(soccer,_born_1987)"
    },
    {
        "subject": "http://dbpedia.org/resource/Maria_Cristina_Villalobos",
        "predicate": "http://dbpedia.org/ontology/wikiPageWikiLink",
        "object": "http://dbpedia.org/resource/Roger_Hern\u00e1ndez"
    },
    {
        "subject": "http://dbpedia.org/resource/Maria_Cristina_Villalobos",
        "predicate": "http://dbpedia.org/ontology/wikiPageWikiLink",
        "object": "http://dbpedia.org/resource/Roger_Huerta"
    },
    {
        "subject": "http://dbpedia.org/resource/Maria_Cristina_Villalobos",
        "predicate": "http://dbpedia.org/ontology/wikiPageWikiLink",
        "object": "http://dbpedia.org/resource/Roman_Catholic_Diocese_of_Sacramento"
    },
    {
        "subject": "http://dbpedia.org/resource/Maria_Cristina_Villalobos",
        "predicate": "http://dbpedia.org/ontology/wikiPageWikiLink",
        "object": "http://dbpedia.org/resource/Roman_Catholic_Diocese_of_San_Diego"
    },
    {
        "subject": "http://dbpedia.org/resource/Maria_Cristina_Villalobos",
        "predicate": "http://dbpedia.org/ontology/wikiPageWikiLink",
        "object": "http://dbpedia.org/resource/Romana_Acosta_Ba\u00f1uelos"
    },
    {
        "subject": "http://dbpedia.org/resource/Maria_Cristina_Villalobos",
        "predicate": "http://dbpedia.org/ontology/wikiPageWikiLink",
        "object": "http://dbpedia.org/resource/Romina_Power"
    },
    {
        "subject": "http://dbpedia.org/resource/Maria_Cristina_Villalobos",
        "predicate": "http://dbpedia.org/ontology/wikiPageWikiLink",
        "object": "http://dbpedia.org/resource/Romualdo_Pacheco"
    },
    {
        "subject": "http://dbpedia.org/resource/Maria_Cristina_Villalobos",
        "predicate": "http://dbpedia.org/ontology/wikiPageWikiLink",
        "object": "http://dbpedia.org/resource/Ron_Arias"
    },
    {
        "subject": "http://dbpedia.org/resource/Maria_Cristina_Villalobos",
        "predicate": "http://dbpedia.org/ontology/wikiPageWikiLink",
        "object": "http://dbpedia.org/resource/Ron_Flores"
    },
    {
        "subject": "http://dbpedia.org/resource/Maria_Cristina_Villalobos",
        "predicate": "http://dbpedia.org/ontology/wikiPageWikiLink",
        "object": "http://dbpedia.org/resource/Ron_Gonzales"
    },
    {
        "subject": "http://dbpedia.org/resource/Maria_Cristina_Villalobos",
        "predicate": "http://dbpedia.org/ontology/wikiPageWikiLink",
        "object": "http://dbpedia.org/resource/Ron_Rivera"
    },
    {
        "subject": "http://dbpedia.org/resource/Maria_Cristina_Villalobos",
        "predicate": "http://dbpedia.org/ontology/wikiPageWikiLink",
        "object": "http://dbpedia.org/resource/Ronnie_Cruz"
    },
    {
        "subject": "http://dbpedia.org/resource/Maria_Cristina_Villalobos",
        "predicate": "http://dbpedia.org/ontology/wikiPageWikiLink",
        "object": "http://dbpedia.org/resource/Rosa-Linda_Fregoso"
    },
    {
        "subject": "http://dbpedia.org/resource/Maria_Cristina_Villalobos",
        "predicate": "http://dbpedia.org/ontology/wikiPageWikiLink",
        "object": "http://dbpedia.org/resource/Rosanna_DeSoto"
    },
    {
        "subject": "http://dbpedia.org/resource/Maria_Cristina_Villalobos",
        "predicate": "http://dbpedia.org/ontology/wikiPageWikiLink",
        "object": "http://dbpedia.org/resource/Rosario_Marin"
    },
    {
        "subject": "http://dbpedia.org/resource/Maria_Cristina_Villalobos",
        "predicate": "http://dbpedia.org/ontology/wikiPageWikiLink",
        "object": "http://dbpedia.org/resource/Rosemary_Barkett"
    },
    {
        "subject": "http://dbpedia.org/resource/Maria_Cristina_Villalobos",
        "predicate": "http://dbpedia.org/ontology/wikiPageWikiLink",
        "object": "http://dbpedia.org/resource/Rosie_Flores"
    },
    {
        "subject": "http://dbpedia.org/resource/Maria_Cristina_Villalobos",
        "predicate": "http://dbpedia.org/ontology/wikiPageWikiLink",
        "object": "http://dbpedia.org/resource/Roy_Benavidez"
    },
    {
        "subject": "http://dbpedia.org/resource/Maria_Cristina_Villalobos",
        "predicate": "http://dbpedia.org/ontology/wikiPageWikiLink",
        "object": "http://dbpedia.org/resource/Ruben_Ayala_(politician)"
    },
    {
        "subject": "http://dbpedia.org/resource/Maria_Cristina_Villalobos",
        "predicate": "http://dbpedia.org/ontology/wikiPageWikiLink",
        "object": "http://dbpedia.org/resource/Ruben_Castillo_(boxer)"
    },
    {
        "subject": "http://dbpedia.org/resource/Maria_Cristina_Villalobos",
        "predicate": "http://dbpedia.org/ontology/wikiPageWikiLink",
        "object": "http://dbpedia.org/resource/Ruben_Gallego"
    },
    {
        "subject": "http://dbpedia.org/resource/Maria_Cristina_Villalobos",
        "predicate": "http://dbpedia.org/ontology/wikiPageWikiLink",
        "object": "http://dbpedia.org/resource/Ruben_Hinojosa"
    },
    {
        "subject": "http://dbpedia.org/resource/Maria_Cristina_Villalobos",
        "predicate": "http://dbpedia.org/ontology/wikiPageWikiLink",
        "object": "http://dbpedia.org/resource/Ruben_Kihuen"
    },
    {
        "subject": "http://dbpedia.org/resource/Maria_Cristina_Villalobos",
        "predicate": "http://dbpedia.org/ontology/wikiPageWikiLink",
        "object": "http://dbpedia.org/resource/Ruben_Mendoza"
    },
    {
        "subject": "http://dbpedia.org/resource/Maria_Cristina_Villalobos",
        "predicate": "http://dbpedia.org/ontology/wikiPageWikiLink",
        "object": "http://dbpedia.org/resource/Ruben_Rodriguez_(American_football)"
    },
    {
        "subject": "http://dbpedia.org/resource/Maria_Cristina_Villalobos",
        "predicate": "http://dbpedia.org/ontology/wikiPageWikiLink",
        "object": "http://dbpedia.org/resource/Rubio_Rubin"
    },
    {
        "subject": "http://dbpedia.org/resource/Maria_Cristina_Villalobos",
        "predicate": "http://dbpedia.org/ontology/wikiPageWikiLink",
        "object": "http://dbpedia.org/resource/Rub\u00e9n_Amaro_Jr."
    },
    {
        "subject": "http://dbpedia.org/resource/Maria_Cristina_Villalobos",
        "predicate": "http://dbpedia.org/ontology/wikiPageWikiLink",
        "object": "http://dbpedia.org/resource/Rub\u00e9n_Castillo_(judge)"
    },
    {
        "subject": "http://dbpedia.org/resource/Maria_Cristina_Villalobos",
        "predicate": "http://dbpedia.org/ontology/wikiPageWikiLink",
        "object": "http://dbpedia.org/resource/Rub\u00e9n_Mart\u00ednez_(writer)"
    },
    {
        "subject": "http://dbpedia.org/resource/Maria_Cristina_Villalobos",
        "predicate": "http://dbpedia.org/ontology/wikiPageWikiLink",
        "object": "http://dbpedia.org/resource/Rudolfo_Anaya"
    },
    {
        "subject": "http://dbpedia.org/resource/Maria_Cristina_Villalobos",
        "predicate": "http://dbpedia.org/ontology/wikiPageWikiLink",
        "object": "http://dbpedia.org/resource/Rudy_Chapa"
    },
    {
        "subject": "http://dbpedia.org/resource/Maria_Cristina_Villalobos",
        "predicate": "http://dbpedia.org/ontology/wikiPageWikiLink",
        "object": "http://dbpedia.org/resource/Rudy_Cisneros"
    },
    {
        "subject": "http://dbpedia.org/resource/Maria_Cristina_Villalobos",
        "predicate": "http://dbpedia.org/ontology/wikiPageWikiLink",
        "object": "http://dbpedia.org/resource/Rudy_Galindo"
    },
    {
        "subject": "http://dbpedia.org/resource/Maria_Cristina_Villalobos",
        "predicate": "http://dbpedia.org/ontology/wikiPageWikiLink",
        "object": "http://dbpedia.org/resource/Rudy_Jaramillo"
    },
    {
        "subject": "http://dbpedia.org/resource/Maria_Cristina_Villalobos",
        "predicate": "http://dbpedia.org/ontology/wikiPageWikiLink",
        "object": "http://dbpedia.org/resource/Rudy_Regalado"
    },
    {
        "subject": "http://dbpedia.org/resource/Maria_Cristina_Villalobos",
        "predicate": "http://dbpedia.org/ontology/wikiPageWikiLink",
        "object": "http://dbpedia.org/resource/Rudy_Se\u00e1nez"
    },
    {
        "subject": "http://dbpedia.org/resource/Maria_Cristina_Villalobos",
        "predicate": "http://dbpedia.org/ontology/wikiPageWikiLink",
        "object": "http://dbpedia.org/resource/Rudy_Zamora"
    }
]