[
    {
        "subject": "http://dbpedia.org/resource/Mary_Lee_Woods",
        "predicate": "http://dbpedia.org/ontology/wikiPageWikiLink",
        "object": "http://dbpedia.org/resource/Cancer_Research_UK"
    },
    {
        "subject": "http://dbpedia.org/resource/Mary_Lee_Woods",
        "predicate": "http://dbpedia.org/ontology/wikiPageWikiLink",
        "object": "http://dbpedia.org/resource/Cardiff_University"
    },
    {
        "subject": "http://dbpedia.org/resource/Mary_Lee_Woods",
        "predicate": "http://dbpedia.org/ontology/wikiPageWikiLink",
        "object": "http://dbpedia.org/resource/Care_Quality_Commission"
    },
    {
        "subject": "http://dbpedia.org/resource/Mary_Lee_Woods",
        "predicate": "http://dbpedia.org/ontology/wikiPageWikiLink",
        "object": "http://dbpedia.org/resource/Carl_Chinn"
    },
    {
        "subject": "http://dbpedia.org/resource/Mary_Lee_Woods",
        "predicate": "http://dbpedia.org/ontology/wikiPageWikiLink",
        "object": "http://dbpedia.org/resource/Carol_Barnes"
    },
    {
        "subject": "http://dbpedia.org/resource/Mary_Lee_Woods",
        "predicate": "http://dbpedia.org/ontology/wikiPageWikiLink",
        "object": "http://dbpedia.org/resource/Carola_Garcia_de_Vinuesa"
    },
    {
        "subject": "http://dbpedia.org/resource/Mary_Lee_Woods",
        "predicate": "http://dbpedia.org/ontology/wikiPageWikiLink",
        "object": "http://dbpedia.org/resource/Caroline_Baston"
    },
    {
        "subject": "http://dbpedia.org/resource/Mary_Lee_Woods",
        "predicate": "http://dbpedia.org/ontology/wikiPageWikiLink",
        "object": "http://dbpedia.org/resource/Cass_Business_School"
    },
    {
        "subject": "http://dbpedia.org/resource/Mary_Lee_Woods",
        "predicate": "http://dbpedia.org/ontology/wikiPageWikiLink",
        "object": "http://dbpedia.org/resource/Amrita_Hunjan"
    },
    {
        "subject": "http://dbpedia.org/resource/Mary_Lee_Woods",
        "predicate": "http://dbpedia.org/ontology/wikiPageWikiLink",
        "object": "http://dbpedia.org/resource/Baz_Moffat"
    },
    {
        "subject": "http://dbpedia.org/resource/Mary_Lee_Woods",
        "predicate": "http://dbpedia.org/ontology/wikiPageWikiLink",
        "object": "http://dbpedia.org/resource/Pratikno"
    },
    {
        "subject": "http://dbpedia.org/resource/Mary_Lee_Woods",
        "predicate": "http://dbpedia.org/ontology/wikiPageWikiLink",
        "object": "http://dbpedia.org/resource/President_of_Zambia"
    },
    {
        "subject": "http://dbpedia.org/resource/Mary_Lee_Woods",
        "predicate": "http://dbpedia.org/ontology/wikiPageWikiLink",
        "object": "http://dbpedia.org/resource/Prime_Minister_of_the_Bahamas"
    },
    {
        "subject": "http://dbpedia.org/resource/Mary_Lee_Woods",
        "predicate": "http://dbpedia.org/ontology/wikiPageWikiLink",
        "object": "http://dbpedia.org/resource/Prime_Minister_of_the_United_Kingdom"
    },
    {
        "subject": "http://dbpedia.org/resource/Mary_Lee_Woods",
        "predicate": "http://dbpedia.org/ontology/wikiPageWikiLink",
        "object": "http://dbpedia.org/resource/Prince_Seeiso_of_Lesotho"
    },
    {
        "subject": "http://dbpedia.org/resource/Mary_Lee_Woods",
        "predicate": "http://dbpedia.org/ontology/wikiPageWikiLink",
        "object": "http://dbpedia.org/resource/Princeton_University"
    },
    {
        "subject": "http://dbpedia.org/resource/Mary_Lee_Woods",
        "predicate": "http://dbpedia.org/ontology/wikiPageWikiLink",
        "object": "http://dbpedia.org/resource/Psychological_Warfare_Division"
    },
    {
        "subject": "http://dbpedia.org/resource/Mary_Lee_Woods",
        "predicate": "http://dbpedia.org/ontology/wikiPageWikiLink",
        "object": "http://dbpedia.org/resource/Queen's_Counsel"
    },
    {
        "subject": "http://dbpedia.org/resource/Mary_Lee_Woods",
        "predicate": "http://dbpedia.org/ontology/wikiPageWikiLink",
        "object": "http://dbpedia.org/resource/Queen_Elizabeth_Hospital_Birmingham_(1933\u20132010)"
    },
    {
        "subject": "http://dbpedia.org/resource/Mary_Lee_Woods",
        "predicate": "http://dbpedia.org/ontology/wikiPageWikiLink",
        "object": "http://dbpedia.org/resource/Robert_Tang"
    },
    {
        "subject": "http://dbpedia.org/resource/Mary_Lee_Woods",
        "predicate": "http://dbpedia.org/ontology/wikiPageWikiLink",
        "object": "http://dbpedia.org/resource/Robert_Thomson_Leiper"
    },
    {
        "subject": "http://dbpedia.org/resource/Mary_Lee_Woods",
        "predicate": "http://dbpedia.org/ontology/wikiPageWikiLink",
        "object": "http://dbpedia.org/resource/Rodolfo_Neri_Vela"
    },
    {
        "subject": "http://dbpedia.org/resource/Mary_Lee_Woods",
        "predicate": "http://dbpedia.org/ontology/wikiPageWikiLink",
        "object": "http://dbpedia.org/resource/Roger_S._Goody"
    },
    {
        "subject": "http://dbpedia.org/resource/Mary_Lee_Woods",
        "predicate": "http://dbpedia.org/ontology/wikiPageWikiLink",
        "object": "http://dbpedia.org/resource/Rosie_Barnes"
    },
    {
        "subject": "http://dbpedia.org/resource/Mary_Lee_Woods",
        "predicate": "http://dbpedia.org/ontology/wikiPageWikiLink",
        "object": "http://dbpedia.org/resource/Rowan_Hillson"
    },
    {
        "subject": "http://dbpedia.org/resource/Mary_Lee_Woods",
        "predicate": "http://dbpedia.org/ontology/wikiPageWikiLink",
        "object": "http://dbpedia.org/resource/Royal_College_of_Nursing"
    },
    {
        "subject": "http://dbpedia.org/resource/Mary_Lee_Woods",
        "predicate": "http://dbpedia.org/ontology/wikiPageWikiLink",
        "object": "http://dbpedia.org/resource/Royal_College_of_Obstetricians_and_Gynaecologists"
    },
    {
        "subject": "http://dbpedia.org/resource/Mary_Lee_Woods",
        "predicate": "http://dbpedia.org/ontology/wikiPageWikiLink",
        "object": "http://dbpedia.org/resource/Royal_Medal"
    },
    {
        "subject": "http://dbpedia.org/resource/Mary_Lee_Woods",
        "predicate": "http://dbpedia.org/ontology/wikiPageWikiLink",
        "object": "http://dbpedia.org/resource/Royal_National_Institute_of_Blind_People"
    },
    {
        "subject": "http://dbpedia.org/resource/Mary_Lee_Woods",
        "predicate": "http://dbpedia.org/ontology/wikiPageWikiLink",
        "object": "http://dbpedia.org/resource/Royal_Society"
    },
    {
        "subject": "http://dbpedia.org/resource/Mary_Lee_Woods",
        "predicate": "http://dbpedia.org/ontology/wikiPageWikiLink",
        "object": "http://dbpedia.org/resource/Royal_Society_of_Chemistry"
    },
    {
        "subject": "http://dbpedia.org/resource/Mary_Lee_Woods",
        "predicate": "http://dbpedia.org/ontology/wikiPageWikiLink",
        "object": "http://dbpedia.org/resource/Rugby_union"
    },
    {
        "subject": "http://dbpedia.org/resource/Mary_Lee_Woods",
        "predicate": "http://dbpedia.org/ontology/wikiPageWikiLink",
        "object": "http://dbpedia.org/resource/Sam_Baker_(writer)"
    },
    {
        "subject": "http://dbpedia.org/resource/Mary_Lee_Woods",
        "predicate": "http://dbpedia.org/ontology/wikiPageWikiLink",
        "object": "http://dbpedia.org/resource/Samar_Samir_Mezghanni"
    },
    {
        "subject": "http://dbpedia.org/resource/Mary_Lee_Woods",
        "predicate": "http://dbpedia.org/ontology/wikiPageWikiLink",
        "object": "http://dbpedia.org/resource/Sandie_Okoro"
    },
    {
        "subject": "http://dbpedia.org/resource/Mary_Lee_Woods",
        "predicate": "http://dbpedia.org/ontology/wikiPageWikiLink",
        "object": "http://dbpedia.org/resource/Sarah_Kane"
    },
    {
        "subject": "http://dbpedia.org/resource/Mary_Lee_Woods",
        "predicate": "http://dbpedia.org/ontology/wikiPageWikiLink",
        "object": "http://dbpedia.org/resource/Saudi_Arabia"
    },
    {
        "subject": "http://dbpedia.org/resource/Mary_Lee_Woods",
        "predicate": "http://dbpedia.org/ontology/wikiPageWikiLink",
        "object": "http://dbpedia.org/resource/England_Lions_cricket_team"
    },
    {
        "subject": "http://dbpedia.org/resource/Mary_Lee_Woods",
        "predicate": "http://dbpedia.org/ontology/wikiPageWikiLink",
        "object": "http://dbpedia.org/resource/List_of_University_of_Birmingham_academics"
    },
    {
        "subject": "http://dbpedia.org/resource/Mary_Lee_Woods",
        "predicate": "http://dbpedia.org/ontology/wikiPageWikiLink",
        "object": "http://dbpedia.org/resource/List_of_University_of_Birmingham_people"
    },
    {
        "subject": "http://dbpedia.org/resource/Mary_Lee_Woods",
        "predicate": "http://dbpedia.org/ontology/wikiPageWikiLink",
        "object": "http://dbpedia.org/resource/Margaret_Mullett"
    },
    {
        "subject": "http://dbpedia.org/resource/Mary_Lee_Woods",
        "predicate": "http://dbpedia.org/ontology/wikiPageWikiLink",
        "object": "http://dbpedia.org/resource/Michael_Davies_(judge)"
    },
    {
        "subject": "http://dbpedia.org/resource/Mary_Lee_Woods",
        "predicate": "http://dbpedia.org/ontology/wikiPageWikiLink",
        "object": "http://dbpedia.org/resource/Michael_Higgins_(priest)"
    },
    {
        "subject": "http://dbpedia.org/resource/Mary_Lee_Woods",
        "predicate": "http://dbpedia.org/ontology/wikiPageWikiLink",
        "object": "http://dbpedia.org/resource/Mind_Candy_(company)"
    },
    {
        "subject": "http://dbpedia.org/resource/Mary_Lee_Woods",
        "predicate": "http://dbpedia.org/ontology/wikiPageWikiLink",
        "object": "http://dbpedia.org/resource/Munir_Hussain_and_victims'_rights"
    },
    {
        "subject": "http://dbpedia.org/resource/Mary_Lee_Woods",
        "predicate": "http://dbpedia.org/ontology/wikiPageWikiLink",
        "object": "http://dbpedia.org/resource/M._K._Ashby"
    },
    {
        "subject": "http://dbpedia.org/resource/Mary_Lee_Woods",
        "predicate": "http://dbpedia.org/ontology/wikiPageWikiLink",
        "object": "http://dbpedia.org/resource/Mel_Ainscow"
    },
    {
        "subject": "http://dbpedia.org/resource/Mary_Lee_Woods",
        "predicate": "http://dbpedia.org/ontology/wikiPageWikiLink",
        "object": "http://dbpedia.org/resource/Metropolitan_Archbishop"
    },
    {
        "subject": "http://dbpedia.org/resource/Mary_Lee_Woods",
        "predicate": "http://dbpedia.org/ontology/wikiPageWikiLink",
        "object": "http://dbpedia.org/resource/Nobel_Prize_in_Chemistry"
    },
    {
        "subject": "http://dbpedia.org/resource/Mary_Lee_Woods",
        "predicate": "http://dbpedia.org/ontology/wikiPageWikiLink",
        "object": "http://dbpedia.org/resource/Parliamentary_Commissioner_for_Standards"
    },
    {
        "subject": "http://dbpedia.org/resource/Mary_Lee_Woods",
        "predicate": "http://dbpedia.org/ontology/wikiPageWikiLink",
        "object": "http://dbpedia.org/resource/Barry_Everitt_(scientist)"
    },
    {
        "subject": "http://dbpedia.org/resource/Mary_Lee_Woods",
        "predicate": "http://dbpedia.org/ontology/wikiPageWikiLink",
        "object": "http://dbpedia.org/resource/Basil_McCrea"
    },
    {
        "subject": "http://dbpedia.org/resource/Mary_Lee_Woods",
        "predicate": "http://dbpedia.org/ontology/wikiPageWikiLink",
        "object": "http://dbpedia.org/resource/Bath_Rugby"
    },
    {
        "subject": "http://dbpedia.org/resource/Mary_Lee_Woods",
        "predicate": "http://dbpedia.org/ontology/wikiPageWikiLink",
        "object": "http://dbpedia.org/resource/Belize"
    },
    {
        "subject": "http://dbpedia.org/resource/Mary_Lee_Woods",
        "predicate": "http://dbpedia.org/ontology/wikiPageWikiLink",
        "object": "http://dbpedia.org/resource/Bell's_theorem"
    },
    {
        "subject": "http://dbpedia.org/resource/Mary_Lee_Woods",
        "predicate": "http://dbpedia.org/ontology/wikiPageWikiLink",
        "object": "http://dbpedia.org/resource/Ben_Shephard"
    },
    {
        "subject": "http://dbpedia.org/resource/Mary_Lee_Woods",
        "predicate": "http://dbpedia.org/ontology/wikiPageWikiLink",
        "object": "http://dbpedia.org/resource/Bermuda"
    },
    {
        "subject": "http://dbpedia.org/resource/Mary_Lee_Woods",
        "predicate": "http://dbpedia.org/ontology/wikiPageWikiLink",
        "object": "http://dbpedia.org/resource/Bill_Sharpe_(musician)"
    },
    {
        "subject": "http://dbpedia.org/resource/Mary_Lee_Woods",
        "predicate": "http://dbpedia.org/ontology/wikiPageWikiLink",
        "object": "http://dbpedia.org/resource/Birmingham_City_Council"
    },
    {
        "subject": "http://dbpedia.org/resource/Mary_Lee_Woods",
        "predicate": "http://dbpedia.org/ontology/wikiPageWikiLink",
        "object": "http://dbpedia.org/resource/Birmingham_Royal_Ballet"
    },
    {
        "subject": "http://dbpedia.org/resource/Mary_Lee_Woods",
        "predicate": "http://dbpedia.org/ontology/wikiPageWikiLink",
        "object": "http://dbpedia.org/resource/Bob_Blizzard"
    },
    {
        "subject": "http://dbpedia.org/resource/Mary_Lee_Woods",
        "predicate": "http://dbpedia.org/ontology/wikiPageWikiLink",
        "object": "http://dbpedia.org/resource/Bolly_Lapok"
    },
    {
        "subject": "http://dbpedia.org/resource/Mary_Lee_Woods",
        "predicate": "http://dbpedia.org/ontology/wikiPageWikiLink",
        "object": "http://dbpedia.org/resource/Brian_Castle"
    },
    {
        "subject": "http://dbpedia.org/resource/Mary_Lee_Woods",
        "predicate": "http://dbpedia.org/ontology/wikiPageWikiLink",
        "object": "http://dbpedia.org/resource/Brian_MacMahon"
    },
    {
        "subject": "http://dbpedia.org/resource/Mary_Lee_Woods",
        "predicate": "http://dbpedia.org/ontology/wikiPageWikiLink",
        "object": "http://dbpedia.org/resource/David_Allen_Green"
    },
    {
        "subject": "http://dbpedia.org/resource/Mary_Lee_Woods",
        "predicate": "http://dbpedia.org/ontology/wikiPageWikiLink",
        "object": "http://dbpedia.org/resource/David_Bailey_(economist)"
    },
    {
        "subject": "http://dbpedia.org/resource/Mary_Lee_Woods",
        "predicate": "http://dbpedia.org/ontology/wikiPageWikiLink",
        "object": "http://dbpedia.org/resource/David_Bergman_(journalist)"
    },
    {
        "subject": "http://dbpedia.org/resource/Mary_Lee_Woods",
        "predicate": "http://dbpedia.org/ontology/wikiPageWikiLink",
        "object": "http://dbpedia.org/resource/David_Blanchflower"
    },
    {
        "subject": "http://dbpedia.org/resource/Mary_Lee_Woods",
        "predicate": "http://dbpedia.org/ontology/wikiPageWikiLink",
        "object": "http://dbpedia.org/resource/David_Currie,_Baron_Currie_of_Marylebone"
    },
    {
        "subject": "http://dbpedia.org/resource/Mary_Lee_Woods",
        "predicate": "http://dbpedia.org/ontology/wikiPageWikiLink",
        "object": "http://dbpedia.org/resource/David_Drew_(politician)"
    },
    {
        "subject": "http://dbpedia.org/resource/Mary_Lee_Woods",
        "predicate": "http://dbpedia.org/ontology/wikiPageWikiLink",
        "object": "http://dbpedia.org/resource/David_Gill_(executive)"
    },
    {
        "subject": "http://dbpedia.org/resource/Mary_Lee_Woods",
        "predicate": "http://dbpedia.org/ontology/wikiPageWikiLink",
        "object": "http://dbpedia.org/resource/David_Hallam"
    },
    {
        "subject": "http://dbpedia.org/resource/Mary_Lee_Woods",
        "predicate": "http://dbpedia.org/ontology/wikiPageWikiLink",
        "object": "http://dbpedia.org/resource/David_Hemp"
    },
    {
        "subject": "http://dbpedia.org/resource/Mary_Lee_Woods",
        "predicate": "http://dbpedia.org/ontology/wikiPageWikiLink",
        "object": "http://dbpedia.org/resource/David_Kelly_(weapons_expert)"
    },
    {
        "subject": "http://dbpedia.org/resource/Mary_Lee_Woods",
        "predicate": "http://dbpedia.org/ontology/wikiPageWikiLink",
        "object": "http://dbpedia.org/resource/David_Lodge_(author)"
    },
    {
        "subject": "http://dbpedia.org/resource/Mary_Lee_Woods",
        "predicate": "http://dbpedia.org/ontology/wikiPageWikiLink",
        "object": "http://dbpedia.org/resource/David_Phillips_(chemist)"
    },
    {
        "subject": "http://dbpedia.org/resource/Mary_Lee_Woods",
        "predicate": "http://dbpedia.org/ontology/wikiPageWikiLink",
        "object": "http://dbpedia.org/resource/David_Richardson_(biochemist)"
    },
    {
        "subject": "http://dbpedia.org/resource/Mary_Lee_Woods",
        "predicate": "http://dbpedia.org/ontology/wikiPageWikiLink",
        "object": "http://dbpedia.org/resource/David_Tinker"
    },
    {
        "subject": "http://dbpedia.org/resource/Mary_Lee_Woods",
        "predicate": "http://dbpedia.org/ontology/wikiPageWikiLink",
        "object": "http://dbpedia.org/resource/David_Willey_(physicist)"
    },
    {
        "subject": "http://dbpedia.org/resource/Mary_Lee_Woods",
        "predicate": "http://dbpedia.org/ontology/wikiPageWikiLink",
        "object": "http://dbpedia.org/resource/Dawn_News"
    },
    {
        "subject": "http://dbpedia.org/resource/Mary_Lee_Woods",
        "predicate": "http://dbpedia.org/ontology/wikiPageWikiLink",
        "object": "http://dbpedia.org/resource/Delhi_Technological_University"
    },
    {
        "subject": "http://dbpedia.org/resource/Mary_Lee_Woods",
        "predicate": "http://dbpedia.org/ontology/wikiPageWikiLink",
        "object": "http://dbpedia.org/resource/Department_for_Environment,_Food_and_Rural_Affairs"
    },
    {
        "subject": "http://dbpedia.org/resource/Mary_Lee_Woods",
        "predicate": "http://dbpedia.org/ontology/wikiPageWikiLink",
        "object": "http://dbpedia.org/resource/Derek_Fatchett"
    },
    {
        "subject": "http://dbpedia.org/resource/Mary_Lee_Woods",
        "predicate": "http://dbpedia.org/ontology/wikiPageWikiLink",
        "object": "http://dbpedia.org/resource/Desmond_Morris"
    },
    {
        "subject": "http://dbpedia.org/resource/Mary_Lee_Woods",
        "predicate": "http://dbpedia.org/ontology/wikiPageWikiLink",
        "object": "http://dbpedia.org/resource/Desra_Percaya"
    },
    {
        "subject": "http://dbpedia.org/resource/Mary_Lee_Woods",
        "predicate": "http://dbpedia.org/ontology/wikiPageWikiLink",
        "object": "http://dbpedia.org/resource/Alison_Young_(legal_scholar)"
    },
    {
        "subject": "http://dbpedia.org/resource/Mary_Lee_Woods",
        "predicate": "http://dbpedia.org/ontology/wikiPageWikiLink",
        "object": "http://dbpedia.org/resource/Andrew_Vallance-Owen"
    },
    {
        "subject": "http://dbpedia.org/resource/Mary_Lee_Woods",
        "predicate": "http://dbpedia.org/ontology/wikiPageWikiLink",
        "object": "http://dbpedia.org/resource/Category:People_associated_with_the_University_of_Birmingham"
    },
    {
        "subject": "http://dbpedia.org/resource/Mary_Lee_Woods",
        "predicate": "http://dbpedia.org/ontology/wikiPageWikiLink",
        "object": "http://dbpedia.org/resource/Anthony_Beaumont-Dark"
    },
    {
        "subject": "http://dbpedia.org/resource/Mary_Lee_Woods",
        "predicate": "http://dbpedia.org/ontology/wikiPageWikiLink",
        "object": "http://dbpedia.org/resource/Arcadia_(band)"
    },
    {
        "subject": "http://dbpedia.org/resource/Mary_Lee_Woods",
        "predicate": "http://dbpedia.org/ontology/wikiPageWikiLink",
        "object": "http://dbpedia.org/resource/Archbishop_of_Southwark"
    },
    {
        "subject": "http://dbpedia.org/resource/Mary_Lee_Woods",
        "predicate": "http://dbpedia.org/ontology/wikiPageWikiLink",
        "object": "http://dbpedia.org/resource/Archdeacon_of_Bradford"
    },
    {
        "subject": "http://dbpedia.org/resource/Mary_Lee_Woods",
        "predicate": "http://dbpedia.org/ontology/wikiPageWikiLink",
        "object": "http://dbpedia.org/resource/Archdeacon_of_Lincoln"
    },
    {
        "subject": "http://dbpedia.org/resource/Mary_Lee_Woods",
        "predicate": "http://dbpedia.org/ontology/wikiPageWikiLink",
        "object": "http://dbpedia.org/resource/Archdeacon_of_Loughborough"
    },
    {
        "subject": "http://dbpedia.org/resource/Mary_Lee_Woods",
        "predicate": "http://dbpedia.org/ontology/wikiPageWikiLink",
        "object": "http://dbpedia.org/resource/John_Omoniyi_Abiri"
    },
    {
        "subject": "http://dbpedia.org/resource/Mary_Lee_Woods",
        "predicate": "http://dbpedia.org/ontology/wikiPageWikiLink",
        "object": "http://dbpedia.org/resource/John_Stewart_Bell"
    },
    {
        "subject": "http://dbpedia.org/resource/Mary_Lee_Woods",
        "predicate": "http://dbpedia.org/ontology/wikiPageWikiLink",
        "object": "http://dbpedia.org/resource/John_Vane"
    },
    {
        "subject": "http://dbpedia.org/resource/Mary_Lee_Woods",
        "predicate": "http://dbpedia.org/ontology/wikiPageWikiLink",
        "object": "http://dbpedia.org/resource/Jon_Gaunt"
    },
    {
        "subject": "http://dbpedia.org/resource/Mary_Lee_Woods",
        "predicate": "http://dbpedia.org/ontology/wikiPageWikiLink",
        "object": "http://dbpedia.org/resource/Jonathan_Goldstein_(composer)"
    },
    {
        "subject": "http://dbpedia.org/resource/Mary_Lee_Woods",
        "predicate": "http://dbpedia.org/ontology/wikiPageWikiLink",
        "object": "http://dbpedia.org/resource/Jonny_Woo"
    }
]