[
    {
        "subject": "http://dbpedia.org/resource/Sheila_Tinney",
        "predicate": "http://dbpedia.org/ontology/wikiPageWikiLink",
        "object": "http://dbpedia.org/resource/Cabinet_Secretary_for_Covid_Recovery"
    },
    {
        "subject": "http://dbpedia.org/resource/Sheila_Tinney",
        "predicate": "http://dbpedia.org/ontology/wikiPageWikiLink",
        "object": "http://dbpedia.org/resource/Cabinet_Secretary_for_Environment,_Climate_Change_and_Land_Reform"
    },
    {
        "subject": "http://dbpedia.org/resource/Sheila_Tinney",
        "predicate": "http://dbpedia.org/ontology/wikiPageWikiLink",
        "object": "http://dbpedia.org/resource/Cabinet_Secretary_for_Finance_and_the_Economy"
    },
    {
        "subject": "http://dbpedia.org/resource/Sheila_Tinney",
        "predicate": "http://dbpedia.org/ontology/wikiPageWikiLink",
        "object": "http://dbpedia.org/resource/Cabinet_Secretary_for_Justice_and_Veterans"
    },
    {
        "subject": "http://dbpedia.org/resource/Sheila_Tinney",
        "predicate": "http://dbpedia.org/ontology/wikiPageWikiLink",
        "object": "http://dbpedia.org/resource/Cabinet_Secretary_for_the_Constitution,_Europe_and_External_Affairs"
    },
    {
        "subject": "http://dbpedia.org/resource/Sheila_Tinney",
        "predicate": "http://dbpedia.org/ontology/wikiPageWikiLink",
        "object": "http://dbpedia.org/resource/Caitlin_McClatchey"
    },
    {
        "subject": "http://dbpedia.org/resource/Sheila_Tinney",
        "predicate": "http://dbpedia.org/ontology/wikiPageWikiLink",
        "object": "http://dbpedia.org/resource/Calligraphy"
    },
    {
        "subject": "http://dbpedia.org/resource/Sheila_Tinney",
        "predicate": "http://dbpedia.org/ontology/wikiPageWikiLink",
        "object": "http://dbpedia.org/resource/Callum_McCaig"
    },
    {
        "subject": "http://dbpedia.org/resource/Sheila_Tinney",
        "predicate": "http://dbpedia.org/ontology/wikiPageWikiLink",
        "object": "http://dbpedia.org/resource/Calvinism"
    },
    {
        "subject": "http://dbpedia.org/resource/Sheila_Tinney",
        "predicate": "http://dbpedia.org/ontology/wikiPageWikiLink",
        "object": "http://dbpedia.org/resource/Cambridge_Analytica"
    },
    {
        "subject": "http://dbpedia.org/resource/Sheila_Tinney",
        "predicate": "http://dbpedia.org/ontology/wikiPageWikiLink",
        "object": "http://dbpedia.org/resource/Camilla_Arfwedson"
    },
    {
        "subject": "http://dbpedia.org/resource/Sheila_Tinney",
        "predicate": "http://dbpedia.org/ontology/wikiPageWikiLink",
        "object": "http://dbpedia.org/resource/Canada"
    },
    {
        "subject": "http://dbpedia.org/resource/Sheila_Tinney",
        "predicate": "http://dbpedia.org/ontology/wikiPageWikiLink",
        "object": "http://dbpedia.org/resource/Canada_Gairdner_International_Award"
    },
    {
        "subject": "http://dbpedia.org/resource/Sheila_Tinney",
        "predicate": "http://dbpedia.org/ontology/wikiPageWikiLink",
        "object": "http://dbpedia.org/resource/Canadian_Efficiency_Decoration"
    },
    {
        "subject": "http://dbpedia.org/resource/Sheila_Tinney",
        "predicate": "http://dbpedia.org/ontology/wikiPageWikiLink",
        "object": "http://dbpedia.org/resource/Canongate_Books"
    },
    {
        "subject": "http://dbpedia.org/resource/Sheila_Tinney",
        "predicate": "http://dbpedia.org/ontology/wikiPageWikiLink",
        "object": "http://dbpedia.org/resource/Carbon_dioxide"
    },
    {
        "subject": "http://dbpedia.org/resource/Sheila_Tinney",
        "predicate": "http://dbpedia.org/ontology/wikiPageWikiLink",
        "object": "http://dbpedia.org/resource/Carl_Orff"
    },
    {
        "subject": "http://dbpedia.org/resource/Sheila_Tinney",
        "predicate": "http://dbpedia.org/ontology/wikiPageWikiLink",
        "object": "http://dbpedia.org/resource/Carla_Gomes"
    },
    {
        "subject": "http://dbpedia.org/resource/Sheila_Tinney",
        "predicate": "http://dbpedia.org/ontology/wikiPageWikiLink",
        "object": "http://dbpedia.org/resource/Carnegie_Mellon_University"
    },
    {
        "subject": "http://dbpedia.org/resource/Sheila_Tinney",
        "predicate": "http://dbpedia.org/ontology/wikiPageWikiLink",
        "object": "http://dbpedia.org/resource/Carty_Salmon"
    },
    {
        "subject": "http://dbpedia.org/resource/Sheila_Tinney",
        "predicate": "http://dbpedia.org/ontology/wikiPageWikiLink",
        "object": "http://dbpedia.org/resource/Ben_Macpherson_(politician)"
    },
    {
        "subject": "http://dbpedia.org/resource/Sheila_Tinney",
        "predicate": "http://dbpedia.org/ontology/wikiPageWikiLink",
        "object": "http://dbpedia.org/resource/Benjamin_C._Pierce"
    },
    {
        "subject": "http://dbpedia.org/resource/Sheila_Tinney",
        "predicate": "http://dbpedia.org/ontology/wikiPageWikiLink",
        "object": "http://dbpedia.org/resource/B._T._S._Atkins"
    },
    {
        "subject": "http://dbpedia.org/resource/Sheila_Tinney",
        "predicate": "http://dbpedia.org/ontology/wikiPageWikiLink",
        "object": "http://dbpedia.org/resource/Prakash_Karat"
    },
    {
        "subject": "http://dbpedia.org/resource/Sheila_Tinney",
        "predicate": "http://dbpedia.org/ontology/wikiPageWikiLink",
        "object": "http://dbpedia.org/resource/Premier_of_British_Columbia"
    },
    {
        "subject": "http://dbpedia.org/resource/Sheila_Tinney",
        "predicate": "http://dbpedia.org/ontology/wikiPageWikiLink",
        "object": "http://dbpedia.org/resource/Premier_of_New_South_Wales"
    },
    {
        "subject": "http://dbpedia.org/resource/Sheila_Tinney",
        "predicate": "http://dbpedia.org/ontology/wikiPageWikiLink",
        "object": "http://dbpedia.org/resource/Premier_of_Prince_Edward_Island"
    },
    {
        "subject": "http://dbpedia.org/resource/Sheila_Tinney",
        "predicate": "http://dbpedia.org/ontology/wikiPageWikiLink",
        "object": "http://dbpedia.org/resource/Premier_of_Queensland"
    },
    {
        "subject": "http://dbpedia.org/resource/Sheila_Tinney",
        "predicate": "http://dbpedia.org/ontology/wikiPageWikiLink",
        "object": "http://dbpedia.org/resource/President_of_Malawi"
    },
    {
        "subject": "http://dbpedia.org/resource/Sheila_Tinney",
        "predicate": "http://dbpedia.org/ontology/wikiPageWikiLink",
        "object": "http://dbpedia.org/resource/President_of_Nicaragua"
    },
    {
        "subject": "http://dbpedia.org/resource/Sheila_Tinney",
        "predicate": "http://dbpedia.org/ontology/wikiPageWikiLink",
        "object": "http://dbpedia.org/resource/President_of_South_Korea"
    },
    {
        "subject": "http://dbpedia.org/resource/Sheila_Tinney",
        "predicate": "http://dbpedia.org/ontology/wikiPageWikiLink",
        "object": "http://dbpedia.org/resource/President_of_Tanzania"
    },
    {
        "subject": "http://dbpedia.org/resource/Sheila_Tinney",
        "predicate": "http://dbpedia.org/ontology/wikiPageWikiLink",
        "object": "http://dbpedia.org/resource/President_of_Uganda"
    },
    {
        "subject": "http://dbpedia.org/resource/Sheila_Tinney",
        "predicate": "http://dbpedia.org/ontology/wikiPageWikiLink",
        "object": "http://dbpedia.org/resource/President_of_the_Continental_Congress"
    },
    {
        "subject": "http://dbpedia.org/resource/Sheila_Tinney",
        "predicate": "http://dbpedia.org/ontology/wikiPageWikiLink",
        "object": "http://dbpedia.org/resource/President_of_the_Gambia"
    },
    {
        "subject": "http://dbpedia.org/resource/Sheila_Tinney",
        "predicate": "http://dbpedia.org/ontology/wikiPageWikiLink",
        "object": "http://dbpedia.org/resource/President_of_the_Supreme_Court_of_the_United_Kingdom"
    },
    {
        "subject": "http://dbpedia.org/resource/Sheila_Tinney",
        "predicate": "http://dbpedia.org/ontology/wikiPageWikiLink",
        "object": "http://dbpedia.org/resource/Prime_Minister_of_Canada"
    },
    {
        "subject": "http://dbpedia.org/resource/Sheila_Tinney",
        "predicate": "http://dbpedia.org/ontology/wikiPageWikiLink",
        "object": "http://dbpedia.org/resource/Prime_Minister_of_Jordan"
    },
    {
        "subject": "http://dbpedia.org/resource/Sheila_Tinney",
        "predicate": "http://dbpedia.org/ontology/wikiPageWikiLink",
        "object": "http://dbpedia.org/resource/Prime_Minister_of_Malawi"
    },
    {
        "subject": "http://dbpedia.org/resource/Sheila_Tinney",
        "predicate": "http://dbpedia.org/ontology/wikiPageWikiLink",
        "object": "http://dbpedia.org/resource/Prime_Minister_of_Pakistan"
    },
    {
        "subject": "http://dbpedia.org/resource/Sheila_Tinney",
        "predicate": "http://dbpedia.org/ontology/wikiPageWikiLink",
        "object": "http://dbpedia.org/resource/Prime_Minister_of_South_Korea"
    },
    {
        "subject": "http://dbpedia.org/resource/Sheila_Tinney",
        "predicate": "http://dbpedia.org/ontology/wikiPageWikiLink",
        "object": "http://dbpedia.org/resource/Prime_Minister_of_the_United_Kingdom"
    },
    {
        "subject": "http://dbpedia.org/resource/Sheila_Tinney",
        "predicate": "http://dbpedia.org/ontology/wikiPageWikiLink",
        "object": "http://dbpedia.org/resource/Primetime_Emmy_Awards"
    },
    {
        "subject": "http://dbpedia.org/resource/Sheila_Tinney",
        "predicate": "http://dbpedia.org/ontology/wikiPageWikiLink",
        "object": "http://dbpedia.org/resource/Prince_Harry"
    },
    {
        "subject": "http://dbpedia.org/resource/Sheila_Tinney",
        "predicate": "http://dbpedia.org/ontology/wikiPageWikiLink",
        "object": "http://dbpedia.org/resource/Prince_Philip,_Duke_of_Edinburgh"
    },
    {
        "subject": "http://dbpedia.org/resource/Sheila_Tinney",
        "predicate": "http://dbpedia.org/ontology/wikiPageWikiLink",
        "object": "http://dbpedia.org/resource/Prince_William,_Duke_of_Cambridge"
    },
    {
        "subject": "http://dbpedia.org/resource/Sheila_Tinney",
        "predicate": "http://dbpedia.org/ontology/wikiPageWikiLink",
        "object": "http://dbpedia.org/resource/Princess_Beatrice"
    },
    {
        "subject": "http://dbpedia.org/resource/Sheila_Tinney",
        "predicate": "http://dbpedia.org/ontology/wikiPageWikiLink",
        "object": "http://dbpedia.org/resource/Princess_Mako_of_Akishino"
    },
    {
        "subject": "http://dbpedia.org/resource/Sheila_Tinney",
        "predicate": "http://dbpedia.org/ontology/wikiPageWikiLink",
        "object": "http://dbpedia.org/resource/Princess_Raiyah_bint_Hussein"
    },
    {
        "subject": "http://dbpedia.org/resource/Sheila_Tinney",
        "predicate": "http://dbpedia.org/ontology/wikiPageWikiLink",
        "object": "http://dbpedia.org/resource/Princess_Salha_bint_Asem"
    },
    {
        "subject": "http://dbpedia.org/resource/Sheila_Tinney",
        "predicate": "http://dbpedia.org/ontology/wikiPageWikiLink",
        "object": "http://dbpedia.org/resource/Princess_Tsuguko_of_Takamado"
    },
    {
        "subject": "http://dbpedia.org/resource/Sheila_Tinney",
        "predicate": "http://dbpedia.org/ontology/wikiPageWikiLink",
        "object": "http://dbpedia.org/resource/Princeton_Theological_Seminary"
    },
    {
        "subject": "http://dbpedia.org/resource/Sheila_Tinney",
        "predicate": "http://dbpedia.org/ontology/wikiPageWikiLink",
        "object": "http://dbpedia.org/resource/Prolog"
    },
    {
        "subject": "http://dbpedia.org/resource/Sheila_Tinney",
        "predicate": "http://dbpedia.org/ontology/wikiPageWikiLink",
        "object": "http://dbpedia.org/resource/Proton"
    },
    {
        "subject": "http://dbpedia.org/resource/Sheila_Tinney",
        "predicate": "http://dbpedia.org/ontology/wikiPageWikiLink",
        "object": "http://dbpedia.org/resource/Prussian_Army"
    },
    {
        "subject": "http://dbpedia.org/resource/Sheila_Tinney",
        "predicate": "http://dbpedia.org/ontology/wikiPageWikiLink",
        "object": "http://dbpedia.org/resource/Pulitzer_Prize"
    },
    {
        "subject": "http://dbpedia.org/resource/Sheila_Tinney",
        "predicate": "http://dbpedia.org/ontology/wikiPageWikiLink",
        "object": "http://dbpedia.org/resource/Pulsars"
    },
    {
        "subject": "http://dbpedia.org/resource/Sheila_Tinney",
        "predicate": "http://dbpedia.org/ontology/wikiPageWikiLink",
        "object": "http://dbpedia.org/resource/Punk_rock"
    },
    {
        "subject": "http://dbpedia.org/resource/Sheila_Tinney",
        "predicate": "http://dbpedia.org/ontology/wikiPageWikiLink",
        "object": "http://dbpedia.org/resource/Puyi"
    },
    {
        "subject": "http://dbpedia.org/resource/Sheila_Tinney",
        "predicate": "http://dbpedia.org/ontology/wikiPageWikiLink",
        "object": "http://dbpedia.org/resource/Pyridine"
    },
    {
        "subject": "http://dbpedia.org/resource/Sheila_Tinney",
        "predicate": "http://dbpedia.org/ontology/wikiPageWikiLink",
        "object": "http://dbpedia.org/resource/P\u00e9ter_Ung\u00e1r"
    },
    {
        "subject": "http://dbpedia.org/resource/Sheila_Tinney",
        "predicate": "http://dbpedia.org/ontology/wikiPageWikiLink",
        "object": "http://dbpedia.org/resource/Quantum_mechanics"
    },
    {
        "subject": "http://dbpedia.org/resource/Sheila_Tinney",
        "predicate": "http://dbpedia.org/ontology/wikiPageWikiLink",
        "object": "http://dbpedia.org/resource/Quebec"
    },
    {
        "subject": "http://dbpedia.org/resource/Sheila_Tinney",
        "predicate": "http://dbpedia.org/ontology/wikiPageWikiLink",
        "object": "http://dbpedia.org/resource/Queen_Margaret_University"
    },
    {
        "subject": "http://dbpedia.org/resource/Sheila_Tinney",
        "predicate": "http://dbpedia.org/ontology/wikiPageWikiLink",
        "object": "http://dbpedia.org/resource/Quentin_Cooper"
    },
    {
        "subject": "http://dbpedia.org/resource/Sheila_Tinney",
        "predicate": "http://dbpedia.org/ontology/wikiPageWikiLink",
        "object": "http://dbpedia.org/resource/Robert_Lorimer"
    },
    {
        "subject": "http://dbpedia.org/resource/Sheila_Tinney",
        "predicate": "http://dbpedia.org/ontology/wikiPageWikiLink",
        "object": "http://dbpedia.org/resource/Robert_Louis_Stevenson"
    },
    {
        "subject": "http://dbpedia.org/resource/Sheila_Tinney",
        "predicate": "http://dbpedia.org/ontology/wikiPageWikiLink",
        "object": "http://dbpedia.org/resource/Robert_McIntyre_(politician)"
    },
    {
        "subject": "http://dbpedia.org/resource/Sheila_Tinney",
        "predicate": "http://dbpedia.org/ontology/wikiPageWikiLink",
        "object": "http://dbpedia.org/resource/Robert_Morrison_MacIver"
    },
    {
        "subject": "http://dbpedia.org/resource/Sheila_Tinney",
        "predicate": "http://dbpedia.org/ontology/wikiPageWikiLink",
        "object": "http://dbpedia.org/resource/Robert_Munro,_1st_Baron_Alness"
    },
    {
        "subject": "http://dbpedia.org/resource/Sheila_Tinney",
        "predicate": "http://dbpedia.org/ontology/wikiPageWikiLink",
        "object": "http://dbpedia.org/resource/Robert_Murray_M'Cheyne"
    },
    {
        "subject": "http://dbpedia.org/resource/Sheila_Tinney",
        "predicate": "http://dbpedia.org/ontology/wikiPageWikiLink",
        "object": "http://dbpedia.org/resource/Robert_Ramsay_Wright"
    },
    {
        "subject": "http://dbpedia.org/resource/Sheila_Tinney",
        "predicate": "http://dbpedia.org/ontology/wikiPageWikiLink",
        "object": "http://dbpedia.org/resource/Robert_Reed,_Baron_Reed_of_Allermuir"
    },
    {
        "subject": "http://dbpedia.org/resource/Sheila_Tinney",
        "predicate": "http://dbpedia.org/ontology/wikiPageWikiLink",
        "object": "http://dbpedia.org/resource/Robert_Rowand_Anderson"
    },
    {
        "subject": "http://dbpedia.org/resource/Sheila_Tinney",
        "predicate": "http://dbpedia.org/ontology/wikiPageWikiLink",
        "object": "http://dbpedia.org/resource/Robert_Sibbald"
    },
    {
        "subject": "http://dbpedia.org/resource/Sheila_Tinney",
        "predicate": "http://dbpedia.org/ontology/wikiPageWikiLink",
        "object": "http://dbpedia.org/resource/Robert_Stephenson"
    },
    {
        "subject": "http://dbpedia.org/resource/Sheila_Tinney",
        "predicate": "http://dbpedia.org/ontology/wikiPageWikiLink",
        "object": "http://dbpedia.org/resource/Robert_Stevenson_(civil_engineer)"
    },
    {
        "subject": "http://dbpedia.org/resource/Sheila_Tinney",
        "predicate": "http://dbpedia.org/ontology/wikiPageWikiLink",
        "object": "http://dbpedia.org/resource/Robert_Stirling"
    },
    {
        "subject": "http://dbpedia.org/resource/Sheila_Tinney",
        "predicate": "http://dbpedia.org/ontology/wikiPageWikiLink",
        "object": "http://dbpedia.org/resource/Robert_Strang"
    },
    {
        "subject": "http://dbpedia.org/resource/Sheila_Tinney",
        "predicate": "http://dbpedia.org/ontology/wikiPageWikiLink",
        "object": "http://dbpedia.org/resource/Robert_the_Bruce"
    },
    {
        "subject": "http://dbpedia.org/resource/Sheila_Tinney",
        "predicate": "http://dbpedia.org/ontology/wikiPageWikiLink",
        "object": "http://dbpedia.org/resource/Robin_Burgess"
    },
    {
        "subject": "http://dbpedia.org/resource/Sheila_Tinney",
        "predicate": "http://dbpedia.org/ontology/wikiPageWikiLink",
        "object": "http://dbpedia.org/resource/Robin_Cook"
    },
    {
        "subject": "http://dbpedia.org/resource/Sheila_Tinney",
        "predicate": "http://dbpedia.org/ontology/wikiPageWikiLink",
        "object": "http://dbpedia.org/resource/Robin_Coombs"
    },
    {
        "subject": "http://dbpedia.org/resource/Sheila_Tinney",
        "predicate": "http://dbpedia.org/ontology/wikiPageWikiLink",
        "object": "http://dbpedia.org/resource/Robin_Harper"
    },
    {
        "subject": "http://dbpedia.org/resource/Sheila_Tinney",
        "predicate": "http://dbpedia.org/ontology/wikiPageWikiLink",
        "object": "http://dbpedia.org/resource/Robin_Milner"
    },
    {
        "subject": "http://dbpedia.org/resource/Sheila_Tinney",
        "predicate": "http://dbpedia.org/ontology/wikiPageWikiLink",
        "object": "http://dbpedia.org/resource/Robin_Popplestone"
    },
    {
        "subject": "http://dbpedia.org/resource/Sheila_Tinney",
        "predicate": "http://dbpedia.org/ontology/wikiPageWikiLink",
        "object": "http://dbpedia.org/resource/Robin_Williams_(academic)"
    },
    {
        "subject": "http://dbpedia.org/resource/Sheila_Tinney",
        "predicate": "http://dbpedia.org/ontology/wikiPageWikiLink",
        "object": "http://dbpedia.org/resource/Rod_Burstall"
    },
    {
        "subject": "http://dbpedia.org/resource/Sheila_Tinney",
        "predicate": "http://dbpedia.org/ontology/wikiPageWikiLink",
        "object": "http://dbpedia.org/resource/Roderick_Murchison"
    },
    {
        "subject": "http://dbpedia.org/resource/Sheila_Tinney",
        "predicate": "http://dbpedia.org/ontology/wikiPageWikiLink",
        "object": "http://dbpedia.org/resource/Roger_Cowley"
    },
    {
        "subject": "http://dbpedia.org/resource/Sheila_Tinney",
        "predicate": "http://dbpedia.org/ontology/wikiPageWikiLink",
        "object": "http://dbpedia.org/resource/Rona_Dougall"
    },
    {
        "subject": "http://dbpedia.org/resource/Sheila_Tinney",
        "predicate": "http://dbpedia.org/ontology/wikiPageWikiLink",
        "object": "http://dbpedia.org/resource/Ronald_Fairbairn"
    },
    {
        "subject": "http://dbpedia.org/resource/Sheila_Tinney",
        "predicate": "http://dbpedia.org/ontology/wikiPageWikiLink",
        "object": "http://dbpedia.org/resource/Roseanna_Cunningham"
    },
    {
        "subject": "http://dbpedia.org/resource/Sheila_Tinney",
        "predicate": "http://dbpedia.org/ontology/wikiPageWikiLink",
        "object": "http://dbpedia.org/resource/Rosemary_Hutton"
    },
    {
        "subject": "http://dbpedia.org/resource/Sheila_Tinney",
        "predicate": "http://dbpedia.org/ontology/wikiPageWikiLink",
        "object": "http://dbpedia.org/resource/Royal_Academy"
    },
    {
        "subject": "http://dbpedia.org/resource/Sheila_Tinney",
        "predicate": "http://dbpedia.org/ontology/wikiPageWikiLink",
        "object": "http://dbpedia.org/resource/Royal_Aeronautical_Society"
    },
    {
        "subject": "http://dbpedia.org/resource/Sheila_Tinney",
        "predicate": "http://dbpedia.org/ontology/wikiPageWikiLink",
        "object": "http://dbpedia.org/resource/Royal_Army_Medical_Corps"
    },
    {
        "subject": "http://dbpedia.org/resource/Sheila_Tinney",
        "predicate": "http://dbpedia.org/ontology/wikiPageWikiLink",
        "object": "http://dbpedia.org/resource/Royal_Bank_of_Scotland"
    },
    {
        "subject": "http://dbpedia.org/resource/Sheila_Tinney",
        "predicate": "http://dbpedia.org/ontology/wikiPageWikiLink",
        "object": "http://dbpedia.org/resource/Royal_Mail"
    },
    {
        "subject": "http://dbpedia.org/resource/Sheila_Tinney",
        "predicate": "http://dbpedia.org/ontology/wikiPageWikiLink",
        "object": "http://dbpedia.org/resource/Royal_Navy"
    }
]