[
    {
        "subject": "http://dbpedia.org/resource/Yvonne_Stokes",
        "predicate": "http://dbpedia.org/ontology/wikiPageWikiLink",
        "object": "http://dbpedia.org/resource/Cameron_Stokes"
    },
    {
        "subject": "http://dbpedia.org/resource/Yvonne_Stokes",
        "predicate": "http://dbpedia.org/ontology/wikiPageWikiLink",
        "object": "http://dbpedia.org/resource/Pringle_Stokes"
    },
    {
        "subject": "http://dbpedia.org/resource/Yvonne_Stokes",
        "predicate": "http://dbpedia.org/ontology/wikiPageWikiLink",
        "object": "http://dbpedia.org/resource/Queen's_College,_Hong_Kong"
    },
    {
        "subject": "http://dbpedia.org/resource/Yvonne_Stokes",
        "predicate": "http://dbpedia.org/ontology/wikiPageWikiLink",
        "object": "http://dbpedia.org/resource/Rufus_Stokes"
    },
    {
        "subject": "http://dbpedia.org/resource/Yvonne_Stokes",
        "predicate": "http://dbpedia.org/ontology/wikiPageWikiLink",
        "object": "http://dbpedia.org/resource/Satyananda_Stokes"
    },
    {
        "subject": "http://dbpedia.org/resource/Yvonne_Stokes",
        "predicate": "http://dbpedia.org/ontology/wikiPageWikiLink",
        "object": "http://dbpedia.org/resource/Missouri_H._Stokes"
    },
    {
        "subject": "http://dbpedia.org/resource/Yvonne_Stokes",
        "predicate": "http://dbpedia.org/ontology/wikiPageWikiLink",
        "object": "http://dbpedia.org/resource/Henry_Scott_Stokes"
    },
    {
        "subject": "http://dbpedia.org/resource/Yvonne_Stokes",
        "predicate": "http://dbpedia.org/ontology/wikiPageWikiLink",
        "object": "http://dbpedia.org/resource/Barry_Stokes_(American_football)"
    },
    {
        "subject": "http://dbpedia.org/resource/Yvonne_Stokes",
        "predicate": "http://dbpedia.org/ontology/wikiPageWikiLink",
        "object": "http://dbpedia.org/resource/Ben_Stokes"
    },
    {
        "subject": "http://dbpedia.org/resource/Yvonne_Stokes",
        "predicate": "http://dbpedia.org/ontology/wikiPageWikiLink",
        "object": "http://dbpedia.org/resource/Bobby_Stokes"
    },
    {
        "subject": "http://dbpedia.org/resource/Yvonne_Stokes",
        "predicate": "http://dbpedia.org/ontology/wikiPageWikiLink",
        "object": "http://dbpedia.org/resource/Brian_Stokes"
    },
    {
        "subject": "http://dbpedia.org/resource/Yvonne_Stokes",
        "predicate": "http://dbpedia.org/ontology/wikiPageWikiLink",
        "object": "http://dbpedia.org/resource/David_Stokes_(Guatemalan_footballer)"
    },
    {
        "subject": "http://dbpedia.org/resource/Yvonne_Stokes",
        "predicate": "http://dbpedia.org/ontology/wikiPageWikiLink",
        "object": "http://dbpedia.org/resource/David_Stokes_(soccer)"
    },
    {
        "subject": "http://dbpedia.org/resource/Yvonne_Stokes",
        "predicate": "http://dbpedia.org/ontology/wikiPageWikiLink",
        "object": "http://dbpedia.org/resource/Demi_Stokes"
    },
    {
        "subject": "http://dbpedia.org/resource/Yvonne_Stokes",
        "predicate": "http://dbpedia.org/ontology/wikiPageWikiLink",
        "object": "http://dbpedia.org/resource/Derek_Stokes"
    },
    {
        "subject": "http://dbpedia.org/resource/Yvonne_Stokes",
        "predicate": "http://dbpedia.org/ontology/wikiPageWikiLink",
        "object": "http://dbpedia.org/resource/Ann_Bradford_Stokes"
    },
    {
        "subject": "http://dbpedia.org/resource/Yvonne_Stokes",
        "predicate": "http://dbpedia.org/ontology/wikiPageWikiLink",
        "object": "http://dbpedia.org/resource/John_Stokes_(Medal_of_Honor)"
    },
    {
        "subject": "http://dbpedia.org/resource/Yvonne_Stokes",
        "predicate": "http://dbpedia.org/ontology/wikiPageWikiLink",
        "object": "http://dbpedia.org/resource/Julie_Stokes"
    },
    {
        "subject": "http://dbpedia.org/resource/Yvonne_Stokes",
        "predicate": "http://dbpedia.org/ontology/wikiPageWikiLink",
        "object": "http://dbpedia.org/resource/List_of_Medal_of_Honor_recipients"
    },
    {
        "subject": "http://dbpedia.org/resource/Yvonne_Stokes",
        "predicate": "http://dbpedia.org/ontology/wikiPageWikiLink",
        "object": "http://dbpedia.org/resource/Ricky_Stokes"
    },
    {
        "subject": "http://dbpedia.org/resource/Yvonne_Stokes",
        "predicate": "http://dbpedia.org/ontology/wikiPageWikiLink",
        "object": "http://dbpedia.org/resource/University_of_Cambridge"
    },
    {
        "subject": "http://dbpedia.org/resource/Yvonne_Stokes",
        "predicate": "http://dbpedia.org/ontology/wikiPageWikiLink",
        "object": "http://dbpedia.org/resource/Vidya_Stokes"
    },
    {
        "subject": "http://dbpedia.org/resource/Yvonne_Stokes",
        "predicate": "http://dbpedia.org/ontology/wikiPageWikiLink",
        "object": "http://dbpedia.org/resource/David_Stokes_(English_footballer)"
    },
    {
        "subject": "http://dbpedia.org/resource/Yvonne_Stokes",
        "predicate": "http://dbpedia.org/ontology/wikiPageWikiLink",
        "object": "http://dbpedia.org/resource/Doug_Stokes"
    },
    {
        "subject": "http://dbpedia.org/resource/Yvonne_Stokes",
        "predicate": "http://dbpedia.org/ontology/wikiPageWikiLink",
        "object": "http://dbpedia.org/resource/Sewell_Stokes"
    },
    {
        "subject": "http://dbpedia.org/resource/Yvonne_Stokes",
        "predicate": "http://dbpedia.org/ontology/wikiPageWikiLink",
        "object": "http://dbpedia.org/resource/George_Gabriel_Stokes"
    },
    {
        "subject": "http://dbpedia.org/resource/Yvonne_Stokes",
        "predicate": "http://dbpedia.org/ontology/wikiPageWikiLink",
        "object": "http://dbpedia.org/resource/Corey_Stokes"
    },
    {
        "subject": "http://dbpedia.org/resource/Yvonne_Stokes",
        "predicate": "http://dbpedia.org/ontology/wikiPageWikiLink",
        "object": "http://dbpedia.org/resource/Master-at-Arms"
    },
    {
        "subject": "http://dbpedia.org/resource/Yvonne_Stokes",
        "predicate": "http://dbpedia.org/ontology/wikiPageWikiLink",
        "object": "http://dbpedia.org/resource/Mathew_Stokes"
    },
    {
        "subject": "http://dbpedia.org/resource/Yvonne_Stokes",
        "predicate": "http://dbpedia.org/ontology/wikiPageWikiLink",
        "object": "http://dbpedia.org/resource/Maurice_Stokes"
    },
    {
        "subject": "http://dbpedia.org/resource/Yvonne_Stokes",
        "predicate": "http://dbpedia.org/ontology/wikiPageWikiLink",
        "object": "http://dbpedia.org/resource/Ruth_Stokes"
    },
    {
        "subject": "http://dbpedia.org/resource/Yvonne_Stokes",
        "predicate": "http://dbpedia.org/ontology/wikiPageWikiLink",
        "object": "http://dbpedia.org/resource/Elizabeth_Joan_Stokes"
    },
    {
        "subject": "http://dbpedia.org/resource/Yvonne_Stokes",
        "predicate": "http://dbpedia.org/ontology/wikiPageWikiLink",
        "object": "http://dbpedia.org/resource/Edward_C._Stokes"
    },
    {
        "subject": "http://dbpedia.org/resource/Yvonne_Stokes",
        "predicate": "http://dbpedia.org/ontology/wikiPageWikiLink",
        "object": "http://dbpedia.org/resource/Edward_L._Stokes"
    },
    {
        "subject": "http://dbpedia.org/resource/Yvonne_Stokes",
        "predicate": "http://dbpedia.org/ontology/wikiPageWikiLink",
        "object": "http://dbpedia.org/resource/Frank_Stokes_(musician)"
    },
    {
        "subject": "http://dbpedia.org/resource/Yvonne_Stokes",
        "predicate": "http://dbpedia.org/ontology/wikiPageWikiLink",
        "object": "http://dbpedia.org/resource/Fred_Stokes"
    },
    {
        "subject": "http://dbpedia.org/resource/Yvonne_Stokes",
        "predicate": "http://dbpedia.org/ontology/wikiPageWikiLink",
        "object": "http://dbpedia.org/resource/Gerard_Stokes"
    },
    {
        "subject": "http://dbpedia.org/resource/Yvonne_Stokes",
        "predicate": "http://dbpedia.org/ontology/wikiPageWikiLink",
        "object": "http://dbpedia.org/resource/Mitchell_Stokes"
    },
    {
        "subject": "http://dbpedia.org/resource/Yvonne_Stokes",
        "predicate": "http://dbpedia.org/ontology/wikiPageWikiLink",
        "object": "http://dbpedia.org/resource/Montfort_Stokes"
    },
    {
        "subject": "http://dbpedia.org/resource/Yvonne_Stokes",
        "predicate": "http://dbpedia.org/ontology/wikiPageWikiLink",
        "object": "http://dbpedia.org/resource/The_Stokes_twins"
    },
    {
        "subject": "http://dbpedia.org/resource/Yvonne_Stokes",
        "predicate": "http://dbpedia.org/ontology/wikiPageWikiLink",
        "object": "http://dbpedia.org/resource/Martin_Stokes"
    },
    {
        "subject": "http://dbpedia.org/resource/Yvonne_Stokes",
        "predicate": "http://dbpedia.org/ontology/wikiPageWikiLink",
        "object": "http://dbpedia.org/resource/Andy_Stokes"
    },
    {
        "subject": "http://dbpedia.org/resource/Yvonne_Stokes",
        "predicate": "http://dbpedia.org/ontology/wikiPageWikiLink",
        "object": "http://dbpedia.org/resource/Anson_Phelps_Stokes"
    },
    {
        "subject": "http://dbpedia.org/resource/Yvonne_Stokes",
        "predicate": "http://dbpedia.org/ontology/wikiPageWikiLink",
        "object": "http://dbpedia.org/resource/Anson_Phelps_Stokes_(philanthropist)"
    },
    {
        "subject": "http://dbpedia.org/resource/Yvonne_Stokes",
        "predicate": "http://dbpedia.org/ontology/wikiPageWikiLink",
        "object": "http://dbpedia.org/resource/Loren_Stokes"
    },
    {
        "subject": "http://dbpedia.org/resource/Yvonne_Stokes",
        "predicate": "http://dbpedia.org/ontology/wikiPageWikiLink",
        "object": "http://dbpedia.org/resource/Lori_Stokes"
    },
    {
        "subject": "http://dbpedia.org/resource/Yvonne_Stokes",
        "predicate": "http://dbpedia.org/ontology/wikiPageWikiLink",
        "object": "http://dbpedia.org/resource/Louis_Stokes"
    },
    {
        "subject": "http://dbpedia.org/resource/Yvonne_Stokes",
        "predicate": "http://dbpedia.org/ontology/wikiPageWikiLink",
        "object": "http://dbpedia.org/resource/Francis_William_Stokes"
    },
    {
        "subject": "http://dbpedia.org/resource/Yvonne_Stokes",
        "predicate": "http://dbpedia.org/ontology/wikiPageWikiLink",
        "object": "http://dbpedia.org/resource/Frank_Wilbert_Stokes"
    },
    {
        "subject": "http://dbpedia.org/resource/Yvonne_Stokes",
        "predicate": "http://dbpedia.org/ontology/wikiPageWikiLink",
        "object": "http://dbpedia.org/resource/Leslie_Stokes"
    },
    {
        "subject": "http://dbpedia.org/resource/Yvonne_Stokes",
        "predicate": "http://dbpedia.org/ontology/wikiPageWikiLink",
        "object": "http://dbpedia.org/resource/Mack_B._Stokes"
    },
    {
        "subject": "http://dbpedia.org/resource/Yvonne_Stokes",
        "predicate": "http://dbpedia.org/ontology/wikiPageWikiLink",
        "object": "http://dbpedia.org/resource/Steph_Stokes"
    },
    {
        "subject": "http://dbpedia.org/resource/Yvonne_Stokes",
        "predicate": "http://dbpedia.org/ontology/wikiPageWikiLink",
        "object": "http://dbpedia.org/resource/Maura_Stokes"
    },
    {
        "subject": "http://dbpedia.org/resource/Yvonne_Stokes",
        "predicate": "http://dbpedia.org/ontology/wikiPageWikiLink",
        "object": "http://dbpedia.org/resource/Bristol"
    },
    {
        "subject": "http://dbpedia.org/resource/Yvonne_Stokes",
        "predicate": "http://dbpedia.org/ontology/wikiPageWikiLink",
        "object": "http://dbpedia.org/resource/Tim_Stokes"
    },
    {
        "subject": "http://dbpedia.org/resource/Yvonne_Stokes",
        "predicate": "http://dbpedia.org/ontology/wikiPageWikiLink",
        "object": "http://dbpedia.org/resource/Tobin_Stokes"
    },
    {
        "subject": "http://dbpedia.org/resource/Yvonne_Stokes",
        "predicate": "http://dbpedia.org/ontology/wikiPageWikiLink",
        "object": "http://dbpedia.org/resource/Tony_Stokes"
    },
    {
        "subject": "http://dbpedia.org/resource/Yvonne_Stokes",
        "predicate": "http://dbpedia.org/ontology/wikiPageWikiLink",
        "object": "http://dbpedia.org/resource/Trey_Stokes"
    },
    {
        "subject": "http://dbpedia.org/resource/Yvonne_Stokes",
        "predicate": "http://dbpedia.org/ontology/wikiPageWikiLink",
        "object": "http://dbpedia.org/resource/Walter_Stokes"
    },
    {
        "subject": "http://dbpedia.org/resource/Yvonne_Stokes",
        "predicate": "http://dbpedia.org/ontology/wikiPageWikiLink",
        "object": "http://dbpedia.org/resource/Whitley_Stokes"
    },
    {
        "subject": "http://dbpedia.org/resource/Yvonne_Stokes",
        "predicate": "http://dbpedia.org/ontology/wikiPageWikiLink",
        "object": "http://dbpedia.org/resource/William_Brickly_Stokes"
    },
    {
        "subject": "http://dbpedia.org/resource/Yvonne_Stokes",
        "predicate": "http://dbpedia.org/ontology/wikiPageWikiLink",
        "object": "http://dbpedia.org/resource/Winford_Stokes"
    },
    {
        "subject": "http://dbpedia.org/resource/Yvonne_Stokes",
        "predicate": "http://dbpedia.org/ontology/wikiPageWikiLink",
        "object": "http://dbpedia.org/resource/Eric_Stokes_(disambiguation)"
    },
    {
        "subject": "http://dbpedia.org/resource/Yvonne_Stokes",
        "predicate": "http://dbpedia.org/ontology/wikiPageWikiLink",
        "object": "http://dbpedia.org/resource/John_Fisher_Stokes"
    },
    {
        "subject": "http://dbpedia.org/resource/Yvonne_Stokes",
        "predicate": "http://dbpedia.org/ontology/wikiPageWikiLink",
        "object": "http://dbpedia.org/resource/Jonathan_Stokes"
    },
    {
        "subject": "http://dbpedia.org/resource/Yvonne_Stokes",
        "predicate": "http://dbpedia.org/ontology/wikiPageWikiLink",
        "object": "http://dbpedia.org/resource/Alan_Stokes"
    },
    {
        "subject": "http://dbpedia.org/resource/Yvonne_Stokes",
        "predicate": "http://dbpedia.org/ontology/wikiPageWikiLink",
        "object": "http://dbpedia.org/resource/Alec_Stokes"
    },
    {
        "subject": "http://dbpedia.org/resource/Yvonne_Stokes",
        "predicate": "http://dbpedia.org/ontology/wikiPageWikiLink",
        "object": "http://dbpedia.org/resource/Ed_Stokes"
    },
    {
        "subject": "http://dbpedia.org/resource/Yvonne_Stokes",
        "predicate": "http://dbpedia.org/ontology/wikiPageWikiLink",
        "object": "http://dbpedia.org/resource/Edith_Minturn_Stokes"
    },
    {
        "subject": "http://dbpedia.org/resource/Yvonne_Stokes",
        "predicate": "http://dbpedia.org/ontology/wikiPageWikiLink",
        "object": "http://dbpedia.org/resource/Evelyn_Stokes"
    },
    {
        "subject": "http://dbpedia.org/resource/Yvonne_Stokes",
        "predicate": "http://dbpedia.org/ontology/wikiPageWikiLink",
        "object": "http://dbpedia.org/resource/Francis_Marion_Stokes"
    },
    {
        "subject": "http://dbpedia.org/resource/Yvonne_Stokes",
        "predicate": "http://dbpedia.org/ontology/wikiPageWikiLink",
        "object": "http://dbpedia.org/resource/Barry_Stokes_(actor)"
    },
    {
        "subject": "http://dbpedia.org/resource/Yvonne_Stokes",
        "predicate": "http://dbpedia.org/ontology/wikiPageWikiLink",
        "object": "http://dbpedia.org/resource/Nick_Stokes"
    },
    {
        "subject": "http://dbpedia.org/resource/Yvonne_Stokes",
        "predicate": "http://dbpedia.org/ontology/wikiPageWikiLink",
        "object": "http://dbpedia.org/resource/Charles_Stokes_(trader)"
    },
    {
        "subject": "http://dbpedia.org/resource/Yvonne_Stokes",
        "predicate": "http://dbpedia.org/ontology/wikiPageWikiLink",
        "object": "http://dbpedia.org/resource/John_William_Stokes"
    },
    {
        "subject": "http://dbpedia.org/resource/Yvonne_Stokes",
        "predicate": "http://dbpedia.org/ontology/wikiPageWikiLink",
        "object": "http://dbpedia.org/resource/Marianne_Stokes"
    },
    {
        "subject": "http://dbpedia.org/resource/Yvonne_Stokes",
        "predicate": "http://dbpedia.org/ontology/wikiPageWikiLink",
        "object": "http://dbpedia.org/resource/Greg_Stokes"
    },
    {
        "subject": "http://dbpedia.org/resource/Yvonne_Stokes",
        "predicate": "http://dbpedia.org/ontology/wikiPageWikiLink",
        "object": "http://dbpedia.org/resource/Isaac_Newton_Phelps_Stokes"
    },
    {
        "subject": "http://dbpedia.org/resource/Yvonne_Stokes",
        "predicate": "http://dbpedia.org/ontology/wikiPageWikiLink",
        "object": "http://dbpedia.org/resource/J._J._Stokes"
    },
    {
        "subject": "http://dbpedia.org/resource/Yvonne_Stokes",
        "predicate": "http://dbpedia.org/ontology/wikiPageWikiLink",
        "object": "http://dbpedia.org/resource/J._William_Stokes"
    },
    {
        "subject": "http://dbpedia.org/resource/Yvonne_Stokes",
        "predicate": "http://dbpedia.org/ontology/wikiPageWikiLink",
        "object": "http://dbpedia.org/resource/Jack_Stokes_(politician)"
    },
    {
        "subject": "http://dbpedia.org/resource/Yvonne_Stokes",
        "predicate": "http://dbpedia.org/ontology/wikiPageWikiLink",
        "object": "http://dbpedia.org/resource/James_Boulter_Stokes"
    },
    {
        "subject": "http://dbpedia.org/resource/Yvonne_Stokes",
        "predicate": "http://dbpedia.org/ontology/wikiPageWikiLink",
        "object": "http://dbpedia.org/resource/James_Graham_Phelps_Stokes"
    },
    {
        "subject": "http://dbpedia.org/resource/Yvonne_Stokes",
        "predicate": "http://dbpedia.org/ontology/wikiPageWikiLink",
        "object": "http://dbpedia.org/resource/James_Stokes"
    },
    {
        "subject": "http://dbpedia.org/resource/Yvonne_Stokes",
        "predicate": "http://dbpedia.org/ontology/wikiPageWikiLink",
        "object": "http://dbpedia.org/resource/Jason_Stokes"
    },
    {
        "subject": "http://dbpedia.org/resource/Yvonne_Stokes",
        "predicate": "http://dbpedia.org/ontology/wikiPageWikiLink",
        "object": "http://dbpedia.org/resource/Margaret_Stokes"
    },
    {
        "subject": "http://dbpedia.org/resource/Yvonne_Stokes",
        "predicate": "http://dbpedia.org/ontology/wikiPageWikiLink",
        "object": "http://dbpedia.org/resource/Wolvercote_Cemetery"
    },
    {
        "subject": "http://dbpedia.org/resource/Yvonne_Stokes",
        "predicate": "http://dbpedia.org/ontology/wikiPageWikiLink",
        "object": "http://dbpedia.org/resource/Patrick_Stokes_(disambiguation)"
    },
    {
        "subject": "http://dbpedia.org/resource/Yvonne_Stokes",
        "predicate": "http://dbpedia.org/ontology/wikiPageWikiLink",
        "object": "http://dbpedia.org/resource/Richard_Stokes_(disambiguation)"
    },
    {
        "subject": "http://dbpedia.org/resource/Yvonne_Stokes",
        "predicate": "http://dbpedia.org/ontology/wikiPageWikiLink",
        "object": "http://dbpedia.org/resource/Suzanne_Stokes"
    },
    {
        "subject": "http://dbpedia.org/resource/Yvonne_Stokes",
        "predicate": "http://dbpedia.org/ontology/wikiPageWikiLink",
        "object": "http://dbpedia.org/resource/Arthur_Stokes"
    },
    {
        "subject": "http://dbpedia.org/resource/Yvonne_Stokes",
        "predicate": "http://dbpedia.org/ontology/wikiPageWikiLink",
        "object": "http://dbpedia.org/resource/Category:English-language_surnames"
    },
    {
        "subject": "http://dbpedia.org/resource/Yvonne_Stokes",
        "predicate": "http://dbpedia.org/ontology/wikiPageWikiLink",
        "object": "http://dbpedia.org/resource/Adrian_Scott_Stokes"
    },
    {
        "subject": "http://dbpedia.org/resource/Yvonne_Stokes",
        "predicate": "http://dbpedia.org/ontology/wikiPageWikiLink",
        "object": "http://dbpedia.org/resource/Jervis_Stokes"
    },
    {
        "subject": "http://dbpedia.org/resource/Yvonne_Stokes",
        "predicate": "http://dbpedia.org/ontology/wikiPageWikiLink",
        "object": "http://dbpedia.org/resource/Keith_Stokes"
    },
    {
        "subject": "http://dbpedia.org/resource/Yvonne_Stokes",
        "predicate": "http://dbpedia.org/ontology/wikiPageWikiLink",
        "object": "http://dbpedia.org/resource/Kerry_Stokes"
    },
    {
        "subject": "http://dbpedia.org/resource/Yvonne_Stokes",
        "predicate": "http://dbpedia.org/ontology/wikiPageWikiLink",
        "object": "http://dbpedia.org/resource/Surname"
    },
    {
        "subject": "http://dbpedia.org/resource/Yvonne_Stokes",
        "predicate": "http://dbpedia.org/ontology/wikiPageWikiLink",
        "object": "http://dbpedia.org/resource/Colin_Stokes"
    },
    {
        "subject": "http://dbpedia.org/resource/Yvonne_Stokes",
        "predicate": "http://dbpedia.org/ontology/wikiPageWikiLink",
        "object": "http://dbpedia.org/resource/George_Thomas_Stokes"
    },
    {
        "subject": "http://dbpedia.org/resource/Yvonne_Stokes",
        "predicate": "http://dbpedia.org/ontology/wikiPageWikiLink",
        "object": "http://dbpedia.org/resource/Henry_Sewell_Stokes"
    }
]