[
    {
        "subject": "http://dbpedia.org/resource/Zvezdelina_Stankova",
        "predicate": "http://dbpedia.org/ontology/wikiPageWikiLink",
        "object": "http://dbpedia.org/resource/Benjamin_Galluzzo"
    },
    {
        "subject": "http://dbpedia.org/resource/Zvezdelina_Stankova",
        "predicate": "http://dbpedia.org/ontology/wikiPageWikiLink",
        "object": "http://dbpedia.org/resource/Sarah_J._Greenwald"
    },
    {
        "subject": "http://dbpedia.org/resource/Zvezdelina_Stankova",
        "predicate": "http://dbpedia.org/ontology/wikiPageWikiLink",
        "object": "http://dbpedia.org/resource/Alissa_Crans"
    },
    {
        "subject": "http://dbpedia.org/resource/Zvezdelina_Stankova",
        "predicate": "http://dbpedia.org/ontology/wikiPageWikiLink",
        "object": "http://dbpedia.org/resource/Allison_Henrich"
    },
    {
        "subject": "http://dbpedia.org/resource/Zvezdelina_Stankova",
        "predicate": "http://dbpedia.org/ontology/wikiPageWikiLink",
        "object": "http://dbpedia.org/resource/Jacqueline_Jensen-Vallin"
    },
    {
        "subject": "http://dbpedia.org/resource/Zvezdelina_Stankova",
        "predicate": "http://dbpedia.org/ontology/wikiPageWikiLink",
        "object": "http://dbpedia.org/resource/Rachel_Levy_(mathematician)"
    },
    {
        "subject": "http://dbpedia.org/resource/Zvezdelina_Stankova",
        "predicate": "http://dbpedia.org/ontology/wikiPageWikiLink",
        "object": "http://dbpedia.org/resource/Mohamed_Omar_(mathematician)"
    },
    {
        "subject": "http://dbpedia.org/resource/Zvezdelina_Stankova",
        "predicate": "http://dbpedia.org/ontology/wikiPageWikiLink",
        "object": "http://dbpedia.org/resource/Zvezdelina_Stankova"
    },
    {
        "subject": "http://dbpedia.org/resource/Zvezdelina_Stankova",
        "predicate": "http://dbpedia.org/ontology/wikiPageWikiLink",
        "object": "http://dbpedia.org/resource/Lesley_Ward"
    },
    {
        "subject": "http://dbpedia.org/resource/Zvezdelina_Stankova",
        "predicate": "http://dbpedia.org/ontology/wikiPageWikiLink",
        "object": "http://dbpedia.org/resource/Francis_Edward_Su"
    },
    {
        "subject": "http://dbpedia.org/resource/Zvezdelina_Stankova",
        "predicate": "http://dbpedia.org/ontology/wikiPageWikiLink",
        "object": "http://dbpedia.org/resource/Laura_Taalman"
    },
    {
        "subject": "http://dbpedia.org/resource/Zvezdelina_Stankova",
        "predicate": "http://dbpedia.org/ontology/wikiPageWikiLink",
        "object": "http://dbpedia.org/resource/Alicia_Prieto_Langarica"
    },
    {
        "subject": "http://dbpedia.org/resource/Zvezdelina_Stankova",
        "predicate": "http://dbpedia.org/ontology/wikiPageWikiLink",
        "object": "http://dbpedia.org/resource/Pamela_E._Harris"
    },
    {
        "subject": "http://dbpedia.org/resource/Zvezdelina_Stankova",
        "predicate": "http://dbpedia.org/ontology/wikiPageWikiLink",
        "object": "http://dbpedia.org/resource/Kathleen_Kavanagh"
    },
    {
        "subject": "http://dbpedia.org/resource/Zvezdelina_Stankova",
        "predicate": "http://dbpedia.org/ontology/wikiPageWikiLink",
        "object": "http://dbpedia.org/resource/Kathryn_Leonard"
    },
    {
        "subject": "http://dbpedia.org/resource/Zvezdelina_Stankova",
        "predicate": "http://dbpedia.org/ontology/wikiPageWikiLink",
        "object": "http://dbpedia.org/resource/Jennifer_McLoud-Mann"
    },
    {
        "subject": "http://dbpedia.org/resource/Zvezdelina_Stankova",
        "predicate": "http://dbpedia.org/ontology/wikiPageWikiLink",
        "object": "http://dbpedia.org/resource/Mary_Beisiegel"
    },
    {
        "subject": "http://dbpedia.org/resource/Zvezdelina_Stankova",
        "predicate": "http://dbpedia.org/ontology/wikiPageWikiLink",
        "object": "http://dbpedia.org/resource/Selenne_Ba\u00f1uelos"
    },
    {
        "subject": "http://dbpedia.org/resource/Zvezdelina_Stankova",
        "predicate": "http://dbpedia.org/ontology/wikiPageWikiLink",
        "object": "http://dbpedia.org/resource/Mathematical_Association_of_America"
    },
    {
        "subject": "http://dbpedia.org/resource/Zvezdelina_Stankova",
        "predicate": "http://dbpedia.org/ontology/wikiPageWikiLink",
        "object": "http://dbpedia.org/resource/Susan_Martonosi"
    },
    {
        "subject": "http://dbpedia.org/resource/Zvezdelina_Stankova",
        "predicate": "http://dbpedia.org/ontology/wikiPageWikiLink",
        "object": "http://dbpedia.org/resource/Sommer_Gentry"
    },
    {
        "subject": "http://dbpedia.org/resource/Zvezdelina_Stankova",
        "predicate": "http://dbpedia.org/ontology/wikiPageWikiLink",
        "object": "http://dbpedia.org/resource/Sam_Vandervelde"
    },
    {
        "subject": "http://dbpedia.org/resource/Zvezdelina_Stankova",
        "predicate": "http://dbpedia.org/ontology/wikiPageWikiLink",
        "object": "http://dbpedia.org/resource/Satyan_Devadoss"
    },
    {
        "subject": "http://dbpedia.org/resource/Zvezdelina_Stankova",
        "predicate": "http://dbpedia.org/ontology/wikiPageWikiLink",
        "object": "http://dbpedia.org/resource/Talithia_Williams"
    },
    {
        "subject": "http://dbpedia.org/resource/Zvezdelina_Stankova",
        "predicate": "http://dbpedia.org/ontology/wikiPageWikiLink",
        "object": "http://dbpedia.org/resource/Darren_Narayan"
    },
    {
        "subject": "http://dbpedia.org/resource/Zvezdelina_Stankova",
        "predicate": "http://dbpedia.org/ontology/wikiPageWikiLink",
        "object": "http://dbpedia.org/resource/Brandy_Wiegers"
    },
    {
        "subject": "http://dbpedia.org/resource/Zvezdelina_Stankova",
        "predicate": "http://dbpedia.org/ontology/wikiPageWikiLink",
        "object": "http://dbpedia.org/resource/Chad_Awtrey"
    },
    {
        "subject": "http://dbpedia.org/resource/Zvezdelina_Stankova",
        "predicate": "http://dbpedia.org/ontology/wikiPageWikiLink",
        "object": "http://dbpedia.org/resource/Christopher_N._Swanson"
    },
    {
        "subject": "http://dbpedia.org/resource/Zvezdelina_Stankova",
        "predicate": "http://dbpedia.org/ontology/wikiPageWikiLink",
        "object": "http://dbpedia.org/resource/Christopher_Storm"
    },
    {
        "subject": "http://dbpedia.org/resource/Zvezdelina_Stankova",
        "predicate": "http://dbpedia.org/ontology/wikiPageWikiLink",
        "object": "http://dbpedia.org/resource/Dandrielle_Lewis"
    },
    {
        "subject": "http://dbpedia.org/resource/Zvezdelina_Stankova",
        "predicate": "http://dbpedia.org/ontology/wikiPageWikiLink",
        "object": "http://dbpedia.org/resource/David_Brown_(mathematician)"
    },
    {
        "subject": "http://dbpedia.org/resource/Zvezdelina_Stankova",
        "predicate": "http://dbpedia.org/ontology/wikiPageWikiLink",
        "object": "http://dbpedia.org/resource/David_Clark_(mathematician)"
    },
    {
        "subject": "http://dbpedia.org/resource/Zvezdelina_Stankova",
        "predicate": "http://dbpedia.org/ontology/wikiPageWikiLink",
        "object": "http://dbpedia.org/resource/Dominic_Klyve"
    },
    {
        "subject": "http://dbpedia.org/resource/Zvezdelina_Stankova",
        "predicate": "http://dbpedia.org/ontology/wikiPageWikiLink",
        "object": "http://dbpedia.org/resource/Garikai_Campbell"
    },
    {
        "subject": "http://dbpedia.org/resource/Zvezdelina_Stankova",
        "predicate": "http://dbpedia.org/ontology/wikiPageWikiLink",
        "object": "http://dbpedia.org/resource/Jana_Gevertz"
    },
    {
        "subject": "http://dbpedia.org/resource/Zvezdelina_Stankova",
        "predicate": "http://dbpedia.org/ontology/wikiPageWikiLink",
        "object": "http://dbpedia.org/resource/Katherine_Socha"
    },
    {
        "subject": "http://dbpedia.org/resource/Zvezdelina_Stankova",
        "predicate": "http://dbpedia.org/ontology/wikiPageWikiLink",
        "object": "http://dbpedia.org/resource/Kenneth_Monks"
    },
    {
        "subject": "http://dbpedia.org/resource/Zvezdelina_Stankova",
        "predicate": "http://dbpedia.org/ontology/wikiPageWikiLink",
        "object": "http://dbpedia.org/resource/Kumer_Das"
    },
    {
        "subject": "http://dbpedia.org/resource/Zvezdelina_Stankova",
        "predicate": "http://dbpedia.org/ontology/wikiPageWikiLink",
        "object": "http://dbpedia.org/resource/Lara_Pudwell"
    },
    {
        "subject": "http://dbpedia.org/resource/Zvezdelina_Stankova",
        "predicate": "http://dbpedia.org/ontology/wikiPageWikiLink",
        "object": "http://dbpedia.org/resource/Matthew_DeLong"
    },
    {
        "subject": "http://dbpedia.org/resource/Zvezdelina_Stankova",
        "predicate": "http://dbpedia.org/ontology/wikiPageWikiLink",
        "object": "http://dbpedia.org/resource/Michael_Posner_(mathematician)"
    },
    {
        "subject": "http://dbpedia.org/resource/Zvezdelina_Stankova",
        "predicate": "http://dbpedia.org/ontology/wikiPageWikiLink",
        "object": "http://dbpedia.org/resource/Nathan_Carter_(mathematician)"
    },
    {
        "subject": "http://dbpedia.org/resource/Zvezdelina_Stankova",
        "predicate": "http://dbpedia.org/ontology/wikiPageWikiLink",
        "object": "http://dbpedia.org/resource/PJ_Couch"
    },
    {
        "subject": "http://dbpedia.org/resource/Zvezdelina_Stankova",
        "predicate": "http://dbpedia.org/ontology/wikiPageWikiLink",
        "object": "http://dbpedia.org/resource/Patrick_Rault"
    },
    {
        "subject": "http://dbpedia.org/resource/Zvezdelina_Stankova",
        "predicate": "http://dbpedia.org/ontology/wikiPageWikiLink",
        "object": "http://dbpedia.org/resource/Sarah_Eichhorn"
    },
    {
        "subject": "http://dbpedia.org/resource/Zvezdelina_Stankova",
        "predicate": "http://dbpedia.org/ontology/wikiPageWikiLink",
        "object": "http://dbpedia.org/resource/Scott_Annin"
    },
    {
        "subject": "http://dbpedia.org/resource/Zvezdelina_Stankova",
        "predicate": "http://dbpedia.org/ontology/wikiPageWikiLink",
        "object": "http://dbpedia.org/resource/Steven_Klee"
    },
    {
        "subject": "http://dbpedia.org/resource/Zvezdelina_Stankova",
        "predicate": "http://dbpedia.org/ontology/wikiPageWikiLink",
        "object": "http://dbpedia.org/resource/Timothy_Chartier"
    },
    {
        "subject": "http://dbpedia.org/resource/Zvezdelina_Stankova",
        "predicate": "http://dbpedia.org/ontology/wikiPageWikiLink",
        "object": "http://dbpedia.org/resource/Melody_Chan"
    },
    {
        "subject": "http://dbpedia.org/resource/Zvezdelina_Stankova",
        "predicate": "http://dbpedia.org/ontology/wikiPageWikiLink",
        "object": "http://dbpedia.org/resource/Alison_Miller"
    },
    {
        "subject": "http://dbpedia.org/resource/Zvezdelina_Stankova",
        "predicate": "http://dbpedia.org/ontology/wikiPageWikiLink",
        "object": "http://dbpedia.org/resource/List_of_mathematics_awards"
    },
    {
        "subject": "http://dbpedia.org/resource/Zvezdelina_Stankova",
        "predicate": "http://dbpedia.org/ontology/wikiPageWikiLink",
        "object": "http://dbpedia.org/resource/Melanie_Wood"
    },
    {
        "subject": "http://dbpedia.org/resource/Zvezdelina_Stankova",
        "predicate": "http://dbpedia.org/ontology/wikiPageWikiLink",
        "object": "http://dbpedia.org/resource/Elizabeth_Wilmer"
    },
    {
        "subject": "http://dbpedia.org/resource/Zvezdelina_Stankova",
        "predicate": "http://dbpedia.org/ontology/wikiPageWikiLink",
        "object": "http://dbpedia.org/resource/Zvezdelina_Stankova"
    },
    {
        "subject": "http://dbpedia.org/resource/Zvezdelina_Stankova",
        "predicate": "http://dbpedia.org/ontology/wikiPageWikiLink",
        "object": "http://dbpedia.org/resource/Jessica_Purcell"
    },
    {
        "subject": "http://dbpedia.org/resource/Zvezdelina_Stankova",
        "predicate": "http://dbpedia.org/ontology/wikiPageWikiLink",
        "object": "http://dbpedia.org/resource/Alice_T._Schafer"
    },
    {
        "subject": "http://dbpedia.org/resource/Zvezdelina_Stankova",
        "predicate": "http://dbpedia.org/ontology/wikiPageWikiLink",
        "object": "http://dbpedia.org/resource/Ana_Caraiani"
    },
    {
        "subject": "http://dbpedia.org/resource/Zvezdelina_Stankova",
        "predicate": "http://dbpedia.org/ontology/wikiPageWikiLink",
        "object": "http://dbpedia.org/resource/Ioana_Dumitriu"
    },
    {
        "subject": "http://dbpedia.org/resource/Zvezdelina_Stankova",
        "predicate": "http://dbpedia.org/ontology/wikiPageWikiLink",
        "object": "http://dbpedia.org/resource/Jeanne_N._Clelland"
    },
    {
        "subject": "http://dbpedia.org/resource/Zvezdelina_Stankova",
        "predicate": "http://dbpedia.org/ontology/wikiPageWikiLink",
        "object": "http://dbpedia.org/resource/Jing-Rebecca_Li"
    },
    {
        "subject": "http://dbpedia.org/resource/Zvezdelina_Stankova",
        "predicate": "http://dbpedia.org/ontology/wikiPageWikiLink",
        "object": "http://dbpedia.org/resource/Association_for_Women_in_Mathematics"
    },
    {
        "subject": "http://dbpedia.org/resource/Zvezdelina_Stankova",
        "predicate": "http://dbpedia.org/ontology/wikiPageWikiLink",
        "object": "http://dbpedia.org/resource/Category:Awards_and_prizes_of_the_Association_for_Women_in_Mathematics"
    },
    {
        "subject": "http://dbpedia.org/resource/Zvezdelina_Stankova",
        "predicate": "http://dbpedia.org/ontology/wikiPageWikiLink",
        "object": "http://dbpedia.org/resource/Caroline_Klivans"
    },
    {
        "subject": "http://dbpedia.org/resource/Zvezdelina_Stankova",
        "predicate": "http://dbpedia.org/ontology/wikiPageWikiLink",
        "object": "http://dbpedia.org/resource/Cathy_O'Neil"
    },
    {
        "subject": "http://dbpedia.org/resource/Zvezdelina_Stankova",
        "predicate": "http://dbpedia.org/ontology/wikiPageWikiLink",
        "object": "http://dbpedia.org/resource/Ruth_Britto"
    },
    {
        "subject": "http://dbpedia.org/resource/Zvezdelina_Stankova",
        "predicate": "http://dbpedia.org/ontology/wikiPageWikiLink",
        "object": "http://dbpedia.org/resource/Sherry_Gong"
    },
    {
        "subject": "http://dbpedia.org/resource/Zvezdelina_Stankova",
        "predicate": "http://dbpedia.org/ontology/wikiPageWikiLink",
        "object": "http://dbpedia.org/resource/Apollonian_gasket"
    },
    {
        "subject": "http://dbpedia.org/resource/Zvezdelina_Stankova",
        "predicate": "http://dbpedia.org/ontology/wikiPageWikiLink",
        "object": "http://dbpedia.org/resource/Hyperbolas"
    },
    {
        "subject": "http://dbpedia.org/resource/Zvezdelina_Stankova",
        "predicate": "http://dbpedia.org/ontology/wikiPageWikiLink",
        "object": "http://dbpedia.org/resource/Vieta's_formulas"
    },
    {
        "subject": "http://dbpedia.org/resource/Zvezdelina_Stankova",
        "predicate": "http://dbpedia.org/ontology/wikiPageWikiLink",
        "object": "http://dbpedia.org/resource/George_Szekeres"
    },
    {
        "subject": "http://dbpedia.org/resource/Zvezdelina_Stankova",
        "predicate": "http://dbpedia.org/ontology/wikiPageWikiLink",
        "object": "http://dbpedia.org/resource/Zvezdelina_Stankova"
    },
    {
        "subject": "http://dbpedia.org/resource/Zvezdelina_Stankova",
        "predicate": "http://dbpedia.org/ontology/wikiPageWikiLink",
        "object": "http://dbpedia.org/resource/Markov_number"
    },
    {
        "subject": "http://dbpedia.org/resource/Zvezdelina_Stankova",
        "predicate": "http://dbpedia.org/ontology/wikiPageWikiLink",
        "object": "http://dbpedia.org/resource/Brilliant.org"
    },
    {
        "subject": "http://dbpedia.org/resource/Zvezdelina_Stankova",
        "predicate": "http://dbpedia.org/ontology/wikiPageWikiLink",
        "object": "http://dbpedia.org/resource/Category:Number_theory"
    },
    {
        "subject": "http://dbpedia.org/resource/Zvezdelina_Stankova",
        "predicate": "http://dbpedia.org/ontology/wikiPageWikiLink",
        "object": "http://dbpedia.org/resource/Esther_Szekeres"
    },
    {
        "subject": "http://dbpedia.org/resource/Zvezdelina_Stankova",
        "predicate": "http://dbpedia.org/ontology/wikiPageWikiLink",
        "object": "http://dbpedia.org/resource/Nicu\u0219or_Dan"
    },
    {
        "subject": "http://dbpedia.org/resource/Zvezdelina_Stankova",
        "predicate": "http://dbpedia.org/ontology/wikiPageWikiLink",
        "object": "http://dbpedia.org/resource/Number_theory"
    },
    {
        "subject": "http://dbpedia.org/resource/Zvezdelina_Stankova",
        "predicate": "http://dbpedia.org/ontology/wikiPageWikiLink",
        "object": "http://dbpedia.org/resource/Proof_by_contradiction"
    },
    {
        "subject": "http://dbpedia.org/resource/Zvezdelina_Stankova",
        "predicate": "http://dbpedia.org/ontology/wikiPageWikiLink",
        "object": "http://dbpedia.org/resource/Infinite_descent"
    },
    {
        "subject": "http://dbpedia.org/resource/Zvezdelina_Stankova",
        "predicate": "http://dbpedia.org/ontology/wikiPageWikiLink",
        "object": "http://dbpedia.org/resource/Mathematical_proof"
    },
    {
        "subject": "http://dbpedia.org/resource/Zvezdelina_Stankova",
        "predicate": "http://dbpedia.org/ontology/wikiPageWikiLink",
        "object": "http://dbpedia.org/resource/Category:Diophantine_equations"
    },
    {
        "subject": "http://dbpedia.org/resource/Zvezdelina_Stankova",
        "predicate": "http://dbpedia.org/ontology/wikiPageWikiLink",
        "object": "http://dbpedia.org/resource/Diophantine_equations"
    },
    {
        "subject": "http://dbpedia.org/resource/Zvezdelina_Stankova",
        "predicate": "http://dbpedia.org/ontology/wikiPageWikiLink",
        "object": "http://dbpedia.org/resource/Arthur_Engel_(mathematician)"
    },
    {
        "subject": "http://dbpedia.org/resource/Zvezdelina_Stankova",
        "predicate": "http://dbpedia.org/ontology/wikiPageWikiLink",
        "object": "http://dbpedia.org/resource/Square_number"
    },
    {
        "subject": "http://dbpedia.org/resource/Zvezdelina_Stankova",
        "predicate": "http://dbpedia.org/ontology/wikiPageWikiLink",
        "object": "http://dbpedia.org/resource/Ng\u00f4_B\u1ea3o_Ch\u00e2u"
    },
    {
        "subject": "http://dbpedia.org/resource/Zvezdelina_Stankova",
        "predicate": "http://dbpedia.org/ontology/wikiPageWikiLink",
        "object": "http://dbpedia.org/resource/Ravi_Vakil"
    },
    {
        "subject": "http://dbpedia.org/resource/Zvezdelina_Stankova",
        "predicate": "http://dbpedia.org/ontology/wikiPageWikiLink",
        "object": "http://dbpedia.org/resource/Without_loss_of_generality"
    },
    {
        "subject": "http://dbpedia.org/resource/Zvezdelina_Stankova",
        "predicate": "http://dbpedia.org/ontology/wikiPageWikiLink",
        "object": "http://dbpedia.org/resource/Mathematical_olympiad"
    },
    {
        "subject": "http://dbpedia.org/resource/Zvezdelina_Stankova",
        "predicate": "http://dbpedia.org/ontology/wikiPageWikiLink",
        "object": "http://dbpedia.org/resource/International_Mathematics_Olympiad"
    },
    {
        "subject": "http://dbpedia.org/resource/Zvezdelina_Stankova",
        "predicate": "http://dbpedia.org/ontology/wikiPageWikiLink",
        "object": "http://dbpedia.org/resource/Robert_V._Hogg"
    },
    {
        "subject": "http://dbpedia.org/resource/Zvezdelina_Stankova",
        "predicate": "http://dbpedia.org/ontology/wikiPageWikiLink",
        "object": "http://dbpedia.org/resource/M._Vali_Siadat"
    },
    {
        "subject": "http://dbpedia.org/resource/Zvezdelina_Stankova",
        "predicate": "http://dbpedia.org/ontology/wikiPageWikiLink",
        "object": "http://dbpedia.org/resource/Olympia_Nicodemi"
    },
    {
        "subject": "http://dbpedia.org/resource/Zvezdelina_Stankova",
        "predicate": "http://dbpedia.org/ontology/wikiPageWikiLink",
        "object": "http://dbpedia.org/resource/Annalisa_Crannell"
    },
    {
        "subject": "http://dbpedia.org/resource/Zvezdelina_Stankova",
        "predicate": "http://dbpedia.org/ontology/wikiPageWikiLink",
        "object": "http://dbpedia.org/resource/Anne_Lester_Hudson"
    },
    {
        "subject": "http://dbpedia.org/resource/Zvezdelina_Stankova",
        "predicate": "http://dbpedia.org/ontology/wikiPageWikiLink",
        "object": "http://dbpedia.org/resource/Aparna_Higgins"
    },
    {
        "subject": "http://dbpedia.org/resource/Zvezdelina_Stankova",
        "predicate": "http://dbpedia.org/ontology/wikiPageWikiLink",
        "object": "http://dbpedia.org/resource/Joseph_Gallian"
    },
    {
        "subject": "http://dbpedia.org/resource/Zvezdelina_Stankova",
        "predicate": "http://dbpedia.org/ontology/wikiPageWikiLink",
        "object": "http://dbpedia.org/resource/Paul_Halmos"
    },
    {
        "subject": "http://dbpedia.org/resource/Zvezdelina_Stankova",
        "predicate": "http://dbpedia.org/ontology/wikiPageWikiLink",
        "object": "http://dbpedia.org/resource/Paul_Sally"
    },
    {
        "subject": "http://dbpedia.org/resource/Zvezdelina_Stankova",
        "predicate": "http://dbpedia.org/ontology/wikiPageWikiLink",
        "object": "http://dbpedia.org/resource/Rhonda_Hughes"
    },
    {
        "subject": "http://dbpedia.org/resource/Zvezdelina_Stankova",
        "predicate": "http://dbpedia.org/ontology/wikiPageWikiLink",
        "object": "http://dbpedia.org/resource/Robert_L._Devaney"
    }
]